country,region,crop,year,window,rain_sum_cal_early,heat_days_35_cal_early,frost_days_0_cal_early,radiation_sum_cal_early,max_3day_rain_cal_early,rain_sum_cal_mid,heat_days_35_cal_mid,frost_days_0_cal_mid,radiation_sum_cal_mid,max_3day_rain_cal_mid,rain_sum_cal_late,heat_days_35_cal_late,frost_days_0_cal_late,radiation_sum_cal_late,max_3day_rain_cal_late,rain_sum_gdd_early,heat_days_35_gdd_early,frost_days_0_gdd_early,radiation_sum_gdd_early,max_3day_rain_gdd_early,rain_sum_gdd_mid,heat_days_35_gdd_mid,frost_days_0_gdd_mid,radiation_sum_gdd_mid,max_3day_rain_gdd_mid,rain_sum_gdd_late,heat_days_35_gdd_late,frost_days_0_gdd_late,radiation_sum_gdd_late,max_3day_rain_gdd_late
United States,Colorado,Wheat,1990,winter,230.82999999999998,0.0,211.0,3429.55,28.310000000000002,26.41,0.0,17.0,593.2399999999999,12.629999999999999,11.7,0.0,5.0,880.06,3.56,268.94000000000005,0.0,233.0,4902.85,28.310000000000002,0.0,0.0,0.0,0.0,0.0,0.0,0.0,0.0,0.0,0.0
United States,Colorado,Wheat,1991,winter,211.58999999999997,0.0,211.0,3552.8,15.819999999999999,38.40999999999999,0.0,11.0,581.1800000000001,14.32,52.6,0.0,1.0,756.36,16.59,302.5999999999999,0.0,223.0,4890.34,16.589999999999996,0.0,0.0,0.0,0.0,0.0,0.0,0.0,0.0,0.0,0.0
United States,Colorado,Wheat,1992,winter,203.5,0.0,205.0,3600.4300000000003,23.48,35.8,0.0,4.0,548.8000000000001,15.32,57.80000000000001,0.0,3.0,698.94,15.13,297.1,0.0,212.0,4848.17,23.48,0.0,0.0,0.0,0.0,0.0,0.0,0.0,0.0,0.0,0.0
United States,Colorado,Wheat,1993,winter,199.08,0.0,206.0,3449.1099999999997,16.810000000000002,40.10999999999999,0.0,11.0,599.06,12.75,31.970000000000002,0.0,7.0,834.72,15.66,271.15999999999997,0.0,224.0,4882.889999999999,16.810000000000002,0.0,0.0,0.0,0.0,0.0,0.0,0.0,0.0,0.0,0.0
United States,Colorado,Wheat,1994,winter,244.95999999999998,0.0,211.0,3393.96,16.46,57.71999999999999,0.0,3.0,613.46,25.349999999999998,27.72,0.0,0.0,875.86,14.920000000000002,330.4,0.0,214.0,4883.280000000001,25.349999999999998,0.0,0.0,0.0,0.0,0.0,0.0,0.0,0.0,0.0,0.0
United States,Colorado,Wheat,1995,winter,294.25,0.0,214.0,3433.49,18.650000000000006,95.16999999999999,0.0,22.0,524.01,40.21,84.45,0.0,7.0,739.52,27.740000000000002,473.87,0.0,243.0,4697.0199999999995,40.21000000000001,0.0,0.0,0.0,0.0,0.0,0.0,0.0,0.0,0.0,0.0
United States,Colorado,Wheat,1996,winter,229.94000000000003,0.0,218.0,3443.91,12.879999999999999,52.940000000000005,0.0,9.0,638.05,44.02,47.94,0.0,1.0,810.6400000000001,18.14,330.82,0.0,228.0,4892.6,44.02,0.0,0.0,0.0,0.0,0.0,0.0,0.0,0.0,0.0,0.0
United States,Colorado,Wheat,1997,winter,258.33,0.0,208.0,3393.6299999999997,23.95,35.82,0.0,13.0,625.9699999999999,15.990000000000002,62.849999999999994,0.0,0.0,801.1099999999999,29.52,357.0,0.0,221.0,4820.71,29.52,0.0,0.0,0.0,0.0,0.0,0.0,0.0,0.0,0.0,0.0
United States,Colorado,Wheat,1998,winter,258.55999999999995,0.0,207.0,3556.4700000000003,29.71,17.929999999999996,0.0,17.0,648.92,7.710000000000001,22.580000000000002,0.0,6.0,831.0,6.19,299.07,0.0,230.0,5036.39,29.71,0.0,0.0,0.0,0.0,0.0,0.0,0.0,0.0,0.0,0.0
United States,Colorado,Wheat,1999,winter,279.51,0.0,205.0,3501.1099999999997,51.36,38.56999999999999,0.0,15.0,605.24,23.53,38.53,0.0,4.0,808.02,11.48,356.61,0.0,224.0,4914.37,51.36,0.0,0.0,0.0,0.0,0.0,0.0,0.0,0.0,0.0,0.0
United States,Colorado,Wheat,2000,winter,217.39999999999998,0.0,211.0,3495.98,14.13,33.260000000000005,0.0,14.0,588.5,16.53,31.97,0.0,0.0,804.94,19.7,282.63,0.0,225.0,4889.42,19.7,0.0,0.0,0.0,0.0,0.0,0.0,0.0,0.0,0.0,0.0
United States,Colorado,Wheat,2001,winter,218.99,0.0,209.0,3407.78,24.25,46.010000000000005,0.0,10.0,583.78,24.15,25.04,0.0,3.0,830.71,7.94,290.03999999999996,0.0,222.0,4822.2699999999995,39.28,0.0,0.0,0.0,0.0,0.0,0.0,0.0,0.0,0.0,0.0
United States,Colorado,Wheat,2002,winter,114.97,0.0,204.0,3669.0299999999997,9.53,23.189999999999998,0.0,16.0,601.21,9.89,17.99,0.0,0.0,822.1999999999999,8.7,156.14999999999998,0.0,220.0,5092.4400000000005,9.89,0.0,0.0,0.0,0.0,0.0,0.0,0.0,0.0,0.0,0.0
United States,Colorado,Wheat,2003,winter,240.90999999999994,0.0,214.0,3297.12,43.5,25.589999999999996,0.0,13.0,586.65,7.859999999999999,53.21,0.0,2.0,764.54,12.45,319.71000000000004,0.0,229.0,4648.3099999999995,43.5,0.0,0.0,0.0,0.0,0.0,0.0,0.0,0.0,0.0,0.0
United States,Colorado,Wheat,2004,winter,219.01,0.0,203.0,3516.55,25.63,11.050000000000002,0.0,7.0,627.3100000000001,8.3,64.03,0.0,2.0,734.2800000000001,20.39,294.09,0.0,212.0,4878.139999999999,25.63,0.0,0.0,0.0,0.0,0.0,0.0,0.0,0.0,0.0,0.0
United States,Colorado,Wheat,2005,winter,229.90999999999997,0.0,210.0,3395.3,18.509999999999998,9.44,0.0,11.0,643.2099999999999,2.75,46.800000000000004,0.0,5.0,795.51,16.14,286.15,0.0,226.0,4834.02,18.509999999999998,0.0,0.0,0.0,0.0,0.0,0.0,0.0,0.0,0.0,0.0
United States,Colorado,Wheat,2006,winter,197.37000000000003,0.0,208.0,3508.460000000001,30.14,18.459999999999997,0.0,10.0,633.99,8.43,17.810000000000002,0.0,0.0,822.3899999999999,5.49,233.64000000000004,0.0,218.0,4964.84,30.14,0.0,0.0,0.0,0.0,0.0,0.0,0.0,0.0,0.0,0.0
United States,Colorado,Wheat,2007,winter,266.88,0.0,212.0,3324.36,21.060000000000002,56.519999999999996,0.0,11.0,554.47,24.07,21.979999999999997,0.0,5.0,800.5699999999999,8.09,345.38,0.0,228.0,4679.4,24.07,0.0,0.0,0.0,0.0,0.0,0.0,0.0,0.0,0.0,0.0
United States,Colorado,Wheat,2008,winter,202.21999999999997,0.0,211.0,3638.0,14.5,31.640000000000004,0.0,16.0,585.6899999999999,15.64,17.36,0.0,6.0,860.1099999999999,8.94,251.22000000000003,0.0,233.0,5083.8,15.64,0.0,0.0,0.0,0.0,0.0,0.0,0.0,0.0,0.0,0.0
United States,Colorado,Wheat,2009,winter,212.41000000000003,0.0,210.0,3434.0400000000004,30.369999999999997,47.900000000000006,0.0,8.0,596.39,22.240000000000002,65.14,0.0,2.0,728.79,22.78,325.45,0.0,220.0,4759.22,30.369999999999997,0.0,0.0,0.0,0.0,0.0,0.0,0.0,0.0,0.0,0.0
United States,Colorado,Wheat,2010,winter,274.7,0.0,218.0,3429.54,23.060000000000002,24.220000000000002,0.0,18.0,634.8100000000001,14.79,38.14,0.0,2.0,825.52,24.26,337.06,0.0,238.0,4889.87,24.259999999999998,0.0,0.0,0.0,0.0,0.0,0.0,0.0,0.0,0.0,0.0
United States,Colorado,Wheat,2011,winter,205.45,0.0,205.0,3505.3500000000004,13.73,44.88999999999999,0.0,22.0,552.73,19.96,20.509999999999998,0.0,2.0,869.52,11.96,270.85,0.0,229.0,4927.6,19.96,0.0,0.0,0.0,0.0,0.0,0.0,0.0,0.0,0.0,0.0
United States,Colorado,Wheat,2012,winter,208.06,0.0,206.0,3698.63,21.340000000000003,38.12,0.0,11.0,624.7900000000001,15.090000000000002,11.59,0.0,0.0,856.16,3.9400000000000004,257.77,0.0,217.0,5179.58,21.340000000000003,0.0,0.0,0.0,0.0,0.0,0.0,0.0,0.0,0.0,0.0
United States,Colorado,Wheat,2013,winter,196.73000000000002,0.0,210.0,3404.7199999999993,25.659999999999997,45.7,0.0,15.0,559.75,29.05,15.41,0.0,4.0,846.01,6.5600000000000005,257.84,0.0,229.0,4810.48,29.049999999999997,0.0,0.0,0.0,0.0,0.0,0.0,0.0,0.0,0.0,0.0
United States,Colorado,Wheat,2014,winter,309.38,0.0,215.0,3494.55,54.22,57.480000000000004,0.0,14.0,530.3,22.490000000000002,22.06,0.0,2.0,841.4100000000001,8.17,388.91999999999996,0.0,231.0,4866.26,54.22,0.0,0.0,0.0,0.0,0.0,0.0,0.0,0.0,0.0,0.0
United States,Colorado,Wheat,2015,winter,282.15,0.0,202.0,3378.4900000000002,30.93,125.58,0.0,19.0,451.75,35.510000000000005,51.53,0.0,0.0,801.73,16.38,459.26,0.0,221.0,4631.969999999999,35.51,0.0,0.0,0.0,0.0,0.0,0.0,0.0,0.0,0.0,0.0
United States,Colorado,Wheat,2016,winter,239.78000000000003,0.0,195.0,3421.9500000000007,29.93,32.519999999999996,0.0,16.0,555.8800000000001,14.04,49.39,0.0,0.0,827.89,13.92,321.69,0.0,211.0,4805.719999999999,29.93,0.0,0.0,0.0,0.0,0.0,0.0,0.0,0.0,0.0,0.0
United States,Colorado,Wheat,2017,winter,198.91999999999996,0.0,199.0,3458.71,14.459999999999999,61.440000000000005,0.0,12.0,569.82,25.43,12.04,0.0,1.0,844.87,4.45,272.4,0.0,212.0,4873.4,25.43,0.0,0.0,0.0,0.0,0.0,0.0,0.0,0.0,0.0,0.0
United States,Colorado,Wheat,2018,winter,213.07,0.0,211.0,3485.93,18.16,12.63,0.0,2.0,598.18,8.43,15.360000000000001,0.0,0.0,839.8199999999999,9.760000000000002,241.06,0.0,213.0,4923.93,18.16,0.0,0.0,0.0,0.0,0.0,0.0,0.0,0.0,0.0,0.0
United States,Colorado,Wheat,2019,winter,265.17,0.0,212.0,3423.0,25.72,60.080000000000005,0.0,21.0,491.64,20.47,40.18,0.0,5.0,735.98,17.12,365.43,0.0,238.0,4650.62,25.72,0.0,0.0,0.0,0.0,0.0,0.0,0.0,0.0,0.0,0.0
United States,Colorado,Wheat,2020,winter,221.39999999999998,0.0,211.0,3657.4900000000002,16.46,22.63,0.0,10.0,664.78,12.13,37.69,0.0,2.0,781.71,8.11,281.71999999999997,0.0,223.0,5103.98,16.46,0.0,0.0,0.0,0.0,0.0,0.0,0.0,0.0,0.0,0.0
United States,Colorado,Wheat,2021,winter,215.21999999999997,0.0,204.0,3537.63,18.880000000000003,44.25,0.0,12.0,547.78,16.09,49.83,0.0,1.0,763.62,19.68,309.3,0.0,217.0,4849.03,20.51,0.0,0.0,0.0,0.0,0.0,0.0,0.0,0.0,0.0,0.0
United States,Colorado,Wheat,2022,winter,180.59999999999997,0.0,208.0,3572.16,12.4,50.699999999999996,0.0,15.0,587.52,28.79,34.91,0.0,4.0,774.61,11.68,266.21000000000004,0.0,227.0,4934.29,28.79,0.0,0.0,0.0,0.0,0.0,0.0,0.0,0.0,0.0,0.0
United States,Colorado,Wheat,2023,winter,179.26,0.0,201.0,3550.69,20.86,90.42000000000002,0.0,5.0,496.41999999999996,52.949999999999996,68.85,0.0,0.0,698.96,16.61,338.53,0.0,206.0,4746.07,52.949999999999996,0.0,0.0,0.0,0.0,0.0,0.0,0.0,0.0,0.0,0.0
United States,Colorado,Wheat,2024,winter,271.02,0.0,203.0,3634.13,33.57,51.629999999999995,0.0,19.0,583.07,28.939999999999998,37.83,0.0,0.0,796.06,14.79,360.48,0.0,222.0,5013.26,33.57,0.0,0.0,0.0,0.0,0.0,0.0,0.0,0.0,0.0,0.0
United States,Colorado,Wheat,2025,winter,198.07000000000002,0.0,194.0,3551.5799999999995,19.1,56.16,0.0,12.0,527.73,30.91,47.99,0.0,0.0,788.83,20.189999999999998,302.22,0.0,206.0,4868.14,30.910000000000004,0.0,0.0,0.0,0.0,0.0,0.0,0.0,0.0,0.0,0.0
United States,Colorado,Barley,1990,spring,101.69000000000001,0.0,54.0,1705.77,20.9,3.48,0.0,0.0,405.06,1.3800000000000001,196.42,0.0,0.0,1832.9199999999998,21.87,138.31,0.0,54.0,2231.58,21.87,49.26,0.0,0.0,444.2,16.58,114.02000000000001,0.0,0.0,1267.97,15.819999999999999
United States,Colorado,Barley,1991,spring,127.96,0.0,45.0,1667.41,16.59,3.5599999999999996,0.0,0.0,396.17,2.05,176.26,0.0,6.0,1849.9599999999998,26.75,155.06,0.0,45.0,2317.0299999999997,16.59,57.720000000000006,0.0,0.0,395.97,26.75,94.99999999999999,0.0,6.0,1200.5399999999997,20.9
United States,Colorado,Barley,1992,spring,86.8,0.0,34.0,1674.7299999999998,15.32,23.650000000000002,0.0,0.0,332.71000000000004,10.89,149.11,0.0,5.0,1851.2,50.550000000000004,113.13000000000002,0.0,34.0,2157.0,15.32,40.669999999999995,0.0,0.0,429.73,12.43,105.75999999999999,0.0,5.0,1271.91,50.550000000000004
United States,Colorado,Barley,1993,spring,95.15,0.0,49.0,1716.3600000000001,12.749999999999998,15.57,0.0,2.0,418.69000000000005,13.97,127.73000000000002,0.0,10.0,1898.1699999999998,12.68,128.28000000000003,0.0,51.0,2518.42,15.659999999999997,14.620000000000001,0.0,0.0,420.13000000000005,7.42,95.55,0.0,10.0,1094.6699999999998,12.68
United States,Colorado,Barley,1994,spring,134.7,0.0,30.0,1729.69,25.349999999999998,19.5,0.0,0.0,388.0,14.92,128.11999999999998,0.0,4.0,1838.83,16.86,156.92,0.0,30.0,2189.48,25.349999999999998,7.98,0.0,0.0,427.65000000000003,2.62,117.41999999999999,0.0,4.0,1339.39,16.86
United States,Colorado,Barley,1995,spring,215.15999999999997,0.0,61.0,1605.2899999999997,40.21,53.96,0.0,1.0,340.59999999999997,27.740000000000002,144.88,0.0,6.0,1929.2400000000002,16.599999999999998,307.18,0.0,62.0,2565.02,40.21,8.36,0.0,0.0,421.91999999999996,3.6500000000000004,98.46,0.0,6.0,888.19,16.599999999999998
United States,Colorado,Barley,1996,spring,119.76999999999998,0.0,42.0,1768.93,44.02,20.1,0.0,0.0,379.80999999999995,12.78,165.55,0.0,7.0,1896.5000000000002,15.480000000000002,143.04999999999998,0.0,42.0,2263.0800000000004,44.02,39.07,0.0,0.0,451.02,15.48,123.29999999999998,0.0,7.0,1331.1399999999999,12.659999999999998
United States,Colorado,Barley,1997,spring,155.20000000000002,0.0,46.0,1698.6699999999996,29.520000000000003,8.719999999999997,0.0,0.0,407.09999999999997,4.68,189.04,0.0,2.0,1913.94,26.54,167.45,0.0,46.0,2410.7700000000004,29.520000000000003,54.49999999999999,0.0,0.0,422.68999999999994,26.259999999999998,131.01000000000002,0.0,2.0,1186.25,26.54
United States,Colorado,Barley,1998,spring,87.41999999999997,0.0,55.0,1778.1700000000003,13.559999999999999,7.59,0.0,0.0,422.19000000000005,4.18,190.91000000000003,0.0,0.0,1955.22,25.259999999999998,133.08,0.0,55.0,2494.98,25.259999999999998,69.52000000000001,0.0,0.0,416.64,24.54,83.32000000000002,0.0,0.0,1243.9600000000003,14.850000000000001
United States,Colorado,Barley,1999,spring,203.29999999999995,0.0,52.0,1680.56,51.36,10.62,0.0,0.0,404.45,3.7199999999999998,175.37000000000003,0.0,6.0,1875.0900000000001,21.72,239.57999999999996,0.0,52.0,2471.6800000000003,51.36,80.69,0.0,0.0,417.12,21.72,69.02000000000001,0.0,6.0,1071.3,9.58
United States,Colorado,Barley,2000,spring,73.02,0.0,45.0,1762.93,16.53,29.450000000000003,0.0,0.0,345.74000000000007,19.7,159.93,0.0,5.0,1900.5300000000002,23.240000000000002,103.38999999999999,0.0,45.0,2131.2000000000003,19.7,47.5,0.0,0.0,407.55,23.240000000000002,111.50999999999999,0.0,5.0,1470.45,16.82
United States,Colorado,Barley,2001,spring,116.89000000000001,0.0,40.0,1715.37,39.28,12.01,0.0,0.0,377.31,5.0200000000000005,136.43,0.0,2.0,1858.82,15.350000000000001,130.17000000000002,0.0,40.0,2161.0600000000004,39.28,36.0,0.0,0.0,365.63,15.35,99.16,0.0,2.0,1424.81,11.93
United States,Colorado,Barley,2002,spring,42.08999999999998,0.0,46.0,1836.11,9.89,7.879999999999999,0.0,0.0,367.35,2.8599999999999994,111.73,0.0,4.0,1956.61,21.610000000000003,49.24,0.0,46.0,2151.23,9.89,21.18,0.0,0.0,395.25,10.35,91.28,0.0,4.0,1613.59,21.610000000000003
United States,Colorado,Barley,2003,spring,89.97,0.0,46.0,1653.94,14.29,20.110000000000003,0.0,0.0,377.79999999999995,12.45,116.14,0.0,7.0,1956.06,14.27,110.14,0.0,46.0,2196.9700000000003,14.29,12.429999999999998,0.0,0.0,384.27,7.11,103.65,0.0,7.0,1406.5599999999997,14.27
United States,Colorado,Barley,2004,spring,113.01,0.0,41.0,1710.06,25.63,54.71000000000001,0.0,0.0,309.40000000000003,20.39,154.48999999999998,0.0,4.0,1862.67,26.36,171.47999999999996,0.0,41.0,2227.7300000000005,25.63,68.33000000000001,0.0,0.0,383.59000000000003,26.36,82.39999999999998,0.0,4.0,1270.8100000000002,22.959999999999997
United States,Colorado,Barley,2005,spring,93.53000000000003,0.0,49.0,1750.7700000000002,18.509999999999998,14.29,0.0,0.0,391.31999999999994,5.859999999999999,132.39,0.0,2.0,1941.22,28.610000000000003,109.08999999999999,0.0,49.0,2311.99,18.509999999999998,16.86,0.0,0.0,380.1000000000001,10.790000000000001,114.25999999999999,0.0,2.0,1391.22,28.610000000000003
United States,Colorado,Barley,2006,spring,49.69,0.0,41.0,1814.7800000000002,8.43,12.83,0.0,0.0,378.21,5.49,231.57,0.0,11.0,1800.05,33.97,59.05,0.0,41.0,2175.1000000000004,8.43,82.73,0.0,0.0,374.1,33.97,152.31,0.0,11.0,1443.84,20.73
United States,Colorado,Barley,2007,spring,130.8,0.0,45.0,1612.1100000000004,24.07,6.360000000000001,0.0,0.0,392.6,3.49,195.66,0.0,4.0,1872.05,22.080000000000005,148.95000000000002,0.0,45.0,2169.25,24.07,47.21,0.0,0.0,384.34999999999997,19.04,136.66000000000003,0.0,4.0,1323.16,22.08
United States,Colorado,Barley,2008,spring,73.41999999999999,0.0,55.0,1816.9999999999998,15.64,6.78,0.0,0.0,372.91999999999996,3.04,142.55999999999997,0.0,1.0,1924.34,34.660000000000004,93.16,0.0,55.0,2509.39,15.64,18.73,0.0,0.0,365.72,7.140000000000001,110.87,0.0,1.0,1239.15,34.660000000000004
United States,Colorado,Barley,2009,spring,146.71,0.0,43.0,1598.4699999999998,30.369999999999997,26.540000000000003,0.0,0.0,374.5399999999999,13.139999999999999,150.89999999999998,0.0,7.0,1886.26,19.33,196.06,0.0,43.0,2234.5499999999997,30.369999999999997,47.379999999999995,0.0,0.0,418.3,19.279999999999998,80.71000000000001,0.0,7.0,1206.4199999999996,19.33
United States,Colorado,Barley,2010,spring,103.00000000000001,0.0,51.0,1707.7600000000002,24.259999999999998,9.0,0.0,0.0,434.48999999999995,5.9,133.25,0.0,0.0,2034.66,21.39,130.85,0.0,51.0,2378.9800000000005,24.259999999999998,22.17,0.0,0.0,386.75,13.700000000000001,92.22999999999999,0.0,0.0,1411.18,21.39
United States,Colorado,Barley,2011,spring,88.34999999999998,0.0,57.0,1724.7199999999998,19.96,19.72,0.0,0.0,386.52000000000004,11.96,160.70000000000002,0.0,3.0,1924.9700000000003,24.630000000000003,149.26999999999998,0.0,57.0,2402.79,19.96,22.509999999999998,0.0,0.0,389.39,10.44,96.99000000000001,0.0,3.0,1244.0300000000002,24.630000000000003
United States,Colorado,Barley,2012,spring,77.70000000000002,0.0,37.0,1839.23,15.090000000000002,4.6000000000000005,0.0,0.0,402.4,3.94,166.82,0.0,0.0,1844.9199999999998,33.21,79.73000000000002,0.0,37.0,2150.55,15.090000000000002,50.67,0.0,0.0,371.27,33.21,118.71999999999998,0.0,0.0,1564.7300000000002,26.43
United States,Colorado,Barley,2013,spring,105.06,0.0,52.0,1650.73,29.05,13.4,0.0,0.0,392.17,8.190000000000001,253.77000000000004,0.0,5.0,1791.0700000000002,54.22,132.76999999999995,0.0,52.0,2231.77,29.05,45.599999999999994,0.0,0.0,414.25999999999993,16.34,193.86,0.0,5.0,1187.94,54.22
United States,Colorado,Barley,2014,spring,114.42999999999999,0.0,49.0,1666.0900000000001,22.490000000000002,4.849999999999999,0.0,0.0,403.99000000000007,2.6900000000000004,209.00999999999996,0.0,2.0,1804.23,30.25,147.22,0.0,49.0,2318.7099999999996,22.490000000000002,68.08,0.0,0.0,370.29,30.25,112.99000000000001,0.0,2.0,1185.31,14.170000000000002
United States,Colorado,Barley,2015,spring,235.03,0.0,50.0,1510.72,35.51,11.669999999999998,0.0,0.0,399.52,3.99,110.06,0.0,0.0,1892.5700000000002,21.06,289.1700000000001,0.0,50.0,2172.91,35.51,20.090000000000003,0.0,0.0,436.90999999999997,9.44,47.5,0.0,0.0,1192.99,12.090000000000002
United States,Colorado,Barley,2016,spring,130.39,0.0,49.0,1631.5000000000002,29.93,33.300000000000004,0.0,0.0,366.08,13.92,100.79,0.0,3.0,1933.84,16.36,172.23999999999998,0.0,49.0,2200.7599999999998,29.93,14.78,0.0,0.0,397.8,7.26,77.46000000000001,0.0,3.0,1332.86,16.36
United States,Colorado,Barley,2017,spring,116.54999999999998,0.0,45.0,1722.1399999999999,25.43,2.5199999999999996,0.0,0.0,408.02,0.95,200.8,0.0,3.0,1759.8700000000001,23.04,120.06999999999998,0.0,45.0,2244.1,25.43,51.42999999999999,0.0,0.0,380.52,21.72,148.37,0.0,3.0,1265.4100000000003,23.040000000000003
United States,Colorado,Barley,2018,spring,63.7,0.0,33.0,1748.9399999999998,13.999999999999998,11.28,0.0,0.0,392.53,9.63,115.34,0.0,3.0,1940.8700000000003,20.31,74.78999999999999,0.0,33.0,2084.2299999999996,13.999999999999998,26.05,0.0,0.0,394.82,13.58,89.47999999999999,0.0,3.0,1603.2900000000002,20.310000000000002
United States,Colorado,Barley,2019,spring,117.49,0.0,57.0,1573.56,20.47,23.269999999999996,0.0,2.0,329.18,8.75,106.45,0.0,1.0,1999.9099999999999,16.46,159.38,0.0,59.0,2299.0,20.47,40.089999999999996,0.0,0.0,393.34,16.0,47.74,0.0,1.0,1210.31,16.46
United States,Colorado,Barley,2020,spring,69.81,0.0,41.0,1820.1799999999998,12.13,15.41,0.0,0.0,365.48999999999995,6.58,97.57000000000001,0.0,8.0,1895.96,23.049999999999997,91.14,0.0,41.0,2252.2700000000004,12.13,12.99,0.0,0.0,384.03,6.210000000000001,78.66,0.0,8.0,1445.33,23.049999999999997
United States,Colorado,Barley,2021,spring,109.21000000000002,0.0,43.0,1690.91,20.51,42.90999999999999,0.0,0.0,314.46000000000004,19.68,137.09,0.0,2.0,1965.6500000000003,26.289999999999996,166.87,0.0,43.0,2124.83,20.51,27.11,0.0,0.0,380.15,14.32,95.22999999999999,0.0,2.0,1466.0400000000002,26.289999999999996
United States,Colorado,Barley,2022,spring,87.12,0.0,52.0,1756.04,28.79,28.729999999999997,0.0,0.0,330.98,11.690000000000001,202.73000000000002,0.0,0.0,1847.6000000000001,37.97,132.3,0.0,52.0,2216.83,28.79,20.14,0.0,0.0,352.28000000000003,7.55,166.14000000000001,0.0,0.0,1365.51,37.97
United States,Colorado,Barley,2023,spring,184.63999999999996,0.0,35.0,1482.1000000000001,52.95,11.5,0.0,0.0,421.83000000000004,6.01,143.16,0.0,2.0,2000.9599999999996,28.599999999999998,205.23000000000002,0.0,35.0,2159.71,52.95,11.19,0.0,0.0,386.96,6.92,122.87999999999998,0.0,2.0,1358.2199999999998,28.6
United States,Colorado,Barley,2024,spring,100.24000000000001,0.0,51.0,1759.23,28.939999999999998,30.199999999999996,0.0,0.0,357.45,17.119999999999997,121.29,0.0,0.0,1966.77,13.98,131.36,0.0,51.0,2270.06,28.939999999999998,28.62,0.0,0.0,400.5,13.98,91.75000000000001,0.0,0.0,1412.89,13.75
United States,Colorado,Barley,2025,spring,120.66000000000001,0.0,43.0,1646.3,30.909999999999997,11.95,0.0,0.0,385.30999999999995,5.87,155.13,0.0,0.0,1782.4400000000003,27.98,133.01000000000005,0.0,43.0,2087.4999999999995,30.909999999999997,19.83,0.0,0.0,363.86,8.32,134.9,0.0,0.0,1362.69,27.98
United States,Colorado,Oats,1990,spring,96.77000000000001,0.0,54.0,1373.5700000000002,20.9,6.300000000000001,0.0,0.0,454.26,3.4899999999999998,198.52,0.0,0.0,2115.92,21.87,104.24,0.0,54.0,1987.7899999999997,20.9,71.89,0.0,0.0,522.8299999999999,21.87,125.46000000000001,0.0,0.0,1433.1299999999999,15.819999999999999
United States,Colorado,Oats,1991,spring,95.65,0.0,45.0,1408.33,15.72,32.95,0.0,0.0,361.95000000000005,16.59,179.17999999999998,0.0,6.0,2143.26,26.75,130.55,0.0,45.0,2006.55,16.59,71.05,0.0,0.0,548.64,26.75,106.17999999999998,0.0,6.0,1358.35,20.9
United States,Colorado,Oats,1992,spring,68.17,0.0,34.0,1401.06,15.32,22.729999999999997,0.0,0.0,371.21000000000004,8.89,168.66,0.0,5.0,2086.3700000000003,50.550000000000004,94.47999999999999,0.0,34.0,1835.87,15.32,43.650000000000006,0.0,0.0,625.93,10.89,121.43000000000002,0.0,5.0,1396.8399999999997,50.550000000000004
United States,Colorado,Oats,1993,spring,86.41,0.0,46.0,1419.5600000000002,12.749999999999998,23.39,0.0,4.0,383.89,15.66,128.65,0.0,11.0,2229.769999999999,12.68,110.77999999999999,0.0,51.0,2165.62,15.659999999999997,28.740000000000002,0.0,0.0,652.97,7.42,98.93,0.0,10.0,1214.63,12.68
United States,Colorado,Oats,1994,spring,133.27,0.0,30.0,1378.54,25.349999999999998,12.28,0.0,0.0,439.0,10.579999999999998,136.76999999999995,0.0,4.0,2138.9799999999996,16.86,153.54,0.0,30.0,1879.53,25.349999999999998,8.33,0.0,0.0,588.51,2.81,120.44999999999997,0.0,4.0,1488.48,16.86
United States,Colorado,Oats,1995,spring,199.99,0.0,58.0,1310.3500000000001,40.21,28.14,0.0,4.0,394.65,13.77,185.87,0.0,6.0,2170.1300000000006,27.740000000000002,286.69000000000005,0.0,62.0,2247.42,40.21,24.11,0.0,0.0,625.5200000000001,11.05,103.2,0.0,6.0,1002.1900000000002,16.599999999999998
United States,Colorado,Oats,1996,spring,92.42999999999999,0.0,42.0,1480.2,44.02,29.880000000000003,0.0,0.0,406.68999999999994,18.14,183.11000000000004,0.0,7.0,2158.35,15.480000000000002,133.14000000000001,0.0,42.0,1989.7000000000003,44.02,43.330000000000005,0.0,0.0,558.15,15.480000000000002,128.95,0.0,7.0,1497.39,12.66
United States,Colorado,Oats,1997,spring,105.10999999999999,0.0,46.0,1437.4899999999998,23.950000000000003,51.45,0.0,0.0,370.16999999999996,29.52,196.39999999999998,0.0,2.0,2212.0499999999997,26.54,163.89999999999998,0.0,46.0,2074.32,29.520000000000003,20.75,0.0,0.0,610.22,10.52,168.31,0.0,2.0,1335.17,26.54
United States,Colorado,Oats,1998,spring,75.38999999999999,0.0,49.0,1502.3300000000002,13.559999999999999,13.100000000000001,0.0,6.0,380.24,6.19,197.43,0.0,0.0,2273.0099999999993,25.259999999999998,95.42999999999999,0.0,55.0,2225.85,13.559999999999999,75.41,0.0,0.0,531.81,25.259999999999998,115.08000000000001,0.0,0.0,1397.9199999999998,20.24
United States,Colorado,Oats,1999,spring,176.18,0.0,50.0,1407.07,51.36,31.26,0.0,2.0,363.51,11.48,181.85000000000005,0.0,6.0,2189.5200000000004,21.72,215.82,0.0,52.0,2190.56,51.36,58.69,0.0,0.0,544.75,16.75,114.78,0.0,6.0,1224.7900000000004,21.72
United States,Colorado,Oats,2000,spring,70.69,0.0,45.0,1450.1599999999999,16.53,8.84,0.0,0.0,409.0,5.779999999999999,182.87,0.0,5.0,2150.0399999999995,23.240000000000002,75.32,0.0,45.0,1811.16,16.53,49.699999999999996,0.0,0.0,590.14,19.7,137.38,0.0,5.0,1607.9,23.240000000000002
United States,Colorado,Oats,2001,spring,104.61000000000001,0.0,37.0,1398.3,39.28,14.13,0.0,3.0,432.2,7.94,146.59000000000003,0.0,2.0,2121.0000000000005,15.350000000000001,120.48,0.0,40.0,1905.89,39.28,42.71,0.0,0.0,472.07000000000005,15.350000000000001,102.13999999999999,0.0,2.0,1573.54,11.93
United States,Colorado,Oats,2002,spring,39.879999999999995,0.0,46.0,1488.6200000000001,9.89,4.22,0.0,0.0,454.37,1.98,117.6,0.0,4.0,2217.08,21.61,42.179999999999986,0.0,46.0,1894.3899999999999,9.89,23.849999999999998,0.0,0.0,486.49999999999994,10.35,95.66999999999999,0.0,4.0,1779.18,21.610000000000003
United States,Colorado,Oats,2003,spring,69.53999999999999,0.0,44.0,1375.06,14.29,34.14,0.0,2.0,349.18,12.45,122.53999999999999,0.0,7.0,2263.56,14.27,106.49000000000001,0.0,46.0,1895.5800000000002,14.29,6.87,0.0,0.0,564.93,3.4099999999999997,112.86,0.0,7.0,1527.29,14.27
United States,Colorado,Oats,2004,spring,106.8,0.0,41.0,1406.5599999999997,25.63,16.04,0.0,0.0,382.77,10.01,199.36999999999998,0.0,4.0,2092.7999999999997,26.36,133.11999999999998,0.0,41.0,1886.91,25.63,82.74,0.0,0.0,571.22,26.36,106.35,0.0,4.0,1424.0,22.959999999999997
United States,Colorado,Oats,2005,spring,73.22,0.0,45.0,1445.22,18.509999999999998,21.99,0.0,4.0,421.25,16.14,145.0,0.0,2.0,2216.8400000000006,28.610000000000003,105.35999999999999,0.0,49.0,2001.0200000000002,18.509999999999998,17.630000000000003,0.0,0.0,599.0000000000001,10.790000000000001,117.21999999999998,0.0,2.0,1483.29,28.610000000000003
United States,Colorado,Oats,2006,spring,43.36,0.0,41.0,1508.56,8.43,6.699999999999999,0.0,0.0,419.66999999999996,2.71,244.03,0.0,11.0,2064.81,33.97,49.69,0.0,41.0,1847.5900000000001,8.43,87.19,0.0,0.0,581.4,33.97,157.20999999999998,0.0,11.0,1564.0499999999997,20.73
United States,Colorado,Oats,2007,spring,120.16000000000003,0.0,43.0,1318.19,24.07,10.8,0.0,2.0,416.42,8.09,201.86,0.0,4.0,2142.15,22.080000000000005,133.79000000000002,0.0,45.0,1885.13,24.07,52.0,0.0,0.0,525.77,19.040000000000003,147.03000000000003,0.0,4.0,1465.8600000000001,22.08
United States,Colorado,Oats,2008,spring,63.64,0.0,49.0,1470.9,15.64,10.450000000000001,0.0,6.0,451.3,8.31,148.67,0.0,1.0,2192.06,34.660000000000004,80.8,0.0,55.0,2212.1900000000005,15.64,26.410000000000004,0.0,0.0,554.6500000000001,9.81,115.55,0.0,1.0,1347.4199999999998,34.660000000000004
United States,Colorado,Oats,2009,spring,135.84,0.0,41.0,1328.54,30.369999999999997,16.21,0.0,2.0,360.78999999999996,6.32,172.09999999999997,0.0,7.0,2169.9399999999996,19.33,172.68,0.0,43.0,1948.6100000000004,30.369999999999997,36.879999999999995,0.0,0.0,570.8699999999999,12.15,114.59,0.0,7.0,1339.79,19.33
United States,Colorado,Oats,2010,spring,73.56,0.0,50.0,1439.45,23.060000000000002,29.519999999999996,0.0,1.0,391.51,24.26,142.17000000000002,0.0,0.0,2345.9499999999994,21.39,110.36,0.0,51.0,2061.52,24.259999999999998,36.239999999999995,0.0,0.0,584.76,13.700000000000001,98.64999999999999,0.0,0.0,1530.6299999999999,21.39
United States,Colorado,Oats,2011,spring,87.75,0.0,57.0,1381.99,19.96,14.12,0.0,0.0,422.21999999999997,11.96,166.9,0.0,3.0,2232.0,24.630000000000003,109.02,0.0,57.0,2137.83,19.96,48.67,0.0,0.0,519.3900000000001,16.9,111.08000000000001,0.0,3.0,1378.9900000000002,24.630000000000003
United States,Colorado,Oats,2012,spring,73.01,0.0,37.0,1504.57,15.090000000000002,4.6899999999999995,0.0,0.0,461.14,3.13,171.42,0.0,0.0,2120.84,33.21,77.70000000000002,0.0,37.0,1871.84,15.090000000000002,41.71000000000001,0.0,0.0,504.66,33.21,129.70999999999998,0.0,0.0,1710.05,26.43
United States,Colorado,Oats,2013,spring,101.47,0.0,52.0,1340.88,29.05,6.18,0.0,0.0,418.94,4.359999999999999,264.58,0.0,5.0,2074.1499999999996,54.22,108.58000000000001,0.0,52.0,1957.75,29.05,57.42,0.0,0.0,551.9300000000001,16.34,206.23000000000002,0.0,5.0,1324.29,54.22
United States,Colorado,Oats,2014,spring,103.01,0.0,47.0,1364.25,22.490000000000002,12.08,0.0,2.0,422.89,8.17,213.2,0.0,2.0,2087.17,30.25,119.19000000000001,0.0,49.0,2044.21,22.490000000000002,53.059999999999995,0.0,0.0,525.5,20.580000000000002,156.04,0.0,2.0,1304.6,30.25
United States,Colorado,Oats,2015,spring,193.52,0.0,50.0,1254.89,35.51,42.879999999999995,0.0,0.0,374.59000000000003,16.38,120.36000000000001,0.0,0.0,2173.3299999999995,21.06,243.66,0.0,50.0,1890.57,35.51,61.08,0.0,0.0,575.34,21.06,52.019999999999996,0.0,0.0,1336.9000000000003,12.090000000000002
United States,Colorado,Oats,2016,spring,113.45,0.0,49.0,1313.93,29.93,27.479999999999997,0.0,0.0,430.01,10.54,123.55,0.0,3.0,2187.4799999999996,16.6,150.1,0.0,49.0,1887.1000000000001,29.93,31.169999999999998,0.0,0.0,597.51,16.6,83.21000000000001,0.0,3.0,1446.81,16.36
United States,Colorado,Oats,2017,spring,111.94,0.0,45.0,1395.9800000000002,25.43,4.88,0.0,0.0,440.26,4.1899999999999995,203.05,0.0,3.0,2053.79,23.04,117.78999999999998,0.0,45.0,1934.4700000000003,25.43,36.66,0.0,0.0,562.86,21.72,165.42000000000002,0.0,3.0,1392.7000000000003,23.040000000000003
United States,Colorado,Oats,2018,spring,62.449999999999996,0.0,33.0,1433.26,13.999999999999998,10.910000000000002,0.0,0.0,406.38,9.760000000000002,116.96000000000001,0.0,3.0,2242.7,20.31,72.25,0.0,33.0,1763.0299999999997,13.999999999999998,18.549999999999997,0.0,0.0,576.17,13.58,99.52000000000001,0.0,3.0,1743.1400000000003,20.31
United States,Illinois,Wheat,1990,winter,469.3599999999999,0.0,135.0,2614.4300000000003,58.379999999999995,156.06,0.0,0.0,353.53999999999996,59.230000000000004,235.21,0.0,0.0,890.9699999999999,70.28,565.73,0.0,135.0,2881.0400000000004,58.379999999999995,100.40999999999998,0.0,0.0,429.57,59.050000000000004,194.48999999999998,0.0,0.0,548.33,70.28
United States,Illinois,Wheat,1991,winter,646.6399999999999,1.0,121.0,2596.3,75.67,117.34,0.0,0.0,372.6499999999999,62.33,72.41,0.0,0.0,1003.01,17.94,680.05,1.0,121.0,2713.4400000000005,75.67,90.85000000000001,0.0,0.0,366.37999999999994,44.29,65.49,0.0,0.0,892.14,17.94
United States,Illinois,Wheat,1992,winter,568.77,0.0,129.0,2361.11,88.75999999999999,20.93,0.0,2.0,431.31000000000006,5.74,78.37,0.0,0.0,926.12,28.879999999999995,581.85,0.0,131.0,2680.4700000000003,88.75999999999999,25.910000000000004,0.0,0.0,470.9,8.5,60.31,0.0,0.0,567.17,28.879999999999995
United States,Illinois,Wheat,1993,winter,723.6400000000001,0.0,137.0,2291.24,59.78,33.45,0.0,0.0,374.95,11.7,210.89,0.0,0.0,861.28,61.19,771.5500000000001,0.0,137.0,2804.1400000000003,59.78,86.58,0.0,0.0,416.8600000000001,41.41,109.85,0.0,0.0,306.46999999999997,61.19
United States,Illinois,Wheat,1994,winter,688.19,0.0,133.0,2444.7699999999995,96.77,89.98999999999998,0.0,0.0,404.11,44.269999999999996,116.39999999999999,0.0,0.0,1049.1299999999999,29.47,797.8200000000002,0.0,133.0,3220.71,96.77,68.92999999999998,0.0,0.0,415.61,29.47,27.83,0.0,0.0,261.69,18.509999999999998
United States,Illinois,Wheat,1995,winter,567.0899999999999,0.0,116.0,2511.46,52.69,158.52,0.0,0.0,311.86,72.53,183.12,0.0,0.0,912.86,43.81,582.06,0.0,116.0,2608.21,52.69,240.10000000000002,0.0,0.0,393.48,94.67,86.57,0.0,0.0,734.49,22.86
United States,Illinois,Wheat,1996,winter,390.09,0.0,143.0,2618.04,32.29,149.86999999999998,0.0,0.0,277.72999999999996,56.010000000000005,170.23999999999998,0.0,0.0,881.7499999999999,59.69,543.88,0.0,143.0,2962.2200000000003,56.010000000000005,139.81,0.0,0.0,370.59000000000003,59.69,26.51,0.0,0.0,444.7099999999999,13.579999999999998
United States,Illinois,Wheat,1997,winter,466.1699999999999,0.0,137.0,2523.95,50.76,36.76999999999999,0.0,0.0,422.05000000000007,21.14,140.12,0.0,0.0,876.0,26.87,514.03,0.0,137.0,3033.13,50.76,83.30000000000001,0.0,0.0,363.69,22.9,45.730000000000004,0.0,0.0,425.18,26.87
United States,Illinois,Wheat,1998,winter,596.37,0.0,114.0,2470.36,51.26,126.52999999999999,0.0,0.0,382.64,45.21,269.9,0.0,0.0,893.6999999999999,37.57,671.62,0.0,114.0,2589.43,51.26,108.67999999999999,0.0,0.0,412.51,37.379999999999995,212.49999999999997,0.0,0.0,744.76,37.57
United States,Illinois,Wheat,1999,winter,524.46,0.0,111.0,2568.0800000000004,50.27,84.66,0.0,0.0,382.34,34.22,149.02,0.0,0.0,984.3699999999999,49.02,497.8,0.0,111.0,2493.3600000000006,50.27,111.32,0.0,0.0,457.05999999999995,34.22,149.02,0.0,0.0,984.3699999999999,49.02
United States,Illinois,Wheat,2000,winter,351.3399999999999,0.0,110.0,2755.1400000000003,36.92,34.39000000000001,0.0,0.0,391.46000000000004,13.14,205.78,0.0,0.0,860.3000000000001,61.49999999999999,315.24,0.0,110.0,2592.1000000000004,36.92,66.01,0.0,0.0,459.32000000000005,20.84,210.26000000000002,0.0,0.0,955.48,61.49999999999999
United States,Illinois,Wheat,2001,winter,527.16,1.0,143.0,2677.54,52.260000000000005,53.96,0.0,0.0,416.78,25.18,137.58999999999997,0.0,0.0,920.2299999999999,59.3,543.0100000000001,1.0,143.0,2927.5899999999997,52.260000000000005,92.78999999999999,0.0,0.0,426.36,30.47,82.91000000000003,0.0,0.0,660.6,59.3
United States,Illinois,Wheat,2002,winter,681.45,0.0,112.0,2648.4300000000003,68.33000000000001,183.09,0.0,0.0,346.27,88.33999999999999,133.70999999999998,0.0,2.0,959.06,71.95,681.55,0.0,112.0,2678.07,68.33000000000001,200.02,0.0,2.0,540.6100000000001,88.33999999999999,116.68,0.0,0.0,735.0799999999999,71.95
United States,Illinois,Wheat,2003,winter,365.97,0.0,129.0,2658.1299999999997,33.230000000000004,101.63,0.0,0.0,361.06,48.510000000000005,118.08000000000001,0.0,0.0,940.64,32.17,429.75,0.0,129.0,2874.21,33.230000000000004,63.9,0.0,0.0,460.5,29.0,92.03000000000002,0.0,0.0,625.12,32.17
United States,Illinois,Wheat,2004,winter,488.99,0.0,120.0,2727.5099999999998,68.13999999999999,77.56,0.0,0.0,385.91,42.68,168.07,0.0,0.0,959.7300000000001,43.709999999999994,512.03,0.0,120.0,2843.45,68.13999999999999,68.07000000000001,0.0,0.0,348.16,42.68,154.52,0.0,0.0,881.5400000000002,43.71
United States,Illinois,Wheat,2005,winter,605.79,0.0,109.0,2669.75,72.74,24.270000000000003,0.0,1.0,407.9800000000001,16.43,68.68,1.0,0.0,1020.62,24.239999999999995,605.79,0.0,109.0,2669.75,72.74,46.37000000000001,0.0,1.0,534.86,21.96,46.580000000000005,1.0,0.0,893.7399999999999,24.240000000000002
United States,Illinois,Wheat,2006,winter,524.22,1.0,116.0,2695.0999999999995,48.34,65.92999999999999,0.0,0.0,318.65999999999997,35.52,80.44,0.0,0.0,1020.8900000000001,26.29,511.48,1.0,116.0,2489.58,48.34,76.29,0.0,0.0,500.21999999999997,35.52,82.82000000000001,0.0,0.0,1044.8500000000001,26.29
United States,Illinois,Wheat,2007,winter,613.02,0.0,125.0,2492.2200000000003,81.3,31.619999999999997,0.0,0.0,417.1,16.72,145.23000000000002,0.0,0.0,954.9,57.129999999999995,617.99,0.0,125.0,2614.32,81.3,29.18,0.0,0.0,471.59,11.879999999999999,142.70000000000002,0.0,0.0,778.31,57.129999999999995
United States,Illinois,Wheat,2008,winter,653.5799999999999,1.0,128.0,2596.3599999999997,69.11,71.72,0.0,0.0,353.38999999999993,33.33,241.28000000000006,0.0,0.0,966.9599999999999,88.35000000000001,656.66,1.0,128.0,2670.1499999999996,69.11,99.78999999999999,0.0,0.0,506.49,33.33,210.13,0.0,0.0,740.0699999999999,88.35000000000001
United States,Illinois,Wheat,2009,winter,754.4799999999999,0.0,131.0,2617.4400000000005,136.1,142.01,0.0,0.0,353.75999999999993,75.03999999999999,176.75,0.0,0.0,943.3399999999999,51.6,845.0100000000001,0.0,131.0,2887.02,136.1,105.61,0.0,0.0,483.91999999999996,51.48,122.62,0.0,0.0,543.5999999999999,51.6
United States,Illinois,Wheat,2010,winter,745.2,0.0,109.0,2514.66,70.25,96.41999999999999,0.0,0.0,368.32,39.39,274.92999999999995,0.0,0.0,985.1699999999998,66.97999999999999,793.01,0.0,109.0,2802.51,70.25,93.53999999999999,0.0,0.0,396.03,39.39,230.0,0.0,0.0,669.6099999999999,66.97999999999999
United States,Illinois,Wheat,2011,winter,587.0,0.0,124.0,2584.3500000000004,64.14,49.2,0.0,0.0,365.24999999999994,31.720000000000002,220.60999999999999,0.0,0.0,849.71,44.53,602.44,0.0,124.0,2811.4400000000005,64.14,103.27,0.0,0.0,373.73,44.53,151.09999999999997,0.0,0.0,614.14,40.81
United States,Illinois,Wheat,2012,winter,434.34000000000003,3.0,99.0,2723.84,37.5,61.69,0.0,0.0,405.71000000000004,38.95,55.699999999999996,4.0,0.0,1111.08,15.57,390.29999999999995,3.0,98.0,2316.6200000000003,31.830000000000002,97.08000000000001,0.0,1.0,496.55,38.95,64.35,4.0,0.0,1427.46,15.57
United States,Illinois,Wheat,2013,winter,672.73,0.0,138.0,2564.16,69.91999999999999,72.60000000000001,0.0,0.0,388.81999999999994,42.61,242.49,0.0,0.0,866.59,64.29,744.3799999999999,0.0,138.0,2938.46,69.91999999999999,163.04,0.0,0.0,378.31000000000006,64.29,80.4,0.0,0.0,502.79999999999995,22.04
United States,Illinois,Wheat,2014,winter,453.64,3.0,141.0,2690.83,55.36,72.0,0.0,0.0,354.5,29.38,184.89000000000001,0.0,0.0,998.0199999999999,39.34,517.84,3.0,141.0,2993.7699999999995,55.36,20.4,0.0,0.0,452.96000000000004,7.800000000000001,172.29,0.0,0.0,596.62,39.34
United States,Illinois,Wheat,2015,winter,538.81,0.0,132.0,2588.07,79.29,77.55999999999999,0.0,0.0,398.9,34.4,271.3699999999999,0.0,0.0,891.2299999999999,56.87,616.0999999999999,0.0,132.0,2970.2,79.29,52.42,0.0,0.0,448.36,43.11,219.22,0.0,0.0,459.64,56.87
United States,Illinois,Wheat,2016,winter,661.05,0.0,100.0,2662.58,132.38,74.42000000000002,0.0,0.0,331.22999999999996,24.560000000000002,127.86000000000001,0.0,0.0,1093.49,28.150000000000002,616.32,0.0,100.0,2392.95,132.38,85.47,0.0,0.0,443.58000000000004,28.42,161.54,0.0,0.0,1250.77,28.150000000000002
United States,Illinois,Wheat,2017,winter,492.6700000000001,0.0,102.0,2580.3900000000003,54.99,147.72,0.0,0.0,382.51,74.11000000000001,132.18,0.0,0.0,1045.81,44.28,446.1,0.0,102.0,2206.46,54.99,172.05,0.0,0.0,441.33000000000004,74.11,154.42000000000002,0.0,0.0,1360.9199999999998,44.28
United States,Illinois,Wheat,2018,winter,599.74,0.0,134.0,2604.62,151.76,29.26,0.0,1.0,445.85999999999996,11.85,231.75999999999996,0.0,0.0,965.0400000000001,89.83,611.5900000000001,0.0,135.0,2791.9700000000003,151.76,34.11,0.0,0.0,404.06,15.860000000000001,215.05999999999997,0.0,0.0,819.49,89.83
United States,Illinois,Wheat,2019,winter,682.0300000000002,0.0,133.0,2536.8199999999997,73.25999999999999,75.4,0.0,1.0,336.47,34.0,208.97,0.0,0.0,905.21,42.22999999999999,754.01,0.0,134.0,2765.37,73.25999999999999,83.56,0.0,0.0,381.43000000000006,39.41,128.82999999999998,0.0,0.0,631.6999999999999,42.22999999999999
United States,Illinois,Wheat,2020,winter,617.46,0.0,126.0,2481.5299999999997,83.5,134.07,0.0,0.0,350.57,53.67,143.41000000000003,0.0,0.0,1003.2800000000001,39.34,675.69,0.0,126.0,2588.54,83.5,109.97,0.0,0.0,442.3,54.27,109.28,0.0,0.0,804.54,39.34
United States,Illinois,Wheat,2021,winter,478.96000000000004,0.0,121.0,2685.1500000000005,41.129999999999995,99.91000000000001,0.0,0.0,376.37999999999994,30.380000000000003,241.13,0.0,0.0,936.12,89.57,506.07,0.0,121.0,2780.41,41.129999999999995,88.44,0.0,0.0,459.98,35.03,225.48999999999998,0.0,0.0,757.26,89.57
United States,Illinois,Wheat,2022,winter,647.02,0.0,124.0,2585.9299999999994,55.63,50.94,0.0,0.0,347.24,26.18,84.35,0.0,0.0,983.3600000000001,21.25,648.9000000000001,0.0,124.0,2607.54,55.63,75.33,0.0,0.0,382.95000000000005,26.18,58.08,0.0,0.0,926.04,18.759999999999998
United States,Illinois,Wheat,2023,winter,497.04,0.0,117.0,2626.4699999999993,42.24,59.38,0.0,0.0,403.55999999999995,41.339999999999996,65.41000000000001,0.0,0.0,1042.3000000000002,34.019999999999996,497.12,0.0,117.0,2647.2299999999996,42.24,63.410000000000004,0.0,0.0,477.23,41.339999999999996,61.30000000000001,0.0,0.0,947.8700000000001,34.019999999999996
United States,Illinois,Wheat,2024,winter,578.96,0.0,104.0,2658.5299999999997,53.43000000000001,72.80999999999999,0.0,0.0,381.48,22.14,105.85999999999999,0.0,0.0,1035.6200000000001,43.55,499.25,0.0,102.0,2329.67,53.43000000000001,112.17,0.0,2.0,486.36999999999995,38.349999999999994,146.21,0.0,0.0,1259.59,43.55
United States,Illinois,Wheat,2025,winter,508.66999999999996,0.0,100.0,2740.91,83.92,42.53,0.0,0.0,416.43,13.36,151.41,0.0,0.0,929.8200000000002,40.480000000000004,470.80999999999995,0.0,100.0,2550.54,83.92,66.00999999999999,0.0,0.0,437.05000000000007,25.79,165.79,0.0,0.0,1099.57,40.480000000000004
United States,Illinois,Oats,1990,spring,241.89000000000001,0.0,9.0,1148.6100000000001,59.230000000000004,151.49,0.0,0.0,334.17,69.95,280.9100000000001,1.0,0.0,1931.95,58.51,235.85000000000002,0.0,9.0,964.92,59.230000000000004,87.58,0.0,0.0,463.46000000000004,42.72,350.86,1.0,0.0,1986.3500000000001,70.28
United States,Illinois,Oats,1991,spring,235.23000000000002,0.0,2.0,1223.93,62.33,19.51,0.0,0.0,394.46000000000004,15.42,265.64000000000004,2.0,0.0,2032.8200000000002,69.83,210.09000000000003,0.0,2.0,867.8600000000001,62.33,25.14,0.0,0.0,412.46,13.540000000000001,285.1500000000001,2.0,0.0,2370.8900000000003,69.83
United States,Illinois,Oats,1992,spring,105.17,0.0,9.0,1154.41,22.490000000000002,56.11000000000001,0.0,0.0,337.98,28.879999999999995,376.01,0.0,0.0,1830.23,56.379999999999995,96.36000000000001,0.0,9.0,983.37,22.490000000000002,64.13,0.0,0.0,440.18999999999994,28.879999999999995,376.8,0.0,0.0,1899.06,56.379999999999995
United States,Illinois,Oats,1993,spring,225.07,0.0,8.0,1083.51,54.349999999999994,66.42,0.0,0.0,339.86,28.8,586.9,0.0,0.0,1728.53,62.970000000000006,172.75000000000003,0.0,8.0,957.79,54.349999999999994,93.69,0.0,0.0,399.9000000000001,41.41,611.9499999999999,0.0,0.0,1794.21,62.970000000000006
United States,Illinois,Oats,1994,spring,302.34000000000003,0.0,7.0,1362.1600000000003,96.77000000000001,51.01,0.0,0.0,372.07,29.47,241.17999999999998,0.0,0.0,1915.1399999999999,30.87,282.94000000000005,0.0,7.0,1194.9,96.77000000000001,68.75,0.0,0.0,466.44,29.47,242.83999999999997,0.0,0.0,1988.03,30.87
United States,Illinois,Oats,1995,spring,353.53,0.0,4.0,1046.59,94.67,29.93,0.0,0.0,376.0,13.250000000000002,236.74999999999997,0.0,1.0,2052.6000000000004,35.94,345.36,0.0,4.0,882.3199999999999,94.67,26.39,0.0,0.0,465.81,13.250000000000002,248.45999999999998,0.0,1.0,2127.0600000000004,35.94
United States,Illinois,Oats,1996,spring,319.14,0.0,10.0,1076.54,59.69,52.46,0.0,0.0,307.26,20.349999999999998,201.82,2.0,0.0,2040.1900000000003,37.790000000000006,269.84999999999997,0.0,10.0,903.96,56.010000000000005,89.88,0.0,0.0,401.90000000000003,30.13,213.69,2.0,0.0,2118.1299999999997,37.790000000000006
United States,Illinois,Oats,1997,spring,131.36,0.0,12.0,1232.6,22.9,45.660000000000004,0.0,0.0,323.6,22.65,261.05,6.0,0.0,2007.8799999999999,44.63,128.25,0.0,12.0,1187.0899999999997,22.9,49.39,0.0,0.0,384.1,22.65,260.43,6.0,0.0,1992.8899999999999,44.63
United States,Illinois,Oats,1998,spring,271.39,0.0,2.0,1180.63,45.209999999999994,139.53,0.0,0.0,289.69,37.57,296.0100000000001,0.0,0.0,2033.8700000000001,55.20000000000001,223.88,0.0,2.0,897.13,45.209999999999994,115.75,0.0,0.0,388.5799999999999,35.09,367.30000000000007,0.0,0.0,2218.4800000000005,55.2
United States,Illinois,Oats,1999,spring,280.68,0.0,0.0,1173.48,50.27,60.010000000000005,0.0,0.0,366.99,49.02,255.67000000000002,2.0,0.0,2128.71,69.30000000000001,216.92000000000002,0.0,0.0,849.53,50.27,72.81,0.0,0.0,457.72,36.9,306.63,2.0,0.0,2361.93,69.30000000000001
United States,Illinois,Oats,2000,spring,158.34,0.0,4.0,1142.6100000000001,37.550000000000004,96.15,0.0,0.0,327.25,53.87,327.64,3.0,0.0,2009.7300000000002,42.86999999999999,107.78,0.0,4.0,892.2400000000001,20.84,57.31,0.0,0.0,398.11000000000007,37.550000000000004,417.04,3.0,0.0,2189.24,61.49999999999999
United States,Illinois,Oats,2001,spring,202.38,0.0,4.0,1206.32,33.76,45.84,0.0,0.0,366.27,35.07,257.0799999999999,6.0,0.0,2091.9599999999996,46.379999999999995,96.61999999999999,0.0,4.0,863.0899999999998,33.76,140.82999999999998,0.0,0.0,410.31,59.3,267.84999999999997,6.0,0.0,2391.15,46.379999999999995
United States,Illinois,Oats,2002,spring,374.87,0.0,8.0,1169.8300000000002,88.34,88.84,0.0,0.0,335.15999999999997,71.95,286.08000000000004,0.0,0.0,2096.77,48.330000000000005,356.01,0.0,8.0,1008.4200000000001,88.34,103.14999999999999,0.0,0.0,343.71,71.95,290.63000000000005,0.0,0.0,2249.63,48.330000000000005
United States,Illinois,Oats,2003,spring,199.31,0.0,6.0,1157.54,48.510000000000005,63.78,0.0,0.0,351.32,32.17,371.36999999999995,6.0,0.0,2109.2799999999997,107.78999999999999,177.44999999999996,0.0,6.0,867.3599999999999,48.510000000000005,80.37,0.0,0.0,478.43999999999994,32.17,376.64,6.0,0.0,2272.3399999999997,107.78999999999999
United States,Illinois,Oats,2004,spring,205.01,0.0,5.0,1286.75,43.709999999999994,68.6,0.0,0.0,347.11,31.73,251.91,0.0,0.0,2047.63,58.47,131.51999999999998,0.0,5.0,945.09,42.68,73.57000000000001,0.0,0.0,444.89,43.709999999999994,320.43,0.0,0.0,2291.5099999999998,58.47
United States,Illinois,Oats,2005,spring,98.31,0.0,2.0,1311.43,23.590000000000003,41.28,0.0,0.0,374.82,24.240000000000002,253.04999999999998,14.0,0.0,2078.67,28.07,95.47999999999999,0.0,2.0,1008.91,23.590000000000003,19.82,0.0,0.0,461.3,11.1,277.34000000000003,14.0,0.0,2294.71,28.07
United States,Illinois,Oats,2006,spring,205.11,0.0,3.0,1265.65,48.34,22.169999999999998,0.0,0.0,362.54,15.219999999999999,298.5199999999999,4.0,0.0,1905.2100000000003,53.02,163.98000000000002,0.0,3.0,971.25,48.34,46.88,0.0,0.0,427.31,26.29,314.94,4.0,0.0,2134.84,53.02
United States,Illinois,Oats,2007,spring,152.3,0.0,13.0,1228.81,41.160000000000004,11.09,0.0,0.0,415.61,10.01,265.75,7.0,0.0,2089.16,57.129999999999995,110.74,0.0,13.0,1016.71,41.160000000000004,42.44,0.0,0.0,391.78,19.9,275.96000000000004,7.0,0.0,2325.0899999999997,57.129999999999995
United States,Illinois,Oats,2008,spring,296.17999999999995,0.0,5.0,1155.57,88.35000000000002,47.50999999999999,0.0,0.0,387.29,35.52,523.2,0.0,0.0,2041.43,136.1,172.16000000000003,0.0,5.0,1008.56,33.980000000000004,171.08,0.0,0.0,386.90999999999997,88.35000000000001,523.65,0.0,0.0,2188.82,136.1
United States,Illinois,Oats,2009,spring,326.08,0.0,8.0,1207.51,75.03999999999999,100.78999999999999,0.0,0.0,294.61,51.6,306.48,0.0,0.0,1945.27,35.550000000000004,287.59999999999997,0.0,8.0,994.6500000000002,75.03999999999999,79.04999999999998,0.0,0.0,411.56,26.369999999999997,366.69999999999993,0.0,0.0,2041.1799999999996,51.599999999999994
United States,Illinois,Oats,2010,spring,244.54000000000002,0.0,0.0,1276.3500000000001,40.64000000000001,131.48999999999998,0.0,0.0,335.8,46.629999999999995,415.85999999999996,0.0,0.0,2136.9400000000005,69.53,175.24,0.0,0.0,919.75,40.64000000000001,76.48,0.0,0.0,399.57000000000005,31.369999999999997,540.17,0.0,0.0,2429.770000000001,69.52999999999999
United States,Illinois,Oats,2011,spring,287.35,0.0,1.0,1071.1399999999999,44.53,89.85999999999999,0.0,0.0,326.84,40.81,178.1,5.0,0.0,2046.79,39.540000000000006,214.13000000000002,0.0,1.0,857.31,34.35,93.38000000000001,0.0,0.0,352.04,44.53,247.8,5.0,0.0,2235.42,40.81
United States,Illinois,Oats,2012,spring,144.43,0.0,1.0,1360.7500000000002,38.95,20.689999999999998,0.0,0.0,441.0,14.1,230.79,32.0,0.0,2114.3100000000004,79.66,112.33000000000001,0.0,1.0,962.8199999999999,38.95,32.1,0.0,0.0,485.69999999999993,15.57,251.48000000000002,32.0,0.0,2467.5400000000004,79.66
United States,Illinois,Oats,2013,spring,389.55000000000007,0.0,7.0,1148.9900000000002,69.92,27.25,0.0,0.0,362.89,21.0,187.18,4.0,0.0,2032.9,27.8,262.26,0.0,7.0,973.2400000000001,69.92,130.39,0.0,0.0,373.36,64.29,211.32999999999998,4.0,0.0,2198.1799999999994,27.8
United States,Illinois,Oats,2014,spring,196.99,0.0,6.0,1258.55,41.84,72.08,0.0,0.0,355.64,32.13,400.34000000000003,0.0,0.0,1980.0000000000002,79.29,150.38999999999996,0.0,6.0,1012.6500000000001,41.84,98.62,0.0,0.0,381.87000000000006,36.96,420.4,0.0,0.0,2199.67,79.29
United States,Illinois,Oats,2015,spring,205.66000000000003,0.0,3.0,1258.66,43.11,142.75,0.0,0.0,319.5,56.87,314.28999999999996,0.0,0.0,1962.66,53.16,153.56,0.0,3.0,930.27,34.4,109.02,0.0,0.0,443.35999999999996,56.87,400.12,0.0,0.0,2167.19,53.16
United States,Illinois,Oats,2016,spring,211.6,0.0,8.0,1223.43,28.42,27.22,0.0,0.0,430.11,25.03,430.46000000000004,0.0,0.0,2017.4800000000002,67.26,158.91,0.0,8.0,1017.9599999999999,28.42,53.32999999999999,0.0,0.0,418.84,24.689999999999998,457.04,0.0,0.0,2234.22,67.26
United States,Illinois,Oats,2017,spring,298.6,0.0,1.0,1241.11,74.11,38.66,0.0,0.0,435.7,23.950000000000003,188.17000000000002,1.0,0.0,2122.7500000000005,27.82,256.05,0.0,1.0,893.02,74.11,42.61000000000001,0.0,0.0,496.64,22.47,226.76999999999998,1.0,0.0,2409.9,27.82
United States,Illinois,Oats,2018,spring,158.19,0.0,17.0,1296.8600000000001,35.4,122.53999999999999,0.0,0.0,345.83,89.83,354.94999999999993,0.0,0.0,1994.42,73.25999999999999,116.09,0.0,17.0,1029.05,35.4,98.64999999999999,0.0,0.0,385.06,55.31,420.94000000000005,0.0,0.0,2223.0,73.25999999999999
United States,Illinois,Oats,2019,spring,254.87999999999997,0.0,4.0,1144.85,39.41,78.52000000000001,0.0,0.0,327.75,42.22999999999999,270.15,0.0,0.0,2050.53,34.190000000000005,219.42999999999998,0.0,4.0,897.46,39.41,40.61,0.0,0.0,418.19,21.950000000000003,343.51,0.0,0.0,2207.4800000000005,42.22999999999999
United States,Illinois,Oats,2020,spring,277.36,0.0,7.0,1210.22,54.269999999999996,15.719999999999999,0.0,0.0,413.25,7.43,292.94999999999993,0.0,0.0,2077.93,49.74,234.18000000000004,0.0,7.0,1022.46,54.269999999999996,51.82000000000001,0.0,0.0,502.15,39.34,300.03000000000003,0.0,0.0,2176.7900000000004,49.74
United States,Illinois,Oats,2021,spring,167.64,0.0,6.0,1260.43,35.03,61.38,0.0,0.0,390.28999999999996,36.08,428.07,0.0,0.0,1937.0799999999997,89.57,140.15,0.0,6.0,1022.7299999999999,35.03,51.28999999999999,0.0,0.0,424.54999999999995,26.939999999999998,465.65,0.0,0.0,2140.5200000000004,89.57
United States,Illinois,Oats,2022,spring,168.65,0.0,9.0,1154.9199999999998,26.18,15.78,0.0,0.0,359.42999999999995,7.24,302.1,2.0,0.0,2036.73,50.67,145.81,0.0,9.0,923.1199999999999,26.18,35.45,0.0,0.0,367.02000000000004,18.759999999999998,305.27,2.0,0.0,2260.9399999999996,50.67
United States,Illinois,Oats,2023,spring,105.77000000000001,0.0,4.0,1361.69,41.339999999999996,20.82,0.0,0.0,377.62,16.28,284.49,9.0,0.0,1990.5500000000002,53.010000000000005,102.33999999999999,0.0,4.0,1000.0,41.339999999999996,7.83,0.0,0.0,517.1800000000001,4.4,300.90999999999997,9.0,0.0,2212.68,53.010000000000005
United States,Illinois,Oats,2024,spring,274.8,0.0,5.0,1239.7,53.43,24.8,0.0,0.0,404.35,13.9,387.4,4.0,0.0,2059.12,89.10999999999999,215.06,0.0,5.0,858.11,53.43,73.64,0.0,0.0,456.66,43.55,398.29999999999995,4.0,0.0,2388.4000000000005,89.10999999999999
United States,Illinois,Oats,2025,spring,228.97,0.0,3.0,1195.6,50.16,56.11,0.0,0.0,335.21,21.069999999999997,197.07999999999998,3.0,0.0,2133.83,29.49,180.85000000000002,0.0,3.0,915.19,50.16,63.59000000000001,0.0,0.0,443.32,40.480000000000004,237.72,3.0,0.0,2306.13,29.49
United States,Iowa,Wheat,1990,winter,398.44,0.0,157.0,2675.0300000000007,62.95,80.05,0.0,1.0,397.7900000000001,35.699999999999996,330.23999999999995,0.0,0.0,916.88,100.09,593.6999999999999,0.0,158.0,3480.7000000000003,62.95,193.19,0.0,0.0,385.97,100.09,21.84,0.0,0.0,123.03,19.59
United States,Iowa,Wheat,1991,winter,486.22999999999996,0.0,136.0,2682.76,53.83,115.45,0.0,0.0,335.01000000000005,49.32,185.23999999999998,0.0,0.0,929.9100000000001,46.75,604.26,0.0,136.0,3057.0200000000004,53.83,121.54,0.0,0.0,333.51000000000005,46.75,61.120000000000005,0.0,0.0,557.1500000000001,43.56999999999999
United States,Iowa,Wheat,1992,winter,510.76,0.0,155.0,2315.4100000000003,49.26000000000001,14.3,0.0,0.0,449.33000000000004,11.139999999999999,59.58999999999999,0.0,0.0,1012.3399999999999,20.75,550.17,0.0,155.0,3155.8,49.26000000000001,30.710000000000004,0.0,0.0,451.44000000000005,20.75,3.7700000000000005,0.0,0.0,169.84,2.6
United States,Iowa,Wheat,1993,winter,532.95,0.0,157.0,2514.56,60.09,114.60000000000001,0.0,0.0,325.38000000000005,35.69,265.37,0.0,0.0,831.1299999999999,50.14,791.56,0.0,157.0,3344.84,60.09,121.36,0.0,0.0,326.23,50.14,0.0,0.0,0.0,0.0,0.0
United States,Iowa,Wheat,1994,winter,288.19,0.0,156.0,2641.0299999999997,37.4,45.18000000000001,0.0,3.0,396.9799999999999,21.66,189.74999999999997,0.0,0.0,994.01,44.55,439.53999999999996,0.0,159.0,3705.1099999999997,37.4,83.58,0.0,0.0,326.91,44.55,0.0,0.0,0.0,0.0,0.0
United States,Iowa,Wheat,1995,winter,466.23,0.0,137.0,2484.8099999999995,47.269999999999996,89.47000000000001,0.0,0.0,311.35999999999996,53.06,152.99000000000004,0.0,0.0,909.1800000000001,38.57,607.15,0.0,137.0,3008.4700000000003,53.059999999999995,46.95,0.0,0.0,424.54999999999995,17.6,54.59,0.0,0.0,272.33000000000004,38.57
United States,Iowa,Wheat,1996,winter,282.47999999999996,0.0,161.0,2586.93,37.370000000000005,131.45,0.0,1.0,298.31999999999994,64.74,234.10999999999999,0.0,0.0,826.94,49.239999999999995,552.51,0.0,162.0,3311.57,64.74,92.96000000000001,0.0,0.0,344.29,44.24,2.57,0.0,0.0,56.33,2.57
United States,Iowa,Wheat,1997,winter,410.77,0.0,153.0,2582.71,42.18,78.76,0.0,3.0,432.27,51.7,148.73999999999998,0.0,0.0,1015.9999999999999,54.230000000000004,542.0999999999999,0.0,156.0,3585.01,51.7,83.5,0.0,0.0,401.24,54.230000000000004,12.669999999999998,0.0,0.0,44.730000000000004,12.669999999999998
United States,Iowa,Wheat,1998,winter,443.08,0.0,143.0,2506.1800000000003,45.2,44.989999999999995,0.0,0.0,423.1,16.49,325.69000000000005,0.0,0.0,884.65,50.39,499.34999999999997,0.0,143.0,2997.49,45.2,147.56,0.0,0.0,400.53000000000014,35.32,166.85,0.0,0.0,415.91,50.39
United States,Iowa,Wheat,1999,winter,345.89,0.0,129.0,2604.7299999999996,35.989999999999995,71.92,0.0,0.0,341.69000000000005,30.25,185.94000000000003,0.0,0.0,960.5300000000001,44.99,383.06,0.0,129.0,2872.3199999999997,35.989999999999995,82.19,0.0,0.0,476.07,24.520000000000003,138.50000000000003,0.0,0.0,558.5600000000001,44.99
United States,Iowa,Wheat,2000,winter,249.64999999999998,0.0,123.0,2727.2000000000003,16.83,19.540000000000003,1.0,0.0,428.71999999999997,10.370000000000001,171.32999999999998,1.0,0.0,925.02,36.9,257.41999999999996,0.0,123.0,2978.29,16.83,50.67,1.0,0.0,385.4,22.41,132.42999999999998,1.0,0.0,717.2500000000001,36.9
United States,Iowa,Wheat,2001,winter,380.86,2.0,156.0,2650.9700000000003,28.330000000000005,82.64,0.0,0.0,369.60999999999996,29.490000000000002,156.16000000000003,0.0,0.0,938.7700000000001,33.21000000000001,501.53,2.0,156.0,3153.41,29.49000000000001,98.41000000000003,0.0,0.0,434.53999999999996,33.21000000000001,19.720000000000002,0.0,0.0,371.4,7.550000000000001
United States,Iowa,Wheat,2002,winter,389.85,0.0,137.0,2607.4900000000007,67.72,54.74000000000001,0.0,0.0,402.34000000000003,30.089999999999996,108.28,3.0,0.0,1046.6100000000001,38.849999999999994,447.60999999999996,0.0,137.0,3148.7700000000004,67.72,43.91,0.0,0.0,400.76,12.739999999999998,61.35,3.0,0.0,506.91,38.85
United States,Iowa,Wheat,2003,winter,315.52,0.0,156.0,2578.79,32.19,154.79,0.0,0.0,354.81000000000006,55.37,121.77,0.0,0.0,1000.7900000000001,42.94,488.37000000000006,0.0,156.0,3290.02,55.37,47.12999999999999,0.0,0.0,455.4700000000001,26.08,56.58,0.0,0.0,188.89999999999998,42.94
United States,Iowa,Wheat,2004,winter,386.96000000000004,0.0,145.0,2676.9,76.89,58.27,0.0,0.0,370.53,19.88,221.55,0.0,0.0,956.0600000000001,83.82000000000001,448.61,0.0,145.0,3107.4799999999996,76.89,139.92000000000004,0.0,0.0,419.4099999999999,83.82000000000001,78.25,0.0,0.0,476.6,26.43
United States,Iowa,Wheat,2005,winter,309.93000000000006,0.0,135.0,2637.24,40.830000000000005,84.54999999999998,0.0,4.0,372.93,69.23,136.95000000000002,1.0,0.0,966.0899999999999,47.06,391.95,0.0,139.0,2976.37,69.23,28.11,0.0,0.0,419.65,11.45,111.37,1.0,0.0,580.24,47.06
United States,Iowa,Wheat,2006,winter,271.37,1.0,133.0,2597.98,30.730000000000004,65.36,0.0,0.0,326.19,46.85,61.160000000000004,1.0,0.0,1000.47,14.03,329.90000000000003,1.0,133.0,2790.4700000000003,46.85,34.02,0.0,0.0,416.17,14.03,33.97,1.0,0.0,718.0,12.760000000000002
United States,Iowa,Wheat,2007,winter,518.6099999999999,0.0,141.0,2618.9299999999994,83.55,56.00000000000001,0.0,0.0,425.54,47.1,165.68,0.0,0.0,1024.9,56.519999999999996,610.27,0.0,141.0,3179.08,83.55,72.96000000000001,0.0,0.0,472.63,32.2,57.059999999999995,0.0,0.0,417.65999999999997,45.86
United States,Iowa,Wheat,2008,winter,469.04999999999995,0.0,153.0,2632.64,52.22,45.71,0.0,2.0,424.0,23.889999999999997,343.61,0.0,0.0,953.09,72.58000000000001,639.34,0.0,155.0,3375.8899999999994,65.52000000000001,170.42,0.0,0.0,426.47,72.58,48.61,0.0,0.0,207.36999999999998,45.739999999999995
United States,Iowa,Wheat,2009,winter,499.16,0.0,154.0,2645.0,72.94999999999999,48.620000000000005,0.0,0.0,383.62999999999994,16.59,177.01,0.0,0.0,908.3699999999999,47.529999999999994,609.5799999999999,0.0,154.0,3399.59,72.94999999999999,97.64,0.0,0.0,351.81,29.41,17.57,0.0,0.0,185.6,17.439999999999998
United States,Iowa,Wheat,2010,winter,468.83000000000004,0.0,125.0,2637.4399999999996,60.25,93.4,0.0,0.0,382.71999999999997,53.129999999999995,298.36,0.0,0.0,1004.0799999999999,72.93,576.1400000000001,0.0,125.0,3192.95,60.25,146.58,0.0,0.0,421.45,60.3,137.87,0.0,0.0,409.84000000000003,72.93
United States,Iowa,Wheat,2011,winter,344.99,0.0,148.0,2516.05,46.739999999999995,40.59,0.0,3.0,426.73999999999995,26.409999999999997,238.49,0.0,0.0,874.1800000000001,58.989999999999995,468.12,0.0,151.0,3245.87,46.739999999999995,123.11999999999999,0.0,0.0,358.56,58.989999999999995,32.82999999999999,0.0,0.0,212.54,26.08
United States,Iowa,Wheat,2012,winter,333.41,1.0,123.0,2762.8900000000003,57.95,56.879999999999995,0.0,0.0,436.63,22.63,93.86999999999999,3.0,0.0,1037.18,24.71,361.36,1.0,123.0,2814.92,57.95,29.35,0.0,0.0,506.98,17.29,93.45,3.0,0.0,914.8,24.71
United States,Iowa,Wheat,2013,winter,394.05999999999995,1.0,159.0,2635.34,56.669999999999995,78.84000000000002,0.0,2.0,397.96,35.81,242.61,0.0,0.0,849.19,79.56,634.92,1.0,161.0,3353.2200000000003,79.56,43.5,0.0,0.0,375.60999999999996,24.299999999999997,37.089999999999996,0.0,0.0,153.66,35.089999999999996
United States,Iowa,Wheat,2014,winter,325.90999999999997,2.0,156.0,2689.2,50.37,80.47,0.0,0.0,327.26,45.769999999999996,275.24,0.0,0.0,917.04,68.27,432.40999999999997,2.0,156.0,3257.86,50.37,86.07,0.0,0.0,425.88999999999993,39.73,163.14000000000001,0.0,0.0,249.74999999999997,68.27
United States,Iowa,Wheat,2015,winter,349.01,0.0,141.0,2747.75,40.62,59.13,0.0,0.0,369.81999999999994,23.0,222.77000000000004,0.0,0.0,903.1099999999999,58.04999999999999,457.02,0.0,141.0,3310.89,44.480000000000004,89.87,0.0,0.0,386.88,37.879999999999995,84.02,0.0,0.0,322.91,58.05
United States,Iowa,Wheat,2016,winter,495.64,0.0,130.0,2688.33,87.71000000000001,53.51000000000001,0.0,0.0,355.01000000000005,29.270000000000003,128.16,0.0,0.0,1119.04,30.16,543.98,0.0,130.0,2912.45,87.71000000000001,74.55000000000001,0.0,0.0,528.62,30.16,58.78000000000001,0.0,0.0,721.31,16.96
United States,Iowa,Wheat,2017,winter,442.13,0.0,115.0,2461.9800000000005,51.03,91.3,0.0,0.0,412.19,36.35,114.30000000000001,0.0,0.0,1018.8200000000002,28.259999999999998,484.02,0.0,115.0,2625.25,51.03,93.33999999999999,0.0,0.0,458.3900000000001,37.14,70.37,0.0,0.0,809.35,25.59
United States,Iowa,Wheat,2018,winter,367.28,0.0,167.0,2645.4700000000003,60.739999999999995,72.88,0.0,0.0,399.81,52.089999999999996,264.1,2.0,0.0,950.9000000000001,57.0,459.53999999999996,0.0,167.0,3208.1000000000004,60.739999999999995,52.16,2.0,0.0,394.1,16.720000000000002,192.56,0.0,0.0,393.98,56.99999999999999
United States,Iowa,Oats,1990,spring,232.26000000000002,0.0,13.0,1232.98,47.39,179.3,0.0,0.0,344.93,100.09,380.82,0.0,0.0,2028.1299999999999,58.41,225.38000000000002,0.0,13.0,1180.9999999999995,47.39,208.36000000000004,0.0,0.0,410.0,100.09,358.64000000000004,0.0,0.0,2015.0399999999997,58.41
United States,Iowa,Oats,1991,spring,418.4,0.0,2.0,1093.61,53.83,56.83,0.0,0.0,383.67999999999995,43.56999999999999,214.43,0.0,2.0,2033.1599999999999,52.77,309.44000000000005,0.0,2.0,880.0400000000001,53.83,118.19999999999999,0.0,0.0,380.69000000000005,46.75000000000001,262.02000000000004,0.0,2.0,2249.7200000000003,52.77
United States,Iowa,Oats,1992,spring,128.6,0.0,10.0,1195.23,47.84,25.630000000000003,0.0,0.0,379.08,20.75,440.18,0.0,0.0,1907.5100000000002,63.18,128.01,0.0,10.0,1091.7,47.84,26.199999999999996,0.0,0.0,454.02,20.75,440.2,0.0,0.0,1936.1000000000004,63.18
United States,Iowa,Oats,1993,spring,268.68,0.0,8.0,1033.12,35.69,121.86,0.0,0.0,311.42999999999995,50.14,732.18,0.0,0.0,1755.1400000000003,115.75,253.18000000000004,0.0,8.0,985.06,35.69,137.68,0.0,0.0,417.64,50.14,731.86,0.0,0.0,1696.9900000000002,115.75
United States,Iowa,Oats,1994,spring,129.2,0.0,9.0,1370.1200000000001,22.060000000000002,97.56,0.0,0.0,345.14,34.71,343.85999999999996,0.0,0.0,1884.2900000000004,47.269999999999996,112.38,0.0,9.0,1250.63,22.060000000000002,101.34,0.0,0.0,432.46,34.71,356.9,0.0,0.0,1916.46,47.269999999999996
United States,Iowa,Oats,1995,spring,273.06000000000006,0.0,12.0,1085.06,53.059999999999995,36.13,0.0,0.0,368.0,17.6,335.0799999999999,1.0,1.0,1967.89,38.57,271.59000000000003,0.0,12.0,1067.8,53.059999999999995,41.8,0.0,0.0,464.2999999999999,17.6,330.88,1.0,1.0,1888.85,38.57
United States,Iowa,Oats,1996,spring,264.9,0.0,14.0,1079.5900000000001,64.74,89.35,0.0,0.0,295.01,44.24,310.66,0.0,0.0,2043.69,58.15,264.9,0.0,14.0,1054.7,64.74,99.39999999999999,0.0,0.0,361.77,44.24,300.60999999999996,0.0,0.0,2001.8200000000002,58.15
United States,Iowa,Oats,1997,spring,161.28,0.0,14.0,1259.64,51.7,66.21000000000001,0.0,0.0,391.59999999999997,44.95,240.76000000000005,7.0,0.0,2024.0900000000001,30.370000000000005,165.79000000000002,0.0,14.0,1307.39,51.7,89.38000000000001,0.0,0.0,437.97999999999996,54.230000000000004,213.08,7.0,0.0,1929.9599999999998,30.370000000000005
United States,Iowa,Oats,1998,spring,201.47,0.0,5.0,1236.33,34.239999999999995,177.48999999999998,0.0,0.0,279.43999999999994,50.39,307.56,0.0,0.0,2059.1699999999996,41.56,155.60999999999999,0.0,5.0,991.4800000000001,31.639999999999993,165.85999999999999,0.0,0.0,426.89000000000004,48.949999999999996,365.05,0.0,0.0,2156.5699999999997,43.2
United States,Iowa,Oats,1999,spring,252.15000000000003,0.0,3.0,1144.2699999999998,30.25,80.13,0.0,0.0,332.49,44.99,336.96999999999997,5.0,0.0,2118.8199999999993,26.91,218.02,0.0,3.0,950.52,30.25,103.07,0.0,0.0,423.9,44.99,348.15999999999997,5.0,0.0,2221.16,26.91
United States,Iowa,Oats,2000,spring,123.39999999999998,1.0,5.0,1239.24,22.41,69.27,1.0,0.0,341.39,36.9,285.7200000000001,6.0,0.0,1952.22,26.12,70.43999999999998,1.0,5.0,984.6999999999999,15.25,63.050000000000004,1.0,0.0,399.94999999999993,22.41,344.9,6.0,0.0,2148.2,36.9
United States,Iowa,Oats,2001,spring,222.01,0.0,8.0,1147.7600000000002,29.490000000000002,70.36,0.0,0.0,349.92,33.21,319.91,7.0,0.0,2033.49,67.72,170.63,0.0,8.0,895.9799999999999,29.490000000000002,112.78,0.0,0.0,448.27,33.21,328.87,7.0,0.0,2186.92,67.72
United States,Iowa,Oats,2002,spring,165.15,0.0,9.0,1269.4699999999998,30.089999999999996,54.61,0.0,0.0,363.46000000000004,38.849999999999994,359.8200000000001,11.0,0.0,2101.2000000000003,50.97,151.2,0.0,9.0,1161.6599999999999,30.089999999999996,61.34,0.0,0.0,390.88,38.849999999999994,367.0400000000001,11.0,0.0,2181.5899999999997,50.97
United States,Iowa,Oats,2003,spring,231.21,0.0,7.0,1204.15,55.37,46.089999999999996,0.0,0.0,371.83000000000004,26.08,252.25,10.0,0.0,2139.41,54.28000000000001,216.67,0.0,7.0,1037.56,55.37,60.63000000000001,0.0,0.0,478.90000000000003,26.08,252.25,10.0,0.0,2198.9300000000003,54.28000000000001
United States,Iowa,Oats,2004,spring,244.17,0.0,8.0,1289.7700000000002,83.82000000000001,65.41,0.0,0.0,332.9,26.43,268.89,0.0,0.0,2063.6400000000003,52.400000000000006,185.75000000000003,0.0,8.0,1020.9700000000001,74.11,96.27000000000001,0.0,0.0,457.39000000000004,28.94,296.45,0.0,0.0,2207.95,52.400000000000006
United States,Iowa,Oats,2005,spring,195.06,0.0,6.0,1236.6899999999998,69.23,48.58,0.0,0.0,377.48,24.52,296.90000000000003,12.0,0.0,2123.3,47.06,177.34999999999997,0.0,6.0,988.6700000000001,69.23,50.57000000000001,0.0,0.0,415.62999999999994,24.52,312.62000000000006,12.0,0.0,2333.1700000000005,47.06
United States,Iowa,Oats,2006,spring,140.51,0.0,4.0,1249.18,46.85,11.95,1.0,0.0,346.48,6.21,380.45000000000005,11.0,0.0,1956.94,63.23,111.49,0.0,4.0,952.9100000000002,46.85,30.13,0.0,0.0,401.87,14.03,391.29,12.0,0.0,2197.8199999999997,63.23
United States,Iowa,Oats,2007,spring,288.58,0.0,13.0,1299.2800000000002,83.55,17.18,0.0,0.0,427.89,10.57,420.53999999999996,1.0,0.0,2071.4500000000003,64.14,250.13,0.0,13.0,1106.23,83.55,45.05,0.0,0.0,500.78000000000003,32.2,431.1199999999999,1.0,0.0,2191.61,64.14
United States,Iowa,Oats,2008,spring,309.11,0.0,14.0,1179.6399999999999,65.52000000000001,152.06,0.0,0.0,375.22,72.58,364.42999999999995,0.0,0.0,2040.4999999999998,72.13,274.56,0.0,14.0,1143.2400000000002,65.52000000000001,186.61,0.0,0.0,411.62,72.58,364.42999999999995,0.0,0.0,2040.4999999999998,72.13
United States,Iowa,Oats,2009,spring,212.28000000000003,0.0,14.0,1266.5,72.95,87.63,0.0,0.0,277.37,29.41,279.42,0.0,0.0,2012.8800000000003,39.35,202.53,0.0,14.0,1147.94,72.95,97.38,0.0,0.0,395.93,29.41,279.42,0.0,0.0,2012.8800000000003,39.35
United States,Iowa,Oats,2010,spring,226.12999999999997,0.0,1.0,1279.0700000000002,53.129999999999995,145.89999999999998,0.0,0.0,298.23,60.3,630.7099999999999,0.0,0.0,2093.3300000000004,120.99,175.93,0.0,1.0,961.9700000000001,53.129999999999995,120.51000000000002,0.0,0.0,447.53999999999996,42.46,706.3000000000001,0.0,0.0,2261.1199999999994,120.99
United States,Iowa,Oats,2011,spring,212.23,0.0,11.0,1159.7,41.46000000000001,122.75999999999999,0.0,0.0,314.29,58.989999999999995,206.77,1.0,0.0,2016.3400000000006,26.08,209.67,0.0,11.0,1043.31,41.46000000000001,90.07000000000001,0.0,0.0,390.03999999999996,58.989999999999995,242.02,1.0,0.0,2056.98,40.129999999999995
United States,Iowa,Oats,2012,spring,172.26,0.0,3.0,1373.9900000000002,57.95,55.510000000000005,1.0,0.0,391.02,23.54,141.88,34.0,0.0,2179.45,18.09,144.47,0.0,3.0,1015.0600000000001,57.95,29.700000000000003,0.0,0.0,453.39,15.030000000000001,195.48,35.0,0.0,2476.0099999999998,24.71
United States,Iowa,Oats,2013,spring,378.52,0.0,19.0,1145.4699999999998,79.56,41.65,0.0,0.0,335.66999999999996,24.299999999999997,134.83,8.0,0.0,2098.97,35.089999999999996,367.12,0.0,19.0,1108.2199999999998,79.56,54.9,0.0,0.0,412.86,24.299999999999997,132.98,8.0,0.0,2059.0299999999997,35.089999999999996
United States,Iowa,Oats,2014,spring,243.55,0.0,10.0,1183.76,50.37,81.84,0.0,0.0,347.16999999999996,44.89,459.1700000000001,0.0,0.0,1863.3100000000002,68.27,208.78,0.0,10.0,1029.08,50.37,91.22,0.0,0.0,445.54999999999995,43.669999999999995,484.56,0.0,0.0,1919.61,68.27
United States,Iowa,Oats,2015,spring,195.70000000000002,0.0,5.0,1222.9399999999998,44.480000000000004,89.57,0.0,0.0,329.21,37.879999999999995,501.34999999999997,0.0,0.0,2002.56,70.37,158.09000000000003,0.0,5.0,985.5300000000001,32.239999999999995,98.29,0.0,0.0,440.60999999999996,37.879999999999995,530.24,0.0,0.0,2128.5700000000006,70.37
United States,Iowa,Oats,2016,spring,172.78,0.0,10.0,1265.28,30.159999999999997,30.509999999999998,0.0,0.0,435.03999999999996,16.96,465.75000000000006,0.0,0.0,1993.0299999999997,65.31,139.28,0.0,10.0,1072.36,30.159999999999997,62.769999999999996,0.0,0.0,482.7700000000001,16.96,466.99,0.0,0.0,2138.22,65.31
United States,Iowa,Oats,2017,spring,195.35,0.0,1.0,1199.53,37.13999999999999,34.589999999999996,0.0,0.0,407.63,25.59,218.15,6.0,0.0,2077.6200000000003,39.7,185.64000000000001,0.0,1.0,943.52,37.13999999999999,11.709999999999999,0.0,0.0,467.72,9.180000000000001,250.74000000000004,6.0,0.0,2273.5400000000004,39.7
United States,Iowa,Oats,2018,spring,154.04,2.0,18.0,1323.7800000000002,52.089999999999996,143.69,0.0,0.0,323.32000000000005,56.99999999999999,461.28999999999996,0.0,0.0,1932.2300000000002,71.13,131.06,1.0,18.0,1109.59,52.089999999999996,108.53,1.0,0.0,417.9200000000001,47.690000000000005,519.4300000000001,0.0,0.0,2051.8199999999997,71.13
United States,Iowa,Oats,2019,spring,246.25000000000003,0.0,8.0,1112.17,45.76,51.45,0.0,0.0,351.38,26.43,329.29999999999995,0.0,0.0,1917.1799999999998,46.769999999999996,242.01000000000002,0.0,8.0,1006.3100000000001,45.76,54.16,0.0,0.0,438.12000000000006,26.43,330.8299999999999,0.0,0.0,1936.3,46.769999999999996
United States,Iowa,Oats,2020,spring,164.07000000000002,0.0,13.0,1225.56,38.42,55.49,0.0,0.0,391.08,26.64,210.35000000000002,7.0,0.0,2029.2900000000004,57.53,158.41000000000003,0.0,13.0,1116.32,38.42,47.28,0.0,0.0,471.2799999999999,26.64,224.22000000000003,7.0,0.0,2058.33,57.53
United States,Iowa,Oats,2021,spring,101.89,0.0,7.0,1274.52,22.380000000000003,23.46,3.0,0.0,430.0,19.11,255.61,6.0,0.0,2020.59,38.36,84.75999999999999,0.0,7.0,1028.55,22.380000000000003,19.869999999999997,0.0,0.0,459.31999999999994,16.33,276.33000000000004,9.0,0.0,2237.2400000000002,38.36
United States,Iowa,Oats,2022,spring,166.35,0.0,14.0,1126.5,35.849999999999994,95.78999999999999,0.0,0.0,362.13,46.660000000000004,218.77,8.0,0.0,2162.0900000000006,50.699999999999996,160.68,0.0,14.0,982.5300000000001,35.849999999999994,101.32999999999998,0.0,0.0,416.68000000000006,46.660000000000004,218.9,8.0,0.0,2251.5099999999998,50.699999999999996
United States,Iowa,Oats,2023,spring,141.82,0.0,8.0,1350.07,30.34,35.02,0.0,0.0,364.45000000000005,27.549999999999997,208.91000000000003,13.0,0.0,2003.52,40.150000000000006,111.44999999999999,0.0,8.0,1082.37,30.34,37.81,0.0,0.0,403.97,28.18,236.48999999999998,13.0,0.0,2231.7,40.150000000000006
United States,Iowa,Oats,2024,spring,297.55999999999995,0.0,4.0,1257.0400000000002,82.37,41.81,0.0,0.0,360.79999999999995,29.5,285.5,2.0,0.0,2041.34,54.949999999999996,250.44,0.0,4.0,943.95,82.37,48.68000000000001,0.0,0.0,497.2800000000001,21.39,325.75,2.0,0.0,2217.95,54.949999999999996
United States,Iowa,Oats,2025,spring,212.01999999999998,0.0,7.0,1257.67,63.47,70.24,0.0,0.0,334.82,26.16,429.26,0.0,0.0,1993.7500000000002,63.6,162.26999999999998,0.0,7.0,1067.28,63.47,74.44,0.0,0.0,402.56999999999994,46.58,474.80999999999995,0.0,0.0,2116.3900000000003,63.6
United States,Kansas,Wheat,1990,winter,251.11,0.0,121.0,2921.9300000000003,37.21000000000001,100.15,0.0,0.0,450.08000000000004,38.7,136.17000000000002,13.0,0.0,1089.05,33.49,251.06999999999994,0.0,121.0,2909.63,37.21000000000001,100.19,0.0,0.0,462.38,38.7,136.17000000000002,13.0,0.0,1089.05,33.49
United States,Kansas,Wheat,1991,winter,223.43,9.0,110.0,2992.35,36.6,59.36,0.0,0.0,451.6,20.34,143.88999999999996,9.0,0.0,1086.8000000000002,41.61,185.83,9.0,108.0,2535.74,36.6,52.24,0.0,2.0,502.83,20.25,188.60999999999999,9.0,0.0,1492.18,41.61
United States,Kansas,Wheat,1992,winter,254.78,2.0,111.0,2806.58,27.27,52.02,1.0,0.0,576.01,26.18,257.43,0.0,0.0,891.2299999999999,72.78,238.34999999999997,2.0,111.0,2570.9399999999996,27.27,23.290000000000003,0.0,0.0,458.04999999999995,10.31,302.59000000000003,1.0,0.0,1244.83,72.78
United States,Kansas,Wheat,1993,winter,396.99,0.0,129.0,2553.0699999999997,56.95,123.31000000000002,0.0,0.0,372.40000000000003,47.71,198.66,0.0,0.0,1052.3999999999999,62.669999999999995,517.23,0.0,129.0,2857.7200000000003,56.95,61.050000000000004,0.0,0.0,471.1,18.46,140.68,0.0,0.0,649.0499999999998,62.669999999999995
United States,Kansas,Wheat,1994,winter,222.10000000000002,0.0,132.0,2829.96,39.489999999999995,58.629999999999995,0.0,2.0,457.21000000000004,34.0,56.99999999999999,13.0,0.0,1198.18,21.189999999999998,271.99,0.0,134.0,3156.46,39.489999999999995,9.4,0.0,0.0,488.4599999999999,8.67,56.339999999999996,13.0,0.0,840.43,21.189999999999998
United States,Kansas,Wheat,1995,winter,278.55000000000007,1.0,106.0,2768.0299999999997,29.9,118.53999999999999,0.0,1.0,380.98,59.699999999999996,275.10999999999996,0.0,0.0,936.46,56.57,240.69,1.0,103.0,2414.81,29.9,78.67,0.0,4.0,578.8699999999999,21.49,352.84,0.0,0.0,1091.79,59.699999999999996
United States,Kansas,Wheat,1996,winter,158.31,4.0,124.0,2971.79,38.370000000000005,90.9,0.0,0.0,409.52,30.450000000000003,183.44000000000005,13.0,0.0,1120.32,79.71000000000001,158.37,4.0,124.0,2991.51,38.370000000000005,90.84000000000002,0.0,0.0,389.8,30.450000000000003,183.44000000000005,13.0,0.0,1120.32,79.71000000000001
United States,Kansas,Wheat,1997,winter,313.52,0.0,120.0,2904.55,69.78,26.540000000000003,0.0,0.0,544.99,17.71,179.29999999999998,4.0,0.0,1111.6000000000001,51.480000000000004,324.83,0.0,120.0,3103.01,69.78,39.32,1.0,0.0,570.4,15.02,155.21,3.0,0.0,887.7300000000001,51.480000000000004
United States,Kansas,Wheat,1998,winter,412.58000000000004,1.0,122.0,2770.74,55.97,50.92,0.0,0.0,502.2,24.46,96.61999999999999,12.0,0.0,1173.0500000000002,39.86,412.58000000000004,1.0,122.0,2840.79,55.97,56.84,0.0,0.0,513.3800000000001,24.46,90.69999999999999,12.0,0.0,1091.8200000000002,39.86
United States,Kansas,Wheat,1999,winter,446.90999999999997,8.0,103.0,2895.17,98.80000000000001,70.77000000000001,0.0,0.0,415.93,18.509999999999998,212.59,0.0,0.0,1009.5,27.830000000000005,360.5,8.0,98.0,2305.88,98.80000000000001,102.53999999999999,0.0,5.0,630.29,50.22,267.22999999999996,0.0,0.0,1384.43,27.830000000000002
United States,Kansas,Wheat,2000,winter,354.38,2.0,100.0,2957.74,61.91,54.400000000000006,0.0,0.0,480.14,32.72,163.31000000000003,0.0,0.0,1083.95,41.78,323.15999999999997,2.0,93.0,2448.96,61.91,44.720000000000006,0.0,7.0,681.74,19.580000000000002,204.21,0.0,0.0,1391.13,41.78
United States,Kansas,Wheat,2001,winter,361.40999999999997,12.0,139.0,2829.37,62.510000000000005,73.16,0.0,0.0,571.3299999999999,51.760000000000005,188.48999999999998,0.0,0.0,1094.3300000000002,54.37,366.02,12.0,139.0,2853.33,62.510000000000005,67.63000000000001,0.0,0.0,490.28999999999996,51.760000000000005,189.41,0.0,0.0,1151.41,54.37
United States,Kansas,Wheat,2002,winter,248.60999999999999,1.0,115.0,3035.1800000000003,71.16,55.88,0.0,0.0,493.73,19.630000000000003,147.33999999999997,13.0,0.0,1116.4199999999998,41.44,200.07,1.0,113.0,2749.15,71.16,64.48,0.0,2.0,478.92,25.39,187.27999999999997,13.0,0.0,1417.2599999999998,41.440000000000005
United States,Kansas,Wheat,2003,winter,372.65999999999997,7.0,123.0,2858.0600000000004,89.74000000000001,66.19,0.0,0.0,487.29999999999995,38.72,143.03000000000003,1.0,0.0,1060.81,31.939999999999998,372.65999999999997,7.0,123.0,2885.96,89.74000000000001,68.17,0.0,0.0,468.61,38.72,141.05000000000004,1.0,0.0,1051.6,31.939999999999998
United States,Kansas,Wheat,2004,winter,305.29999999999995,0.0,113.0,2973.62,55.54,71.50999999999999,0.0,0.0,487.74,19.36,170.94,3.0,0.0,1111.5299999999997,51.599999999999994,297.52,0.0,113.0,2873.1800000000003,55.54,50.00999999999999,0.0,0.0,483.79999999999995,19.36,200.22,3.0,0.0,1215.9099999999999,51.599999999999994
United States,Kansas,Wheat,2005,winter,338.25,1.0,104.0,2817.8199999999997,39.809999999999995,43.52,0.0,2.0,516.3900000000001,30.54,179.47999999999996,6.0,0.0,1164.98,52.419999999999995,289.79999999999995,1.0,104.0,2458.2699999999995,39.809999999999995,58.34,0.0,1.0,567.9000000000001,28.68,213.10999999999996,6.0,1.0,1473.0199999999998,52.419999999999995
United States,Kansas,Wheat,2006,winter,185.44,1.0,94.0,3098.3,29.62,79.09,1.0,0.0,451.96999999999997,28.19,129.67,12.0,0.0,1207.6200000000001,30.86,118.92,1.0,83.0,2332.3900000000003,22.19,66.49,0.0,11.0,632.22,29.62,208.79,13.0,0.0,1793.2800000000002,30.86
United States,Kansas,Wheat,2007,winter,403.15999999999997,1.0,110.0,2880.39,48.69,139.04999999999998,0.0,0.0,447.51,85.17999999999999,242.19999999999996,0.0,0.0,1007.9499999999999,96.41,402.1199999999999,1.0,109.0,2748.02,48.69,129.87,0.0,1.0,403.24999999999994,85.17999999999999,252.42000000000002,0.0,0.0,1184.5799999999997,96.41
United States,Kansas,Wheat,2008,winter,339.65999999999997,0.0,123.0,2942.7799999999997,47.93,76.4,0.0,0.0,510.7,46.92,186.86,2.0,0.0,1144.81,45.480000000000004,339.65999999999997,0.0,123.0,2966.8599999999997,47.93,76.57000000000001,0.0,0.0,573.09,46.92,186.69,2.0,0.0,1058.34,45.480000000000004
United States,Kansas,Wheat,2009,winter,368.65,0.0,119.0,2964.4299999999994,66.42000000000002,96.03,0.0,0.0,433.55,42.4,149.95,7.0,0.0,1150.6899999999998,46.93,373.98,0.0,119.0,3043.3999999999996,66.42000000000002,92.53,0.0,0.0,452.01000000000005,42.4,148.12,7.0,0.0,1053.26,46.93
United States,Kansas,Wheat,2010,winter,281.09999999999997,0.0,115.0,2632.0899999999997,29.38,66.73,0.0,0.0,540.5799999999999,34.25,186.05,6.0,0.0,1088.1200000000001,68.74,329.64,0.0,115.0,2849.8199999999997,34.25,63.76000000000001,0.0,0.0,469.16999999999996,37.529999999999994,140.48000000000002,6.0,0.0,941.8000000000001,68.74000000000001
United States,Kansas,Wheat,2011,winter,210.26,2.0,124.0,2950.7,55.580000000000005,17.46,3.0,0.0,499.31000000000006,9.22,155.22,16.0,0.0,1121.25,44.61,201.73,2.0,123.0,2745.7200000000003,55.580000000000005,20.92,0.0,1.0,558.73,9.22,160.29,19.0,0.0,1266.81,44.61
United States,Kansas,Wheat,2012,winter,331.46999999999997,3.0,100.0,3046.9800000000005,37.54,14.350000000000001,1.0,0.0,534.33,8.59,91.2,12.0,0.0,1255.8200000000002,50.6,271.98,3.0,100.0,2571.67,37.54,59.480000000000004,0.0,0.0,450.06,29.14,105.56,13.0,0.0,1815.4,50.6
United States,Kansas,Wheat,2013,winter,219.12,5.0,120.0,2926.04,21.98,63.68000000000001,0.0,3.0,500.5,27.32,155.06,12.0,0.0,1143.72,58.0,196.82999999999998,5.0,118.0,2830.44,21.880000000000003,85.97,0.0,5.0,596.1,27.32,155.06,12.0,0.0,1143.72,58.0
United States,Kansas,Wheat,2014,winter,164.94,3.0,130.0,3028.5999999999995,21.07,48.06,3.0,0.0,544.25,25.95,258.27,1.0,0.0,1060.17,61.120000000000005,165.25,3.0,130.0,3074.9699999999993,21.07,47.85,3.0,0.0,523.78,25.95,258.17,1.0,0.0,1034.27,61.120000000000005
United States,Kansas,Wheat,2015,winter,251.58999999999997,3.0,105.0,2972.8199999999997,37.42000000000001,94.30000000000001,0.0,0.0,474.67999999999995,36.8,218.52,6.0,0.0,1036.08,50.1,196.41,3.0,105.0,2733.5,28.640000000000004,72.21,0.0,0.0,473.15,37.42,295.78999999999996,6.0,0.0,1276.93,50.1
United States,Kansas,Wheat,2016,winter,356.95,7.0,93.0,3081.8599999999997,74.31,75.82000000000001,0.0,0.0,519.62,42.17,197.17999999999998,4.0,0.0,1082.5700000000002,61.1,272.92999999999995,7.0,85.0,2256.4399999999996,74.31,23.000000000000004,0.0,8.0,681.1899999999999,9.22,334.02,4.0,0.0,1746.4199999999996,61.1
United States,Kansas,Wheat,2017,winter,357.95,0.0,84.0,2968.67,64.46000000000001,96.58000000000001,0.0,0.0,501.02,41.28,140.1,1.0,0.0,1138.4799999999998,51.24,194.71,0.0,84.0,2399.3099999999995,33.4,130.38000000000002,0.0,0.0,442.9199999999999,64.46000000000001,269.54,1.0,0.0,1765.9399999999998,51.239999999999995
United States,Kansas,Wheat,2018,winter,198.45999999999998,5.0,119.0,2934.79,60.72999999999999,73.23,0.0,0.0,500.76000000000005,31.990000000000002,149.0,13.0,0.0,1193.52,30.789999999999996,193.21999999999997,5.0,110.0,2587.84,60.72999999999999,65.16999999999999,0.0,9.0,637.8900000000001,31.990000000000002,162.3,13.0,0.0,1403.3400000000001,30.789999999999996
United States,Kansas,Wheat,2019,winter,501.76000000000005,0.0,127.0,2744.82,114.85,184.98000000000002,0.0,0.0,453.32000000000005,100.49000000000001,314.29999999999995,0.0,0.0,1088.4199999999998,76.16999999999999,571.42,0.0,127.0,2978.6000000000004,114.85,281.11,0.0,0.0,438.22,100.49000000000001,148.51000000000002,0.0,0.0,869.7399999999999,68.48
United States,Kansas,Wheat,2020,winter,270.04,0.0,125.0,2915.64,36.03999999999999,71.92,0.0,0.0,460.21000000000004,24.75,154.18,4.0,0.0,1167.7400000000002,43.97,269.61,0.0,125.0,2888.3,36.03999999999999,72.35000000000001,0.0,0.0,487.55,24.75,154.18,4.0,0.0,1167.7400000000002,43.97
United States,Kansas,Wheat,2021,winter,344.21000000000004,5.0,114.0,2926.6900000000005,42.04,48.14,0.0,1.0,504.53999999999996,21.92,164.79000000000002,9.0,0.0,1014.83,38.98,327.1,5.0,112.0,2735.67,42.04,43.32999999999999,0.0,3.0,625.8599999999999,12.3,186.71,9.0,0.0,1084.53,41.38
United States,Kansas,Wheat,2022,winter,255.04999999999998,5.0,102.0,3140.88,67.22999999999999,54.16,0.0,0.0,497.23,30.32,252.32999999999998,9.0,0.0,1111.0800000000002,93.58,201.12999999999997,5.0,95.0,2483.92,67.22999999999999,53.940000000000005,0.0,7.0,668.22,28.55,306.47,9.0,0.0,1597.05,93.58
United States,Kansas,Wheat,2023,winter,210.8,9.0,127.0,3140.09,38.24,33.760000000000005,1.0,0.0,527.25,16.66,180.00000000000003,2.0,0.0,1075.3600000000001,29.21,185.15,9.0,125.0,2745.28,38.24,32.98,0.0,2.0,650.5300000000001,17.61,206.43000000000004,3.0,0.0,1346.8899999999999,31.61
United States,Kansas,Wheat,2024,winter,259.59000000000003,7.0,91.0,3044.8500000000004,24.749999999999996,53.27,0.0,0.0,491.62,19.3,196.33999999999997,8.0,0.0,1121.68,40.09,230.13000000000002,7.0,81.0,2144.12,24.749999999999996,26.11,0.0,10.0,739.1499999999997,17.37,252.95999999999998,8.0,0.0,1774.88,40.09
United States,Kansas,Wheat,2025,winter,294.62,3.0,95.0,3125.39,45.599999999999994,48.120000000000005,0.0,0.0,513.54,18.15,273.7,0.0,0.0,1064.7199999999998,58.14,246.69,3.0,90.0,2411.69,45.599999999999994,27.380000000000003,0.0,5.0,595.5799999999999,14.709999999999999,342.36999999999995,0.0,0.0,1696.3799999999997,58.14
United States,Kansas,Barley,1990,spring,232.22,5.0,7.0,1510.1399999999999,38.7,27.209999999999997,9.0,0.0,397.03999999999996,23.75,252.69,29.0,0.0,1980.9800000000002,41.42,203.58,0.0,7.0,1129.1599999999999,38.7,14.76,2.0,0.0,309.21000000000004,8.45,293.7799999999999,41.0,0.0,2449.7899999999995,41.42
United States,Kansas,Barley,1991,spring,235.99,1.0,0.0,1534.6100000000001,41.61,11.37,9.0,0.0,377.56999999999994,8.559999999999999,137.98,27.0,0.0,1946.48,20.53,135.31,0.0,0.0,983.5,24.93,87.17999999999999,0.0,0.0,299.94,29.75,162.85000000000002,37.0,0.0,2575.2199999999993,20.53
United States,Kansas,Barley,1992,spring,267.94,1.0,3.0,1494.0000000000002,72.78,58.12,0.0,0.0,322.46000000000004,21.83,314.03,5.0,0.0,1891.99,46.980000000000004,87.6,1.0,3.0,1132.52,26.31,147.18,0.0,0.0,267.18999999999994,72.78,405.30999999999995,5.0,0.0,2308.74,46.980000000000004
United States,Kansas,Barley,1993,spring,221.07000000000002,0.0,4.0,1375.7,47.71,160.0,0.0,0.0,346.65999999999997,62.67,442.31,5.0,0.0,1810.3400000000001,79.58,217.99000000000004,0.0,4.0,1106.13,47.71,64.75999999999999,0.0,0.0,301.47,62.129999999999995,540.63,5.0,0.0,2125.1000000000004,79.58
United States,Kansas,Barley,1994,spring,132.54,6.0,6.0,1641.3000000000002,39.489999999999995,35.33,8.0,0.0,396.32,21.189999999999998,204.78,19.0,0.0,1964.0099999999998,51.46,108.74999999999999,0.0,6.0,1220.0400000000002,39.489999999999995,23.44,2.0,0.0,273.55,12.89,240.46,31.0,0.0,2508.04,58.290000000000006
United States,Kansas,Barley,1995,spring,390.9500000000001,0.0,4.0,1372.43,59.699999999999996,42.52000000000001,0.0,0.0,310.73,27.75,207.83999999999997,32.0,1.0,1915.1100000000001,38.370000000000005,345.78000000000003,0.0,4.0,1133.2599999999998,59.699999999999996,45.169999999999995,0.0,0.0,320.99,44.03,250.35999999999996,32.0,1.0,2144.02,38.370000000000005
United States,Kansas,Barley,1996,spring,259.6,5.0,6.0,1617.26,79.71000000000001,26.289999999999996,9.0,0.0,384.60999999999996,18.08,332.38,14.0,0.0,1813.6100000000001,44.89,164.18,5.0,6.0,1115.75,60.010000000000005,84.88,0.0,0.0,355.3,45.66,369.21000000000004,23.0,0.0,2344.4300000000003,44.89
United States,Kansas,Barley,1997,spring,182.73999999999998,1.0,8.0,1664.8200000000002,31.990000000000002,72.81,4.0,0.0,372.35999999999996,51.480000000000004,319.51,14.0,0.0,1915.4400000000003,55.97,147.26,1.0,8.0,1371.51,31.990000000000002,35.57,0.0,0.0,321.33000000000004,25.589999999999996,392.2299999999999,18.0,0.0,2259.78,55.97
United States,Kansas,Barley,1998,spring,117.80999999999999,2.0,2.0,1699.0299999999997,24.46,73.31,10.0,0.0,406.30000000000007,39.86,271.24,30.0,0.0,1887.1499999999999,48.72,105.11,0.0,2.0,1270.07,24.46,12.31,1.0,0.0,330.7,10.190000000000001,344.94,41.0,0.0,2391.71,48.72
United States,Kansas,Barley,1999,spring,278.2699999999999,0.0,1.0,1566.62,50.22,91.88000000000001,0.0,0.0,276.01,28.96,266.15000000000003,18.0,0.0,1900.9000000000003,69.22,228.33999999999997,0.0,1.0,1216.0400000000002,50.22,40.9,0.0,0.0,299.79,21.0,367.06000000000006,18.0,0.0,2227.7000000000003,69.22
United States,Kansas,Barley,2000,spring,145.46,0.0,5.0,1662.79,41.78,82.57000000000001,0.0,0.0,335.56,41.21,158.26999999999998,50.0,0.0,1993.5200000000002,60.96000000000001,121.83000000000001,0.0,5.0,1208.35,41.78,10.659999999999998,0.0,0.0,327.65000000000003,7.529999999999999,253.80999999999997,50.0,0.0,2455.8699999999994,60.96000000000001
United States,Kansas,Barley,2001,spring,279.13999999999993,0.0,1.0,1633.0800000000002,54.37,21.540000000000003,0.0,0.0,406.14,19.630000000000003,249.59,37.0,0.0,2015.9499999999998,71.16,131.51000000000002,0.0,1.0,1126.7,51.760000000000005,137.44,0.0,0.0,283.03000000000003,54.37,281.32000000000005,37.0,0.0,2645.44,71.16
United States,Kansas,Barley,2002,spring,248.0,5.0,4.0,1598.1899999999996,41.44,4.05,8.0,0.0,382.7699999999999,1.72,196.75,34.0,0.0,1971.5000000000005,62.94,153.85,0.0,4.0,1174.82,25.39,13.280000000000003,4.0,0.0,269.65999999999997,12.030000000000001,281.66999999999996,43.0,0.0,2507.9799999999996,62.94
United States,Kansas,Barley,2003,spring,232.67000000000004,0.0,5.0,1600.0500000000002,38.72,24.830000000000002,1.0,0.0,356.22999999999996,11.959999999999999,200.16000000000003,43.0,0.0,2003.31,61.54,179.91,0.0,5.0,1203.24,38.72,52.330000000000005,0.0,0.0,344.07000000000005,29.05,225.42,44.0,0.0,2412.28,61.540000000000006
United States,Kansas,Barley,2004,spring,175.3,3.0,2.0,1696.8700000000003,27.740000000000002,106.42999999999998,0.0,0.0,327.57000000000005,47.58,278.23,13.0,0.0,1992.39,68.02,111.97,1.0,2.0,1178.24,20.56,24.159999999999997,1.0,0.0,340.07,15.47,423.83,14.0,0.0,2498.52,68.02
United States,Kansas,Barley,2005,spring,264.34999999999997,1.0,2.0,1684.0100000000002,52.419999999999995,7.22,5.0,0.0,411.59,3.3,250.97000000000003,22.0,0.0,1943.92,45.38,114.81,1.0,2.0,1242.7200000000003,30.54,87.99000000000001,0.0,0.0,292.71,35.98,319.74,27.0,0.0,2504.09,45.38000000000001
United States,Kansas,Barley,2006,spring,194.52,8.0,0.0,1729.66,28.19,41.14,6.0,0.0,407.4,30.86,271.37,28.0,0.0,1948.8899999999999,60.519999999999996,118.98000000000002,2.0,0.0,1131.0499999999997,28.19,32.809999999999995,1.0,0.0,292.02000000000004,26.53,355.24,39.0,0.0,2662.88,60.519999999999996
United States,Kansas,Barley,2007,spring,400.35999999999996,0.0,8.0,1550.36,96.41,32.89,0.0,0.0,283.71,13.98,252.83999999999997,11.0,0.0,1933.9699999999998,43.41,356.88,0.0,8.0,1182.6299999999999,96.41,43.46,0.0,0.0,339.71000000000004,34.489999999999995,285.74999999999994,11.0,0.0,2245.7000000000003,43.41
United States,Kansas,Barley,2008,spring,263.87,0.0,6.0,1659.5300000000002,46.92,60.65,3.0,0.0,401.39,38.01,322.48999999999995,17.0,0.0,1792.2299999999998,54.26999999999999,211.04999999999995,0.0,6.0,1290.64,46.92,37.85,0.0,0.0,332.26,17.310000000000002,398.11,20.0,0.0,2230.25,54.26999999999999
United States,Kansas,Barley,2009,spring,262.63,1.0,5.0,1602.8000000000002,46.93,39.84000000000001,6.0,0.0,398.10999999999996,36.510000000000005,287.43,12.0,0.0,1823.8500000000001,44.029999999999994,178.4,0.0,5.0,1247.2,42.4,52.370000000000005,1.0,0.0,301.96,20.299999999999997,359.12999999999994,18.0,0.0,2275.6000000000004,44.029999999999994
United States,Kansas,Barley,2010,spring,261.6,2.0,0.0,1647.1499999999999,68.74000000000001,6.68,4.0,0.0,425.06,6.06,291.02000000000004,30.0,0.0,1965.3,62.849999999999994,156.23,0.0,0.0,1200.71,37.53,32.2,2.0,0.0,283.69,29.779999999999998,370.87,34.0,0.0,2553.1099999999997,68.74000000000001
United States,Kansas,Barley,2011,spring,175.49000000000004,12.0,1.0,1625.3200000000002,44.61,11.319999999999999,8.0,0.0,418.4,10.84,166.05,49.0,0.0,2026.6399999999999,39.150000000000006,117.27999999999999,3.0,1.0,1166.3899999999999,44.61,30.74,6.0,0.0,270.7,30.49,204.84,60.0,0.0,2633.2700000000004,39.150000000000006
United States,Kansas,Barley,2012,spring,155.63,5.0,0.0,1765.8000000000002,50.6,11.85,9.0,0.0,414.68000000000006,8.94,146.93,39.0,0.0,1998.2299999999998,55.739999999999995,75.85,1.0,0.0,1038.98,29.14,27.21,2.0,0.0,324.15000000000003,20.740000000000002,211.35000000000002,50.0,0.0,2815.58,55.739999999999995
United States,Kansas,Barley,2013,spring,237.57999999999998,6.0,11.0,1592.9300000000003,58.0,21.2,6.0,0.0,388.63,11.59,383.97999999999996,17.0,0.0,1817.5700000000002,71.91,179.95,2.0,11.0,1195.34,58.0,29.5,4.0,0.0,354.39,20.08,433.31000000000006,23.0,0.0,2249.3999999999996,71.91
United States,Kansas,Barley,2014,spring,245.47,4.0,4.0,1661.51,61.120000000000005,69.25,0.0,0.0,332.4,33.33,231.16,28.0,0.0,1956.8600000000001,42.3,87.78,4.0,4.0,1178.6899999999998,27.51,127.84,0.0,0.0,289.62,58.099999999999994,330.26,28.0,0.0,2482.46,42.3
United States,Kansas,Barley,2015,spring,368.59999999999997,0.0,0.0,1510.01,50.1,5.52,7.0,0.0,391.73,4.640000000000001,228.76000000000002,21.0,0.0,1908.41,37.61,273.54999999999995,0.0,0.0,1073.69,50.1,38.349999999999994,0.0,0.0,303.03,20.11,290.98,28.0,0.0,2433.43,44.87
United States,Kansas,Barley,2018,spring,152.53,9.0,12.0,1724.6000000000004,31.990000000000002,81.8,4.0,0.0,380.76,30.79,346.94000000000005,16.0,0.0,1862.0199999999998,70.85,111.39,1.0,12.0,1201.6,31.990000000000002,34.99,2.0,0.0,315.94,27.65,434.89,26.0,0.0,2449.84,70.85
United States,Kansas,Barley,2019,spring,421.65,0.0,4.0,1600.6000000000004,100.49000000000001,89.61,0.0,0.0,376.78999999999996,68.48,269.28000000000003,1.0,0.0,1898.1199999999997,50.53,374.94,0.0,4.0,1191.97,100.49000000000001,44.89000000000001,0.0,0.0,385.42,24.22,360.71,1.0,0.0,2298.12,68.48
United States,Kansas,Barley,2020,spring,168.9,3.0,11.0,1680.1999999999998,39.779999999999994,70.06000000000002,1.0,0.0,368.24,43.97,258.2,15.0,0.0,1917.31,43.75,153.89000000000004,0.0,11.0,1267.72,39.779999999999994,15.01,3.0,0.0,355.17,13.05,328.26000000000005,16.0,0.0,2342.8600000000006,43.97
United States,Kansas,Barley,2021,spring,201.83,2.0,4.0,1583.78,41.38,55.86000000000001,7.0,0.0,345.0300000000001,37.66,238.30000000000004,29.0,0.0,1960.8700000000001,67.23,196.92,0.0,4.0,1198.6099999999994,41.38,4.91,0.0,0.0,325.86,4.54,294.15999999999997,38.0,0.0,2365.21,67.22999999999999
United States,Kansas,Barley,2022,spring,285.15999999999997,3.0,3.0,1665.02,93.58,52.019999999999996,6.0,0.0,369.75,29.2,140.54999999999998,46.0,0.0,2041.7500000000002,31.96,179.72,0.0,3.0,1180.64,93.58,105.10000000000001,0.0,0.0,321.9,45.940000000000005,192.91,55.0,0.0,2573.98,33.11
United States,Kansas,Barley,2023,spring,189.57999999999998,1.0,2.0,1715.3400000000001,31.61,55.85000000000001,2.0,0.0,379.05,22.020000000000003,186.63,37.0,0.0,1971.2599999999998,31.93,98.1,1.0,2.0,1241.24,31.61,42.940000000000005,0.0,0.0,285.86,29.21,291.02000000000004,39.0,0.0,2538.55,31.93
United States,Kansas,Barley,2024,spring,199.08,2.0,0.0,1701.91,40.09,59.64999999999999,7.0,0.0,364.51000000000005,34.83,212.45000000000002,31.0,0.0,1940.8,47.20000000000001,103.91000000000001,0.0,0.0,1161.3299999999997,33.00000000000001,42.87,0.0,0.0,281.81,21.31,324.4,40.0,0.0,2564.08,47.20000000000001
United States,Kansas,Barley,2025,spring,263.0199999999999,0.0,1.0,1634.2200000000003,53.809999999999995,101.51,0.0,0.0,373.38000000000005,54.05,340.12,15.0,0.0,1836.7399999999998,41.440000000000005,171.24,0.0,1.0,1165.8799999999999,53.809999999999995,71.77999999999999,0.0,0.0,327.47,27.779999999999998,461.63000000000005,15.0,0.0,2350.99,58.13999999999999
United States,Kansas,Oats,1990,spring,203.58,0.0,7.0,1219.53,38.7,52.85999999999999,7.0,0.0,398.90999999999997,23.75,255.68000000000004,36.0,0.0,2269.72,41.42,144.7,0.0,7.0,965.0699999999998,38.7,70.45,0.0,0.0,394.89,33.49,296.96999999999997,43.0,0.0,2528.2000000000003,41.42
United States,Kansas,Oats,1991,spring,220.03,0.0,0.0,1255.1499999999999,41.61,17.630000000000003,2.0,0.0,392.34,8.89,147.67999999999998,35.0,0.0,2211.169999999999,20.53,100.74,0.0,0.0,819.6600000000001,20.34,112.43,0.0,0.0,346.4,41.61,172.17000000000002,37.0,0.0,2692.6,20.53
United States,Kansas,Oats,1992,spring,186.37999999999997,1.0,3.0,1247.87,72.78,98.95,0.0,0.0,344.47,31.540000000000003,354.75999999999993,5.0,0.0,2116.11,46.980000000000004,68.63,1.0,3.0,901.73,26.18,139.75,0.0,0.0,404.96999999999997,72.78,431.71,5.0,0.0,2401.7500000000005,46.980000000000004
United States,Kansas,Oats,1993,spring,217.75000000000003,0.0,4.0,1086.71,47.71,66.05,0.0,0.0,368.29999999999995,62.669999999999995,539.5799999999999,5.0,0.0,2077.6899999999996,79.58,190.16000000000003,0.0,4.0,873.8499999999999,47.71,30.459999999999997,0.0,0.0,447.83000000000004,18.46,602.76,5.0,0.0,2211.0200000000004,79.58
United States,Kansas,Oats,1994,spring,122.12000000000002,2.0,6.0,1358.0,39.489999999999995,11.25,6.0,0.0,386.78,9.469999999999999,239.27999999999997,25.0,0.0,2256.8500000000004,58.290000000000006,103.61999999999999,0.0,6.0,976.86,39.489999999999995,27.130000000000003,2.0,0.0,433.61,12.889999999999999,241.9,31.0,0.0,2591.1600000000008,58.290000000000006
United States,Kansas,Oats,1995,spring,344.09000000000003,0.0,4.0,1084.4599999999998,59.699999999999996,46.86,0.0,0.0,397.46000000000004,44.03,250.35999999999996,32.0,1.0,2116.35,38.370000000000005,284.2,0.0,4.0,901.53,59.699999999999996,106.75000000000001,0.0,0.0,441.44,46.69,250.35999999999999,32.0,1.0,2255.2999999999997,38.370000000000005
United States,Kansas,Oats,1996,spring,235.27,5.0,6.0,1323.33,79.71000000000001,25.55,3.0,0.0,409.43,13.79,357.45,20.0,0.0,2082.7200000000003,44.89,102.91999999999999,2.0,6.0,934.52,30.450000000000003,138.53000000000003,3.0,0.0,413.41,79.71000000000001,376.82,23.0,0.0,2467.5499999999997,44.89
United States,Kansas,Oats,1997,spring,147.26,1.0,8.0,1371.51,31.990000000000002,37.65,2.0,0.0,403.82,25.589999999999996,390.1499999999999,16.0,0.0,2177.2900000000004,55.97,102.17,1.0,8.0,1144.37,31.990000000000002,71.22,0.0,0.0,439.62000000000006,27.67,401.6699999999999,18.0,0.0,2368.6300000000006,55.97
United States,Kansas,Oats,1998,spring,106.39,1.0,2.0,1410.59,24.46,20.32,4.0,0.0,402.68,10.190000000000001,335.65000000000003,37.0,0.0,2179.21,48.72,93.55,0.0,2.0,1053.66,24.46,16.090000000000003,1.0,0.0,422.95,11.18,352.71999999999997,41.0,0.0,2515.8700000000003,48.72
United States,Kansas,Oats,1999,spring,239.61,0.0,1.0,1322.9299999999998,50.22,66.62,0.0,0.0,304.85,27.830000000000002,330.07,18.0,0.0,2115.750000000001,69.22,195.43,0.0,1.0,942.16,50.22,46.650000000000006,0.0,0.0,480.53999999999996,17.500000000000004,394.21999999999997,18.0,0.0,2320.83,69.22
United States,Kansas,Oats,2000,spring,129.67000000000002,0.0,5.0,1358.3899999999999,41.78,26.08,0.0,0.0,379.45,11.810000000000002,230.54999999999998,50.0,0.0,2254.0299999999993,60.96000000000001,69.61,0.0,5.0,945.46,32.72,60.06,0.0,0.0,501.69999999999993,41.78,256.63000000000005,50.0,0.0,2544.709999999999,60.96000000000001
United States,Kansas,Oats,2001,spring,229.32999999999998,0.0,1.0,1346.65,54.37,69.46000000000001,0.0,0.0,380.42,33.4,251.48,37.0,0.0,2328.1,71.16,111.24,0.0,1.0,888.92,51.760000000000005,106.4,0.0,0.0,441.50000000000006,54.37,332.63,37.0,0.0,2724.75,71.16
United States,Kansas,Oats,2002,spring,164.92999999999998,4.0,4.0,1316.3400000000001,25.39,84.94,1.0,0.0,374.3,41.44,198.93,42.0,0.0,2261.8199999999997,62.94,125.74000000000001,0.0,4.0,921.8000000000001,25.39,40.78,4.0,0.0,439.19999999999993,21.060000000000002,282.28000000000003,43.0,0.0,2591.4599999999996,62.94
United States,Kansas,Oats,2003,spring,213.57999999999998,0.0,5.0,1315.43,38.72,31.65,0.0,0.0,374.11,11.96,212.43,44.0,0.0,2270.05,61.54,143.55,0.0,5.0,929.03,38.72,76.50000000000001,0.0,0.0,507.32000000000005,31.939999999999998,237.60999999999999,44.0,0.0,2523.24,61.540000000000006
United States,Kansas,Oats,2004,spring,129.23,2.0,2.0,1418.72,20.56,105.4,1.0,0.0,350.29999999999995,51.599999999999994,325.33000000000004,13.0,0.0,2247.81,68.02,110.49,0.0,2.0,973.1499999999999,20.47,18.740000000000002,2.0,0.0,445.56999999999994,10.2,430.72999999999996,14.0,0.0,2598.11,68.02
United States,Kansas,Oats,2005,spring,171.34,1.0,2.0,1392.7399999999998,35.98,94.92,0.0,0.0,405.16,52.42,256.28000000000003,27.0,0.0,2241.6200000000003,45.38,92.42,0.0,2.0,1005.5800000000002,30.54,79.09,1.0,0.0,447.81000000000006,35.98,351.03,27.0,0.0,2586.13,52.42
United States,Kansas,Oats,2006,spring,151.79,3.0,0.0,1423.0700000000002,28.19,47.599999999999994,7.0,0.0,411.81,22.35,307.64,32.0,0.0,2251.07,60.519999999999996,105.99000000000001,1.0,0.0,876.8600000000001,28.19,28.5,2.0,0.0,426.58,12.84,372.54,39.0,0.0,2782.5099999999998,60.519999999999996
United States,Kansas,Oats,2007,spring,357.89,0.0,8.0,1265.5,96.41,45.79,0.0,0.0,369.31,34.489999999999995,282.40999999999997,11.0,0.0,2133.2300000000005,43.41,207.25,0.0,8.0,992.9499999999999,85.17999999999999,157.39,0.0,0.0,434.08000000000004,96.41,321.45,11.0,0.0,2341.01,43.41
United States,Kansas,Oats,2008,spring,214.41,0.0,6.0,1368.6,46.92,70.93,0.0,0.0,393.15,34.14,361.66999999999996,20.0,0.0,2091.4,54.26999999999999,158.11,0.0,6.0,1113.0500000000002,46.92,73.23,0.0,0.0,373.03000000000003,45.480000000000004,415.66999999999996,20.0,0.0,2367.07,54.26999999999999
United States,Kansas,Oats,2009,spring,191.42000000000002,0.0,5.0,1335.79,42.4,107.55,1.0,0.0,346.4,46.93,290.92999999999995,18.0,0.0,2142.5700000000006,44.029999999999994,154.25,0.0,5.0,1005.76,42.4,46.57,1.0,0.0,452.21999999999997,22.81,389.08,18.0,0.0,2366.7799999999997,46.93
United States,Kansas,Oats,2010,spring,158.47,1.0,0.0,1408.3700000000001,37.53,109.22,1.0,0.0,353.57,68.74000000000001,291.60999999999996,34.0,0.0,2275.5699999999997,62.849999999999994,89.80999999999999,0.0,0.0,990.22,34.25,68.65999999999998,1.0,0.0,418.15,37.53,400.83000000000004,35.0,0.0,2629.1399999999994,68.74000000000001
United States,Kansas,Oats,2011,spring,147.92000000000002,5.0,1.0,1325.16,44.61,38.58,9.0,0.0,405.63,20.900000000000002,166.35999999999999,55.0,0.0,2339.5700000000006,39.150000000000006,31.63,3.0,1.0,964.79,9.22,116.28999999999999,2.0,0.0,360.37,44.61,204.94,64.0,0.0,2745.2000000000007,39.150000000000006
United States,Kansas,Oats,2012,spring,104.56,4.0,0.0,1438.2499999999998,29.14,59.05,1.0,0.0,431.14,50.6,150.8,48.0,0.0,2309.3199999999997,55.739999999999995,71.36,1.0,0.0,817.3599999999999,29.14,10.83,2.0,0.0,421.84,6.34,232.22,50.0,0.0,2939.5099999999998,55.739999999999995
United States,Kansas,Oats,2013,spring,191.89000000000001,2.0,11.0,1276.2199999999998,58.0,57.3,4.0,0.0,425.46000000000004,33.78,393.57000000000005,23.0,0.0,2097.45,71.91,119.36,0.0,11.0,1016.6400000000001,27.32,90.08,3.0,0.0,414.13000000000005,58.0,433.32000000000005,26.0,0.0,2368.36,71.91
United States,Kansas,Oats,2014,spring,122.53999999999999,4.0,4.0,1384.3099999999997,27.51,124.22,0.0,0.0,382.15,61.120000000000005,299.12,28.0,0.0,2184.31,42.3,57.739999999999995,3.0,4.0,990.33,25.95,64.8,1.0,0.0,393.97999999999996,27.51,423.34000000000003,28.0,0.0,2566.4599999999996,61.120000000000005
United States,Kansas,Oats,2015,spring,298.59,0.0,0.0,1244.65,50.1,70.88,1.0,0.0,363.01,44.87,233.41,27.0,0.0,2202.4900000000002,37.61,155.60000000000002,0.0,0.0,847.25,37.42,155.07000000000002,0.0,0.0,419.67999999999995,50.1,292.2099999999999,28.0,0.0,2543.2200000000003,44.87
United States,Kansas,Oats,2016,spring,276.91,0.0,1.0,1352.39,61.1,35.42,1.0,0.0,439.98,23.720000000000002,412.60999999999996,13.0,0.0,2130.89,66.53999999999999,165.45,0.0,1.0,1012.0,51.07,111.75000000000001,0.0,0.0,431.69,61.1,447.73999999999995,14.0,0.0,2479.5699999999997,66.53999999999999
United States,Kansas,Oats,2017,spring,259.41,0.0,0.0,1339.66,51.239999999999995,22.79,1.0,0.0,430.87,14.009999999999998,191.34999999999997,23.0,0.0,2175.78,39.38,202.07999999999998,0.0,0.0,949.77,41.28,61.249999999999986,0.0,0.0,499.38,27.8,210.22,24.0,0.0,2497.16,39.379999999999995
United States,Kansas,Oats,2018,spring,142.17000000000002,1.0,12.0,1416.11,31.990000000000002,40.72,9.0,0.0,409.6,30.349999999999998,398.38,19.0,0.0,2141.67,70.85,83.37999999999998,0.0,12.0,980.28,31.990000000000002,58.79,1.0,0.0,435.83,27.65,439.1,28.0,0.0,2551.2700000000004,70.85
United States,Kansas,Oats,2019,spring,375.35,0.0,4.0,1300.5,100.49000000000001,61.25,0.0,0.0,383.98,24.22,343.94000000000005,1.0,0.0,2191.03,68.48,311.82000000000005,0.0,4.0,989.2299999999999,100.49000000000001,87.01000000000002,0.0,0.0,456.49999999999994,48.22,381.71000000000004,1.0,0.0,2429.78,68.48
United States,Kansas,Oats,2020,spring,155.82999999999998,0.0,11.0,1325.8799999999999,39.779999999999994,47.63,3.0,0.0,445.3,34.56,293.70000000000005,16.0,0.0,2194.57,43.75,111.69,0.0,11.0,1052.7099999999998,24.75,57.17999999999999,2.0,0.0,452.58,39.78,328.29,17.0,0.0,2460.46,43.97
United States,Kansas,Oats,2021,spring,196.92000000000002,0.0,4.0,1258.65,41.38,5.41,6.0,0.0,435.91,4.54,293.65999999999997,32.0,0.0,2195.1199999999994,67.22999999999999,125.79,0.0,4.0,1002.8399999999998,41.38,75.67,0.0,0.0,412.2499999999999,38.98,294.53,38.0,0.0,2474.59,67.22999999999999
United States,Kansas,Oats,2022,spring,246.55999999999997,0.0,3.0,1365.36,93.58,38.6,6.0,0.0,417.11,20.310000000000002,192.56999999999996,49.0,0.0,2294.05,33.11,66.33000000000001,0.0,3.0,931.1000000000001,30.32,192.37,0.0,0.0,456.98,93.58,219.02999999999994,55.0,0.0,2688.44,33.11
United States,Kansas,Oats,2023,spring,134.83,1.0,2.0,1425.1,31.61,73.57000000000001,0.0,0.0,400.94,26.01,223.65999999999997,39.0,0.0,2239.61,31.93,81.96,1.0,2.0,1001.34,31.53,52.870000000000005,0.0,0.0,423.76000000000005,29.21,297.23,39.0,0.0,2640.55,31.93
United States,Kansas,Oats,2024,spring,146.70000000000002,0.0,0.0,1382.1299999999999,33.00000000000001,87.23,2.0,0.0,405.39,40.09,237.25,38.0,0.0,2219.7,47.20000000000001,61.67000000000001,0.0,0.0,918.93,19.3,67.26,0.0,0.0,434.78999999999996,33.00000000000001,342.25,40.0,0.0,2653.5,47.20000000000001
United States,Kansas,Oats,2025,spring,222.41,0.0,1.0,1345.86,53.809999999999995,94.66,0.0,0.0,378.06,58.13999999999999,387.58000000000004,15.0,0.0,2120.42,41.440000000000005,90.83,0.0,1.0,940.4200000000001,18.15,132.44000000000003,0.0,0.0,421.68,53.81,481.38000000000005,15.0,0.0,2482.24,58.13999999999999
United States,Kansas,Canola,2016,spring,337.04,4.0,1.0,2023.1499999999999,61.1,132.82,6.0,0.0,654.3800000000001,66.53999999999999,255.07999999999998,4.0,0.0,1245.73,35.89,139.68000000000004,0.0,1.0,861.6899999999998,51.07,137.51999999999998,0.0,0.0,582.0,61.1,447.73999999999995,14.0,0.0,2479.5699999999997,66.53999999999999
United States,Kansas,Canola,2017,spring,314.96999999999997,1.0,0.0,2003.57,51.239999999999995,38.709999999999994,16.0,0.0,715.4899999999999,13.620000000000001,119.87,7.0,0.0,1227.25,39.38,174.86999999999998,0.0,0.0,865.09,41.28,88.46,0.0,0.0,584.06,51.24,210.22,24.0,0.0,2497.16,39.379999999999995
United States,Kansas,Canola,2018,spring,227.75000000000003,13.0,12.0,2077.9600000000005,31.990000000000002,79.5,11.0,0.0,701.17,26.89,274.02,5.0,0.0,1188.25,70.85,76.17999999999999,0.0,12.0,865.2000000000002,31.990000000000002,65.87,1.0,0.0,499.3,27.65,439.22,28.0,0.0,2602.8799999999997,70.85
United States,Kansas,Canola,2019,spring,511.26,0.0,4.0,1949.4900000000002,100.49000000000001,47.57,0.0,0.0,727.0699999999999,27.53,221.70999999999998,1.0,0.0,1198.9500000000003,50.53,196.95999999999998,0.0,4.0,917.2400000000001,100.49000000000001,209.72,0.0,0.0,552.74,76.16999999999999,373.86,1.0,0.0,2405.53,68.48
United States,Kansas,Canola,2020,spring,238.57000000000002,4.0,11.0,2024.2,43.97,136.47,1.0,0.0,679.9800000000001,36.07,122.12,14.0,0.0,1261.57,42.04,88.39,0.0,11.0,972.5799999999999,24.75,80.47999999999999,2.0,0.0,532.71,39.779999999999994,328.29,17.0,0.0,2460.46,43.97
United States,Kansas,Canola,2021,spring,253.12000000000003,9.0,4.0,1914.57,41.38,59.29,7.0,0.0,652.0699999999999,25.44,183.57999999999998,22.0,0.0,1323.04,67.23,122.44,0.0,4.0,960.1499999999999,41.38,79.02,0.0,0.0,454.94000000000005,38.98,294.53,38.0,0.0,2474.59,67.22999999999999
United States,Kansas,Canola,2022,spring,316.12,9.0,3.0,2018.18,93.58,84.54999999999998,17.0,0.0,691.5300000000001,33.11,77.06,29.0,0.0,1366.8100000000002,27.03,60.68000000000001,0.0,3.0,830.25,30.32,198.01999999999998,0.0,0.0,557.83,93.58,219.02999999999994,55.0,0.0,2688.44,33.11
United States,Kansas,Canola,2023,spring,239.41000000000003,3.0,2.0,2068.52,31.61,78.51,13.0,0.0,651.4399999999999,25.16,114.13999999999999,24.0,0.0,1345.69,31.93,50.32,1.0,2.0,909.13,17.61,81.77,0.0,0.0,488.90000000000003,31.61,299.97,39.0,0.0,2667.62,31.93
United States,Kansas,Canola,2024,spring,258.01,8.0,0.0,2040.6100000000004,40.09,47.93,13.0,0.0,675.6099999999999,29.09,165.24,19.0,0.0,1291.0,47.20000000000001,50.46,0.0,0.0,754.7600000000001,19.3,71.29,0.0,0.0,559.31,33.00000000000001,349.43,40.0,0.0,2693.15,47.20000000000001
United States,Kansas,Canola,2025,spring,364.53,0.0,1.0,1977.1599999999999,58.13999999999999,99.55000000000001,7.0,0.0,687.2399999999998,37.01,240.57,8.0,0.0,1179.94,41.440000000000005,90.82,0.0,1.0,795.5799999999999,18.15,132.45000000000002,0.0,0.0,566.52,53.81,481.38000000000005,15.0,0.0,2482.24,58.13999999999999
United States,Minnesota,Wheat,1990,spring,312.12000000000006,0.0,23.0,1419.48,71.58000000000001,28.25,0.0,0.0,307.62,16.040000000000003,303.61999999999995,0.0,0.0,1675.66,51.78,319.38,0.0,23.0,1497.8600000000001,71.58000000000001,21.11,0.0,0.0,321.65,16.040000000000003,303.49999999999994,0.0,0.0,1583.2500000000002,51.78
United States,Minnesota,Wheat,1991,spring,289.33000000000004,0.0,16.0,1437.42,51.92,90.22,0.0,0.0,253.97,31.55,288.67,0.0,1.0,1681.75,63.910000000000004,280.69000000000005,0.0,16.0,1349.39,51.92,67.35,0.0,0.0,304.48,31.550000000000004,320.18,0.0,1.0,1719.27,63.910000000000004
United States,Minnesota,Wheat,1992,spring,173.77,0.0,19.0,1462.46,49.04,53.64,0.0,0.0,268.02,32.17,224.64999999999998,0.0,0.0,1513.45,36.239999999999995,174.47,0.0,19.0,1479.5900000000001,49.04,75.94999999999999,0.0,0.0,374.59000000000003,52.78,201.64,0.0,0.0,1389.7499999999998,36.239999999999995
United States,Minnesota,Wheat,1993,spring,263.18999999999994,0.0,18.0,1365.24,53.589999999999996,90.28,0.0,0.0,266.44,48.08,288.24,0.0,1.0,1504.6,30.83,320.83,0.0,18.0,1491.6999999999998,53.589999999999996,98.90000000000002,0.0,0.0,336.75,32.94,221.98000000000002,0.0,1.0,1307.8299999999997,30.83
United States,Minnesota,Wheat,1994,spring,222.22,0.0,23.0,1566.1299999999997,46.96,47.51,0.0,0.0,279.04999999999995,19.759999999999998,299.72999999999996,0.0,0.0,1574.0800000000002,41.17999999999999,225.55,0.0,23.0,1588.9599999999996,46.96,44.35,0.0,0.0,309.68,18.55,299.55999999999995,0.0,0.0,1520.6200000000001,41.18
United States,Minnesota,Wheat,1995,spring,185.52,0.0,23.0,1462.73,27.19,16.339999999999996,0.0,0.0,306.26000000000005,8.96,390.01,0.0,1.0,1541.2900000000002,75.21,188.8,0.0,23.0,1623.62,27.19,84.35000000000001,0.0,0.0,269.83,49.75,318.71999999999997,0.0,1.0,1416.83,75.21
United States,Minnesota,Wheat,1996,spring,160.25,0.0,29.0,1551.54,39.91,57.13999999999999,0.0,0.0,262.06,24.47,186.55000000000004,0.0,0.0,1661.7700000000002,24.46,202.56,0.0,29.0,1723.5300000000002,39.91,57.68,0.0,0.0,345.8,21.799999999999997,143.7,0.0,0.0,1406.04,23.86
United States,Minnesota,Wheat,1997,spring,85.67000000000002,0.0,23.0,1586.88,17.59,91.04999999999998,0.0,0.0,300.24,32.76,303.2,0.0,0.0,1583.25,44.84,95.19000000000001,0.0,23.0,1722.33,17.59,115.42999999999999,0.0,0.0,341.66,31.58,269.29999999999995,0.0,0.0,1406.3799999999999,44.84
United States,Minnesota,Wheat,1998,spring,182.58000000000004,0.0,10.0,1627.7400000000005,39.09,79.95000000000002,0.0,0.0,273.4700000000001,36.51,189.49,0.0,0.0,1780.5800000000002,33.52,162.50000000000003,0.0,10.0,1546.0100000000004,39.09,98.01,0.0,0.0,284.92999999999995,38.010000000000005,191.51,0.0,0.0,1850.85,33.52
United States,Minnesota,Wheat,1999,spring,274.37999999999994,0.0,9.0,1450.8300000000002,82.64,78.99,0.0,0.0,275.14,35.23,304.52,0.0,0.0,1628.05,34.38,274.34999999999997,0.0,9.0,1398.1000000000001,82.64,79.02,0.0,0.0,327.87,35.23,304.52,0.0,0.0,1628.05,34.38
United States,Minnesota,Wheat,2000,spring,164.09,0.0,23.0,1452.5100000000002,27.47,40.980000000000004,0.0,0.0,295.14000000000004,16.86,201.46,0.0,1.0,1610.12,40.78,169.08,0.0,23.0,1475.3400000000001,27.47,48.0,0.0,0.0,331.54999999999995,15.809999999999999,189.45000000000002,0.0,1.0,1550.88,40.78
United States,Minnesota,Wheat,2001,spring,417.95,0.0,15.0,1318.0299999999997,83.10000000000001,19.900000000000002,0.0,0.0,358.8,12.850000000000001,196.08999999999997,0.0,0.0,1706.61,30.38,426.51,0.0,15.0,1363.1599999999999,83.10000000000001,12.700000000000003,0.0,0.0,411.22,7.28,194.73,0.0,0.0,1609.06,30.379999999999995
United States,Minnesota,Wheat,2002,spring,155.46,0.0,28.0,1474.6000000000001,32.64,93.70000000000003,0.0,0.0,297.81,53.660000000000004,425.04,0.0,0.0,1646.03,66.11,246.34999999999997,0.0,28.0,1586.02,53.660000000000004,21.36,0.0,0.0,307.90999999999997,16.82,406.49,0.0,0.0,1524.5099999999998,66.11
United States,Minnesota,Wheat,2003,spring,232.53000000000003,0.0,15.0,1527.18,47.419999999999995,93.35000000000001,0.0,0.0,309.96,65.73,203.95999999999998,1.0,1.0,1703.19,64.02,233.28000000000003,0.0,15.0,1620.5600000000002,47.419999999999995,126.55999999999999,0.0,0.0,324.29,65.73,170.0,1.0,1.0,1595.48,64.02
United States,Minnesota,Wheat,2004,spring,248.96,0.0,17.0,1404.5700000000002,39.97,15.379999999999999,0.0,0.0,328.68,8.82,242.59,0.0,0.0,1580.5900000000001,39.7,249.26000000000002,0.0,17.0,1504.96,39.97,37.18,0.0,0.0,363.78000000000003,14.69,220.48999999999995,0.0,0.0,1445.1,39.7
United States,Minnesota,Wheat,2005,spring,193.73000000000002,0.0,16.0,1329.8999999999999,27.38,52.21999999999999,0.0,0.0,312.98,26.0,146.15,5.0,0.0,1719.04,25.990000000000002,193.58,0.0,16.0,1238.78,27.290000000000003,32.23,0.0,0.0,353.28000000000003,26.0,166.28999999999996,5.0,0.0,1769.86,25.990000000000002
United States,Minnesota,Wheat,2006,spring,115.28999999999999,0.0,8.0,1514.39,26.36,12.799999999999999,0.0,0.0,341.24,8.4,140.67999999999998,8.0,0.0,1717.27,24.38,100.16,0.0,8.0,1338.14,26.36,20.4,0.0,0.0,346.26,13.549999999999999,148.21,8.0,0.0,1888.5000000000002,24.38
United States,Minnesota,Wheat,2007,spring,137.04,0.0,16.0,1566.8399999999997,27.669999999999998,11.36,0.0,0.0,349.5300000000001,8.39,256.41999999999996,3.0,0.0,1655.3000000000002,54.12,130.2,0.0,16.0,1420.04,27.669999999999998,17.65,0.0,0.0,352.04,10.21,256.96999999999997,3.0,0.0,1799.59,54.12
United States,Minnesota,Wheat,2008,spring,282.12999999999994,0.0,18.0,1394.89,50.24,28.01,0.0,0.0,344.63,24.16,237.03,0.0,0.0,1699.5899999999997,38.660000000000004,284.55,0.0,18.0,1600.5000000000005,50.24,47.31,0.0,0.0,350.22,24.16,215.31,0.0,0.0,1488.3899999999999,38.660000000000004
United States,Minnesota,Wheat,2009,spring,104.83,0.0,17.0,1570.9799999999998,19.19,40.8,0.0,0.0,285.46999999999997,14.08,237.13,0.0,0.0,1652.8300000000002,47.129999999999995,128.8,0.0,17.0,1694.48,22.470000000000002,17.87,0.0,0.0,343.22,14.08,236.09,0.0,0.0,1471.58,47.129999999999995
United States,Minnesota,Wheat,2010,spring,217.79999999999998,0.0,6.0,1434.5199999999995,32.93,48.2,0.0,0.0,307.10999999999996,22.7,419.1500000000001,0.0,0.0,1644.0400000000002,49.86999999999999,187.51,0.0,6.0,1361.7999999999997,32.93,72.17999999999999,0.0,0.0,270.83,26.11,425.46000000000004,0.0,0.0,1753.0400000000004,49.86999999999999
United States,Minnesota,Wheat,2011,spring,258.65999999999997,0.0,21.0,1387.8200000000002,56.370000000000005,76.79,0.0,0.0,243.70000000000002,32.21,249.75000000000003,0.0,0.0,1698.88,32.23,302.6299999999999,0.0,21.0,1481.4399999999998,56.370000000000005,43.11000000000001,0.0,0.0,348.53999999999996,24.660000000000004,239.45999999999998,0.0,0.0,1500.42,32.23
United States,Minnesota,Wheat,2012,spring,368.42999999999995,0.0,10.0,1476.1699999999998,73.60999999999999,70.47000000000003,0.0,0.0,317.21000000000004,67.53999999999999,182.95999999999998,0.0,0.0,1809.2700000000002,31.35,324.25,0.0,10.0,1396.5,73.60999999999999,114.46,0.0,0.0,317.26,67.54,183.14999999999998,0.0,0.0,1888.89,31.349999999999998
United States,Minnesota,Wheat,2013,spring,233.64,0.0,29.0,1302.31,49.769999999999996,93.71,0.0,0.0,310.12,71.18,174.0,1.0,0.0,1678.5000000000002,24.87,313.58000000000004,0.0,29.0,1491.8199999999997,71.18,35.34,0.0,0.0,324.78,16.27,152.43,1.0,0.0,1474.33,24.87
United States,Minnesota,Wheat,2014,spring,378.32,0.0,20.0,1446.6900000000003,68.09,45.85,0.0,0.0,274.03000000000003,23.299999999999997,281.96000000000004,0.0,0.0,1599.5400000000002,47.620000000000005,406.37,0.0,20.0,1565.92,68.09,30.56,0.0,0.0,346.62,13.77,269.20000000000005,0.0,0.0,1407.7200000000003,47.620000000000005
United States,Minnesota,Wheat,2015,spring,218.79999999999998,0.0,14.0,1494.12,41.82,43.730000000000004,0.0,0.0,325.51,24.900000000000002,297.68000000000006,0.0,0.0,1660.4899999999996,57.66,218.85999999999999,0.0,14.0,1519.35,41.82,43.71,0.0,0.0,341.28999999999996,24.9,297.64000000000004,0.0,0.0,1619.4799999999998,57.66
United States,Minnesota,Wheat,2016,spring,169.56,0.0,17.0,1434.5200000000004,42.629999999999995,30.77,0.0,0.0,360.88,14.690000000000001,436.29,0.0,0.0,1581.8300000000002,108.13000000000001,169.56,0.0,17.0,1434.5200000000004,42.629999999999995,30.77,0.0,0.0,388.46,14.690000000000001,436.29,0.0,0.0,1554.2500000000002,108.13000000000001
United States,Minnesota,Wheat,2017,spring,238.67999999999995,0.0,10.0,1457.64,39.95,43.129999999999995,0.0,0.0,281.86999999999995,33.43,325.59999999999997,0.0,0.0,1619.0100000000002,44.41,238.67999999999995,0.0,10.0,1457.64,39.95,44.05,0.0,0.0,365.54,33.43,324.67999999999995,0.0,0.0,1535.3400000000001,44.41
United States,Minnesota,Wheat,2018,spring,188.99,0.0,23.0,1592.7800000000002,44.61,51.980000000000004,0.0,0.0,296.21999999999997,33.33,300.49,0.0,2.0,1567.0199999999998,39.17999999999999,164.37,0.0,23.0,1583.0400000000002,29.23,76.60000000000001,0.0,0.0,305.96,33.33,300.49,0.0,2.0,1567.0199999999998,39.17999999999999
United States,Minnesota,Wheat,2019,spring,229.18,0.0,16.0,1435.0599999999997,43.55,86.03,0.0,0.0,264.48,35.040000000000006,354.27,0.0,0.0,1596.29,44.06999999999999,267.5,0.0,16.0,1585.7800000000002,43.55,73.53,0.0,0.0,290.86,35.040000000000006,328.45,0.0,0.0,1419.1899999999998,44.06999999999999
United States,Minnesota,Wheat,2020,spring,115.33,0.0,23.0,1627.0300000000004,18.759999999999998,60.86,0.0,0.0,322.15000000000003,41.27,280.7,0.0,0.0,1647.5400000000002,56.16,132.71000000000004,0.0,23.0,1730.4799999999998,18.759999999999998,43.67999999999999,0.0,0.0,293.85,41.27,280.5,0.0,0.0,1572.39,56.16
United States,Minnesota,Wheat,2021,spring,135.9,0.0,13.0,1556.5400000000002,50.96,37.55,0.0,0.0,325.22,18.860000000000003,258.07,2.0,0.0,1696.6899999999998,52.56,135.78,0.0,13.0,1446.65,50.96,35.730000000000004,0.0,0.0,356.6,18.860000000000003,260.01,2.0,0.0,1775.2,52.56
United States,Minnesota,Wheat,2022,spring,256.7,0.0,25.0,1376.16,61.27,66.51,0.0,0.0,335.09,40.12,245.04000000000002,0.0,0.0,1628.46,37.199999999999996,288.7899999999999,0.0,25.0,1531.7499999999998,61.27,55.239999999999995,0.0,0.0,292.62,29.979999999999997,224.22,0.0,0.0,1515.3400000000001,37.199999999999996
United States,Minnesota,Wheat,2023,spring,155.18999999999997,0.0,19.0,1574.75,43.050000000000004,55.73,0.0,0.0,294.35,45.17,200.99,3.0,0.0,1538.68,49.76,155.18999999999997,0.0,19.0,1574.75,43.050000000000004,55.73,0.0,0.0,269.57,45.17,200.99000000000004,3.0,0.0,1563.4599999999998,49.76
United States,Minnesota,Wheat,2024,spring,374.90999999999997,0.0,11.0,1466.2499999999998,66.94,77.71000000000001,0.0,0.0,269.22,32.43,254.57000000000002,0.0,0.0,1665.2399999999998,48.779999999999994,354.77,0.0,11.0,1451.3799999999999,66.94,98.71000000000001,0.0,0.0,295.55999999999995,39.88,253.71,0.0,0.0,1653.77,48.779999999999994
United States,Minnesota,Wheat,2025,spring,222.18000000000004,0.0,14.0,1446.8899999999999,43.18000000000001,75.12,0.0,0.0,290.51,38.28,243.81,0.0,0.0,1524.2099999999998,42.88,222.49000000000004,0.0,14.0,1469.9499999999998,43.18000000000001,74.82000000000001,0.0,0.0,294.07,38.28,243.79999999999998,0.0,0.0,1497.59,42.88
United States,Minnesota,Barley,1990,spring,312.12000000000006,0.0,23.0,1419.48,71.58000000000001,27.68,0.0,0.0,289.63,16.040000000000003,304.18999999999994,0.0,0.0,1693.6499999999999,51.78,321.7,0.0,23.0,1516.73,71.58000000000001,18.820000000000004,0.0,0.0,332.13,16.040000000000003,303.46999999999997,0.0,0.0,1553.9,51.78
United States,Minnesota,Barley,1991,spring,289.33000000000004,0.0,16.0,1437.42,51.92,79.36,0.0,0.0,236.2,31.55,299.53000000000003,0.0,1.0,1699.52,63.910000000000004,280.69000000000005,0.0,16.0,1349.39,51.92,69.15,0.0,0.0,318.86,31.550000000000004,318.38,0.0,1.0,1704.89,63.910000000000004
United States,Minnesota,Barley,1992,spring,173.77,0.0,19.0,1462.46,49.04,32.99,0.0,0.0,261.03,14.14,245.3,0.0,0.0,1520.4399999999998,41.79,186.68,0.0,19.0,1487.0,49.04,63.74,0.0,0.0,367.18,52.78,201.64,0.0,0.0,1389.7499999999998,36.239999999999995
United States,Minnesota,Barley,1993,spring,263.18999999999994,0.0,18.0,1365.24,53.589999999999996,76.33,0.0,0.0,255.32999999999998,48.08,302.18999999999994,0.0,1.0,1515.7099999999998,32.94,320.83,0.0,18.0,1491.6999999999998,53.589999999999996,98.90000000000002,0.0,0.0,336.75,32.94,221.98000000000002,0.0,1.0,1307.8299999999997,30.83
United States,Minnesota,Barley,1994,spring,222.22,0.0,23.0,1566.1299999999997,46.96,47.51,0.0,0.0,261.33,19.759999999999998,299.7299999999999,0.0,0.0,1591.8000000000002,41.17999999999999,239.31,0.0,23.0,1611.77,46.96,43.21,0.0,0.0,298.86,18.55,286.94,0.0,0.0,1508.63,41.17999999999999
United States,Minnesota,Barley,1995,spring,185.52,0.0,23.0,1462.73,27.19,14.859999999999998,0.0,0.0,281.22,8.96,391.49,0.0,1.0,1566.33,75.21,189.28,0.0,23.0,1646.51,27.19,84.2,0.0,0.0,274.39,49.75,318.39000000000004,0.0,1.0,1389.3799999999999,75.21
United States,Minnesota,Barley,1996,spring,160.25,0.0,29.0,1551.54,39.91,50.669999999999995,0.0,0.0,244.78,24.47,193.02,0.0,0.0,1679.0500000000002,24.46,202.56,0.0,29.0,1723.5300000000002,39.91,57.68,0.0,0.0,345.8,21.799999999999997,143.7,0.0,0.0,1406.04,23.86
United States,Minnesota,Barley,1997,spring,85.67000000000002,0.0,23.0,1586.88,17.59,71.14999999999999,0.0,0.0,278.16,32.76,323.09999999999997,0.0,0.0,1605.33,44.84,121.16000000000001,0.0,23.0,1729.87,32.76,89.46000000000001,0.0,0.0,334.12,31.58,269.29999999999995,0.0,0.0,1406.3799999999999,44.84
United States,Minnesota,Barley,1998,spring,182.58000000000004,0.0,10.0,1627.7400000000005,39.09,79.37000000000002,0.0,0.0,247.90000000000006,36.51,190.07000000000002,0.0,0.0,1806.15,33.52,162.50000000000003,0.0,10.0,1546.0100000000004,39.09,98.01,0.0,0.0,284.92999999999995,38.010000000000005,191.51,0.0,0.0,1850.85,33.52
United States,Minnesota,Barley,1999,spring,274.37999999999994,0.0,9.0,1450.8300000000002,82.64,74.97999999999999,0.0,0.0,255.55,35.23,308.53,0.0,0.0,1647.64,34.38,274.37999999999994,0.0,9.0,1423.19,82.64,88.64999999999999,0.0,0.0,325.29,35.23,294.85999999999996,0.0,0.0,1605.5399999999997,34.38
United States,Minnesota,Barley,2000,spring,164.09,0.0,23.0,1452.5100000000002,27.47,37.550000000000004,0.0,0.0,267.21000000000004,16.86,204.89000000000001,0.0,1.0,1638.0500000000002,40.78,170.86,0.0,23.0,1497.63,27.47,46.22,0.0,0.0,309.26,14.07,189.45000000000002,0.0,1.0,1550.88,40.78
United States,Minnesota,Barley,2001,spring,417.95,0.0,15.0,1318.0299999999997,83.10000000000001,19.89,0.0,0.0,326.51,12.850000000000001,196.1,0.0,0.0,1738.8999999999999,30.38,430.8,0.0,15.0,1388.1299999999999,83.10000000000001,8.409999999999998,0.0,0.0,386.25000000000006,3.0100000000000002,194.73,0.0,0.0,1609.06,30.379999999999995
United States,Minnesota,Barley,2002,spring,155.46,0.0,28.0,1474.6000000000001,32.64,93.68000000000004,0.0,0.0,270.06,53.660000000000004,425.06,0.0,0.0,1673.78,66.11,246.34999999999997,0.0,28.0,1586.02,53.660000000000004,21.36,0.0,0.0,307.90999999999997,16.82,406.49,0.0,0.0,1524.5099999999998,66.11
United States,Minnesota,Barley,2003,spring,232.53000000000003,0.0,15.0,1527.18,47.419999999999995,93.18,0.0,0.0,282.31,65.73,204.13,1.0,1.0,1730.8400000000001,64.02,235.21000000000004,0.0,15.0,1648.8000000000002,47.419999999999995,131.07999999999998,0.0,0.0,321.48,65.73,163.55,1.0,1.0,1570.0499999999997,64.02
United States,Minnesota,Barley,2004,spring,248.96,0.0,17.0,1404.5700000000002,39.97,15.239999999999998,0.0,0.0,298.11,8.82,242.73,0.0,0.0,1611.1599999999999,39.7,250.75000000000003,0.0,17.0,1528.43,39.97,35.69,0.0,0.0,340.31000000000006,14.69,220.48999999999995,0.0,0.0,1445.1,39.7
United States,Minnesota,Barley,2005,spring,193.73000000000002,0.0,16.0,1329.8999999999999,27.38,52.209999999999994,0.0,0.0,282.8,26.0,146.15999999999997,5.0,0.0,1749.2199999999998,25.990000000000002,193.73000000000002,0.0,16.0,1265.8999999999999,27.38,32.08,0.0,0.0,326.16,26.0,166.28999999999996,5.0,0.0,1769.86,25.990000000000002
United States,Minnesota,Barley,2006,spring,115.28999999999999,0.0,8.0,1514.39,26.36,11.69,0.0,0.0,315.89,8.4,141.79000000000002,8.0,0.0,1742.62,24.38,100.16,0.0,8.0,1338.14,26.36,20.4,0.0,0.0,346.26,13.549999999999999,148.21,8.0,0.0,1888.5000000000002,24.38
United States,Minnesota,Barley,2007,spring,137.04,0.0,16.0,1566.8399999999997,27.669999999999998,11.34,0.0,0.0,325.18000000000006,8.39,256.44,3.0,0.0,1679.65,54.12,130.23999999999998,0.0,16.0,1448.6399999999999,27.669999999999998,17.609999999999996,0.0,0.0,323.44000000000005,10.21,256.96999999999997,3.0,0.0,1799.59,54.12
United States,Minnesota,Barley,2008,spring,282.12999999999994,0.0,18.0,1394.89,50.24,26.64,0.0,0.0,316.35,24.16,238.4,0.0,0.0,1727.87,38.660000000000004,284.55,0.0,18.0,1622.9900000000005,50.24,64.13999999999999,0.0,0.0,343.13,35.089999999999996,198.48,0.0,0.0,1472.9900000000002,38.660000000000004
United States,Minnesota,Barley,2009,spring,104.83,0.0,17.0,1570.9799999999998,19.19,40.79,0.0,0.0,267.83,14.08,237.14,0.0,0.0,1670.4700000000003,47.129999999999995,128.8,0.0,17.0,1694.48,22.470000000000002,17.87,0.0,0.0,343.22,14.08,236.09,0.0,0.0,1471.58,47.129999999999995
United States,Minnesota,Barley,2010,spring,217.79999999999998,0.0,6.0,1434.5199999999995,32.93,47.99,0.0,0.0,277.65999999999997,22.7,419.36,0.0,0.0,1673.4900000000002,49.86999999999999,188.54,0.0,6.0,1372.8099999999997,32.93,71.28999999999999,0.0,0.0,282.1,26.11,425.32000000000005,0.0,0.0,1730.7600000000004,49.86999999999999
United States,Minnesota,Barley,2011,spring,258.65999999999997,0.0,21.0,1387.8200000000002,56.370000000000005,52.85,0.0,0.0,220.39000000000001,32.21,273.69,0.0,0.0,1722.19,32.23,302.6299999999999,0.0,21.0,1481.4399999999998,56.370000000000005,43.11000000000001,0.0,0.0,348.53999999999996,24.660000000000004,239.45999999999998,0.0,0.0,1500.42,32.23
United States,Minnesota,Barley,2012,spring,368.42999999999995,0.0,10.0,1476.1699999999998,73.60999999999999,70.32000000000002,0.0,0.0,289.97,67.53999999999999,183.10999999999999,0.0,0.0,1836.5100000000002,31.35,327.81,0.0,10.0,1415.27,73.60999999999999,110.90000000000002,0.0,0.0,298.49,67.54,183.14999999999998,0.0,0.0,1888.89,31.349999999999998
United States,Minnesota,Barley,2013,spring,233.64,0.0,29.0,1302.31,49.769999999999996,93.71,0.0,0.0,282.05,71.18,174.0,1.0,0.0,1706.5700000000002,24.87,313.58000000000004,0.0,29.0,1491.8199999999997,71.18,35.34,0.0,0.0,324.78,16.27,152.43,1.0,0.0,1474.33,24.87
United States,Minnesota,Barley,2014,spring,378.32,0.0,20.0,1446.6900000000003,68.09,44.56,0.0,0.0,259.04,23.299999999999997,283.25000000000006,0.0,0.0,1614.5300000000004,47.620000000000005,408.02,0.0,20.0,1583.52,68.09,29.76,0.0,0.0,355.52,13.77,268.35,0.0,0.0,1381.2200000000003,47.620000000000005
United States,Minnesota,Barley,2015,spring,218.79999999999998,0.0,14.0,1494.12,41.82,43.660000000000004,0.0,0.0,301.36,24.900000000000002,297.75,0.0,0.0,1684.6399999999996,57.66,218.85999999999999,0.0,14.0,1519.35,41.82,43.71,0.0,0.0,341.28999999999996,24.9,297.64000000000004,0.0,0.0,1619.4799999999998,57.66
United States,Minnesota,Barley,2016,spring,169.56,0.0,17.0,1434.5200000000004,42.629999999999995,30.77,0.0,0.0,330.84,14.690000000000001,436.29,0.0,0.0,1611.8700000000001,108.13000000000001,169.56,0.0,17.0,1434.5200000000004,42.629999999999995,30.77,0.0,0.0,388.46,14.690000000000001,436.29,0.0,0.0,1554.2500000000002,108.13000000000001
United States,Minnesota,Barley,2017,spring,238.67999999999995,0.0,10.0,1457.64,39.95,42.66,0.0,0.0,261.23999999999995,33.43,326.07,0.0,0.0,1639.64,44.41,239.98999999999995,0.0,10.0,1474.6100000000001,39.95,46.39999999999999,0.0,0.0,374.78999999999996,33.43,321.0199999999999,0.0,0.0,1509.1200000000001,44.41
United States,Minnesota,Barley,2018,spring,188.99,0.0,23.0,1592.7800000000002,44.61,29.590000000000003,0.0,0.0,286.95,12.8,322.88,0.0,2.0,1576.29,39.17999999999999,164.37,0.0,23.0,1583.0400000000002,29.23,76.60000000000001,0.0,0.0,305.96,33.33,300.49,0.0,2.0,1567.0199999999998,39.17999999999999
United States,Minnesota,Barley,2019,spring,229.18,0.0,16.0,1435.0599999999997,43.55,79.74,0.0,0.0,246.93,32.99,360.56,0.0,0.0,1613.8400000000001,44.06999999999999,267.5,0.0,16.0,1585.7800000000002,43.55,73.53,0.0,0.0,290.86,35.040000000000006,328.45,0.0,0.0,1419.1899999999998,44.06999999999999
United States,Minnesota,Barley,2020,spring,115.33,0.0,23.0,1627.0300000000004,18.759999999999998,60.06,0.0,0.0,300.6,41.27,281.5,0.0,0.0,1669.0900000000001,56.16,132.71000000000004,0.0,23.0,1730.4799999999998,18.759999999999998,44.81999999999999,0.0,0.0,318.39000000000004,41.27,279.36,0.0,0.0,1547.8500000000001,56.16
United States,Minnesota,Barley,2021,spring,135.9,0.0,13.0,1556.5400000000002,50.96,37.55,0.0,0.0,297.66,18.860000000000003,258.07,2.0,0.0,1724.2499999999998,52.56,135.78,0.0,13.0,1477.3200000000002,50.96,37.669999999999995,0.0,0.0,349.15,18.860000000000003,258.07,2.0,0.0,1751.9799999999998,52.56
United States,Minnesota,Barley,2022,spring,256.7,0.0,25.0,1376.16,61.27,66.51,0.0,0.0,306.28,40.12,245.04,0.0,0.0,1657.27,37.199999999999996,288.7899999999999,0.0,25.0,1531.7499999999998,61.27,55.279999999999994,0.0,0.0,320.94,29.979999999999997,224.18,0.0,0.0,1487.0200000000002,37.199999999999996
United States,Minnesota,Barley,2023,spring,155.18999999999997,0.0,19.0,1574.75,43.050000000000004,55.73,0.0,0.0,269.57,45.17,200.99000000000004,3.0,0.0,1563.4599999999998,49.76,155.18999999999997,0.0,19.0,1574.75,43.050000000000004,55.73,0.0,0.0,294.35,45.17,200.99,3.0,0.0,1538.68,49.76
United States,Minnesota,Barley,2024,spring,374.90999999999997,0.0,11.0,1466.2499999999998,66.94,72.56,0.0,0.0,244.26000000000002,32.43,259.72,0.0,0.0,1690.1999999999998,48.78,354.77,0.0,11.0,1451.3799999999999,66.94,98.72000000000001,0.0,0.0,323.74999999999994,39.88,253.70000000000002,0.0,0.0,1625.58,48.779999999999994
United States,Minnesota,Barley,2025,spring,222.18000000000004,0.0,14.0,1446.8899999999999,43.18000000000001,75.12,0.0,0.0,262.93,38.28,243.80999999999997,0.0,0.0,1551.79,42.88,222.49000000000004,0.0,14.0,1469.9499999999998,43.18000000000001,74.82000000000001,0.0,0.0,294.07,38.28,243.79999999999998,0.0,0.0,1497.59,42.88
United States,Minnesota,Oats,1990,spring,233.06,0.0,23.0,1239.7900000000002,71.58000000000001,105.89999999999999,0.0,0.0,415.2099999999999,44.599999999999994,305.03,0.0,0.0,1747.7600000000002,51.78,259.86,0.0,23.0,1319.54,71.58000000000001,80.51,0.0,0.0,407.56,44.599999999999994,303.61999999999995,0.0,0.0,1675.66,51.78
United States,Minnesota,Oats,1991,spring,256.03999999999996,0.0,16.0,1209.63,51.92,91.99999999999999,0.0,0.0,444.23999999999995,31.550000000000004,320.18,0.0,1.0,1719.27,63.910000000000004,254.78000000000006,0.0,16.0,1077.1799999999998,51.92,72.08,0.0,0.0,505.62,31.550000000000004,341.36,0.0,1.0,1790.34,63.91
United States,Minnesota,Oats,1992,spring,114.72,0.0,19.0,1256.15,31.950000000000003,80.52000000000001,0.0,0.0,426.46999999999997,49.04,256.82,0.0,0.0,1561.31,52.78,115.44,0.0,19.0,1285.24,31.950000000000003,132.57999999999998,0.0,0.0,450.51000000000005,52.78,204.04,0.0,0.0,1508.1799999999998,36.239999999999995
United States,Minnesota,Oats,1993,spring,211.60000000000002,0.0,18.0,1181.55,53.589999999999996,116.73999999999998,0.0,0.0,411.82000000000005,48.08,313.36999999999995,0.0,1.0,1542.9099999999999,32.94,220.78999999999996,0.0,18.0,1270.27,53.589999999999996,163.45000000000002,0.0,0.0,435.17,48.08,257.46999999999997,0.0,1.0,1430.8399999999997,30.83
United States,Minnesota,Oats,1994,spring,164.29999999999998,0.0,23.0,1380.0000000000002,46.96,103.03,0.0,0.0,417.76000000000005,42.38,302.12999999999994,0.0,0.0,1621.5,41.17999999999999,164.29999999999998,0.0,23.0,1410.2800000000002,46.96,103.03000000000002,0.0,0.0,387.47999999999996,42.38,302.12999999999994,0.0,0.0,1621.5,41.17999999999999
United States,Minnesota,Oats,1995,spring,168.62,0.0,23.0,1210.1399999999999,27.19,30.98,0.0,0.0,505.78,16.44,392.27,0.0,1.0,1594.36,75.21,185.32000000000002,0.0,23.0,1407.3,27.19,63.10000000000001,0.0,0.0,394.31,46.56,343.45000000000005,0.0,1.0,1508.67,75.21
United States,Minnesota,Oats,1996,spring,143.47,0.0,29.0,1320.69,39.91,65.68,0.0,0.0,427.37,24.47,194.79000000000002,0.0,0.0,1727.31,24.46,157.48,0.0,29.0,1541.75,39.91,72.52,0.0,0.0,391.58000000000004,24.47,173.94000000000003,0.0,0.0,1542.04,24.46
United States,Minnesota,Oats,1997,spring,67.7,0.0,23.0,1337.35,16.16,82.17999999999999,0.0,0.0,488.33000000000004,32.76,330.03999999999996,0.0,0.0,1644.6900000000003,44.839999999999996,67.97000000000001,0.0,23.0,1505.8200000000002,16.16,121.2,0.0,0.0,431.53,32.76,290.75,0.0,0.0,1533.02,44.84
United States,Minnesota,Oats,1998,spring,129.53,0.0,10.0,1445.6500000000003,39.09,130.98,0.0,0.0,385.28999999999996,38.010000000000005,191.51,0.0,0.0,1850.85,33.52,88.36000000000001,0.0,10.0,1275.1200000000001,20.270000000000003,135.35,0.0,0.0,466.75,39.089999999999996,228.31,0.0,0.0,1939.92,36.51
United States,Minnesota,Oats,1999,spring,257.4,0.0,9.0,1224.41,82.64,85.74999999999999,0.0,0.0,440.95,35.23,314.73999999999995,0.0,0.0,1688.66,34.38,236.09,0.0,9.0,1164.45,82.64,71.83000000000001,0.0,0.0,457.67,27.459999999999997,349.97,0.0,0.0,1731.9,35.23
United States,Minnesota,Oats,2000,spring,124.58,0.0,23.0,1265.21,23.1,75.75999999999998,0.0,0.0,393.98999999999995,27.47,206.18999999999997,0.0,1.0,1698.5700000000002,40.78,124.58,0.0,23.0,1265.21,23.1,77.05999999999997,0.0,0.0,454.51,27.47,204.89000000000001,0.0,1.0,1638.0500000000002,40.78
United States,Minnesota,Oats,2001,spring,316.19999999999993,0.0,15.0,1119.3799999999999,83.10000000000001,119.78000000000002,0.0,0.0,475.71999999999997,57.97,197.95999999999998,0.0,0.0,1788.3400000000001,30.38,318.7099999999999,0.0,15.0,1143.6299999999999,83.10000000000001,119.11000000000003,0.0,0.0,473.28999999999996,57.97,196.12,0.0,0.0,1766.52,30.38
United States,Minnesota,Oats,2002,spring,141.9,0.0,28.0,1256.92,32.64,107.19000000000001,0.0,0.0,432.3,53.660000000000004,425.11,0.0,0.0,1729.2199999999998,66.11,154.86,0.0,28.0,1392.0600000000002,32.64,95.67999999999999,0.0,0.0,399.85,53.660000000000004,423.65999999999997,0.0,0.0,1626.53,66.11
United States,Minnesota,Oats,2003,spring,195.31000000000003,0.0,15.0,1299.7399999999998,47.419999999999995,129.88,0.0,0.0,458.4,65.73,204.65,1.0,1.0,1782.19,64.02,221.26000000000002,0.0,15.0,1352.36,47.419999999999995,104.62,0.0,0.0,484.78000000000003,65.73,203.95999999999998,1.0,1.0,1703.19,64.02
United States,Minnesota,Oats,2004,spring,201.85,0.0,17.0,1198.6999999999998,39.97,61.56000000000001,0.0,0.0,450.14,24.64,243.51999999999995,0.0,0.0,1665.0000000000002,39.7,221.51999999999998,0.0,17.0,1228.8799999999999,39.97,48.83,0.0,0.0,542.45,13.529999999999998,236.57999999999998,0.0,0.0,1542.5100000000002,39.7
United States,Minnesota,Oats,2005,spring,153.55,0.0,16.0,1127.91,26.04,72.25999999999999,0.0,0.0,464.15000000000003,27.38,166.28999999999996,5.0,0.0,1769.86,25.990000000000002,134.49,0.0,16.0,1069.16,26.04,87.0,0.0,0.0,442.55,27.379999999999995,170.60999999999999,5.0,0.0,1850.2099999999998,25.990000000000002
United States,Minnesota,Oats,2006,spring,95.66,0.0,8.0,1301.47,26.36,29.34,0.0,0.0,478.18000000000006,13.549999999999999,143.77,8.0,0.0,1793.2499999999998,24.38,86.45,0.0,8.0,1092.3700000000001,26.36,28.9,0.0,0.0,477.09,13.549999999999999,153.42,8.0,0.0,2003.4399999999998,24.38
United States,Minnesota,Oats,2007,spring,128.07,0.0,16.0,1307.6699999999998,27.669999999999998,20.31,0.0,0.0,527.0100000000001,10.21,256.44,3.0,0.0,1736.9899999999998,54.12,106.78,0.0,16.0,1198.7700000000002,27.669999999999998,38.65,0.0,0.0,468.36000000000007,16.919999999999998,259.39,3.0,0.0,1904.54,54.12
United States,Minnesota,Oats,2008,spring,220.16999999999996,0.0,18.0,1191.06,36.98,88.50999999999999,0.0,0.0,465.45,50.24,238.49000000000004,0.0,0.0,1782.6,38.660000000000004,282.09999999999997,0.0,18.0,1346.83,50.24,29.55,0.0,0.0,521.3800000000001,24.16,235.52,0.0,0.0,1570.9,38.660000000000004
United States,Minnesota,Oats,2009,spring,74.66,0.0,17.0,1374.67,16.97,70.24,0.0,0.0,440.83,22.47,237.85999999999999,0.0,0.0,1693.7800000000002,47.129999999999995,88.82000000000001,0.0,17.0,1488.1499999999999,19.19,57.67,0.0,0.0,409.09,22.47,236.26999999999998,0.0,0.0,1612.0400000000002,47.129999999999995
United States,Minnesota,Oats,2010,spring,144.26,0.0,6.0,1316.0700000000002,32.93,115.57,0.0,0.0,338.84000000000003,29.35,425.32000000000005,0.0,0.0,1730.7600000000004,49.86999999999999,114.08,0.0,6.0,1165.3599999999997,32.93,121.76000000000002,0.0,0.0,390.81,29.35,449.31000000000006,0.0,0.0,1829.5000000000005,49.86999999999999
United States,Minnesota,Oats,2011,spring,214.83000000000004,0.0,21.0,1201.51,56.370000000000005,96.40000000000002,0.0,0.0,359.8,32.21,273.97,0.0,0.0,1769.09,32.23,217.10999999999996,0.0,21.0,1288.2,56.370000000000005,124.14000000000001,0.0,0.0,433.57000000000005,32.21,243.95,0.0,0.0,1608.63,32.23
United States,Minnesota,Oats,2012,spring,299.90000000000003,0.0,10.0,1267.46,73.60999999999999,138.81,0.0,0.0,446.30000000000007,67.54,183.14999999999998,0.0,0.0,1888.89,31.349999999999998,296.29,0.0,10.0,1154.31,73.60999999999999,142.29,0.0,0.0,427.31999999999994,67.54,183.28,0.0,0.0,2021.0200000000004,31.349999999999998
United States,Minnesota,Oats,2013,spring,211.19000000000003,0.0,29.0,1100.18,49.769999999999996,113.92999999999998,0.0,0.0,437.52,71.18,176.23000000000002,1.0,0.0,1753.23,24.87,232.88,0.0,29.0,1280.83,49.769999999999996,99.77,0.0,0.0,454.25,71.18,168.7,1.0,0.0,1555.85,24.87
United States,Minnesota,Oats,2014,spring,316.96999999999997,0.0,20.0,1238.6200000000003,68.09,104.94,0.0,0.0,413.59,44.48,284.22,0.0,0.0,1668.0500000000002,47.620000000000005,332.36,0.0,20.0,1377.92,68.09,92.09,0.0,0.0,419.11000000000007,44.48,281.68,0.0,0.0,1523.23,47.620000000000005
United States,Minnesota,Oats,2015,spring,202.26999999999998,0.0,14.0,1264.0699999999997,41.82,57.150000000000006,0.0,0.0,488.28,24.9,300.79,0.0,0.0,1727.7699999999998,57.66,202.26999999999998,0.0,14.0,1264.0699999999997,41.82,57.150000000000006,0.0,0.0,488.28,24.9,300.79,0.0,0.0,1727.7699999999998,57.66
United States,Minnesota,Oats,2016,spring,135.27,0.0,17.0,1251.5299999999997,42.629999999999995,63.13,0.0,0.0,462.91999999999996,21.82,438.21999999999997,0.0,0.0,1662.7800000000002,108.13000000000001,135.27,0.0,17.0,1251.5299999999997,42.629999999999995,63.07,0.0,0.0,435.18999999999994,21.82,438.28000000000003,0.0,0.0,1690.5100000000002,108.13000000000001
United States,Minnesota,Oats,2017,spring,190.74999999999997,0.0,10.0,1242.7399999999998,39.95,74.06,0.0,0.0,442.37,33.839999999999996,342.59999999999997,0.0,0.0,1673.4099999999999,44.41,190.74999999999997,0.0,10.0,1242.7399999999998,39.95,90.59,0.0,0.0,476.14000000000004,33.839999999999996,326.07,0.0,0.0,1639.64,44.41
United States,Minnesota,Oats,2018,spring,112.10999999999999,0.0,23.0,1417.6599999999999,24.36,95.52999999999999,0.0,0.0,423.78999999999996,46.45,333.82000000000005,0.0,2.0,1614.57,39.17999999999999,112.10999999999999,0.0,23.0,1394.87,24.36,95.17999999999999,0.0,0.0,422.94999999999993,46.45,334.1700000000001,0.0,2.0,1638.2,39.17999999999999
United States,Minnesota,Oats,2019,spring,210.41000000000003,0.0,16.0,1203.0499999999997,43.55,69.76,0.0,0.0,447.08,32.99,389.31000000000006,0.0,0.0,1645.7,44.06999999999999,217.95000000000002,0.0,16.0,1353.6099999999997,43.55,111.31,0.0,0.0,428.28000000000003,35.040000000000006,340.2200000000001,0.0,0.0,1513.9399999999998,44.06999999999999
United States,Minnesota,Oats,2020,spring,98.71000000000001,0.0,23.0,1377.1199999999997,18.759999999999998,40.529999999999994,0.0,0.0,514.28,14.75,317.65,0.0,0.0,1705.3200000000004,56.16,111.32,0.0,23.0,1465.2600000000002,18.759999999999998,64.86999999999999,0.0,0.0,483.9200000000001,41.27,280.7,0.0,0.0,1647.5400000000002,56.16
United States,Minnesota,Oats,2021,spring,130.8,0.0,13.0,1287.9,50.96,40.709999999999994,0.0,0.0,515.35,18.860000000000003,260.01,2.0,0.0,1775.2,52.56,130.45,0.0,13.0,1230.76,50.96,26.029999999999998,0.0,0.0,495.93,18.860000000000003,275.04,2.0,0.0,1851.76,52.56
United States,Minnesota,Oats,2022,spring,239.06,0.0,25.0,1160.6300000000003,61.27,83.35999999999999,0.0,0.0,476.28,40.12,245.83000000000004,0.0,0.0,1702.8,37.199999999999996,252.03,0.0,25.0,1288.9400000000003,61.27,77.46000000000001,0.0,0.0,464.54,40.12,238.76000000000002,0.0,0.0,1586.2300000000002,37.199999999999996
United States,Minnesota,Oats,2023,spring,148.15000000000003,0.0,19.0,1326.62,43.050000000000004,62.309999999999995,0.0,0.0,464.96,45.17,201.45000000000002,3.0,0.0,1616.1999999999996,49.76,147.62000000000003,0.0,19.0,1305.02,43.050000000000004,56.18,0.0,0.0,457.84,45.17,208.11,3.0,0.0,1644.92,49.76
United States,Minnesota,Oats,2024,spring,321.17,0.0,11.0,1254.8000000000002,66.94,126.17999999999999,0.0,0.0,406.78999999999996,43.349999999999994,259.84000000000003,0.0,0.0,1739.12,48.78,318.07,0.0,11.0,1193.3700000000001,66.94,112.01999999999998,0.0,0.0,457.65999999999997,43.349999999999994,277.1,0.0,0.0,1749.68,48.78
United States,Minnesota,Oats,2025,spring,178.78,0.0,14.0,1284.55,43.18000000000001,101.07,0.0,0.0,378.04999999999995,38.28,261.26,0.0,0.0,1599.01,42.88,172.36,0.0,14.0,1262.58,43.18000000000001,103.84,0.0,0.0,375.65,38.28,264.90999999999997,0.0,0.0,1623.38,42.88
United States,Minnesota,Canola,1997,spring,156.82,0.0,23.0,1865.04,32.76,171.0,0.0,0.0,566.43,44.84,152.10000000000002,0.0,0.0,1038.8999999999999,32.09,68.08000000000001,0.0,23.0,1536.0800000000002,16.16,144.75000000000003,0.0,0.0,551.28,32.76,267.09,0.0,0.0,1383.01,44.84
United States,Minnesota,Canola,1998,spring,261.95000000000005,0.0,10.0,1875.6399999999999,39.09,69.09,0.0,0.0,650.2900000000001,33.52,120.98,0.0,0.0,1155.8600000000001,24.33,85.81,0.0,10.0,1216.99,20.270000000000003,174.7,0.0,0.0,613.9499999999999,39.089999999999996,191.51,0.0,0.0,1850.85,33.52
United States,Minnesota,Canola,1999,spring,349.36000000000007,0.0,9.0,1706.38,82.64,112.62999999999998,0.0,0.0,634.83,32.25,195.89999999999998,0.0,0.0,1012.81,34.38,236.09,0.0,9.0,1164.45,82.64,126.94,0.0,0.0,584.03,35.23,294.85999999999996,0.0,0.0,1605.5399999999997,34.38
United States,Minnesota,Canola,2000,spring,201.64000000000001,0.0,23.0,1719.72,27.47,118.47999999999999,0.0,0.0,596.17,40.78,86.41,0.0,1.0,1041.88,21.58,124.3,0.0,23.0,1248.95,23.1,92.78000000000002,0.0,0.0,557.94,27.47,189.45000000000002,0.0,1.0,1550.88,40.78
United States,Minnesota,Canola,2001,spring,437.84,0.0,15.0,1644.5399999999997,83.10000000000001,66.77,0.0,0.0,632.22,30.38,129.33,0.0,0.0,1106.6799999999998,24.72,333.4899999999999,0.0,15.0,1170.55,83.10000000000001,106.63,0.0,0.0,618.66,57.97,193.81999999999996,0.0,0.0,1594.23,30.379999999999995
United States,Minnesota,Canola,2002,spring,249.13999999999996,0.0,28.0,1744.6599999999999,53.660000000000004,165.59000000000003,0.0,0.0,602.6800000000001,66.11,259.46999999999997,0.0,0.0,1071.1,49.06,154.86,0.0,28.0,1392.0600000000002,32.64,112.85,0.0,0.0,501.87,53.660000000000004,406.49,0.0,0.0,1524.5099999999998,66.11
United States,Minnesota,Canola,2003,spring,325.71,0.0,15.0,1809.49,65.73,88.63000000000001,0.0,0.0,634.6,34.0,115.5,1.0,1.0,1096.24,64.02,201.28000000000003,0.0,15.0,1340.3999999999999,47.419999999999995,158.56,0.0,0.0,604.45,65.73,170.0,1.0,1.0,1595.48,64.02
United States,Minnesota,Canola,2004,spring,264.20000000000005,0.0,17.0,1702.6799999999998,39.97,79.78,0.0,0.0,598.75,36.34,162.95,0.0,0.0,1012.4100000000001,39.7,232.24,0.0,17.0,1258.92,39.97,88.72999999999999,0.0,0.0,648.7100000000002,34.86,185.95999999999998,0.0,0.0,1406.21,39.7
United States,Minnesota,Canola,2005,spring,245.94,0.0,16.0,1612.6999999999998,27.38,30.69,2.0,0.0,643.72,16.810000000000002,115.47,3.0,0.0,1105.5,25.990000000000002,117.35,0.0,16.0,1061.51,26.04,108.35,0.0,0.0,508.32,27.38,166.39999999999998,5.0,0.0,1792.09,25.990000000000002
United States,Minnesota,Canola,2006,spring,126.98,0.0,8.0,1830.2799999999997,26.36,16.45,5.0,0.0,698.59,4.0200000000000005,125.34,3.0,0.0,1044.03,24.38,86.45,0.0,8.0,1066.69,26.36,29.1,0.0,0.0,573.5699999999999,13.549999999999999,153.22,8.0,0.0,1932.6399999999999,24.38
United States,Minnesota,Canola,2007,spring,148.38,0.0,16.0,1892.0199999999998,27.669999999999998,57.300000000000004,2.0,0.0,642.8099999999998,23.45,199.14,1.0,0.0,1036.8400000000001,54.12,83.94,0.0,16.0,1117.43,27.669999999999998,61.78999999999999,0.0,0.0,576.98,19.369999999999997,259.09000000000003,3.0,0.0,1877.26,54.12
United States,Minnesota,Canola,2008,spring,308.7699999999999,0.0,18.0,1711.2400000000002,50.24,69.35000000000001,0.0,0.0,630.47,35.089999999999996,169.05,0.0,0.0,1097.4,38.660000000000004,282.09999999999997,0.0,18.0,1368.74,50.24,67.32999999999998,0.0,0.0,623.16,35.089999999999996,197.74,0.0,0.0,1447.21,38.660000000000004
United States,Minnesota,Canola,2009,spring,145.62,0.0,17.0,1838.81,22.470000000000002,96.24,0.0,0.0,591.5799999999999,46.43,140.89999999999998,0.0,0.0,1078.8899999999999,47.129999999999995,89.48,0.0,17.0,1541.4599999999998,19.19,58.34,0.0,0.0,514.8800000000001,22.47,234.94,0.0,0.0,1452.94,47.129999999999995
United States,Minnesota,Canola,2010,spring,265.78999999999996,0.0,6.0,1712.18,32.93,129.19,0.0,0.0,631.1299999999999,32.78,290.16999999999996,0.0,0.0,1042.36,49.87,114.08,0.0,6.0,1137.7399999999998,32.93,145.75,0.0,0.0,517.17,29.35,425.32000000000005,0.0,0.0,1730.7600000000004,49.86999999999999
United States,Minnesota,Canola,2011,spring,311.51,0.0,21.0,1608.21,56.370000000000005,134.5,0.0,0.0,624.47,32.23,139.19,0.0,0.0,1097.72,31.57,217.10999999999996,0.0,21.0,1309.88,56.370000000000005,131.91,0.0,0.0,536.0699999999999,32.21,236.18,0.0,0.0,1484.45,32.23
United States,Minnesota,Canola,2012,spring,438.75000000000006,0.0,10.0,1766.1399999999999,73.60999999999999,109.07000000000001,0.0,0.0,639.9399999999999,31.35,74.04,0.0,0.0,1196.5700000000002,16.049999999999997,296.29,0.0,10.0,1126.6399999999999,73.60999999999999,142.42,0.0,0.0,558.5,67.54,183.14999999999998,0.0,0.0,1917.51,31.349999999999998
United States,Minnesota,Canola,2013,spring,327.35,0.0,29.0,1584.3599999999997,71.18,57.769999999999996,0.0,0.0,611.12,18.24,116.22999999999999,1.0,0.0,1095.4499999999998,24.87,231.21,0.0,29.0,1236.04,49.769999999999996,103.16999999999999,0.0,0.0,540.81,71.18,166.97000000000003,1.0,0.0,1514.0800000000002,24.87
United States,Minnesota,Canola,2014,spring,422.87999999999994,0.0,20.0,1705.7299999999998,68.09,71.4,0.0,0.0,593.5,29.64,211.85,0.0,0.0,1021.03,47.620000000000005,332.36,0.0,20.0,1377.92,68.09,105.42,0.0,0.0,561.12,44.48,268.35,0.0,0.0,1381.2200000000003,47.620000000000005
United States,Minnesota,Canola,2015,spring,262.4599999999999,0.0,14.0,1795.4799999999998,41.82,116.66,0.0,0.0,619.1899999999999,36.34,181.09,0.0,0.0,1065.45,57.66,197.45,0.0,14.0,1241.9999999999998,41.82,65.11999999999999,0.0,0.0,618.64,24.9,297.64000000000004,0.0,0.0,1619.4799999999998,57.66
United States,Minnesota,Canola,2016,spring,200.33,0.0,17.0,1765.3599999999997,42.629999999999995,185.25,0.0,0.0,589.1,108.13000000000001,251.04000000000002,0.0,0.0,1022.77,61.39,133.81,0.0,17.0,1180.2299999999998,42.629999999999995,66.52,0.0,0.0,585.1300000000001,21.82,436.29,0.0,0.0,1611.8700000000001,108.13000000000001
United States,Minnesota,Canola,2017,spring,281.34000000000003,0.0,10.0,1718.88,39.95,70.83000000000001,0.0,0.0,633.1999999999999,22.83,255.24,0.0,0.0,1006.44,44.41,190.83999999999997,0.0,10.0,1268.5999999999997,39.95,96.09,0.0,0.0,608.4599999999999,33.839999999999996,320.48,0.0,0.0,1481.46,44.41
United States,Minnesota,Canola,2018,spring,218.58,0.0,23.0,1879.73,46.45,119.89,0.0,0.0,607.0199999999999,37.699999999999996,202.98999999999998,0.0,2.0,969.27,39.17999999999999,84.58999999999999,0.0,23.0,1296.13,24.36,122.7,0.0,0.0,521.6899999999999,46.45,334.1700000000001,0.0,2.0,1638.2,39.17999999999999
United States,Minnesota,Canola,2019,spring,308.92,0.0,16.0,1681.9900000000002,43.55,107.18,0.0,0.0,605.0,35.07,253.38,0.0,0.0,1008.8400000000001,44.06999999999999,225.64000000000001,0.0,16.0,1397.7899999999997,43.55,116.50000000000001,0.0,0.0,495.65000000000003,35.040000000000006,327.34,0.0,0.0,1402.3899999999999,44.06999999999999
United States,Minnesota,Canola,2020,spring,175.39,0.0,23.0,1927.6300000000003,41.27,124.38999999999999,0.0,0.0,630.01,42.87,157.11,0.0,0.0,1039.08,56.16,104.10000000000001,0.0,23.0,1425.4799999999996,18.759999999999998,72.25,0.0,0.0,576.1800000000001,41.27,280.53999999999996,0.0,0.0,1595.06,56.16
United States,Minnesota,Canola,2021,spring,173.45,0.0,13.0,1854.2,50.96,50.440000000000005,2.0,0.0,598.9800000000001,25.91,207.63,0.0,0.0,1125.27,52.56,130.45,0.0,13.0,1230.76,50.96,34.29,0.0,0.0,552.78,18.860000000000003,266.78000000000003,2.0,0.0,1794.9099999999999,52.56
United States,Minnesota,Canola,2022,spring,323.21,0.0,25.0,1682.4399999999996,61.27,78.69999999999999,0.0,0.0,587.75,20.13,166.34,0.0,0.0,1069.52,37.2,252.03,0.0,25.0,1288.9400000000003,61.27,91.54,0.0,0.0,513.73,40.12,224.68,0.0,0.0,1537.0400000000002,37.199999999999996
United States,Minnesota,Canola,2023,spring,210.92000000000002,0.0,19.0,1844.32,45.17000000000001,37.61,0.0,0.0,582.34,17.930000000000003,163.38,3.0,0.0,981.12,49.760000000000005,145.37,0.0,19.0,1207.4299999999998,43.050000000000004,59.72,0.0,0.0,578.44,45.17,206.82000000000002,3.0,0.0,1621.9099999999999,49.76
United States,Minnesota,Canola,2024,spring,447.46999999999997,0.0,11.0,1710.51,66.94,80.52000000000001,0.0,0.0,619.7400000000001,21.73,179.20000000000002,0.0,0.0,1070.46,48.779999999999994,318.07,0.0,11.0,1193.3700000000001,66.94,135.42000000000002,0.0,0.0,581.7600000000001,43.349999999999994,253.70000000000002,0.0,0.0,1625.58,48.779999999999994
United States,Minnesota,Canola,2025,spring,297.3,0.0,14.0,1709.82,43.18000000000001,110.74,0.0,0.0,578.63,42.88,133.07,0.0,0.0,973.1600000000001,21.14,172.36,0.0,14.0,1262.58,43.18000000000001,124.94,0.0,0.0,474.82,38.28,243.81,0.0,0.0,1524.2099999999998,42.88
United States,Montana,Wheat,1990,spring,163.29000000000002,0.0,28.0,1537.4499999999996,33.879999999999995,13.639999999999999,1.0,0.0,389.01,4.88,105.41,0.0,0.0,2010.96,32.65,182.93999999999997,1.0,28.0,1976.19,33.879999999999995,3.6999999999999997,0.0,0.0,408.63000000000005,2.27,95.69999999999997,0.0,0.0,1552.6,32.65
United States,Montana,Wheat,1991,spring,236.76000000000002,0.0,28.0,1512.44,39.25,60.53,0.0,0.0,292.41,25.32,87.37,0.0,2.0,2010.08,17.02,297.51,0.0,28.0,1949.3600000000001,39.25,21.320000000000004,0.0,0.0,386.91,9.51,65.83,0.0,2.0,1478.66,17.02
United States,Montana,Wheat,1992,spring,169.72,0.0,15.0,1546.8299999999997,59.51,38.04,0.0,0.0,319.46999999999997,29.83,131.23999999999998,0.0,5.0,1829.94,22.590000000000003,172.85,0.0,15.0,1677.52,59.51,65.84,0.0,0.0,402.28000000000003,29.83,100.31,0.0,5.0,1616.44,22.590000000000003
United States,Montana,Wheat,1993,spring,185.26,0.0,27.0,1512.3000000000002,24.870000000000005,28.13,0.0,0.0,370.35999999999996,22.569999999999997,307.5799999999999,0.0,5.0,1658.1999999999998,39.040000000000006,227.67000000000002,0.0,27.0,1930.2600000000002,24.870000000000005,154.91,0.0,0.0,393.22,34.24,138.39000000000001,0.0,5.0,1217.38,34.57
United States,Montana,Wheat,1994,spring,169.58000000000007,0.0,21.0,1502.0,34.84,7.790000000000001,0.0,0.0,378.90000000000003,6.14,62.08,0.0,0.0,1886.4,20.86,176.99,0.0,21.0,1765.3899999999996,34.84,28.490000000000002,0.0,0.0,437.78999999999996,20.86,33.96999999999999,0.0,0.0,1564.1200000000001,6.2
United States,Montana,Wheat,1995,spring,229.06,0.0,38.0,1473.6299999999999,46.85,38.68,0.0,0.0,323.05000000000007,16.97,170.56000000000003,0.0,4.0,1883.8400000000001,24.69,299.03,0.0,38.0,1979.96,46.85,55.31,0.0,0.0,401.90999999999997,24.69,83.96000000000001,0.0,4.0,1298.65,17.47
United States,Montana,Wheat,1996,spring,148.55999999999997,0.0,31.0,1402.16,30.849999999999994,22.489999999999995,0.0,0.0,343.72,11.81,90.56,0.0,5.0,1966.5800000000002,30.78,174.66,0.0,31.0,1834.8300000000002,30.849999999999994,9.79,0.0,0.0,425.3,6.83,77.16000000000001,0.0,5.0,1452.33,30.78
United States,Montana,Wheat,1997,spring,236.39000000000001,0.0,30.0,1557.31,46.67999999999999,49.529999999999994,0.0,0.0,355.62999999999994,27.29,163.64,0.0,1.0,1933.2299999999998,24.29,306.66999999999996,0.0,30.0,1973.16,46.67999999999999,52.03,0.0,0.0,393.59999999999997,24.29,90.85999999999999,0.0,1.0,1479.41,17.39
United States,Montana,Wheat,1998,spring,162.12,0.0,20.0,1615.95,35.31,49.3,0.0,0.0,300.10999999999996,20.5,141.89,0.0,0.0,1951.6499999999999,28.52,214.87,0.0,20.0,1935.7000000000003,35.31,35.92999999999999,0.0,0.0,412.82000000000005,22.23,102.51000000000002,0.0,0.0,1519.1899999999998,28.52
United States,Montana,Wheat,1999,spring,153.52,0.0,32.0,1551.1200000000001,30.36,38.080000000000005,0.0,0.0,334.15,11.68,132.49,0.0,3.0,1843.43,23.779999999999998,206.39,0.0,32.0,2014.0299999999997,30.36,9.309999999999999,0.0,0.0,434.81,3.75,108.38999999999997,0.0,3.0,1279.86,23.779999999999998
United States,Montana,Wheat,2000,spring,141.67,0.0,24.0,1559.5400000000004,24.79,27.460000000000004,0.0,0.0,347.33,15.03,112.29,4.0,5.0,1907.01,29.44,167.21,0.0,24.0,1848.2100000000003,24.79,51.38,1.0,0.0,411.58000000000004,29.440000000000005,62.830000000000005,3.0,5.0,1554.09,20.25
United States,Montana,Wheat,2001,spring,135.74000000000004,0.0,28.0,1621.2400000000002,38.14,29.060000000000002,0.0,0.0,364.82,14.55,113.22999999999999,1.0,0.0,2006.38,33.98,160.51,0.0,28.0,1908.31,38.14,12.07,0.0,0.0,361.81999999999994,4.29,105.44999999999999,1.0,0.0,1722.3100000000002,33.98
United States,Montana,Wheat,2002,spring,137.89999999999998,0.0,40.0,1524.04,29.84,35.72,1.0,0.0,346.34999999999997,21.849999999999998,170.41000000000003,4.0,4.0,1899.72,33.62,177.86,1.0,40.0,1978.3299999999997,29.84,32.89,4.0,0.0,351.75999999999993,20.49,133.28000000000003,0.0,4.0,1440.02,33.62
United States,Montana,Wheat,2003,spring,195.98000000000005,0.0,25.0,1520.13,26.32,10.38,0.0,0.0,351.9,5.239999999999999,71.0,10.0,3.0,1949.0900000000004,20.130000000000003,206.23999999999998,0.0,25.0,1844.09,26.32,3.75,0.0,0.0,425.6,1.99,67.37,10.0,3.0,1551.43,20.130000000000003
United States,Montana,Wheat,2004,spring,193.56000000000003,0.0,23.0,1527.3600000000001,41.63,25.88,0.0,0.0,323.15000000000003,9.709999999999999,124.11999999999998,0.0,1.0,1875.1799999999998,17.299999999999997,228.62999999999997,0.0,23.0,1928.2,41.63,24.519999999999996,0.0,0.0,389.55999999999995,11.85,90.41,0.0,1.0,1407.9299999999998,17.299999999999997
United States,Montana,Wheat,2005,spring,193.19,0.0,27.0,1493.34,36.91,36.53999999999999,0.0,0.0,351.42999999999995,24.599999999999998,113.74,1.0,2.0,1926.91,16.430000000000003,231.40999999999997,0.0,27.0,1898.32,36.91,20.610000000000003,1.0,0.0,393.31999999999994,11.61,91.44999999999999,0.0,2.0,1480.0400000000002,16.43
United States,Montana,Wheat,2006,spring,232.33,0.0,18.0,1598.7499999999998,43.870000000000005,20.36,0.0,0.0,386.87000000000006,16.200000000000003,119.23999999999998,2.0,3.0,1963.1100000000004,29.990000000000002,235.91,0.0,18.0,1788.5499999999997,43.870000000000005,23.439999999999998,0.0,0.0,413.7200000000001,16.200000000000003,112.58,2.0,3.0,1746.4600000000003,29.990000000000002
United States,Montana,Wheat,2007,spring,250.91,0.0,23.0,1528.62,47.980000000000004,23.96,0.0,0.0,384.73,10.649999999999999,99.99999999999999,5.0,1.0,1903.48,13.67,273.12,0.0,23.0,1833.8400000000001,47.980000000000004,18.04,1.0,0.0,368.20000000000005,13.67,83.71000000000001,4.0,1.0,1614.79,10.530000000000001
United States,Montana,Wheat,2008,spring,256.76,0.0,35.0,1399.3399999999997,76.96000000000001,4.76,0.0,0.0,401.71000000000004,2.55,111.49999999999999,0.0,0.0,1936.42,22.78,276.72,0.0,35.0,1941.6000000000001,76.96000000000001,4.91,0.0,0.0,421.67,2.77,91.39,0.0,0.0,1374.2,22.78
United States,Montana,Wheat,2009,spring,155.65999999999997,0.0,33.0,1558.9099999999996,24.439999999999998,38.74,0.0,0.0,368.77000000000004,24.400000000000002,167.41000000000003,0.0,1.0,1913.6900000000003,27.15,206.35,0.0,33.0,2041.7599999999998,24.439999999999998,38.760000000000005,0.0,0.0,424.21000000000004,24.47,116.7,0.0,1.0,1375.4,27.15
United States,Montana,Wheat,2010,spring,262.9,0.0,36.0,1489.6499999999999,37.43000000000001,45.709999999999994,0.0,0.0,329.32000000000005,17.95,202.17999999999998,0.0,0.0,1834.54,38.75,333.1099999999999,0.0,36.0,2069.17,45.39,27.310000000000002,0.0,0.0,408.15000000000003,13.360000000000001,150.37,0.0,0.0,1176.19,38.75
United States,Montana,Wheat,2011,spring,348.40999999999997,0.0,36.0,1379.12,46.31,13.509999999999998,0.0,0.0,365.58,6.49,69.93,0.0,0.0,2073.77,12.9,377.93,0.0,36.0,2116.0,46.31,13.969999999999999,0.0,0.0,398.76,5.79,39.95,0.0,0.0,1303.71,12.08
United States,Montana,Wheat,2012,spring,197.95000000000005,0.0,27.0,1580.1299999999997,34.71,9.46,0.0,0.0,365.82,8.120000000000001,63.14,0.0,0.0,1986.24,10.73,207.41000000000003,0.0,27.0,1915.47,34.71,12.77,0.0,0.0,366.12,7.58,50.370000000000005,0.0,0.0,1650.6000000000001,10.73
United States,Montana,Wheat,2013,spring,248.7,0.0,27.0,1506.1899999999998,52.760000000000005,28.0,0.0,0.0,376.22,18.92,147.35,0.0,2.0,1911.4,24.0,276.74,0.0,27.0,1911.6999999999998,52.760000000000005,19.470000000000002,0.0,0.0,362.4100000000001,12.38,127.84,0.0,2.0,1519.7,24.0
United States,Montana,Wheat,2014,spring,142.38,0.0,29.0,1520.1000000000004,18.589999999999996,41.16,0.0,0.0,319.52,20.24,226.09,0.0,3.0,1830.31,111.55,184.75,0.0,29.0,1918.14,26.689999999999998,14.19,0.0,0.0,392.70000000000005,10.22,210.69,0.0,3.0,1359.09,111.55
United States,Montana,Wheat,2015,spring,197.11,0.0,28.0,1578.8799999999999,38.290000000000006,15.4,0.0,0.0,354.99999999999994,7.06,121.14,0.0,0.0,1804.4999999999995,25.66,209.37,0.0,28.0,1848.4899999999998,38.290000000000006,19.509999999999998,0.0,0.0,355.96,8.49,104.77000000000001,0.0,0.0,1533.9299999999998,25.66
United States,Montana,Wheat,2016,spring,177.11,0.0,16.0,1568.2299999999998,36.309999999999995,9.879999999999999,0.0,0.0,399.69000000000005,5.39,182.49,0.0,2.0,1855.7799999999997,37.96,177.89000000000001,0.0,16.0,1783.3,36.309999999999995,19.56,0.0,0.0,420.03,6.52,172.03,0.0,2.0,1620.37,35.09
United States,Montana,Wheat,2017,spring,171.85999999999999,0.0,20.0,1656.6699999999998,33.36,6.449999999999999,0.0,0.0,348.17,5.109999999999999,105.36,1.0,4.0,1933.04,50.47,173.33,0.0,20.0,1912.07,33.36,20.939999999999998,1.0,0.0,363.39000000000004,14.02,89.39999999999999,0.0,4.0,1662.42,50.47
United States,Montana,Wheat,2018,spring,229.99,0.0,23.0,1542.8300000000002,41.15,90.21999999999998,0.0,0.0,301.69,43.73,123.21,2.0,3.0,1803.0299999999997,23.01,293.53999999999996,0.0,23.0,1721.3700000000001,47.47,39.56,0.0,0.0,438.95,20.13,110.32,2.0,3.0,1487.23,23.01
United States,Montana,Wheat,2019,spring,169.92,0.0,27.0,1455.8300000000002,29.810000000000002,47.73,0.0,0.0,290.76000000000005,19.09,211.50000000000003,0.0,4.0,1823.08,30.759999999999998,239.04999999999998,0.0,27.0,1845.8600000000001,29.810000000000002,47.13,0.0,0.0,406.57000000000005,22.59,142.97000000000003,0.0,4.0,1317.24,30.759999999999998
United States,Montana,Wheat,2020,spring,163.15999999999997,0.0,26.0,1617.0900000000001,31.65,99.35,0.0,0.0,308.60999999999996,60.17,85.42,0.0,2.0,1903.1200000000003,18.799999999999997,264.62,0.0,26.0,1980.06,60.17,24.57,0.0,0.0,438.60999999999996,11.89,58.74,0.0,2.0,1410.1499999999999,18.799999999999997
United States,Montana,Wheat,2021,spring,144.29999999999998,2.0,31.0,1556.07,26.68,8.32,0.0,0.0,377.2199999999999,5.86,123.59,1.0,0.0,1732.73,35.52,152.4,2.0,31.0,1839.59,26.68,17.4,0.0,0.0,354.01,9.09,106.41,1.0,0.0,1472.42,35.52
United States,Montana,Wheat,2022,spring,155.14,0.0,37.0,1439.52,22.18,24.399999999999995,0.0,0.0,351.73,14.95,150.73999999999998,5.0,0.0,1956.92,24.759999999999998,212.02,0.0,37.0,1927.39,24.759999999999998,24.409999999999993,1.0,0.0,343.3900000000001,18.08,93.85,4.0,0.0,1477.39,23.35
United States,Montana,Wheat,2023,spring,286.68000000000006,0.0,22.0,1520.8499999999997,70.05,47.870000000000005,0.0,0.0,309.94,20.73,144.27,1.0,0.0,1869.89,40.879999999999995,320.60999999999996,0.0,22.0,1686.1800000000003,70.05,25.54,0.0,0.0,423.5,9.35,132.67000000000002,1.0,0.0,1591.0000000000002,40.879999999999995
United States,Montana,Wheat,2024,spring,165.79,0.0,21.0,1597.84,53.980000000000004,63.33,0.0,0.0,321.24,29.77,169.54999999999998,2.0,0.0,1812.78,80.62,229.12,0.0,21.0,1919.0799999999997,53.980000000000004,13.799999999999999,0.0,0.0,372.71,7.250000000000001,155.74999999999997,2.0,0.0,1440.0700000000002,80.62
United States,Montana,Wheat,2025,spring,163.42999999999998,0.0,18.0,1578.1000000000001,29.64,30.319999999999997,0.0,0.0,347.26000000000005,21.07,156.82000000000002,0.0,0.0,1879.82,22.020000000000003,186.72999999999996,0.0,18.0,1769.4099999999999,29.64,18.22,0.0,0.0,383.58000000000004,7.01,145.62,0.0,0.0,1652.19,22.020000000000003
United States,Montana,Barley,1990,spring,163.29000000000002,0.0,28.0,1537.4499999999996,33.879999999999995,16.36,1.0,0.0,415.27,4.88,102.68999999999998,0.0,0.0,1984.6999999999998,32.65,182.93999999999997,1.0,28.0,1976.19,33.879999999999995,3.6999999999999997,0.0,0.0,408.63000000000005,2.27,95.69999999999997,0.0,0.0,1552.6,32.65
United States,Montana,Barley,1991,spring,236.76000000000002,0.0,28.0,1512.44,39.25,60.74,0.0,0.0,316.83000000000004,25.32,87.16000000000001,0.0,2.0,1985.66,17.02,297.51,0.0,28.0,1949.3600000000001,39.25,21.32,0.0,0.0,413.47,9.51,65.83000000000001,0.0,2.0,1452.1000000000004,17.02
United States,Montana,Barley,1992,spring,169.72,0.0,15.0,1546.8299999999997,59.51,39.29,0.0,0.0,332.91999999999996,29.83,129.99,0.0,5.0,1816.4899999999998,22.590000000000003,172.85,0.0,15.0,1677.52,59.51,73.05,0.0,0.0,417.29,29.83,93.1,0.0,5.0,1601.43,22.590000000000003
United States,Montana,Barley,1993,spring,185.26,0.0,27.0,1512.3000000000002,24.870000000000005,29.11,0.0,0.0,398.86999999999995,22.569999999999997,306.6,0.0,5.0,1629.69,39.04,227.67000000000002,0.0,27.0,1930.2600000000002,24.870000000000005,154.91,0.0,0.0,393.22,34.24,138.39000000000001,0.0,5.0,1217.38,34.57
United States,Montana,Barley,1994,spring,169.58000000000007,0.0,21.0,1502.0,34.84,8.370000000000001,0.0,0.0,407.41,6.14,61.49999999999999,0.0,0.0,1857.8899999999999,20.86,176.99,0.0,21.0,1765.3899999999996,34.84,30.340000000000003,0.0,0.0,459.76,20.86,32.120000000000005,0.0,0.0,1542.15,6.2
United States,Montana,Barley,1995,spring,229.06,0.0,38.0,1473.6299999999999,46.85,39.05,0.0,0.0,351.06000000000006,16.97,170.19,0.0,4.0,1855.8300000000002,24.69,299.03,0.0,38.0,1979.96,46.85,55.31,0.0,0.0,401.90999999999997,24.69,83.96000000000001,0.0,4.0,1298.65,17.47
United States,Montana,Barley,1996,spring,148.55999999999997,0.0,31.0,1402.16,30.849999999999994,22.879999999999995,0.0,0.0,374.39000000000004,11.81,90.17,0.0,5.0,1935.91,30.78,174.66,0.0,31.0,1834.8300000000002,30.849999999999994,9.84,0.0,0.0,451.68,6.83,77.11,0.0,5.0,1425.95,30.78
United States,Montana,Barley,1997,spring,236.39000000000001,0.0,30.0,1557.31,46.67999999999999,63.06999999999999,0.0,0.0,364.44999999999993,29.72,150.1,0.0,1.0,1924.4099999999996,24.29,306.77,0.0,30.0,2001.2,46.67999999999999,51.93,0.0,0.0,365.56,24.29,90.85999999999999,0.0,1.0,1479.41,17.39
United States,Montana,Barley,1998,spring,162.12,0.0,20.0,1615.95,35.31,52.75,0.0,0.0,319.74999999999994,20.5,138.43999999999997,0.0,0.0,1932.01,28.52,219.64000000000001,0.0,20.0,1962.6700000000003,35.31,31.159999999999997,0.0,0.0,385.84999999999997,22.23,102.51000000000002,0.0,0.0,1519.1899999999998,28.52
United States,Montana,Barley,1999,spring,153.52,0.0,32.0,1551.1200000000001,30.36,41.400000000000006,0.0,0.0,353.28999999999996,12.19,129.17000000000002,0.0,3.0,1824.29,23.779999999999998,207.94,0.0,32.0,2032.6499999999996,30.36,7.76,0.0,0.0,416.19,3.75,108.38999999999997,0.0,3.0,1279.86,23.779999999999998
United States,Montana,Barley,2000,spring,141.67,0.0,24.0,1559.5400000000004,24.79,45.03,0.0,0.0,366.65999999999997,19.490000000000002,94.71999999999998,4.0,5.0,1887.68,20.25,167.24,0.0,24.0,1876.4100000000003,24.79,51.35,1.0,0.0,383.38000000000005,29.44,62.830000000000005,3.0,5.0,1554.09,20.25
United States,Montana,Barley,2001,spring,135.74000000000004,0.0,28.0,1621.2400000000002,38.14,29.430000000000003,0.0,0.0,390.14,14.55,112.85999999999999,1.0,0.0,1981.06,33.98,163.48,0.0,28.0,1936.74,38.14,9.1,0.0,0.0,333.39,3.79,105.44999999999999,1.0,0.0,1722.3100000000002,33.98
United States,Montana,Barley,2002,spring,137.89999999999998,0.0,40.0,1524.04,29.84,35.72,1.0,0.0,377.84,21.849999999999998,170.41000000000003,4.0,4.0,1868.23,33.62,177.86,1.0,40.0,1978.3299999999997,29.84,32.89,4.0,0.0,351.75999999999993,20.49,133.28000000000003,0.0,4.0,1440.02,33.62
United States,Montana,Barley,2003,spring,195.98000000000005,0.0,25.0,1520.13,26.32,11.06,0.0,0.0,381.21,5.239999999999999,70.32000000000001,10.0,3.0,1919.7800000000002,20.130000000000003,206.35999999999999,0.0,25.0,1872.03,26.32,3.84,0.0,0.0,426.35,1.99,67.16000000000001,10.0,3.0,1522.74,20.130000000000003
United States,Montana,Barley,2004,spring,193.56000000000003,0.0,23.0,1527.3600000000001,41.63,27.54,0.0,0.0,345.73,9.709999999999999,122.46,0.0,1.0,1852.6,17.299999999999997,233.93999999999997,0.0,23.0,1946.64,41.63,23.71,0.0,0.0,388.84000000000003,8.0,85.91,0.0,1.0,1390.2099999999998,17.299999999999997
United States,Montana,Barley,2005,spring,193.19,0.0,27.0,1493.34,36.91,38.07999999999999,0.0,0.0,378.13999999999993,24.599999999999998,112.2,1.0,2.0,1900.2000000000003,16.430000000000003,231.42999999999998,0.0,27.0,1928.6899999999998,36.91,20.590000000000003,1.0,0.0,362.95,11.61,91.44999999999999,0.0,2.0,1480.0400000000002,16.43
United States,Montana,Barley,2006,spring,232.33,0.0,18.0,1598.7499999999998,43.870000000000005,20.84,0.0,0.0,413.58000000000004,16.200000000000003,118.75999999999999,2.0,3.0,1936.4,29.990000000000002,235.91,0.0,18.0,1819.5599999999997,43.870000000000005,23.439999999999998,0.0,0.0,382.71000000000004,16.200000000000003,112.58,2.0,3.0,1746.4600000000003,29.990000000000002
United States,Montana,Barley,2007,spring,250.91,0.0,23.0,1528.62,47.980000000000004,25.44,0.0,0.0,408.57,10.649999999999999,98.52,5.0,1.0,1879.6399999999999,13.67,273.31,0.0,23.0,1862.8700000000001,47.980000000000004,18.05,1.0,0.0,368.11999999999995,13.67,83.50999999999999,4.0,1.0,1585.84,10.530000000000001
United States,Montana,Barley,2008,spring,256.76,0.0,35.0,1399.3399999999997,76.96000000000001,13.92,0.0,0.0,420.59000000000003,9.2,102.34,0.0,0.0,1917.54,22.78,276.72,0.0,35.0,1968.43,76.96000000000001,6.09,0.0,0.0,421.27,3.0300000000000002,90.21,0.0,0.0,1347.77,22.78
United States,Montana,Barley,2009,spring,155.65999999999997,0.0,33.0,1558.9099999999996,24.439999999999998,39.190000000000005,0.0,0.0,393.67,24.400000000000002,166.96,0.0,1.0,1888.79,27.15,206.35,0.0,33.0,2041.7599999999998,24.439999999999998,38.760000000000005,0.0,0.0,424.21000000000004,24.47,116.7,0.0,1.0,1375.4,27.15
United States,Montana,Barley,2010,spring,262.9,0.0,36.0,1489.6499999999999,37.43000000000001,49.42999999999999,0.0,0.0,350.18000000000006,17.95,198.46,0.0,0.0,1813.68,38.75,333.1099999999999,0.0,36.0,2069.17,45.39,27.310000000000002,0.0,0.0,408.15000000000003,13.360000000000001,150.37,0.0,0.0,1176.19,38.75
United States,Montana,Barley,2011,spring,348.40999999999997,0.0,36.0,1379.12,46.31,13.509999999999998,0.0,0.0,397.12,6.49,69.93,0.0,0.0,2042.23,12.9,377.93,0.0,36.0,2116.0,46.31,14.04,0.0,0.0,427.72,5.79,39.88,0.0,0.0,1274.75,12.08
United States,Montana,Barley,2012,spring,197.95000000000005,0.0,27.0,1580.1299999999997,34.71,16.21,0.0,0.0,391.76,8.120000000000001,56.39000000000001,0.0,0.0,1960.3,10.73,207.41000000000003,0.0,27.0,1915.47,34.71,12.77,0.0,0.0,366.12,7.58,50.370000000000005,0.0,0.0,1650.6000000000001,10.73
United States,Montana,Barley,2013,spring,248.7,0.0,27.0,1506.1899999999998,52.760000000000005,28.04,0.0,0.0,405.51000000000005,18.92,147.30999999999997,0.0,2.0,1882.1100000000001,24.0,276.74,0.0,27.0,1911.6999999999998,52.760000000000005,19.470000000000002,0.0,0.0,362.4100000000001,12.38,127.84,0.0,2.0,1519.7,24.0
United States,Montana,Barley,2014,spring,142.38,0.0,29.0,1520.1000000000004,18.589999999999996,41.3,0.0,0.0,343.29999999999995,20.24,225.95000000000002,0.0,3.0,1806.53,111.55,184.75,0.0,29.0,1918.14,26.689999999999998,14.19,0.0,0.0,392.70000000000005,10.22,210.69,0.0,3.0,1359.09,111.55
United States,Montana,Barley,2015,spring,197.11,0.0,28.0,1578.8799999999999,38.290000000000006,15.99,0.0,0.0,378.7699999999999,7.06,120.55000000000001,0.0,0.0,1780.7299999999996,25.66,209.37,0.0,28.0,1848.4899999999998,38.290000000000006,19.509999999999998,0.0,0.0,355.96,8.49,104.77000000000001,0.0,0.0,1533.9299999999998,25.66
United States,Montana,Barley,2016,spring,177.11,0.0,16.0,1568.2299999999998,36.309999999999995,9.909999999999998,0.0,0.0,427.64000000000004,5.39,182.46,0.0,2.0,1827.8299999999997,37.96,182.78,0.0,16.0,1806.94,36.309999999999995,34.2,0.0,0.0,405.96,26.03,152.5,0.0,2.0,1610.8,34.56
United States,Montana,Barley,2017,spring,171.85999999999999,0.0,20.0,1656.6699999999998,33.36,6.779999999999999,0.0,0.0,377.29,5.109999999999999,105.03000000000002,1.0,4.0,1903.92,50.47,176.92,0.0,20.0,1929.54,33.36,17.35,1.0,0.0,345.92,14.02,89.39999999999999,0.0,4.0,1662.42,50.47
United States,Montana,Barley,2018,spring,229.99,0.0,23.0,1542.8300000000002,41.15,90.72999999999999,0.0,0.0,327.19,43.73,122.7,2.0,3.0,1777.5299999999997,23.01,300.03,0.0,23.0,1751.89,47.47,33.07,0.0,0.0,408.43,20.13,110.32,2.0,3.0,1487.23,23.01
United States,Montana,Barley,2019,spring,169.92,0.0,27.0,1455.8300000000002,29.810000000000002,48.669999999999995,0.0,0.0,315.83000000000004,19.09,210.56,0.0,4.0,1798.01,30.759999999999998,239.04999999999998,0.0,27.0,1845.8600000000001,29.810000000000002,47.190000000000005,0.0,0.0,435.44000000000005,22.59,142.91000000000003,0.0,4.0,1288.37,30.759999999999998
United States,Montana,Barley,2020,spring,163.15999999999997,0.0,26.0,1617.0900000000001,31.65,101.14,0.0,0.0,331.47999999999996,60.17,83.63000000000001,0.0,2.0,1880.2500000000002,18.799999999999997,264.62,0.0,26.0,1980.06,60.17,24.57,0.0,0.0,438.60999999999996,11.89,58.74,0.0,2.0,1410.1499999999999,18.799999999999997
United States,Montana,Barley,2021,spring,144.29999999999998,2.0,31.0,1556.07,26.68,8.35,0.0,0.0,408.2299999999999,5.86,123.56000000000002,1.0,0.0,1701.72,35.52,152.4,2.0,31.0,1839.59,26.68,17.4,0.0,0.0,354.01,9.09,106.41,1.0,0.0,1472.42,35.52
United States,Montana,Barley,2022,spring,155.14,0.0,37.0,1439.52,22.18,24.979999999999993,0.0,0.0,377.92,14.95,150.16,5.0,0.0,1930.73,24.759999999999998,220.31,0.0,37.0,1955.5600000000002,24.759999999999998,16.119999999999997,1.0,0.0,344.27000000000004,10.4,93.85,4.0,0.0,1448.3400000000001,23.35
United States,Montana,Barley,2023,spring,286.68000000000006,0.0,22.0,1520.8499999999997,70.05,48.220000000000006,0.0,0.0,337.14,20.73,143.92000000000002,1.0,0.0,1842.69,40.879999999999995,324.81999999999994,0.0,22.0,1711.6800000000003,70.05,21.33,0.0,0.0,425.27,7.52,132.67,1.0,0.0,1563.73,40.879999999999995
United States,Montana,Barley,2024,spring,165.79,0.0,21.0,1597.84,53.980000000000004,64.81,0.0,0.0,344.25,29.77,168.07,2.0,0.0,1789.7700000000002,80.62,230.6,0.0,21.0,1942.0899999999997,53.980000000000004,12.340000000000002,0.0,0.0,378.07000000000005,7.25,155.73,2.0,0.0,1411.7,80.62
United States,Montana,Barley,2025,spring,163.42999999999998,0.0,18.0,1578.1000000000001,29.64,30.379999999999995,0.0,0.0,377.82000000000005,21.07,156.76,0.0,0.0,1849.26,22.020000000000003,186.73999999999995,0.0,18.0,1797.79,29.64,18.310000000000002,0.0,0.0,380.13000000000005,7.01,145.52,0.0,0.0,1627.2600000000002,22.020000000000003
United States,Montana,Oats,1990,spring,144.63000000000002,0.0,28.0,1271.8700000000001,33.879999999999995,24.34,0.0,0.0,365.14,14.86,113.37,1.0,0.0,2300.4099999999994,32.65,169.27000000000004,0.0,28.0,1725.2,33.879999999999995,16.42,1.0,0.0,525.11,6.4,96.64999999999998,0.0,0.0,1687.11,32.65
United States,Montana,Oats,1991,spring,209.64,0.0,28.0,1210.0499999999997,39.25,39.75,0.0,0.0,387.3,11.43,135.26999999999998,0.0,2.0,2217.5799999999995,20.45,267.29,0.0,28.0,1628.02,39.25,47.370000000000005,0.0,0.0,567.16,13.770000000000001,70.0,0.0,2.0,1619.75,17.02
United States,Montana,Oats,1992,spring,97.02999999999999,0.0,15.0,1318.29,18.069999999999997,75.63,0.0,0.0,333.0,59.51,166.34,0.0,5.0,2044.9499999999998,29.83,97.72,0.0,15.0,1450.19,18.069999999999997,115.32,0.0,0.0,475.74,59.510000000000005,125.96000000000001,0.0,5.0,1770.31,22.590000000000003
United States,Montana,Oats,1993,spring,111.63999999999999,0.0,27.0,1300.92,18.490000000000002,74.74000000000001,0.0,0.0,331.66,24.87,334.59,0.0,5.0,1908.28,39.040000000000006,185.35999999999999,0.0,27.0,1571.49,24.870000000000005,154.74000000000004,0.0,0.0,638.63,39.040000000000006,180.87,0.0,5.0,1330.74,34.57
United States,Montana,Oats,1994,spring,139.02,0.0,21.0,1243.8,34.84,31.400000000000002,0.0,0.0,366.84000000000003,13.96,69.03,0.0,0.0,2156.66,20.86,165.16000000000005,0.0,21.0,1470.31,34.84,35.22,0.0,0.0,606.9200000000001,20.86,39.06999999999999,0.0,0.0,1690.0700000000002,6.2
United States,Montana,Oats,1995,spring,169.14,0.0,38.0,1231.55,36.58,67.59,0.0,0.0,342.88,43.73,201.57000000000002,0.0,4.0,2106.09,24.689999999999998,255.67999999999998,0.0,38.0,1684.53,46.85,89.33999999999999,0.0,0.0,580.53,24.69,93.27999999999999,0.0,4.0,1415.46,17.47
United States,Montana,Oats,1996,spring,134.77,0.0,31.0,1079.4199999999998,30.849999999999994,17.39,0.0,0.0,429.37,5.859999999999999,109.45,0.0,5.0,2203.67,30.78,163.05,0.0,31.0,1569.3600000000001,30.849999999999994,13.61,0.0,0.0,572.4699999999999,6.109999999999999,84.95,0.0,5.0,1570.63,30.78
United States,Montana,Oats,1997,spring,141.47,0.0,30.0,1293.14,46.67999999999999,105.55,0.0,0.0,375.05999999999995,38.94,202.54000000000002,0.0,1.0,2177.97,29.72,246.08,0.0,30.0,1609.12,46.67999999999999,80.88,0.0,0.0,662.33,29.72,122.6,0.0,1.0,1574.7199999999998,24.29
United States,Montana,Oats,1998,spring,93.86,0.0,20.0,1383.62,20.439999999999998,91.74000000000001,0.0,0.0,310.06,35.31,167.70999999999998,0.0,0.0,2174.0299999999997,28.52,172.41,0.0,20.0,1658.3300000000002,35.31,78.12,0.0,0.0,574.21,22.23,102.78,0.0,0.0,1635.17,28.52
United States,Montana,Oats,1999,spring,127.55,0.0,32.0,1245.69,30.36,37.69,0.0,0.0,406.8,20.85,158.85000000000002,0.0,3.0,2076.21,23.779999999999998,172.12,0.0,32.0,1701.05,30.36,39.86,0.0,0.0,617.11,13.99,112.11,0.0,3.0,1410.54,23.779999999999998
United States,Montana,Oats,2000,spring,107.64999999999999,0.0,24.0,1306.14,24.79,49.97,0.0,0.0,343.28,22.03,123.8,4.0,5.0,2164.4600000000005,29.440000000000005,123.78999999999999,0.0,24.0,1520.4700000000003,24.79,93.2,0.0,0.0,625.1600000000001,29.440000000000005,64.42999999999999,4.0,5.0,1668.2499999999998,20.25
United States,Montana,Oats,2001,spring,87.73,0.0,28.0,1358.6300000000003,28.330000000000002,62.56999999999999,0.0,0.0,368.0,38.14,127.72999999999999,1.0,0.0,2265.8099999999995,33.98,135.74000000000004,0.0,28.0,1621.2400000000002,38.14,33.42,0.0,0.0,557.18,14.55,108.86999999999998,1.0,0.0,1814.0200000000002,33.98
United States,Montana,Oats,2002,spring,101.14999999999999,0.0,40.0,1251.17,23.34,47.279999999999994,0.0,0.0,371.16,29.84,195.60000000000002,5.0,4.0,2147.7800000000007,33.62,170.34,0.0,40.0,1741.39,29.84,19.32,4.0,0.0,494.86,11.43,154.37000000000003,1.0,4.0,1533.8599999999997,33.62
United States,Montana,Oats,2003,spring,153.38,0.0,25.0,1246.7400000000002,26.32,47.41,0.0,0.0,375.17999999999995,18.400000000000002,76.57000000000001,10.0,3.0,2199.2000000000003,20.130000000000003,196.41000000000005,0.0,25.0,1548.5100000000002,26.32,12.84,0.0,0.0,601.9499999999999,5.24,68.11000000000001,10.0,3.0,1670.66,20.130000000000003
United States,Montana,Oats,2004,spring,135.47,0.0,23.0,1282.1399999999999,41.63,62.54,0.0,0.0,331.57,41.209999999999994,145.54999999999998,0.0,1.0,2111.9799999999996,17.299999999999997,198.17,0.0,23.0,1637.3899999999999,41.63,50.900000000000006,0.0,0.0,573.8499999999999,15.98,94.48999999999998,0.0,1.0,1514.4499999999998,17.299999999999997
United States,Montana,Oats,2005,spring,139.72000000000003,0.0,27.0,1242.1,36.91,57.08,0.0,0.0,362.0,23.57,146.67000000000002,1.0,2.0,2167.5800000000004,24.599999999999998,196.79999999999998,0.0,27.0,1604.1000000000001,36.91,47.42,0.0,0.0,562.8800000000001,24.599999999999998,99.25,1.0,2.0,1604.7,16.43
United States,Montana,Oats,2006,spring,156.07999999999998,0.0,18.0,1342.01,41.870000000000005,79.69,0.0,0.0,362.65999999999997,43.870000000000005,136.16,2.0,3.0,2244.0599999999995,29.990000000000002,211.39999999999998,0.0,18.0,1467.23,43.870000000000005,45.68,0.0,0.0,589.2,16.200000000000003,114.85000000000001,2.0,3.0,1892.3,29.990000000000002
United States,Montana,Oats,2007,spring,206.34,0.0,23.0,1254.62,47.980000000000004,61.47,0.0,0.0,383.02,26.93,107.05999999999999,5.0,1.0,2179.189999999999,13.67,245.73,0.0,23.0,1504.12,47.980000000000004,33.91,1.0,0.0,572.4700000000001,15.62,95.22999999999999,4.0,1.0,1740.24,11.329999999999998
United States,Montana,Oats,2008,spring,196.98999999999998,0.0,34.0,1146.26,76.96000000000001,62.33,0.0,1.0,377.15,36.16,113.7,0.0,0.0,2214.06,22.78,261.46000000000004,0.0,35.0,1688.6999999999998,76.96000000000001,18.27,0.0,0.0,573.54,12.56,93.29,0.0,0.0,1475.2300000000002,22.78
United States,Montana,Oats,2009,spring,115.51,0.0,32.0,1309.03,22.97,65.52,0.0,1.0,343.6,24.439999999999998,180.78,0.0,1.0,2188.7399999999993,27.15,188.23000000000002,0.0,33.0,1761.4099999999999,24.439999999999998,56.480000000000004,0.0,0.0,572.9,24.47,117.1,0.0,1.0,1507.0600000000002,27.15
United States,Montana,Oats,2010,spring,207.60999999999999,0.0,36.0,1212.5400000000002,37.43000000000001,83.65,0.0,0.0,349.16999999999996,45.39,219.53000000000003,0.0,0.0,2091.8,38.75,299.31,0.0,36.0,1777.7600000000002,45.39,54.71,0.0,0.0,595.1,15.18,156.77,0.0,0.0,1280.6499999999999,38.75
United States,Montana,Oats,2011,spring,278.03,0.0,36.0,1128.93,42.19,76.02,0.0,0.0,333.0799999999999,46.31,77.79999999999998,0.0,0.0,2356.46,12.9,362.37,0.0,36.0,1836.1200000000001,46.31,26.970000000000002,0.0,0.0,548.5600000000001,12.9,42.510000000000005,0.0,0.0,1433.7900000000002,12.08
United States,Montana,Oats,2012,spring,163.04999999999998,0.0,27.0,1286.17,34.71,44.03,0.0,0.0,390.93,23.189999999999998,63.470000000000006,0.0,0.0,2255.09,10.73,202.35000000000002,0.0,27.0,1633.2499999999995,34.71,13.440000000000001,0.0,0.0,548.1300000000001,7.58,54.760000000000005,0.0,0.0,1750.81,10.73
United States,Montana,Oats,2013,spring,219.85999999999999,0.0,27.0,1204.57,52.760000000000005,44.47,0.0,0.0,413.58,24.75,159.72,0.0,2.0,2175.66,24.0,264.33,0.0,27.0,1618.15,52.760000000000005,30.759999999999998,0.0,0.0,531.28,12.380000000000003,128.95999999999998,0.0,2.0,1644.3799999999999,24.0
United States,Montana,Oats,2014,spring,109.58000000000001,0.0,29.0,1261.41,14.62,57.43,0.0,0.0,336.88,26.69,242.62,0.0,3.0,2071.64,111.55,167.82999999999998,0.0,29.0,1629.74,26.689999999999998,20.17,0.0,0.0,559.83,10.26,221.63000000000002,0.0,3.0,1480.36,111.55
United States,Montana,Oats,2015,spring,184.4,0.0,28.0,1273.2,38.290000000000006,15.89,0.0,0.0,394.62,5.54,133.35999999999999,0.0,0.0,2070.5599999999995,25.66,197.11,0.0,28.0,1578.8799999999999,38.290000000000006,22.990000000000002,0.0,0.0,511.27,7.06,113.55000000000001,0.0,0.0,1648.2299999999996,25.66
United States,Montana,Oats,2016,spring,153.31,0.0,16.0,1261.18,36.309999999999995,24.5,0.0,0.0,429.56,10.04,191.67000000000002,0.0,2.0,2132.96,37.96,165.70000000000002,0.0,16.0,1441.9699999999998,36.309999999999995,22.560000000000002,0.0,0.0,639.3400000000001,10.04,181.22,0.0,2.0,1742.3899999999999,37.96
United States,Montana,Oats,2017,spring,132.25,0.0,20.0,1352.0499999999997,22.7,40.08,0.0,0.0,396.7,33.36,111.33999999999999,1.0,4.0,2189.13,50.47,170.54,0.0,20.0,1608.3899999999999,33.36,9.68,0.0,0.0,569.5999999999999,5.109999999999999,103.44999999999999,1.0,4.0,1759.89,50.47
United States,Montana,Oats,2018,spring,188.39000000000001,0.0,23.0,1275.58,41.15,87.78,0.0,0.0,328.24,47.47,167.25,2.0,3.0,2043.73,23.01,206.37,0.0,23.0,1479.23,41.15,123.2,0.0,0.0,548.4300000000001,47.47,113.84999999999998,2.0,3.0,1619.8899999999999,23.01
United States,Montana,Oats,2019,spring,151.26,0.0,27.0,1185.81,29.810000000000002,31.06,0.0,0.0,354.78,12.41,246.82999999999998,0.0,4.0,2029.08,30.760000000000005,195.51999999999998,0.0,27.0,1561.5900000000001,29.810000000000002,86.86999999999998,0.0,0.0,530.0799999999999,22.590000000000003,146.76000000000002,0.0,4.0,1477.9999999999998,30.759999999999998
United States,Montana,Oats,2020,spring,132.12,0.0,26.0,1345.24,31.65,52.34,0.0,0.0,347.29,25.380000000000003,163.47,0.0,2.0,2136.290000000001,60.17,184.46,0.0,26.0,1692.53,31.65,99.25999999999999,0.0,0.0,599.13,60.17,64.21000000000001,0.0,2.0,1537.16,18.799999999999997
United States,Montana,Oats,2021,spring,133.52999999999997,0.0,31.0,1234.9,26.68,16.63,2.0,0.0,425.38,5.89,126.05,1.0,0.0,2005.74,35.52,144.29999999999998,2.0,31.0,1556.07,26.68,16.32,0.0,0.0,510.95000000000005,7.81,115.59000000000002,1.0,0.0,1599.0,35.52
United States,Montana,Oats,2022,spring,129.09,0.0,37.0,1218.8500000000001,21.14,41.0,0.0,0.0,301.02,14.95,160.18999999999997,5.0,0.0,2228.2999999999997,24.759999999999998,175.32000000000002,0.0,37.0,1677.83,22.18,60.17,0.0,0.0,486.46000000000004,24.759999999999998,94.78999999999999,5.0,0.0,1583.88,23.35
United States,Montana,Oats,2023,spring,245.48,0.0,22.0,1243.6299999999999,70.05,52.22,0.0,0.0,351.56,29.509999999999998,181.12,1.0,0.0,2105.49,40.88,281.55,0.0,22.0,1361.9399999999998,70.05,60.35999999999999,0.0,0.0,643.24,20.73,136.91,1.0,0.0,1695.4999999999998,40.879999999999995
United States,Montana,Oats,2024,spring,155.61999999999998,0.0,21.0,1265.1399999999999,53.980000000000004,41.50999999999999,0.0,0.0,410.94000000000005,29.77,201.53999999999996,2.0,0.0,2055.78,80.62,195.56,0.0,21.0,1649.7099999999998,53.980000000000004,46.32000000000001,0.0,0.0,534.61,15.67,156.79,2.0,0.0,1547.5400000000002,80.62
United States,Montana,Oats,2025,spring,133.29999999999998,0.0,18.0,1304.84,29.64,44.83,0.0,0.0,374.6,15.669999999999998,172.44,0.0,0.0,2125.74,22.020000000000003,149.32,0.0,18.0,1491.0300000000002,29.64,52.599999999999994,0.0,0.0,556.2200000000001,21.07,148.65000000000003,0.0,0.0,1757.93,22.020000000000003
United States,Montana,Canola,1999,spring,206.39,0.0,32.0,2014.0299999999997,30.36,9.58,0.0,0.0,564.7700000000001,3.75,108.11999999999999,0.0,3.0,1149.9,23.779999999999998,174.94000000000003,0.0,32.0,1778.76,30.36,41.03,0.0,0.0,745.3599999999999,13.99,108.11999999999999,0.0,3.0,1204.58,23.779999999999998
United States,Montana,Canola,2000,spring,205.72,0.0,24.0,2043.99,29.440000000000005,19.900000000000002,1.0,0.0,570.57,10.39,55.8,3.0,5.0,1199.3200000000002,20.25,154.68,0.0,24.0,1626.54,24.79,66.05000000000001,1.0,0.0,703.1,29.440000000000005,60.690000000000005,3.0,5.0,1484.24,20.25
United States,Montana,Canola,2001,spring,169.09,0.0,28.0,2147.21,38.14,49.02,0.0,0.0,546.13,17.009999999999998,59.92,1.0,0.0,1299.1,33.98,139.50000000000003,0.0,28.0,1648.3700000000003,38.14,33.08,0.0,0.0,621.76,11.77,105.44999999999999,1.0,0.0,1722.3100000000002,33.98
United States,Montana,Canola,2002,spring,180.65,1.0,40.0,2037.07,29.84,42.04,4.0,0.0,548.43,20.49,121.33999999999999,0.0,4.0,1184.61,33.62,170.34,0.0,40.0,1741.39,29.84,40.410000000000004,5.0,0.0,588.7,20.49,133.28000000000003,0.0,4.0,1440.02,33.62
United States,Montana,Canola,2003,spring,207.29,0.0,25.0,2043.92,26.32,17.69,6.0,0.0,595.11,13.04,52.379999999999995,4.0,3.0,1182.09,20.130000000000003,196.78000000000006,0.0,25.0,1578.7500000000002,26.32,13.71,1.0,0.0,748.0300000000001,5.24,66.87,9.0,3.0,1494.3400000000004,20.130000000000003
United States,Montana,Canola,2004,spring,240.48,0.0,23.0,1992.1899999999998,41.63,25.91,0.0,0.0,564.55,9.92,77.16999999999999,0.0,1.0,1168.95,17.299999999999997,212.32999999999998,0.0,23.0,1810.98,41.63,50.42999999999999,0.0,0.0,650.2,15.98,80.79999999999998,0.0,1.0,1264.51,17.299999999999997
United States,Montana,Canola,2005,spring,231.70999999999998,0.0,27.0,2014.0500000000002,36.91,28.179999999999996,1.0,0.0,555.59,11.61,83.58,0.0,2.0,1202.04,16.43,199.74999999999997,0.0,27.0,1690.69,36.91,52.48,1.0,0.0,690.6100000000001,24.599999999999998,91.24,0.0,2.0,1390.38,16.43
United States,Montana,Canola,2006,spring,258.53,0.0,18.0,2140.42,43.870000000000005,19.879999999999995,1.0,0.0,613.89,11.09,93.52000000000001,1.0,3.0,1194.42,29.990000000000002,215.79,0.0,18.0,1510.61,43.870000000000005,45.059999999999995,0.0,0.0,747.74,16.200000000000003,111.08,2.0,3.0,1690.38,29.990000000000002
United States,Montana,Canola,2007,spring,279.63999999999993,1.0,23.0,2076.59,47.980000000000004,27.800000000000004,3.0,0.0,550.6600000000001,11.329999999999998,67.43,1.0,1.0,1189.58,10.530000000000001,250.91,0.0,23.0,1528.62,47.980000000000004,40.45,1.0,0.0,702.3700000000001,13.67,83.50999999999999,4.0,1.0,1585.84,10.530000000000001
United States,Montana,Canola,2008,spring,276.72,0.0,35.0,1941.6000000000001,76.96000000000001,8.06,0.0,0.0,577.1600000000001,4.32,88.24,0.0,0.0,1218.71,22.78,261.48,0.0,35.0,1749.43,76.96000000000001,22.650000000000002,0.0,0.0,663.3099999999998,12.56,88.88999999999999,0.0,0.0,1324.73,22.78
United States,Montana,Canola,2009,spring,218.35999999999999,0.0,33.0,2063.04,24.439999999999998,43.28,0.0,0.0,538.2800000000001,13.610000000000001,100.17,0.0,1.0,1240.05,27.15,194.1,0.0,33.0,1803.7099999999998,24.439999999999998,52.809999999999995,0.0,0.0,714.9399999999998,24.47,114.89999999999999,0.0,1.0,1322.72,27.15
United States,Montana,Canola,2010,spring,329.99999999999994,0.0,36.0,1952.17,45.39,30.540000000000003,0.0,0.0,552.2800000000001,13.360000000000001,150.25000000000003,0.0,0.0,1149.06,38.75,308.60999999999996,0.0,36.0,1818.9700000000003,45.39,52.14,0.0,0.0,739.3000000000002,15.18,150.04000000000002,0.0,0.0,1095.24,38.75
United States,Montana,Canola,2011,spring,364.19,0.0,36.0,1923.0299999999997,46.31,27.71,0.0,0.0,591.73,12.9,39.95,0.0,0.0,1303.71,12.08,364.19,0.0,36.0,1923.0299999999997,46.31,28.14,0.0,0.0,690.6,12.9,39.52,0.0,0.0,1204.84,12.08
United States,Montana,Canola,2012,spring,215.46000000000004,0.0,27.0,2101.0499999999997,34.71,31.069999999999997,0.0,0.0,534.09,10.73,24.02,0.0,0.0,1297.0499999999997,6.000000000000001,207.1,0.0,27.0,1725.8799999999999,34.71,16.7,0.0,0.0,590.0100000000001,7.58,46.75,0.0,0.0,1616.3,10.73
United States,Montana,Canola,2013,spring,286.34999999999997,0.0,27.0,2043.9400000000005,52.760000000000005,26.990000000000002,0.0,0.0,578.23,12.370000000000001,110.71000000000001,0.0,2.0,1171.64,24.0,272.75,0.0,27.0,1685.5900000000004,52.760000000000005,26.76,0.0,0.0,614.6999999999999,12.38,124.53999999999999,0.0,2.0,1493.52,24.0
United States,Montana,Canola,2014,spring,187.39999999999998,0.0,29.0,1993.6000000000001,26.689999999999998,25.150000000000002,0.0,0.0,563.76,12.93,197.07999999999998,0.0,3.0,1112.57,111.55,173.8,0.0,29.0,1741.26,26.689999999999998,30.900000000000006,0.0,0.0,632.92,10.22,204.93000000000004,0.0,3.0,1295.75,111.55
United States,Montana,Canola,2015,spring,219.36,0.0,28.0,2072.17,38.290000000000006,48.44,0.0,0.0,480.88,25.66,65.85,0.0,0.0,1185.33,20.28,200.29,0.0,28.0,1641.4299999999998,38.290000000000006,32.04,0.0,0.0,616.5200000000001,8.49,101.32000000000001,0.0,0.0,1480.4299999999996,25.66
United States,Montana,Canola,2016,spring,190.92999999999998,0.0,16.0,2125.51,36.309999999999995,62.300000000000004,0.0,0.0,536.8900000000001,37.96,116.25,0.0,2.0,1161.3000000000002,34.56,167.07000000000002,0.0,16.0,1499.33,36.309999999999995,67.26,0.0,0.0,773.9100000000002,37.96,135.15,0.0,2.0,1550.4599999999998,34.56
United States,Montana,Canola,2017,spring,180.21999999999997,0.0,20.0,2177.99,33.36,17.19,1.0,0.0,589.5300000000001,14.19,86.26,0.0,4.0,1170.3600000000001,50.47,172.01999999999998,0.0,20.0,1676.9499999999998,33.36,22.549999999999997,1.0,0.0,653.6500000000001,14.19,89.1,0.0,4.0,1607.2800000000002,50.47
United States,Montana,Canola,2018,spring,329.28999999999996,0.0,23.0,2002.66,47.47,16.21,0.0,0.0,571.1400000000001,9.71,97.91999999999999,2.0,3.0,1073.75,23.009999999999998,206.37,0.0,23.0,1446.74,41.15,126.73000000000002,0.0,0.0,743.36,47.47,110.31999999999998,2.0,3.0,1457.4499999999998,23.01
United States,Montana,Canola,2019,spring,240.42,0.0,27.0,1874.3300000000002,29.810000000000002,47.589999999999996,0.0,0.0,568.4800000000001,22.59,141.14,0.0,4.0,1126.8600000000001,30.759999999999998,207.64,0.0,27.0,1679.63,29.810000000000002,80.09,0.0,0.0,682.49,22.590000000000003,141.42000000000002,0.0,4.0,1207.55,30.759999999999998
United States,Montana,Canola,2020,spring,274.88,0.0,26.0,2087.66,60.17,21.970000000000002,0.0,0.0,558.2599999999999,7.47,51.08,0.0,2.0,1182.9,18.799999999999997,185.37000000000003,0.0,26.0,1741.82,31.65,105.11999999999998,0.0,0.0,757.6,60.17,57.44,0.0,2.0,1329.4,18.799999999999997
United States,Montana,Canola,2021,spring,161.11,2.0,31.0,2095.0099999999998,26.68,30.999999999999996,1.0,0.0,501.75,10.64,84.10000000000001,0.0,0.0,1069.26,35.52,144.29999999999998,2.0,31.0,1556.07,26.68,25.499999999999996,0.0,0.0,606.97,9.09,106.41000000000001,1.0,0.0,1502.98,35.52
United States,Montana,Canola,2022,spring,212.02,0.0,37.0,1927.39,24.759999999999998,34.73000000000001,1.0,0.0,577.0500000000001,18.08,83.53,4.0,0.0,1243.73,23.35,179.5,0.0,37.0,1736.7200000000003,22.18,56.93000000000001,1.0,0.0,592.15,24.759999999999998,93.85,4.0,0.0,1419.3000000000004,23.35
United States,Montana,Canola,2023,spring,341.58,0.0,22.0,1982.0399999999997,70.05,18.89,1.0,0.0,547.8100000000001,11.54,118.35000000000001,0.0,0.0,1170.83,40.879999999999995,268.56,0.0,22.0,1334.4799999999998,70.05,77.58999999999999,0.0,0.0,802.47,20.73,132.67,1.0,0.0,1563.73,40.879999999999995
United States,Montana,Canola,2024,spring,241.57000000000002,0.0,21.0,2042.91,53.980000000000004,6.34,2.0,0.0,542.14,2.79,150.76,0.0,0.0,1146.81,80.62,203.42000000000002,0.0,21.0,1724.1899999999996,53.980000000000004,42.129999999999995,0.0,0.0,642.94,15.67,153.11999999999998,2.0,0.0,1364.73,80.62
United States,Montana,Canola,2025,spring,201.93999999999997,0.0,18.0,2073.13,29.64,71.28,0.0,0.0,514.15,22.020000000000003,77.35,0.0,0.0,1217.8999999999999,13.38,151.41,0.0,18.0,1510.8100000000002,29.64,53.64999999999999,0.0,0.0,697.4699999999999,21.07,145.51000000000002,0.0,0.0,1596.9,22.020000000000003
United States,Nebraska,Wheat,1990,winter,180.31,0.0,148.0,2994.7200000000003,38.9,100.52,0.0,1.0,557.0600000000001,27.53,78.78999999999999,7.0,0.0,813.31,22.24,257.36,0.0,149.0,3441.16,38.9,59.010000000000005,1.0,0.0,458.0899999999999,21.79,43.25,6.0,0.0,465.84,22.24
United States,Nebraska,Wheat,1991,winter,221.32,4.0,141.0,3005.4399999999996,30.72,145.14999999999998,0.0,1.0,535.1899999999999,44.050000000000004,82.32,5.0,0.0,746.77,20.810000000000002,259.28999999999996,4.0,142.0,3173.52,37.67,115.56,0.0,0.0,392.1700000000001,44.050000000000004,73.94000000000001,5.0,0.0,721.71,17.47
United States,Nebraska,Wheat,1992,winter,279.3,0.0,150.0,3001.52,40.7,34.540000000000006,0.0,0.0,656.9,17.209999999999997,97.37,0.0,0.0,635.47,25.009999999999998,292.54999999999995,0.0,150.0,3347.51,40.7,58.25,0.0,0.0,491.09,17.65,60.41000000000001,0.0,0.0,455.28999999999996,25.009999999999998
United States,Nebraska,Wheat,1993,winter,222.6,0.0,158.0,2740.86,29.78,88.83,0.0,0.0,588.56,31.299999999999997,159.46,0.0,0.0,727.5400000000001,48.65,334.34,0.0,158.0,3414.5099999999998,31.299999999999997,114.75,0.0,0.0,464.23,47.97,21.8,0.0,0.0,178.22000000000003,12.48
United States,Nebraska,Wheat,1994,winter,212.83999999999997,0.0,166.0,2928.4399999999996,28.929999999999996,23.509999999999998,0.0,0.0,697.58,12.29,118.3,1.0,0.0,810.03,42.83,236.35,0.0,166.0,3626.0200000000004,28.929999999999996,66.36999999999999,1.0,0.0,443.80999999999995,42.83,51.93000000000001,0.0,0.0,366.22,23.79
United States,Nebraska,Wheat,1995,winter,315.90999999999997,0.0,140.0,2839.08,36.64,154.85000000000002,0.0,0.0,436.09,81.05,92.96,0.0,0.0,728.55,36.68000000000001,370.83,0.0,140.0,3161.29,36.64,148.97000000000003,0.0,0.0,473.11999999999995,81.05000000000001,43.919999999999995,0.0,0.0,369.31,36.68
United States,Nebraska,Wheat,1996,winter,213.22000000000003,1.0,150.0,3030.09,40.55,127.79,0.0,0.0,471.27,75.03999999999999,81.91,0.0,0.0,801.85,27.9,341.01,1.0,150.0,3501.36,75.03999999999999,68.31,0.0,0.0,496.09999999999997,27.9,13.6,0.0,0.0,305.75000000000006,5.52
United States,Nebraska,Wheat,1997,winter,244.36,0.0,154.0,2926.62,71.35,57.559999999999995,0.0,1.0,598.2899999999998,39.61,83.69,2.0,0.0,809.24,19.93,319.94,0.0,155.0,3698.08,71.35,42.21,1.0,0.0,421.34999999999997,19.84,23.46,1.0,0.0,214.72,19.93
United States,Nebraska,Wheat,1998,winter,293.04999999999995,0.0,151.0,2879.29,53.61999999999999,72.17999999999999,0.0,0.0,645.15,31.060000000000002,139.24,1.0,0.0,772.5,59.47,357.66999999999996,0.0,151.0,3333.85,53.61999999999999,102.96,0.0,0.0,502.51000000000005,59.47,43.84000000000001,1.0,0.0,460.58000000000004,21.310000000000002
United States,Nebraska,Wheat,1999,winter,282.06999999999994,6.0,133.0,2909.73,33.23,76.92999999999999,0.0,0.0,628.0500000000001,29.39,164.75,0.0,0.0,683.54,42.08,314.15,6.0,133.0,3040.27,33.23,56.63999999999999,0.0,0.0,533.4599999999999,13.32,152.96,0.0,0.0,647.5899999999999,42.08
United States,Nebraska,Wheat,2000,winter,149.08,0.0,128.0,3108.54,20.1,60.949999999999996,1.0,0.0,612.6399999999999,28.04,71.69999999999999,5.0,0.0,793.37,24.189999999999998,149.51000000000002,0.0,128.0,3189.5899999999997,20.1,53.27,0.0,0.0,474.27000000000004,28.04,78.95,6.0,0.0,850.69,24.189999999999998
United States,Nebraska,Wheat,2001,winter,363.62,4.0,159.0,2941.02,51.67999999999999,74.73,0.0,0.0,598.1199999999999,51.36,44.489999999999995,7.0,0.0,784.27,13.930000000000001,427.03,4.0,159.0,3461.4500000000003,51.67999999999999,48.69,0.0,0.0,456.05,14.829999999999998,7.12,7.0,0.0,405.90999999999997,2.85
United States,Nebraska,Wheat,2002,winter,205.04000000000002,2.0,141.0,3065.29,38.4,38.269999999999996,0.0,1.0,643.7299999999999,17.72,46.59,15.0,0.0,839.3199999999999,12.870000000000001,219.23000000000002,2.0,142.0,3349.12,38.4,37.68,1.0,0.0,537.28,17.72,32.989999999999995,14.0,0.0,661.9399999999999,10.209999999999999
United States,Nebraska,Wheat,2003,winter,261.98,2.0,143.0,2920.29,37.41,74.30999999999999,1.0,0.0,631.4299999999998,24.82,103.9,0.0,0.0,735.41,31.5,317.91,2.0,143.0,3377.33,37.41,63.249999999999986,1.0,0.0,498.11,17.67,59.029999999999994,0.0,0.0,411.69000000000005,31.5
United States,Nebraska,Wheat,2004,winter,209.02,0.0,137.0,3091.3799999999997,33.620000000000005,77.67999999999999,2.0,1.0,636.96,22.31,78.24000000000001,1.0,0.0,745.73,32.18000000000001,213.98,2.0,137.0,3305.65,33.620000000000005,74.47999999999999,0.0,1.0,501.67,22.31,76.48,1.0,0.0,666.7499999999999,32.18000000000001
United States,Nebraska,Wheat,2005,winter,292.14,2.0,137.0,2940.16,57.51,64.97999999999999,0.0,2.0,667.9100000000001,37.660000000000004,140.24,1.0,0.0,759.09,66.10000000000001,332.98,2.0,139.0,3154.67,57.51,93.03,0.0,0.0,519.55,63.66,71.34999999999998,1.0,0.0,692.9400000000002,25.889999999999997
United States,Nebraska,Wheat,2006,winter,169.66,1.0,130.0,3118.1800000000003,29.58,8.469999999999999,2.0,0.0,687.26,4.39,75.58,7.0,0.0,811.6600000000001,38.16,167.05999999999997,1.0,130.0,3019.4700000000003,29.58,4.65,0.0,0.0,555.02,2.49,82.0,9.0,0.0,1042.61,38.16
United States,Nebraska,Wheat,2007,winter,443.84000000000003,0.0,144.0,2926.8,79.11,169.17000000000002,0.0,0.0,618.1199999999999,82.30000000000001,105.83999999999999,0.0,0.0,798.4399999999999,55.95,519.88,0.0,144.0,3399.1800000000003,79.11,180.67000000000002,0.0,0.0,485.34000000000003,89.82,18.3,0.0,0.0,458.84000000000003,9.83
United States,Nebraska,Wheat,2008,winter,269.98,0.0,150.0,3119.0,45.970000000000006,201.40999999999997,0.0,2.0,569.2800000000001,106.13000000000001,94.22,0.0,0.0,836.3299999999999,28.240000000000002,463.33000000000004,0.0,152.0,3671.6499999999996,106.13000000000001,74.99999999999999,0.0,0.0,515.61,28.240000000000002,27.279999999999998,0.0,0.0,337.34999999999997,10.95
United States,Nebraska,Wheat,2009,winter,364.72,0.0,151.0,2961.21,64.26,68.0,0.0,0.0,603.35,24.509999999999998,145.99,0.0,0.0,700.8,33.7,432.72,0.0,151.0,3564.56,64.26,112.61999999999998,0.0,0.0,421.33,33.7,33.37,0.0,0.0,279.47,17.45
United States,Nebraska,Wheat,2010,winter,321.7900000000001,0.0,155.0,2754.85,39.72,72.68,0.0,1.0,596.55,21.2,245.66,0.0,0.0,781.6500000000001,114.55000000000001,424.28999999999996,0.0,156.0,3545.37,39.72,212.95999999999998,0.0,0.0,442.09000000000003,114.55000000000001,2.88,0.0,0.0,145.58999999999997,2.88
United States,Nebraska,Wheat,2011,winter,219.33999999999997,0.0,143.0,2949.6900000000005,35.5,102.07000000000002,0.0,0.0,535.77,45.15,102.65,0.0,0.0,760.3,38.720000000000006,320.32,0.0,143.0,3479.59,45.15,40.52,0.0,0.0,435.06,19.13,63.21999999999999,0.0,0.0,331.11,38.720000000000006
United States,Nebraska,Wheat,2012,winter,274.26,2.0,125.0,3154.17,60.769999999999996,36.34,0.0,0.0,689.9300000000001,13.129999999999999,19.03,12.0,0.0,828.5600000000001,5.76,274.15999999999997,2.0,125.0,3135.25,60.769999999999996,24.05,0.0,0.0,546.34,13.129999999999999,31.420000000000005,12.0,0.0,991.0700000000002,11.620000000000001
United States,Nebraska,Wheat,2013,winter,146.01000000000002,7.0,153.0,3028.4400000000005,43.35,91.44,0.0,4.0,603.12,45.94,68.24000000000001,2.0,0.0,823.6700000000001,30.419999999999995,185.31,7.0,157.0,3526.58,43.35,70.31,0.0,0.0,488.65,45.94,50.06999999999999,2.0,0.0,440.0,30.42
United States,Nebraska,Wheat,2014,winter,196.68,7.0,156.0,3006.05,29.900000000000002,32.68,0.0,0.0,623.92,11.54,203.26999999999998,0.0,0.0,755.02,64.48,228.94,7.0,156.0,3543.86,29.900000000000002,127.76,0.0,0.0,435.33,64.48,75.92999999999999,0.0,0.0,405.79999999999995,29.92
United States,Nebraska,Wheat,2015,winter,195.78,0.0,125.0,3166.32,38.99000000000001,110.16999999999999,0.0,0.0,500.68000000000006,26.54,114.9,1.0,0.0,759.56,35.81,211.34,0.0,125.0,3290.02,38.99000000000001,119.30000000000001,0.0,0.0,513.34,26.54,90.21000000000001,1.0,0.0,623.2,35.81
United States,Nebraska,Wheat,2016,winter,395.46000000000004,5.0,123.0,2916.34,77.45,96.36999999999999,0.0,1.0,633.0800000000002,35.04,79.47999999999999,2.0,0.0,901.59,30.839999999999996,392.18,5.0,123.0,2898.86,77.45,95.47999999999999,0.0,1.0,621.2300000000001,35.04,83.64999999999999,2.0,0.0,930.92,30.839999999999996
United States,Nebraska,Wheat,2017,winter,266.73,0.0,113.0,2881.46,34.25,79.47,0.0,0.0,636.5,32.78,23.21,3.0,0.0,840.8,9.420000000000002,266.73,0.0,113.0,2881.46,34.25,79.31,0.0,0.0,578.5,32.78,23.37,3.0,0.0,898.8,9.420000000000002
United States,Nebraska,Wheat,2018,winter,300.98,1.0,159.0,2969.0299999999997,80.47000000000001,164.29,0.0,0.0,556.4399999999999,79.21000000000001,139.44,2.0,0.0,793.73,40.379999999999995,434.28,1.0,159.0,3482.37,80.47000000000001,65.6,0.0,0.0,462.14,30.99,104.83,2.0,0.0,374.69,40.379999999999995
United States,Nebraska,Wheat,2019,winter,353.1,0.0,151.0,2803.74,40.94,174.20000000000002,0.0,1.0,538.3700000000001,63.67,84.28999999999999,0.0,0.0,813.53,19.77,557.39,0.0,152.0,3612.7799999999997,63.67,53.589999999999996,0.0,0.0,482.64,17.47,0.61,0.0,0.0,60.22,0.61
United States,Nebraska,Wheat,2020,winter,250.87,0.0,161.0,3037.6899999999996,28.05,124.93,0.0,1.0,538.61,49.85000000000001,46.870000000000005,0.0,0.0,836.6200000000001,17.03,376.67,0.0,162.0,3658.9599999999996,49.85000000000001,28.520000000000003,0.0,0.0,449.07,17.03,17.479999999999997,0.0,0.0,304.89,9.99
United States,Nebraska,Wheat,2021,winter,239.07999999999998,1.0,153.0,3022.2,79.24999999999999,89.49000000000001,0.0,0.0,521.5,23.28,32.41,5.0,0.0,822.6400000000001,13.93,280.13,1.0,153.0,3394.6400000000003,79.24999999999999,52.5,0.0,0.0,453.9,23.28,28.349999999999998,5.0,0.0,517.8000000000001,13.93
United States,Nebraska,Wheat,2022,winter,170.38,1.0,133.0,3164.2000000000003,43.449999999999996,77.84,0.0,1.0,582.02,27.0,55.67,8.0,0.0,830.02,29.44,200.07999999999998,1.0,134.0,3203.3900000000003,43.449999999999996,40.949999999999996,0.0,0.0,525.1800000000001,21.6,62.85999999999999,8.0,0.0,847.6700000000001,29.44
United States,Nebraska,Wheat,2023,winter,124.55999999999997,5.0,157.0,3196.7,20.85,162.69000000000005,0.0,1.0,618.63,63.870000000000005,78.49,0.0,0.0,787.39,23.619999999999997,252.94,5.0,158.0,3478.0599999999995,63.870000000000005,49.63,0.0,0.0,474.97,23.150000000000002,63.17000000000001,0.0,0.0,649.6899999999999,23.619999999999997
United States,Nebraska,Wheat,2024,winter,342.86,4.0,126.0,3081.6899999999996,50.300000000000004,71.58,0.0,0.0,677.1700000000001,38.53,125.0,4.0,0.0,773.8,34.28,326.02,4.0,126.0,3047.6899999999996,50.300000000000004,84.78,0.0,0.0,594.7700000000001,38.53,128.64000000000001,4.0,0.0,890.1999999999999,34.28
United States,Nebraska,Wheat,2025,winter,129.66000000000003,2.0,128.0,3119.41,23.97,104.41,0.0,0.0,592.4300000000001,37.08,176.99,3.0,0.0,790.0,62.83,116.95,2.0,128.0,2999.62,23.97,32.48,0.0,0.0,520.1999999999999,16.43,261.63,3.0,0.0,982.02,62.83
United States,Nebraska,Barley,1990,spring,194.36,1.0,11.0,1588.85,27.53,20.41,7.0,0.0,405.65,16.36,153.65,17.0,0.0,1897.9599999999998,36.769999999999996,170.68,0.0,11.0,1439.5799999999997,27.53,40.12,1.0,0.0,332.33000000000004,22.24,157.62,24.0,0.0,2120.55,36.769999999999996
United States,Nebraska,Barley,1991,spring,268.32,0.0,5.0,1520.25,44.050000000000004,29.86,5.0,0.0,351.71000000000004,17.47,123.18,15.0,1.0,1925.8799999999999,40.699999999999996,243.08,0.0,5.0,1227.1599999999999,44.050000000000004,36.96,0.0,0.0,352.92,17.07,141.32,20.0,1.0,2217.76,40.699999999999996
United States,Nebraska,Barley,1992,spring,106.38999999999999,0.0,8.0,1567.06,25.009999999999998,39.31,0.0,0.0,330.70000000000005,21.27,259.71999999999997,1.0,0.0,1789.89,74.27000000000001,65.99,0.0,8.0,1366.87,17.209999999999997,63.2,0.0,0.0,305.5,25.009999999999998,276.23,1.0,0.0,2015.28,74.27000000000001
United States,Nebraska,Barley,1993,spring,208.77,0.0,13.0,1477.65,31.299999999999997,105.27000000000002,0.0,0.0,349.38,48.65,321.68,0.0,0.0,1781.7099999999998,42.849999999999994,201.85,0.0,13.0,1392.8000000000002,31.299999999999997,103.51,0.0,0.0,372.37,48.650000000000006,330.36,0.0,0.0,1843.57,42.849999999999994
United States,Nebraska,Barley,1994,spring,149.29000000000002,1.0,17.0,1682.9099999999999,42.82999999999999,58.150000000000006,0.0,0.0,382.52000000000004,23.79,215.67999999999995,3.0,0.0,1913.99,38.599999999999994,96.63,0.0,17.0,1406.2,28.93,73.88,1.0,0.0,307.86,42.83,252.60999999999999,3.0,0.0,2265.3599999999997,38.599999999999994
United States,Nebraska,Barley,1995,spring,306.33,0.0,16.0,1351.1299999999997,81.05,44.419999999999995,0.0,0.0,352.88000000000005,36.68,172.38,23.0,2.0,1932.98,40.55,307.43,0.0,16.0,1437.23,81.05,47.88,0.0,0.0,360.24,36.68,167.82,23.0,2.0,1839.52,40.55
United States,Nebraska,Barley,1996,spring,226.78999999999996,0.0,12.0,1535.6500000000003,75.03999999999999,13.7,0.0,0.0,393.36000000000007,5.52,296.38,3.0,0.0,1704.1999999999996,71.35,193.20999999999998,0.0,12.0,1433.5700000000002,75.03999999999999,42.12,0.0,0.0,334.76,27.9,301.53999999999996,3.0,0.0,1864.8799999999999,71.35
United States,Nebraska,Barley,1997,spring,156.29,0.0,14.0,1548.3200000000004,39.61,48.31,2.0,0.0,405.03999999999996,21.78,238.28,11.0,0.0,1849.07,44.56999999999999,148.07999999999998,0.0,14.0,1497.8200000000004,39.61,32.99,1.0,0.0,342.45000000000005,19.84,261.81,12.0,0.0,1962.1599999999999,44.56999999999999
United States,Nebraska,Barley,1998,spring,218.57000000000002,0.0,10.0,1634.6699999999996,59.47,29.54,1.0,0.0,416.58000000000004,21.310000000000002,181.42999999999998,15.0,0.0,1873.79,26.68,172.81,0.0,10.0,1428.84,53.66,72.31,0.0,0.0,399.45,28.86,184.42,16.0,0.0,2096.7499999999995,26.68
United States,Nebraska,Barley,1999,spring,255.87,0.0,10.0,1519.9699999999998,42.080000000000005,69.04000000000002,0.0,0.0,314.02000000000004,36.71000000000001,145.54,12.0,0.0,1950.0800000000002,20.100000000000005,199.26,0.0,10.0,1400.2199999999998,29.39,77.97999999999999,0.0,0.0,309.82,30.0,193.21,12.0,0.0,2074.0299999999997,34.49
United States,Nebraska,Barley,2000,spring,136.69,5.0,10.0,1659.03,28.04,43.54,1.0,0.0,369.2,15.73,148.78000000000003,28.0,0.0,1897.2700000000002,23.89,109.00999999999998,1.0,10.0,1328.34,28.04,32.75000000000001,4.0,0.0,371.41,24.189999999999998,187.25,29.0,0.0,2225.7500000000005,23.89
United States,Nebraska,Barley,2001,spring,263.50000000000006,0.0,7.0,1624.32,51.68,7.59,7.0,0.0,394.04999999999995,3.06,224.54,19.0,0.0,1955.13,29.79,248.17000000000002,0.0,7.0,1369.83,51.68,18.410000000000004,1.0,0.0,378.32000000000005,10.51,229.05,25.0,0.0,2225.3500000000004,29.79
United States,Nebraska,Barley,2002,spring,117.31,3.0,8.0,1705.81,21.21,10.500000000000002,13.0,0.0,404.47,5.87,126.25,29.0,0.0,1945.1299999999999,29.72,94.87,1.0,8.0,1446.9800000000002,21.21,24.279999999999998,4.0,0.0,335.23,10.209999999999999,134.91000000000003,40.0,0.0,2273.2000000000003,29.72
United States,Nebraska,Barley,2003,spring,242.62000000000003,1.0,7.0,1572.52,37.41,50.72,0.0,0.0,353.12,31.5,82.16,24.0,0.0,2062.64,16.519999999999996,220.23,1.0,7.0,1373.88,37.41,42.489999999999995,0.0,0.0,317.48,13.77,112.78000000000002,24.0,0.0,2296.92,29.29
United States,Nebraska,Barley,2004,spring,193.27999999999997,3.0,5.0,1740.56,29.89,31.65,0.0,0.0,287.04,14.819999999999999,271.62,10.0,0.0,1954.1699999999998,57.51,137.58,2.0,5.0,1432.58,29.89,63.35000000000001,1.0,0.0,327.87,32.18000000000001,295.62,10.0,0.0,2221.3199999999997,57.51
United States,Nebraska,Oats,1990,spring,131.94,0.0,11.0,1137.6899999999998,27.53,39.540000000000006,1.0,0.0,361.16999999999996,21.79,196.94,24.0,0.0,2393.6,36.769999999999996,141.22,0.0,11.0,1158.57,27.53,53.21,1.0,0.0,490.72,22.24,173.99,24.0,0.0,2243.17,36.769999999999996
United States,Nebraska,Oats,1991,spring,209.02999999999997,0.0,5.0,1069.16,44.050000000000004,55.7,0.0,0.0,346.56999999999994,20.810000000000002,156.63,20.0,1.0,2382.1100000000006,40.699999999999996,192.55,0.0,5.0,1007.6500000000001,44.050000000000004,72.5,0.0,0.0,437.85,26.810000000000002,156.31,20.0,1.0,2352.3400000000006,40.699999999999996
United States,Nebraska,Oats,1992,spring,42.980000000000004,0.0,8.0,1223.16,17.209999999999997,38.13,0.0,0.0,270.63000000000005,17.65,324.31,1.0,0.0,2193.8600000000006,74.27000000000001,35.73,0.0,8.0,1087.0199999999998,17.209999999999997,70.66,0.0,0.0,480.04,25.009999999999998,299.03,1.0,0.0,2120.59,74.27000000000001
United States,Nebraska,Oats,1993,spring,151.40000000000003,0.0,13.0,1070.0800000000002,31.299999999999997,48.64,0.0,0.0,297.83,22.28,435.68000000000006,0.0,0.0,2240.8300000000004,48.650000000000006,156.53000000000003,0.0,13.0,1146.7300000000005,31.299999999999997,134.1,0.0,0.0,481.59000000000003,47.97,345.09,0.0,0.0,1980.42,42.849999999999994
United States,Nebraska,Oats,1994,spring,82.88,0.0,17.0,1209.93,28.93,66.30000000000001,0.0,0.0,380.57,42.83,273.94,4.0,0.0,2388.92,38.599999999999994,80.16,0.0,17.0,1154.17,28.93,69.02000000000001,1.0,0.0,492.22,42.83,273.94,3.0,0.0,2333.03,38.599999999999994
United States,Nebraska,Oats,1995,spring,256.76,0.0,16.0,936.78,81.05,49.199999999999996,0.0,0.0,299.53999999999996,24.19,217.17000000000002,23.0,2.0,2400.6699999999996,40.55,305.93999999999994,0.0,16.0,1162.48,81.05,44.27,0.0,0.0,499.05,36.68,172.92000000000002,23.0,2.0,1975.4599999999998,40.55
United States,Nebraska,Oats,1996,spring,157.95999999999998,0.0,12.0,1081.15,75.03999999999999,35.98,0.0,0.0,379.23,19.21,342.92999999999995,3.0,0.0,2172.83,71.35,177.17,0.0,12.0,1143.3700000000001,75.03999999999999,53.959999999999994,0.0,0.0,492.93,27.9,305.73999999999995,3.0,0.0,1996.9099999999999,71.35
United States,Nebraska,Oats,1997,spring,116.53,0.0,14.0,1096.2500000000002,39.61,25.97,0.0,0.0,356.7300000000001,17.23,300.38,13.0,0.0,2349.4500000000003,44.57000000000001,135.32,0.0,14.0,1263.24,39.61,42.220000000000006,1.0,0.0,447.56,19.84,265.34,12.0,0.0,2091.63,44.57000000000001
United States,Nebraska,Oats,1998,spring,106.17999999999998,0.0,10.0,1224.25,31.060000000000002,80.13999999999999,0.0,0.0,314.12,59.47,243.22,16.0,0.0,2386.669999999999,28.700000000000003,103.62999999999998,0.0,10.0,1194.74,31.060000000000002,120.11999999999999,0.0,0.0,520.25,59.47,205.79,16.0,0.0,2210.0499999999997,26.68
United States,Nebraska,Oats,1999,spring,158.45,0.0,10.0,1091.82,29.39,70.81,0.0,0.0,354.28999999999996,42.08,241.19,12.0,0.0,2337.9599999999996,36.71000000000001,162.42,0.0,10.0,1139.62,29.39,94.54,0.0,0.0,448.59999999999997,42.08,213.49,12.0,0.0,2195.85,36.71000000000001
United States,Nebraska,Oats,2000,spring,99.53000000000002,0.0,10.0,1181.4199999999998,28.04,29.639999999999997,5.0,0.0,384.37,19.46,199.83999999999997,29.0,0.0,2359.71,23.89,85.63000000000001,0.0,10.0,1101.12,28.04,43.54,5.0,0.0,464.67,19.46,199.83999999999997,29.0,0.0,2359.71,23.89
United States,Nebraska,Oats,2001,spring,218.01,0.0,7.0,1207.1999999999998,51.68,36.0,0.0,0.0,301.09999999999997,13.930000000000001,241.62,26.0,0.0,2465.2000000000003,29.79,214.81000000000003,0.0,7.0,1136.58,51.68,48.69,0.0,0.0,487.74,14.829999999999998,232.13,26.0,0.0,2349.1800000000003,29.79
United States,Nebraska,Oats,2002,spring,81.17999999999999,0.0,8.0,1212.89,21.21,28.03,3.0,0.0,397.35,12.870000000000001,144.85000000000002,42.0,0.0,2445.17,29.72,81.17999999999999,0.0,8.0,1212.89,21.21,34.66,3.0,0.0,467.02,12.870000000000001,138.22000000000003,42.0,0.0,2375.4999999999995,29.72
United States,Nebraska,Oats,2003,spring,189.44000000000003,0.0,7.0,1132.97,37.41,44.86999999999999,1.0,0.0,350.78,14.21,141.19,24.0,0.0,2504.5299999999997,31.5,189.44000000000003,0.0,7.0,1104.42,37.41,60.72999999999999,1.0,0.0,502.28,14.21,125.33000000000001,24.0,0.0,2381.58,31.5
United States,Nebraska,Oats,2004,spring,119.83999999999999,2.0,5.0,1247.23,29.89,44.629999999999995,1.0,0.0,384.37,24.89,332.08,10.0,0.0,2350.1700000000005,57.51,111.53999999999999,2.0,5.0,1124.9900000000002,29.89,52.92999999999999,1.0,0.0,506.61,24.89,332.08,10.0,0.0,2350.1700000000005,57.51
United States,Nebraska,Oats,2005,spring,117.61,0.0,9.0,1228.43,37.660000000000004,121.81000000000002,0.0,0.0,304.11,66.10000000000001,168.01000000000005,19.0,0.0,2467.480000000001,50.53999999999999,116.72999999999999,0.0,9.0,1169.0,37.660000000000004,127.83999999999997,0.0,0.0,478.86999999999995,66.1,162.86,19.0,0.0,2352.1499999999996,50.53999999999999
United States,Nebraska,Oats,2006,spring,47.96,2.0,5.0,1282.8999999999999,15.83,24.550000000000004,3.0,0.0,387.28999999999996,11.669999999999998,267.86999999999995,23.0,0.0,2354.4099999999994,42.15,41.540000000000006,0.0,5.0,1082.97,15.83,17.06,2.0,0.0,435.59999999999997,9.16,281.78,26.0,0.0,2506.0299999999993,42.15
United States,Nebraska,Oats,2007,spring,235.57999999999998,0.0,11.0,1180.7,79.11,123.99999999999999,0.0,0.0,336.21000000000004,81.87,251.14000000000001,3.0,0.0,2334.9,26.54,221.41,0.0,11.0,1163.8,79.11,172.59000000000003,0.0,0.0,485.11000000000007,89.82000000000001,216.72,3.0,0.0,2202.8999999999996,26.54
United States,Nebraska,Oats,2008,spring,301.74,0.0,19.0,1158.8400000000001,106.13,66.44,0.0,0.0,373.04999999999995,28.240000000000002,255.05999999999997,4.0,0.0,2454.1800000000003,34.34,336.52,0.0,19.0,1301.35,106.13,57.51,0.0,0.0,548.6099999999999,22.88,229.20999999999998,4.0,0.0,2136.1099999999997,34.34
United States,Nebraska,Oats,2009,spring,140.14999999999998,0.0,12.0,1135.32,24.510000000000005,80.58999999999999,0.0,0.0,277.21,33.7,306.77,1.0,0.0,2353.3699999999994,32.39,141.2,0.0,12.0,1195.4499999999998,24.510000000000005,118.54999999999998,0.0,0.0,446.49,33.7,267.76,1.0,0.0,2123.959999999999,32.39
United States,Nebraska,Oats,2010,spring,128.41,0.0,6.0,1187.33,26.35,200.34,0.0,0.0,334.29999999999995,114.55000000000001,330.09,0.0,0.0,2476.4400000000005,41.0,153.76999999999998,0.0,6.0,1246.6399999999999,26.35,212.06,0.0,0.0,448.02,114.55000000000001,293.00999999999993,0.0,0.0,2303.4100000000003,41.0
United States,Nebraska,Oats,2011,spring,160.14000000000001,0.0,9.0,1091.2699999999998,45.15,19.419999999999998,0.0,0.0,339.6799999999999,9.59,256.96,15.0,0.0,2366.980000000001,38.720000000000006,170.90000000000003,0.0,9.0,1190.4699999999996,45.15,76.78,0.0,0.0,458.59999999999997,38.720000000000006,188.83999999999997,15.0,0.0,2148.86,36.370000000000005
United States,Nebraska,Oats,2012,spring,148.98,0.0,0.0,1224.1,48.63,8.58,1.0,0.0,387.67,5.76,64.58,52.0,0.0,2559.59,12.15,136.3,0.0,0.0,1007.14,48.63,18.94,0.0,0.0,505.89,11.620000000000001,66.9,53.0,0.0,2658.33,12.15
United States,Nebraska,Oats,2013,spring,141.31000000000003,0.0,23.0,1135.22,43.35,47.25,0.0,0.0,371.12999999999994,29.94,276.46000000000004,27.0,0.0,2341.9399999999996,34.06,171.38000000000005,0.0,23.0,1246.08,45.94,45.58,1.0,0.0,483.75000000000006,13.089999999999996,248.06,26.0,0.0,2118.46,34.06
United States,Nebraska,Oats,2014,spring,69.74999999999999,0.0,11.0,1178.73,17.419999999999998,118.98000000000002,0.0,0.0,328.33,64.48,287.07,7.0,0.0,2414.0600000000004,37.85,69.74999999999999,0.0,11.0,1208.77,17.419999999999998,150.23000000000002,0.0,0.0,488.01,64.48,255.82000000000005,7.0,0.0,2224.3399999999997,37.85
United States,Nebraska,Oats,2015,spring,174.17999999999998,0.0,3.0,1073.55,38.989999999999995,61.42000000000001,0.0,0.0,324.90999999999997,28.76,256.39,13.0,0.0,2358.54,43.550000000000004,174.17999999999998,0.0,3.0,1073.55,38.989999999999995,91.44,0.0,0.0,449.14000000000004,28.76,226.37,13.0,0.0,2234.3100000000004,43.550000000000004
United States,Nebraska,Oats,2016,spring,275.09000000000003,0.0,5.0,1164.7099999999998,77.45,17.81,0.0,0.0,437.24,10.42,253.26999999999998,6.0,0.0,2335.67,27.63,285.45000000000005,0.0,5.0,1222.5099999999998,77.45,35.08,1.0,0.0,493.0,30.839999999999996,225.64,5.0,0.0,2222.1099999999997,24.53
United States,Nebraska,Oats,2017,spring,149.45000000000002,0.0,3.0,1155.0600000000002,32.78,6.069999999999999,0.0,0.0,386.86999999999995,3.2,360.21000000000004,14.0,0.0,2392.8700000000003,84.93,149.45000000000002,0.0,3.0,1155.0600000000002,32.78,9.08,0.0,0.0,474.4599999999999,3.2,357.2,14.0,0.0,2305.28,84.93
United States,Nebraska,Oats,2018,spring,212.38,0.0,17.0,1132.3600000000004,79.21000000000001,37.22,0.0,0.0,404.84999999999997,25.15,332.01000000000005,2.0,0.0,2264.8699999999994,40.379999999999995,215.43,0.0,17.0,1172.7100000000003,79.21000000000001,35.629999999999995,2.0,0.0,468.23999999999995,25.15,330.55,0.0,0.0,2161.1299999999997,40.379999999999995
United States,Nebraska,Oats,2019,spring,225.39,0.0,8.0,1096.5700000000002,63.67,43.74,0.0,0.0,394.28,19.77,410.65000000000003,2.0,0.0,2292.1099999999997,49.150000000000006,236.07,0.0,8.0,1217.2800000000004,63.67,74.46999999999998,0.0,0.0,526.82,18.200000000000003,369.24,2.0,0.0,2038.86,49.150000000000006
United States,Nebraska,Oats,2020,spring,145.89,0.0,14.0,1190.7099999999998,49.85000000000001,27.25,0.0,0.0,400.03999999999996,17.03,164.08,12.0,0.0,2454.0400000000004,37.879999999999995,147.03,0.0,14.0,1300.1599999999996,49.85000000000001,32.18000000000001,0.0,0.0,466.65999999999997,17.03,158.01,12.0,0.0,2277.9700000000003,37.879999999999995
United States,Nebraska,Oats,2021,spring,111.15,0.0,15.0,1137.4799999999998,23.28,15.059999999999999,0.0,0.0,397.27,12.75,237.8,17.0,0.0,2373.17,30.369999999999997,123.85000000000001,0.0,15.0,1159.1699999999996,23.28,4.45,3.0,0.0,491.0,2.16,235.71,14.0,0.0,2257.7500000000005,30.369999999999997
United States,Nebraska,Oats,2022,spring,118.33,0.0,14.0,1233.3,43.449999999999996,49.83000000000001,0.0,0.0,346.65000000000003,29.44,151.35000000000002,40.0,0.0,2512.6499999999996,31.92,118.33,0.0,14.0,1233.3,43.449999999999996,52.64000000000001,1.0,0.0,464.93999999999994,29.44,148.54000000000002,39.0,0.0,2394.3599999999997,31.92
United States,Nebraska,Oats,2023,spring,154.98000000000002,0.0,12.0,1268.2,63.870000000000005,45.75,0.0,0.0,356.72,18.11,251.29,18.0,0.0,2416.5699999999997,33.739999999999995,138.89000000000001,0.0,12.0,1214.94,63.870000000000005,61.839999999999996,0.0,0.0,439.27000000000004,23.150000000000002,251.29,18.0,0.0,2387.2799999999993,33.739999999999995
United States,Nebraska,Oats,2024,spring,178.82999999999998,0.0,7.0,1254.72,39.06,61.44,1.0,0.0,370.88,26.209999999999997,181.73,19.0,0.0,2348.17,34.28,178.82999999999998,0.0,7.0,1226.02,39.06,79.73,1.0,0.0,471.34000000000003,26.209999999999997,163.43999999999997,19.0,0.0,2276.41,34.28
United States,Nebraska,Oats,2025,spring,131.60999999999999,0.0,8.0,1160.6499999999999,37.08,66.78,0.0,0.0,357.75,47.47,366.68000000000006,14.0,0.0,2263.9900000000002,62.83,105.31,0.0,8.0,1124.81,32.52,98.02000000000001,0.0,0.0,473.02000000000004,47.47,361.74000000000007,14.0,0.0,2184.5600000000004,62.83
United States,North Dakota,Wheat,1990,spring,165.84,0.0,25.0,1560.0600000000002,34.199999999999996,73.1,0.0,0.0,454.34000000000003,29.08,126.04999999999998,0.0,0.0,1782.72,21.9,186.31000000000003,0.0,25.0,1644.5299999999997,34.199999999999996,52.629999999999995,0.0,0.0,369.87,29.08,126.04999999999998,0.0,0.0,1782.72,21.9
United States,North Dakota,Wheat,1991,spring,163.24999999999997,0.0,19.0,1462.97,27.88,63.82,0.0,0.0,331.68,25.57,145.52,5.0,2.0,1735.29,30.36,146.92,0.0,19.0,1301.8400000000001,27.88,50.82,0.0,0.0,334.76,24.58,174.84999999999997,5.0,2.0,1893.3400000000001,30.36
United States,North Dakota,Wheat,1992,spring,114.42,0.0,21.0,1588.8,28.580000000000002,35.260000000000005,0.0,0.0,350.88,23.060000000000002,115.49000000000001,1.0,2.0,1615.52,19.75,108.46000000000001,0.0,21.0,1578.51,28.580000000000002,41.220000000000006,0.0,0.0,361.17,23.060000000000002,115.49000000000001,1.0,2.0,1615.52,19.75
United States,North Dakota,Wheat,1993,spring,185.53999999999996,0.0,20.0,1476.3200000000002,46.53,89.27000000000001,0.0,0.0,373.24,46.07,289.64,0.0,1.0,1536.94,58.73,188.9,0.0,20.0,1594.0700000000002,46.53,105.77999999999999,0.0,0.0,370.18000000000006,46.07,269.77,0.0,1.0,1422.25,58.73
United States,North Dakota,Wheat,1994,spring,152.13,0.0,23.0,1592.38,34.46000000000001,31.22,0.0,0.0,415.01000000000005,10.14,148.21,0.0,0.0,1668.1599999999999,43.599999999999994,152.13,0.0,23.0,1592.38,34.46000000000001,25.83,0.0,0.0,364.11,10.14,153.60000000000002,0.0,0.0,1719.06,43.599999999999994
United States,North Dakota,Wheat,1995,spring,138.23000000000002,0.0,24.0,1507.77,41.95,63.99,0.0,0.0,299.59999999999997,25.31,146.84,3.0,3.0,1765.57,30.909999999999997,173.34000000000003,0.0,24.0,1628.4799999999998,41.95,32.75,0.0,0.0,335.3,23.63,142.97,3.0,3.0,1609.1599999999999,30.909999999999997
United States,North Dakota,Wheat,1996,spring,107.53999999999998,0.0,30.0,1465.89,19.92,53.85000000000001,0.0,0.0,384.87,22.89,155.51,3.0,1.0,1671.37,28.75,150.19000000000003,0.0,30.0,1642.8600000000001,22.89,25.919999999999998,0.0,0.0,344.59000000000003,9.39,140.79,3.0,1.0,1534.68,28.75
United States,North Dakota,Wheat,1997,spring,113.29,0.0,22.0,1678.92,63.24,83.57,0.0,0.0,366.90000000000003,51.059999999999995,98.19999999999999,2.0,0.0,1741.3600000000001,25.54,115.53,0.0,22.0,1730.91,63.24,81.64999999999999,0.0,0.0,369.87,51.059999999999995,97.88,2.0,0.0,1686.4,25.54
United States,North Dakota,Wheat,1998,spring,128.4,0.0,11.0,1590.34,19.34,71.53,0.0,0.0,347.26000000000005,20.46,155.32999999999998,2.0,0.0,1833.35,34.59,109.22,0.0,11.0,1562.9399999999998,17.810000000000002,71.43,0.0,0.0,306.55,33.01,174.60999999999999,2.0,0.0,1901.46,51.5
United States,North Dakota,Wheat,1999,spring,241.70000000000002,0.0,14.0,1563.8599999999997,59.99,43.99,0.0,0.0,374.16999999999996,11.77,208.33,3.0,2.0,1691.6100000000001,72.05000000000001,253.47000000000003,0.0,14.0,1621.04,59.99,40.04,0.0,0.0,404.85,11.64,200.51,3.0,2.0,1603.7499999999998,72.05000000000001
United States,North Dakota,Wheat,2000,spring,234.45,0.0,21.0,1508.5099999999998,79.42999999999999,37.62,0.0,0.0,387.99,19.72,168.13,3.0,1.0,1689.7199999999998,23.68,237.59,0.0,21.0,1574.3500000000001,79.42999999999999,41.99,0.0,0.0,363.63,22.439999999999998,160.62,3.0,1.0,1648.2399999999998,23.68
United States,North Dakota,Wheat,2001,spring,175.56,0.0,19.0,1564.2,40.019999999999996,26.040000000000003,0.0,0.0,399.29999999999995,17.84,145.67000000000002,6.0,1.0,1766.21,36.27,190.76,0.0,19.0,1573.75,40.019999999999996,10.810000000000002,0.0,0.0,361.0200000000001,4.529999999999999,145.7,6.0,1.0,1794.94,36.27
United States,North Dakota,Wheat,2002,spring,130.01,0.0,33.0,1533.0599999999997,38.78,28.51,2.0,0.0,439.06999999999994,13.73,140.42,8.0,2.0,1666.6100000000001,21.98,149.87,0.0,33.0,1717.12,38.78,11.08,3.0,0.0,327.35,8.08,137.98999999999998,7.0,2.0,1594.2699999999998,20.72
United States,North Dakota,Wheat,2003,spring,219.88,0.0,11.0,1435.91,30.939999999999998,30.650000000000002,0.0,0.0,402.25,11.479999999999999,124.44,10.0,1.0,1732.77,35.290000000000006,219.88,0.0,11.0,1435.91,30.939999999999998,30.310000000000002,0.0,0.0,372.59,11.479999999999999,124.77999999999999,10.0,1.0,1762.43,35.290000000000006
United States,North Dakota,Wheat,2004,spring,188.22999999999996,0.0,26.0,1543.5900000000001,47.27,20.57,0.0,0.0,423.63,13.67,162.39,1.0,0.0,1603.52,23.200000000000003,189.36,0.0,26.0,1729.4699999999998,47.27,45.839999999999996,0.0,0.0,371.7,15.100000000000001,135.99,1.0,0.0,1469.5700000000002,23.200000000000003
United States,North Dakota,Wheat,2005,spring,201.71,0.0,16.0,1509.5300000000004,55.34,124.55,0.0,0.0,396.03000000000003,61.620000000000005,116.61,2.0,0.0,1744.2600000000002,21.4,201.71,0.0,16.0,1509.5300000000004,55.34,115.36,0.0,0.0,324.09,61.620000000000005,125.8,2.0,0.0,1816.1999999999998,21.4
United States,North Dakota,Wheat,2006,spring,118.08000000000003,0.0,14.0,1580.39,23.65,19.21,0.0,0.0,435.71,14.340000000000002,147.32,10.0,1.0,1742.35,27.78,91.04,0.0,14.0,1408.9300000000003,23.65,43.82,0.0,0.0,367.85,17.98,149.75000000000003,10.0,1.0,1981.67,27.78
United States,North Dakota,Wheat,2007,spring,323.38,0.0,16.0,1527.9899999999998,59.44,15.42,0.0,0.0,434.66999999999996,7.37,129.08,6.0,0.0,1714.37,29.71,305.45,0.0,16.0,1512.5999999999997,59.44,25.97,0.0,0.0,348.9,18.54,136.46,6.0,0.0,1815.5299999999997,29.71
United States,North Dakota,Wheat,2008,spring,172.67999999999998,0.0,26.0,1527.28,54.36,19.659999999999997,0.0,0.0,446.5799999999999,8.84,205.47000000000003,0.0,0.0,1762.4699999999998,25.43,185.21000000000004,0.0,26.0,1709.0900000000001,54.36,17.650000000000002,0.0,0.0,390.88,9.29,194.95,0.0,0.0,1636.3599999999997,25.43
United States,North Dakota,Wheat,2009,spring,143.14000000000001,0.0,24.0,1576.0600000000002,35.39,38.410000000000004,0.0,0.0,430.63,29.400000000000002,131.60000000000002,1.0,0.0,1681.5,29.119999999999997,176.63999999999996,0.0,24.0,1804.8899999999996,35.39,49.98,0.0,0.0,399.63,29.119999999999997,86.53000000000002,1.0,0.0,1483.6699999999998,28.5
United States,North Dakota,Wheat,2010,spring,223.08,0.0,15.0,1490.9199999999998,38.58,68.92,0.0,0.0,407.17999999999995,30.540000000000003,236.54,3.0,1.0,1692.6100000000001,57.05,226.63,0.0,15.0,1521.3899999999999,39.910000000000004,65.34,0.0,0.0,350.18999999999994,30.54,236.57,3.0,1.0,1719.1299999999999,57.05
United States,North Dakota,Wheat,2011,spring,231.73000000000002,0.0,20.0,1403.3200000000002,54.41,57.900000000000006,0.0,0.0,380.95,30.450000000000003,223.60000000000002,0.0,0.0,1746.21,35.29,277.86,0.0,20.0,1594.29,54.41,43.63000000000001,0.0,0.0,355.91,26.990000000000002,191.74,0.0,0.0,1580.28,35.29
United States,North Dakota,Wheat,2012,spring,174.74999999999997,0.0,11.0,1518.3299999999997,26.87,15.089999999999998,0.0,0.0,416.04999999999995,9.959999999999999,95.72999999999999,5.0,1.0,1697.77,24.4,156.11999999999998,0.0,11.0,1459.4299999999998,26.87,29.85,0.0,0.0,350.95,18.63,99.60000000000002,5.0,1.0,1821.7700000000002,24.43
United States,North Dakota,Wheat,2013,spring,263.79,0.0,32.0,1485.8500000000001,68.52,56.720000000000006,0.0,0.0,426.65,38.66,161.48999999999998,1.0,0.0,1690.01,47.76,317.16,0.0,32.0,1687.1100000000001,68.52,24.53,0.0,0.0,374.09000000000003,12.69,140.31,1.0,0.0,1541.3100000000002,47.76
United States,North Dakota,Wheat,2014,spring,150.76,0.0,27.0,1494.4500000000003,36.02,93.05999999999999,0.0,0.0,336.17,51.81,195.95000000000002,0.0,1.0,1651.7,49.75,172.94,0.0,27.0,1628.8,36.02,76.92,0.0,0.0,340.20000000000005,51.81,189.91,0.0,1.0,1513.32,49.75
United States,North Dakota,Wheat,2015,spring,168.04000000000002,0.0,18.0,1556.6700000000003,33.57000000000001,49.53999999999999,0.0,0.0,399.15,24.95,120.16,6.0,0.0,1764.01,29.419999999999998,180.63,0.0,18.0,1604.1999999999998,33.57000000000001,36.37,0.0,0.0,327.26,19.88,120.74,6.0,0.0,1788.37,29.419999999999998
United States,North Dakota,Wheat,2016,spring,167.64999999999995,0.0,16.0,1625.4399999999998,33.35,16.35,0.0,0.0,446.43,7.0,196.14,2.0,0.0,1656.96,23.990000000000002,163.15999999999997,0.0,16.0,1565.8999999999999,33.35,15.509999999999998,0.0,0.0,414.15000000000003,7.0,201.47,2.0,0.0,1748.7800000000002,23.99
United States,North Dakota,Wheat,2017,spring,88.01,1.0,14.0,1682.98,33.21,19.17,1.0,0.0,419.81,11.399999999999999,177.15000000000003,5.0,0.0,1710.44,26.89,82.26,1.0,14.0,1606.8,32.49,22.140000000000004,0.0,0.0,392.16999999999996,11.399999999999999,179.93,6.0,0.0,1814.2600000000002,26.89
United States,North Dakota,Wheat,2018,spring,162.16,0.0,21.0,1619.55,41.05,66.10999999999999,0.0,0.0,411.42,26.77,116.22999999999999,5.0,2.0,1699.5299999999997,19.770000000000003,145.95999999999998,0.0,21.0,1543.01,41.05,44.63,0.0,0.0,332.87,16.12,153.90999999999997,5.0,2.0,1854.62,23.1
United States,North Dakota,Wheat,2019,spring,130.85,0.0,23.0,1504.15,27.04,67.89,0.0,0.0,375.84999999999997,32.230000000000004,344.20000000000005,0.0,0.0,1618.72,46.25,163.28,0.0,23.0,1598.6200000000003,32.230000000000004,38.04,0.0,0.0,346.78000000000003,18.36,341.62,0.0,0.0,1553.3200000000004,46.25
United States,North Dakota,Wheat,2020,spring,73.44,0.0,27.0,1658.7200000000003,19.75,68.80999999999999,0.0,0.0,423.45,54.78,102.49000000000001,3.0,0.0,1796.67,16.95,75.29,0.0,27.0,1759.2199999999998,19.75,66.96000000000001,0.0,0.0,322.94999999999993,54.78,102.49000000000001,3.0,0.0,1796.67,16.95
United States,North Dakota,Wheat,2021,spring,92.92000000000002,1.0,20.0,1639.9,30.55,31.35,3.0,0.0,434.90999999999997,18.48,144.61,11.0,0.0,1583.67,46.13000000000001,92.88000000000001,1.0,20.0,1518.5000000000002,30.55,30.930000000000003,1.0,0.0,382.85,18.48,145.07000000000002,13.0,0.0,1757.1299999999999,46.13000000000001
United States,North Dakota,Wheat,2022,spring,228.03000000000003,0.0,29.0,1458.1200000000001,47.36,43.27,1.0,0.0,438.0199999999999,20.979999999999997,111.63,4.0,0.0,1755.69,21.43,248.04999999999998,1.0,29.0,1676.9800000000002,47.36,50.38999999999999,0.0,0.0,350.1299999999999,21.43,84.49000000000001,4.0,0.0,1624.7200000000003,17.939999999999998
United States,North Dakota,Wheat,2023,spring,156.16,0.0,20.0,1571.7099999999998,54.23,75.69,0.0,0.0,377.81,46.28,177.49,3.0,0.0,1604.98,30.410000000000004,134.19,0.0,20.0,1441.24,54.23,80.53999999999999,0.0,0.0,311.27,46.28,194.61,3.0,0.0,1801.9899999999998,30.410000000000004
United States,North Dakota,Wheat,2024,spring,197.45000000000002,0.0,14.0,1580.81,35.519999999999996,71.84,0.0,0.0,363.33,15.03,114.28999999999999,3.0,0.0,1649.74,31.05,197.45000000000002,0.0,14.0,1580.81,35.519999999999996,71.84,0.0,0.0,363.33,15.03,114.28999999999999,3.0,0.0,1649.74,31.05
United States,North Dakota,Wheat,2025,spring,229.42999999999998,2.0,17.0,1518.24,91.25,21.71,0.0,0.0,391.65999999999997,8.04,174.54000000000002,2.0,0.0,1618.47,35.97,227.01,2.0,17.0,1490.91,91.25,17.490000000000002,0.0,0.0,349.99,8.04,181.18,2.0,0.0,1687.4699999999998,35.97
United States,North Dakota,Barley,1990,spring,165.84,0.0,25.0,1560.0600000000002,34.199999999999996,73.1,0.0,0.0,454.34000000000003,29.08,126.04999999999998,0.0,0.0,1782.72,21.9,187.25000000000003,0.0,25.0,1668.4199999999998,34.199999999999996,51.69,0.0,0.0,345.98,29.08,126.04999999999998,0.0,0.0,1782.72,21.9
United States,North Dakota,Barley,1991,spring,163.24999999999997,0.0,19.0,1462.97,27.88,63.82,0.0,0.0,331.68,25.57,145.52,5.0,2.0,1735.29,30.36,146.92,0.0,19.0,1301.8400000000001,27.88,50.82,0.0,0.0,334.76,24.58,174.84999999999997,5.0,2.0,1893.3400000000001,30.36
United States,North Dakota,Barley,1992,spring,114.42,0.0,21.0,1588.8,28.580000000000002,35.260000000000005,0.0,0.0,350.88,23.060000000000002,115.49000000000001,1.0,2.0,1615.52,19.75,108.46000000000001,0.0,21.0,1578.51,28.580000000000002,41.220000000000006,0.0,0.0,361.17,23.060000000000002,115.49000000000001,1.0,2.0,1615.52,19.75
United States,North Dakota,Barley,1993,spring,185.53999999999996,0.0,20.0,1476.3200000000002,46.53,89.27000000000001,0.0,0.0,373.24,46.07,289.64,0.0,1.0,1536.94,58.73,200.86,0.0,20.0,1613.8400000000001,46.53,93.82000000000001,0.0,0.0,350.40999999999997,46.07,269.77,0.0,1.0,1422.25,58.73
United States,North Dakota,Barley,1994,spring,152.13,0.0,23.0,1592.38,34.46000000000001,31.22,0.0,0.0,415.01000000000005,10.14,148.21,0.0,0.0,1668.1599999999999,43.599999999999994,154.06,0.0,23.0,1608.3000000000002,34.46000000000001,27.63,0.0,0.0,371.11,10.14,149.86999999999998,0.0,0.0,1696.1399999999999,43.599999999999994
United States,North Dakota,Barley,1995,spring,138.23000000000002,0.0,24.0,1507.77,41.95,63.99,0.0,0.0,299.59999999999997,25.31,146.84,3.0,3.0,1765.57,30.909999999999997,173.34000000000003,0.0,24.0,1628.4799999999998,41.95,36.13,0.0,0.0,363.82,23.63,139.59,3.0,3.0,1580.6399999999999,30.57
United States,North Dakota,Barley,1996,spring,107.53999999999998,0.0,30.0,1465.89,19.92,53.85000000000001,0.0,0.0,384.87,22.89,155.51,3.0,1.0,1671.37,28.75,150.19000000000003,0.0,30.0,1642.8600000000001,22.89,25.919999999999998,0.0,0.0,344.59000000000003,9.39,140.79,3.0,1.0,1534.68,28.75
United States,North Dakota,Barley,1997,spring,113.29,0.0,22.0,1678.92,63.24,83.57,0.0,0.0,366.90000000000003,51.059999999999995,98.19999999999999,2.0,0.0,1741.3600000000001,25.54,115.96000000000001,0.0,22.0,1756.0400000000002,63.24,81.22,0.0,0.0,344.74,51.059999999999995,97.88,2.0,0.0,1686.4,25.54
United States,North Dakota,Barley,1998,spring,128.4,0.0,11.0,1590.34,19.34,71.53,0.0,0.0,347.26000000000005,20.46,155.32999999999998,2.0,0.0,1833.35,34.59,109.99,0.0,11.0,1583.1,17.810000000000002,70.66,0.0,0.0,286.39,32.98,174.60999999999999,2.0,0.0,1901.46,51.5
United States,North Dakota,Barley,1999,spring,241.70000000000002,0.0,14.0,1563.8599999999997,59.99,43.99,0.0,0.0,374.16999999999996,11.77,208.33,3.0,2.0,1691.6100000000001,72.05000000000001,254.79000000000002,0.0,14.0,1644.3899999999999,59.99,38.72,0.0,0.0,381.5,11.64,200.51,3.0,2.0,1603.7499999999998,72.05000000000001
United States,North Dakota,Barley,2000,spring,234.45,0.0,21.0,1508.5099999999998,79.42999999999999,37.62,0.0,0.0,387.99,19.72,168.13,3.0,1.0,1689.7199999999998,23.68,237.59,0.0,21.0,1574.3500000000001,79.42999999999999,41.99,0.0,0.0,363.63,22.439999999999998,160.62,3.0,1.0,1648.2399999999998,23.68
United States,North Dakota,Barley,2001,spring,175.56,0.0,19.0,1564.2,40.019999999999996,26.040000000000003,0.0,0.0,399.29999999999995,17.84,145.67000000000002,6.0,1.0,1766.21,36.27,190.76,0.0,19.0,1573.75,40.019999999999996,10.810000000000002,0.0,0.0,361.0200000000001,4.529999999999999,145.7,6.0,1.0,1794.94,36.27
United States,North Dakota,Barley,2002,spring,130.01,0.0,33.0,1533.0599999999997,38.78,28.51,2.0,0.0,439.06999999999994,13.73,140.42,8.0,2.0,1666.6100000000001,21.98,149.87,0.0,33.0,1717.12,38.78,11.08,3.0,0.0,327.35,8.08,137.98999999999998,7.0,2.0,1594.2699999999998,20.72
United States,North Dakota,Barley,2003,spring,219.88,0.0,11.0,1435.91,30.939999999999998,30.650000000000002,0.0,0.0,402.25,11.479999999999999,124.44,10.0,1.0,1732.77,35.290000000000006,219.88,0.0,11.0,1467.21,30.939999999999998,30.310000000000002,0.0,0.0,341.28999999999996,11.479999999999999,124.77999999999999,10.0,1.0,1762.43,35.290000000000006
United States,North Dakota,Barley,2004,spring,188.22999999999996,0.0,26.0,1543.5900000000001,47.27,20.57,0.0,0.0,423.63,13.67,162.39,1.0,0.0,1603.52,23.200000000000003,189.38000000000002,0.0,26.0,1754.4499999999998,47.27,45.81999999999999,0.0,0.0,346.72,15.100000000000001,135.99,1.0,0.0,1469.5700000000002,23.200000000000003
United States,North Dakota,Barley,2005,spring,201.71,0.0,16.0,1509.5300000000004,55.34,124.55,0.0,0.0,396.03000000000003,61.620000000000005,116.61,2.0,0.0,1744.2600000000002,21.4,201.71,0.0,16.0,1509.5300000000004,55.34,115.36,0.0,0.0,324.09,61.620000000000005,125.8,2.0,0.0,1816.1999999999998,21.4
United States,North Dakota,Barley,2006,spring,118.08000000000003,0.0,14.0,1580.39,23.65,19.21,0.0,0.0,435.71,14.340000000000002,147.32,10.0,1.0,1742.35,27.78,103.72,0.0,14.0,1414.3900000000003,23.65,31.14,0.0,0.0,362.39,14.340000000000002,149.75000000000003,10.0,1.0,1981.67,27.78
United States,North Dakota,Barley,2007,spring,323.38,0.0,16.0,1527.9899999999998,59.44,15.42,0.0,0.0,434.66999999999996,7.37,129.08,6.0,0.0,1714.37,29.71,305.45,0.0,16.0,1512.5999999999997,59.44,28.66,0.0,0.0,367.07,18.54,133.77,6.0,0.0,1797.36,29.71
United States,North Dakota,Barley,2008,spring,172.67999999999998,0.0,26.0,1527.28,54.36,19.659999999999997,0.0,0.0,446.5799999999999,8.84,205.47000000000003,0.0,0.0,1762.4699999999998,25.43,185.32000000000005,0.0,26.0,1739.5100000000002,54.36,17.54,0.0,0.0,360.46000000000004,9.29,194.95,0.0,0.0,1636.3599999999997,25.43
United States,North Dakota,Barley,2009,spring,143.14000000000001,0.0,24.0,1576.0600000000002,35.39,38.410000000000004,0.0,0.0,430.63,29.400000000000002,131.60000000000002,1.0,0.0,1681.5,29.119999999999997,178.35000000000002,0.0,24.0,1823.85,35.39,48.269999999999996,0.0,0.0,380.66999999999996,29.119999999999997,86.53000000000002,1.0,0.0,1483.6699999999998,28.5
United States,North Dakota,Barley,2010,spring,223.08,0.0,15.0,1490.9199999999998,38.58,68.92,0.0,0.0,407.17999999999995,30.540000000000003,236.54,3.0,1.0,1692.6100000000001,57.05,226.63,0.0,15.0,1521.3899999999999,39.910000000000004,65.34,0.0,0.0,350.18999999999994,30.54,236.57,3.0,1.0,1719.1299999999999,57.05
United States,North Dakota,Barley,2011,spring,231.73000000000002,0.0,20.0,1403.3200000000002,54.41,57.900000000000006,0.0,0.0,380.95,30.450000000000003,223.60000000000002,0.0,0.0,1746.21,35.29,277.86,0.0,20.0,1594.29,54.41,43.63000000000001,0.0,0.0,355.91,26.990000000000002,191.74,0.0,0.0,1580.28,35.29
United States,North Dakota,Barley,2012,spring,174.74999999999997,0.0,11.0,1518.3299999999997,26.87,15.089999999999998,0.0,0.0,416.04999999999995,9.959999999999999,95.72999999999999,5.0,1.0,1697.77,24.4,156.11999999999998,0.0,11.0,1459.4299999999998,26.87,29.85,0.0,0.0,350.95,18.63,99.60000000000002,5.0,1.0,1821.7700000000002,24.43
United States,North Dakota,Barley,2013,spring,263.79,0.0,32.0,1485.8500000000001,68.52,56.720000000000006,0.0,0.0,426.65,38.66,161.48999999999998,1.0,0.0,1690.01,47.76,317.16,0.0,32.0,1687.1100000000001,68.52,25.380000000000003,0.0,0.0,402.27000000000004,12.69,139.46,1.0,0.0,1513.13,47.76
United States,North Dakota,Barley,2014,spring,150.76,0.0,27.0,1494.4500000000003,36.02,93.05999999999999,0.0,0.0,336.17,51.81,195.95000000000002,0.0,1.0,1651.7,49.75,185.28,0.0,27.0,1646.33,36.02,64.58000000000001,0.0,0.0,322.67,51.81,189.91,0.0,1.0,1513.32,49.75
United States,North Dakota,Barley,2015,spring,168.04000000000002,0.0,18.0,1556.6700000000003,33.57000000000001,49.53999999999999,0.0,0.0,399.15,24.95,120.16,6.0,0.0,1764.01,29.419999999999998,180.63,0.0,18.0,1604.1999999999998,33.57000000000001,36.949999999999996,0.0,0.0,351.62,19.88,120.16,6.0,0.0,1764.01,29.419999999999998
United States,North Dakota,Barley,2016,spring,167.64999999999995,0.0,16.0,1625.4399999999998,33.35,16.35,0.0,0.0,446.43,7.0,196.14,2.0,0.0,1656.96,23.990000000000002,163.15999999999997,0.0,16.0,1565.8999999999999,33.35,15.509999999999998,0.0,0.0,414.15000000000003,7.0,201.47,2.0,0.0,1748.7800000000002,23.99
United States,North Dakota,Barley,2017,spring,88.01,1.0,14.0,1682.98,33.21,19.17,1.0,0.0,419.81,11.399999999999999,177.15000000000003,5.0,0.0,1710.44,26.89,82.26,1.0,14.0,1606.8,32.49,22.140000000000004,0.0,0.0,392.16999999999996,11.399999999999999,179.93,6.0,0.0,1814.2600000000002,26.89
United States,North Dakota,Barley,2018,spring,162.16,0.0,21.0,1619.55,41.05,66.10999999999999,0.0,0.0,411.42,26.77,116.22999999999999,5.0,2.0,1699.5299999999997,19.770000000000003,148.14999999999998,0.0,21.0,1569.72,41.05,42.44,0.0,0.0,306.15999999999997,15.43,153.90999999999997,5.0,2.0,1854.62,23.1
United States,North Dakota,Barley,2019,spring,130.85,0.0,23.0,1504.15,27.04,67.89,0.0,0.0,375.84999999999997,32.230000000000004,344.20000000000005,0.0,0.0,1618.72,46.25,163.29,0.0,23.0,1624.1700000000003,32.230000000000004,38.03000000000001,0.0,0.0,321.2300000000001,18.36,341.62,0.0,0.0,1553.3200000000004,46.25
United States,North Dakota,Barley,2020,spring,73.44,0.0,27.0,1658.7200000000003,19.75,68.80999999999999,0.0,0.0,423.45,54.78,102.49000000000001,3.0,0.0,1796.67,16.95,75.29,0.0,27.0,1759.2199999999998,19.75,66.96000000000001,0.0,0.0,322.94999999999993,54.78,102.49000000000001,3.0,0.0,1796.67,16.95
United States,North Dakota,Barley,2021,spring,92.92000000000002,1.0,20.0,1639.9,30.55,31.35,3.0,0.0,434.90999999999997,18.48,144.61,11.0,0.0,1583.67,46.13000000000001,92.88000000000001,1.0,20.0,1549.8400000000001,30.55,30.930000000000003,1.0,0.0,351.51,18.48,145.07000000000002,13.0,0.0,1757.1299999999999,46.13000000000001
United States,North Dakota,Barley,2022,spring,228.03000000000003,0.0,29.0,1458.1200000000001,47.36,43.27,1.0,0.0,438.0199999999999,20.979999999999997,111.63,4.0,0.0,1755.69,21.43,248.04999999999998,1.0,29.0,1676.9800000000002,47.36,50.38999999999999,0.0,0.0,350.1299999999999,21.43,84.49000000000001,4.0,0.0,1624.7200000000003,17.939999999999998
United States,North Dakota,Barley,2023,spring,156.16,0.0,20.0,1571.7099999999998,54.23,75.69,0.0,0.0,377.81,46.28,177.49,3.0,0.0,1604.98,30.410000000000004,134.19,0.0,20.0,1441.24,54.23,80.53999999999999,0.0,0.0,311.27,46.28,194.61,3.0,0.0,1801.9899999999998,30.410000000000004
United States,North Dakota,Barley,2024,spring,197.45000000000002,0.0,14.0,1580.81,35.519999999999996,71.84,0.0,0.0,363.33,15.03,114.28999999999999,3.0,0.0,1649.74,31.05,212.06,0.0,14.0,1586.86,35.519999999999996,57.230000000000004,0.0,0.0,357.28,15.03,114.28999999999999,3.0,0.0,1649.74,31.05
United States,North Dakota,Barley,2025,spring,229.42999999999998,2.0,17.0,1518.24,91.25,21.71,0.0,0.0,391.65999999999997,8.04,174.54000000000002,2.0,0.0,1618.47,35.97,229.42999999999998,2.0,17.0,1518.24,91.25,15.070000000000002,0.0,0.0,322.65999999999997,8.04,181.18,2.0,0.0,1687.4699999999998,35.97
United States,North Dakota,Oats,1990,spring,186.31000000000003,0.0,25.0,1644.5299999999997,34.199999999999996,52.629999999999995,0.0,0.0,369.87,29.08,126.04999999999998,0.0,0.0,1782.72,21.9,127.77,0.0,25.0,1402.5300000000002,34.16,91.51000000000002,0.0,0.0,501.95,34.199999999999996,145.71,0.0,0.0,1892.6399999999999,21.9
United States,North Dakota,Oats,1991,spring,187.81,0.0,19.0,1516.67,27.88,39.25999999999999,0.0,0.0,277.97999999999996,25.57,145.52,5.0,2.0,1735.29,30.36,120.48000000000002,0.0,19.0,1081.3000000000002,27.88,67.37,0.0,0.0,459.8099999999999,24.58,184.73999999999998,5.0,2.0,1988.83,30.36
United States,North Dakota,Oats,1992,spring,120.22,0.0,21.0,1647.7,28.580000000000002,29.46,0.0,0.0,291.97999999999996,23.060000000000002,115.49000000000001,1.0,2.0,1615.52,19.75,77.07000000000001,0.0,21.0,1322.43,23.59,48.36999999999999,0.0,0.0,504.53000000000003,28.580000000000002,139.73,1.0,2.0,1728.2399999999998,23.060000000000002
United States,North Dakota,Oats,1993,spring,186.69,0.0,20.0,1563.2900000000002,46.53,88.12,0.0,0.0,286.27,46.07,289.64,0.0,1.0,1536.94,58.73,172.0,0.0,20.0,1334.03,46.53,102.81,0.0,0.0,515.53,46.07,289.64,0.0,1.0,1536.94,58.73
United States,North Dakota,Oats,1994,spring,159.2,0.0,23.0,1653.04,34.46000000000001,24.150000000000002,0.0,0.0,354.35,10.14,148.21,0.0,0.0,1668.1599999999999,43.599999999999994,89.56,0.0,23.0,1385.4,28.77,87.51000000000002,0.0,0.0,431.41,34.46,154.49,0.0,0.0,1858.7400000000002,43.599999999999994
United States,North Dakota,Oats,1995,spring,153.86,0.0,24.0,1576.47,41.95,48.36,0.0,0.0,230.89999999999995,23.629999999999995,146.84,3.0,3.0,1765.57,30.909999999999997,138.19000000000003,0.0,24.0,1449.56,41.95,64.99,0.0,0.0,413.13,25.31,145.88000000000002,3.0,3.0,1710.2499999999998,30.909999999999997
United States,North Dakota,Oats,1996,spring,120.33,0.0,30.0,1540.82,19.92,41.059999999999995,0.0,0.0,309.93999999999994,22.89,155.51,3.0,1.0,1671.37,28.75,107.47999999999998,0.0,30.0,1408.7700000000002,19.92,54.510000000000005,0.0,0.0,458.51,22.89,154.90999999999997,3.0,1.0,1654.85,28.75
United States,North Dakota,Oats,1997,spring,115.53,0.0,22.0,1730.91,63.24,81.33,0.0,0.0,314.91,51.059999999999995,98.19999999999999,2.0,0.0,1741.3600000000001,25.54,101.11,0.0,22.0,1506.0,63.24,53.18,0.0,0.0,463.62,20.740000000000002,140.77000000000004,2.0,0.0,1817.5600000000002,42.29
United States,North Dakota,Oats,1998,spring,143.33000000000004,0.0,11.0,1631.48,33.01,56.60000000000001,0.0,0.0,306.12,20.459999999999997,155.32999999999998,2.0,0.0,1833.35,34.59,79.38999999999999,0.0,11.0,1274.76,17.810000000000002,97.05,0.0,0.0,480.38,33.01,178.82,2.0,0.0,2015.81,51.5
United States,North Dakota,Oats,1999,spring,253.47000000000003,0.0,14.0,1621.04,59.99,32.22,0.0,0.0,316.99,11.64,208.33,3.0,2.0,1691.6100000000001,72.05000000000001,235.12,0.0,14.0,1355.0799999999997,59.99,44.39,0.0,0.0,543.0500000000001,11.77,214.51000000000002,3.0,2.0,1731.5099999999998,72.05000000000001
United States,North Dakota,Oats,2000,spring,237.59,0.0,21.0,1574.3500000000001,79.42999999999999,34.480000000000004,0.0,0.0,322.15,19.72,168.13,3.0,1.0,1689.7199999999998,23.68,134.69999999999996,0.0,21.0,1341.2000000000003,28.4,117.65,0.0,0.0,518.8,79.42999999999999,187.85,3.0,1.0,1726.22,23.68
United States,North Dakota,Oats,2001,spring,193.4,0.0,19.0,1620.29,40.019999999999996,8.2,0.0,0.0,343.21000000000004,4.529999999999999,145.67000000000002,6.0,1.0,1766.21,36.27,100.55000000000001,0.0,19.0,1309.99,15.559999999999999,97.1,0.0,0.0,502.75,40.019999999999996,149.62,6.0,1.0,1916.9699999999996,36.27
United States,North Dakota,Oats,2002,spring,135.82999999999998,0.0,33.0,1597.04,38.78,22.69,2.0,0.0,375.09000000000003,13.73,140.42,8.0,2.0,1666.6100000000001,21.98,126.18999999999998,0.0,33.0,1485.9499999999998,38.78,24.779999999999998,2.0,0.0,466.78,13.73,147.97,8.0,2.0,1686.01,21.98
United States,North Dakota,Oats,2003,spring,221.73,0.0,11.0,1527.2,30.939999999999998,28.8,0.0,0.0,310.96,11.479999999999999,124.44,10.0,1.0,1732.77,35.290000000000006,180.1,0.0,11.0,1204.1,30.939999999999998,60.669999999999995,0.0,0.0,500.43999999999994,28.589999999999996,134.2,10.0,1.0,1866.3899999999999,35.290000000000006
United States,North Dakota,Oats,2004,spring,188.28,0.0,26.0,1630.4999999999998,47.27,20.519999999999996,0.0,0.0,336.7200000000001,13.67,162.39,1.0,0.0,1603.52,23.200000000000003,176.03999999999996,0.0,26.0,1382.2500000000002,40.89,39.66,0.0,0.0,617.22,13.67,155.49,1.0,0.0,1571.2700000000002,23.200000000000003
United States,North Dakota,Oats,2005,spring,213.06,0.0,16.0,1594.4499999999998,55.34,113.19999999999999,0.0,0.0,311.11,61.620000000000005,116.61,2.0,0.0,1744.2600000000002,21.4,132.13000000000002,0.0,16.0,1242.8500000000001,32.04,118.92,0.0,0.0,493.32,55.34,191.82000000000002,2.0,0.0,1913.65,61.620000000000005
United States,North Dakota,Oats,2006,spring,119.71000000000001,0.0,14.0,1655.69,23.65,17.580000000000002,0.0,0.0,360.40999999999997,14.340000000000002,147.32,10.0,1.0,1742.35,27.78,75.68,0.0,14.0,1153.24,23.65,44.03,0.0,0.0,502.45000000000005,17.98,164.9,10.0,1.0,2102.7599999999998,27.78
United States,North Dakota,Oats,2007,spring,323.99,0.0,16.0,1604.34,59.44,14.809999999999999,0.0,0.0,358.32,7.37,129.08,6.0,0.0,1714.37,29.71,239.05,0.0,16.0,1271.4,59.44,92.35,0.0,0.0,486.25,41.53,136.48000000000002,6.0,0.0,1919.3799999999997,29.71
United States,North Dakota,Oats,2008,spring,181.52000000000004,0.0,26.0,1607.48,54.36,10.82,0.0,0.0,366.38,7.02,205.47000000000003,0.0,0.0,1762.4699999999998,25.43,172.45,0.0,26.0,1446.9199999999998,54.36,19.89,0.0,0.0,526.94,8.84,205.47000000000003,0.0,0.0,1762.4699999999998,25.43
United States,North Dakota,Oats,2009,spring,145.73999999999998,0.0,24.0,1652.1399999999999,35.39,35.809999999999995,0.0,0.0,354.54999999999995,29.400000000000002,131.60000000000002,1.0,0.0,1681.5,29.119999999999997,142.64000000000001,0.0,24.0,1553.41,35.39,54.989999999999995,0.0,0.0,521.32,29.400000000000002,115.52000000000001,1.0,0.0,1613.46,28.5
United States,North Dakota,Oats,2010,spring,232.73,0.0,15.0,1548.58,39.910000000000004,59.27000000000002,0.0,0.0,349.52,29.75,236.54,3.0,1.0,1692.6100000000001,57.05,175.52,0.0,15.0,1285.97,35.8,111.63000000000002,0.0,0.0,491.17,39.91,241.39,3.0,1.0,1813.5700000000002,57.05
United States,North Dakota,Oats,2011,spring,255.68999999999997,0.0,20.0,1458.54,54.41,33.940000000000005,0.0,0.0,325.73,12.189999999999998,223.60000000000002,0.0,0.0,1746.21,35.29,223.69,0.0,20.0,1372.3300000000002,54.41,70.99,0.0,0.0,453.84999999999997,30.450000000000003,218.55,0.0,0.0,1704.3000000000002,35.29
United States,North Dakota,Oats,2012,spring,184.70999999999998,0.0,11.0,1581.1399999999999,26.87,5.13,0.0,0.0,353.23999999999995,3.84,95.72999999999999,5.0,1.0,1697.77,24.4,124.06,0.0,11.0,1197.5399999999997,26.87,61.28,0.0,0.0,477.1499999999999,20.79,100.23,5.0,1.0,1957.46,24.43
United States,North Dakota,Oats,2013,spring,286.15999999999997,0.0,32.0,1559.16,68.52,34.35,0.0,0.0,353.34,27.02,161.48999999999998,1.0,0.0,1690.01,47.76,259.88,0.0,32.0,1467.7900000000002,68.52,70.22,0.0,0.0,494.69,38.66,151.9,1.0,0.0,1640.0300000000002,47.76
United States,North Dakota,Oats,2014,spring,171.07,0.0,27.0,1547.8,36.02,72.75,0.0,0.0,282.82000000000005,51.81,195.95000000000002,0.0,1.0,1651.7,49.75,144.51999999999998,0.0,27.0,1416.63,36.02,99.42,0.0,0.0,441.44999999999993,51.81,195.83,0.0,1.0,1624.24,49.75
United States,North Dakota,Oats,2015,spring,184.6,0.0,18.0,1633.37,33.57000000000001,32.98,0.0,0.0,322.44999999999993,16.52,120.16,6.0,0.0,1764.01,29.419999999999998,150.60999999999999,0.0,18.0,1326.0500000000002,33.57000000000001,56.72999999999999,0.0,0.0,539.32,24.950000000000003,130.40000000000003,6.0,0.0,1854.4599999999998,29.419999999999998
United States,North Dakota,Oats,2016,spring,168.73999999999998,0.0,16.0,1715.45,33.35,15.26,0.0,0.0,356.42,7.0,196.14,2.0,0.0,1656.96,23.990000000000002,142.57999999999998,0.0,16.0,1338.4199999999996,33.35,34.62,0.0,0.0,510.28999999999996,15.450000000000001,202.94,2.0,0.0,1880.1200000000001,23.99
United States,North Dakota,Oats,2017,spring,91.67,1.0,14.0,1761.03,33.21,15.510000000000002,1.0,0.0,341.76,11.399999999999999,177.15000000000003,5.0,0.0,1710.44,26.89,47.27,0.0,14.0,1345.1399999999999,15.22,45.72,1.0,0.0,536.7299999999999,33.21,191.34,6.0,0.0,1931.36,26.89
United States,North Dakota,Oats,2018,spring,162.51000000000002,0.0,21.0,1689.37,41.05,65.76,0.0,0.0,341.6,26.77,116.22999999999999,5.0,2.0,1699.5299999999997,19.770000000000003,103.80000000000001,0.0,21.0,1267.56,41.05,69.14999999999999,0.0,0.0,505.91,38.370000000000005,171.54999999999998,5.0,2.0,1957.0299999999997,26.77
United States,North Dakota,Oats,2019,spring,155.21,0.0,23.0,1565.2200000000003,27.04,43.53,0.0,0.0,314.78,18.36,344.20000000000005,0.0,0.0,1618.72,46.25,116.46,0.0,23.0,1352.0500000000002,27.04,77.21,0.0,0.0,496.03,32.230000000000004,349.27000000000004,0.0,0.0,1650.6400000000003,46.25
United States,North Dakota,Oats,2020,spring,75.28,0.0,27.0,1731.7499999999998,19.75,66.97,0.0,0.0,350.41999999999996,54.78,102.49000000000001,3.0,0.0,1796.67,16.95,71.25999999999999,0.0,27.0,1512.48,19.75,62.26,0.0,0.0,462.05000000000007,54.78,111.22,3.0,0.0,1904.3100000000002,16.95
United States,North Dakota,Oats,2021,spring,111.39,1.0,20.0,1719.3700000000001,30.55,12.88,3.0,0.0,355.43999999999994,11.07,144.61,11.0,0.0,1583.67,46.13000000000001,72.17,1.0,20.0,1317.96,30.55,39.239999999999995,1.0,0.0,484.53999999999996,18.48,157.47,13.0,0.0,1855.98,46.13
United States,North Dakota,Oats,2022,spring,240.23999999999998,1.0,29.0,1531.8600000000001,47.36,31.060000000000002,0.0,0.0,364.28,20.979999999999997,111.63,4.0,0.0,1755.69,21.43,228.03000000000003,0.0,29.0,1427.67,47.36,45.63999999999999,1.0,0.0,487.05,20.979999999999997,109.26000000000002,4.0,0.0,1737.1100000000004,21.43
United States,North Dakota,Oats,2023,spring,160.69,0.0,20.0,1650.6599999999999,54.23,71.16,0.0,0.0,298.86,46.28,177.49,3.0,0.0,1604.98,30.410000000000004,120.80000000000003,0.0,20.0,1209.3100000000004,54.23,39.88999999999999,0.0,0.0,441.34999999999997,21.97,248.65000000000003,3.0,0.0,1903.8400000000001,46.28
United States,North Dakota,Oats,2024,spring,212.06,0.0,14.0,1642.32,35.519999999999996,57.23,0.0,0.0,301.82,15.03,114.28999999999999,3.0,0.0,1649.74,31.05,165.95000000000002,0.0,14.0,1314.19,35.519999999999996,85.76999999999998,0.0,0.0,529.4100000000001,26.130000000000003,131.86,3.0,0.0,1750.28,31.05
United States,North Dakota,Oats,2025,spring,234.48999999999998,2.0,17.0,1589.9299999999998,91.25,16.65,0.0,0.0,319.97,6.640000000000001,174.54000000000002,2.0,0.0,1618.47,35.97,198.89,2.0,17.0,1285.11,91.25,44.779999999999994,0.0,0.0,451.25,23.19,182.01,2.0,0.0,1792.0100000000002,35.97
United States,North Dakota,Canola,1991,spring,232.04999999999998,0.0,19.0,1823.3700000000001,27.88,35.35,3.0,0.0,672.05,11.270000000000001,105.19,2.0,2.0,1034.52,30.36,117.66000000000001,0.0,19.0,1040.3600000000001,27.88,77.32,0.0,0.0,555.38,24.58,177.60999999999999,5.0,2.0,1934.2000000000003,30.36
United States,North Dakota,Canola,1992,spring,151.48000000000002,0.0,21.0,1961.92,28.580000000000002,57.050000000000004,0.0,0.0,603.9099999999999,16.09,56.64,1.0,2.0,989.37,19.75,75.86,0.0,21.0,1264.0900000000001,23.59,73.75999999999999,0.0,0.0,646.83,28.580000000000002,115.55000000000001,1.0,2.0,1644.2799999999997,19.75
United States,North Dakota,Canola,1993,spring,281.01,0.0,20.0,1862.74,46.53,232.57999999999996,0.0,0.0,525.14,58.73,50.86,0.0,1.0,998.62,12.71,173.09999999999997,0.0,20.0,1357.88,46.53,146.23999999999998,0.0,0.0,682.9399999999999,46.07,245.10999999999999,0.0,1.0,1345.68,56.63
United States,North Dakota,Canola,1994,spring,184.37,0.0,23.0,2033.08,34.46000000000001,53.06999999999999,0.0,0.0,653.75,23.349999999999998,94.12,0.0,0.0,988.72,43.6,84.32,0.0,23.0,1336.38,28.77,93.62,0.0,0.0,591.4200000000001,34.46,153.62,0.0,0.0,1747.75,43.599999999999994
United States,North Dakota,Canola,1995,spring,202.53,0.0,24.0,1834.99,41.95,76.56,0.0,0.0,693.8100000000001,30.909999999999997,69.97,3.0,3.0,1044.1399999999999,30.57,138.23000000000002,0.0,24.0,1479.22,41.95,71.23999999999998,0.0,0.0,513.0799999999999,25.31,139.59,3.0,3.0,1580.6399999999999,30.57
United States,North Dakota,Canola,1996,spring,161.99,0.0,30.0,1867.28,22.89,83.75,0.0,0.0,608.75,24.42,71.16,3.0,1.0,1046.1000000000001,28.75,105.65999999999998,0.0,30.0,1380.7000000000003,19.92,61.199999999999996,0.0,0.0,588.3699999999999,22.89,150.04000000000002,3.0,1.0,1553.06,28.75
United States,North Dakota,Canola,1997,spring,196.89,0.0,22.0,2072.5,63.24,55.27,2.0,0.0,652.7300000000001,25.54,42.900000000000006,0.0,0.0,1061.95,12.940000000000001,101.03,0.0,22.0,1476.13,63.24,96.14999999999999,0.0,0.0,624.6499999999999,51.059999999999995,97.88,2.0,0.0,1686.4,25.54
United States,North Dakota,Canola,1998,spring,223.65999999999997,0.0,11.0,1959.87,41.34,52.190000000000005,0.0,0.0,703.7800000000001,25.19,79.41,2.0,0.0,1107.3000000000002,20.66,79.38999999999999,0.0,11.0,1274.76,17.810000000000002,102.93,0.0,0.0,619.2,33.01,172.93999999999997,2.0,0.0,1876.99,51.5
United States,North Dakota,Canola,1999,spring,286.71000000000004,0.0,14.0,1966.79,59.99,49.870000000000005,3.0,0.0,683.2100000000002,14.8,157.44,0.0,2.0,979.64,72.05,235.12,0.0,14.0,1355.0799999999997,59.99,62.41,0.0,0.0,694.86,11.77,196.49,3.0,2.0,1579.6999999999998,72.05000000000001
United States,North Dakota,Canola,2000,spring,277.5,0.0,21.0,1919.92,79.42999999999999,61.67,1.0,0.0,660.4200000000001,23.68,101.03,2.0,1.0,1005.88,16.0,134.53999999999996,0.0,21.0,1312.6700000000003,28.4,145.04000000000002,0.0,0.0,625.3099999999997,79.42999999999999,160.62,3.0,1.0,1648.2399999999998,23.68
United States,North Dakota,Canola,2001,spring,201.76999999999998,0.0,19.0,1992.27,40.019999999999996,121.25,0.0,0.0,648.7999999999998,36.27,24.25,6.0,1.0,1088.6399999999996,7.209999999999999,87.28,0.0,19.0,1277.79,15.559999999999999,114.22999999999998,0.0,0.0,626.48,40.019999999999996,145.76000000000002,6.0,1.0,1825.4399999999998,36.27
United States,North Dakota,Canola,2002,spring,158.64,3.0,33.0,1998.82,38.78,60.92999999999999,6.0,0.0,643.6499999999999,21.98,79.37,1.0,2.0,996.27,19.740000000000002,126.18999999999998,0.0,33.0,1485.9499999999998,38.78,32.449999999999996,3.0,0.0,512.87,13.73,140.29999999999995,7.0,2.0,1639.9199999999998,21.98
United States,North Dakota,Canola,2003,spring,251.32999999999998,0.0,11.0,1868.9099999999999,30.939999999999998,47.58,2.0,0.0,655.2699999999999,33.81,76.06,8.0,1.0,1046.75,35.290000000000006,180.1,0.0,11.0,1204.1,30.939999999999998,70.08999999999999,0.0,0.0,604.4000000000001,28.589999999999996,124.77999999999999,10.0,1.0,1762.43,35.290000000000006
United States,North Dakota,Canola,2004,spring,215.67000000000002,0.0,26.0,1978.87,47.27,41.900000000000006,1.0,0.0,656.79,15.1,113.62000000000002,0.0,0.0,935.08,23.200000000000003,182.64999999999998,0.0,26.0,1425.02,47.27,56.90999999999999,0.0,0.0,735.28,15.100000000000001,131.63000000000002,1.0,0.0,1410.4400000000003,23.200000000000003
United States,North Dakota,Canola,2005,spring,326.27000000000004,0.0,16.0,1935.21,61.620000000000005,55.900000000000006,2.0,0.0,664.03,21.4,60.7,0.0,0.0,1050.58,19.82,132.13000000000002,0.0,16.0,1242.8500000000001,32.04,184.94,0.0,0.0,590.7700000000001,61.620000000000005,125.8,2.0,0.0,1816.1999999999998,21.4
United States,North Dakota,Canola,2006,spring,137.29,0.0,14.0,2043.13,23.65,38.28,9.0,0.0,686.5199999999999,15.95,109.03999999999999,1.0,1.0,1028.8,27.78,75.51,0.0,14.0,1129.6,23.65,59.34,0.0,0.0,617.06,17.98,149.76000000000002,10.0,1.0,2011.7900000000002,27.78
United States,North Dakota,Canola,2007,spring,338.8,0.0,16.0,1992.91,59.44,36.08,6.0,0.0,689.37,14.110000000000001,93.0,0.0,0.0,994.75,29.71,237.45999999999998,0.0,16.0,1191.81,59.44,93.94,0.0,0.0,643.8199999999999,41.72,136.48,6.0,0.0,1841.4,29.71
United States,North Dakota,Canola,2008,spring,192.33999999999997,0.0,26.0,1997.87,54.36,98.85,0.0,0.0,687.36,25.43,106.61999999999999,0.0,0.0,1051.1,20.89,172.67999999999998,0.0,26.0,1497.25,54.36,30.299999999999997,0.0,0.0,629.47,9.29,194.83,0.0,0.0,1609.61,25.43
United States,North Dakota,Canola,2009,spring,181.76,0.0,24.0,2032.3400000000001,35.39,61.129999999999995,0.0,0.0,642.9899999999999,29.12,70.26,1.0,0.0,1012.8600000000001,28.5,145.73999999999998,0.0,24.0,1623.03,35.39,87.11999999999999,0.0,0.0,659.82,29.400000000000002,80.29000000000002,1.0,0.0,1405.3400000000001,28.5
United States,North Dakota,Canola,2010,spring,292.67,0.0,15.0,1919.81,39.910000000000004,82.50000000000001,0.0,0.0,659.19,24.88,153.36999999999998,3.0,1.0,1011.71,57.05,175.88000000000002,0.0,15.0,1313.67,35.8,116.12,0.0,0.0,584.4300000000001,39.91,236.54,3.0,1.0,1692.6100000000001,57.05
United States,North Dakota,Canola,2011,spring,289.63,0.0,20.0,1814.4,54.41,109.25,0.0,0.0,626.23,28.08,114.35000000000001,0.0,0.0,1089.8500000000001,35.29,224.3,0.0,20.0,1391.68,54.41,97.19,0.0,0.0,585.3800000000001,30.450000000000003,191.74,0.0,0.0,1553.42,35.29
United States,North Dakota,Canola,2012,spring,194.11,0.0,11.0,1957.0699999999997,26.87,45.2,3.0,0.0,618.8299999999999,20.2,46.260000000000005,2.0,1.0,1056.25,16.09,124.06,0.0,11.0,1197.5399999999997,26.87,61.74,0.0,0.0,584.02,20.79,99.77000000000001,5.0,1.0,1850.59,24.43
United States,North Dakota,Canola,2013,spring,327.75,0.0,32.0,1937.3000000000002,68.52,37.489999999999995,0.0,0.0,636.8000000000002,11.59,116.75999999999999,1.0,0.0,1028.41,47.76,259.85,0.0,32.0,1408.2700000000002,68.52,76.83,0.0,0.0,602.02,38.66,145.32000000000002,1.0,0.0,1592.22,47.76
United States,North Dakota,Canola,2014,spring,243.94,0.0,27.0,1858.08,51.81,29.69,0.0,0.0,654.04,13.260000000000002,166.14,0.0,1.0,970.1999999999999,49.75,144.51999999999998,0.0,27.0,1416.63,36.02,105.36000000000001,0.0,0.0,578.67,51.81,189.89,0.0,1.0,1487.02,49.75
United States,North Dakota,Canola,2015,spring,223.31,0.0,18.0,1970.4899999999998,33.57000000000001,43.49000000000001,0.0,0.0,695.6600000000001,15.8,70.94,6.0,0.0,1053.68,29.419999999999998,150.72,0.0,18.0,1354.0900000000001,33.57000000000001,66.86000000000001,0.0,0.0,601.73,24.950000000000003,120.16,6.0,0.0,1764.01,29.419999999999998
United States,North Dakota,Canola,2016,spring,185.98,0.0,16.0,2095.16,33.35,91.45,1.0,0.0,635.3200000000002,23.82,102.71000000000001,1.0,0.0,998.35,23.990000000000002,142.57,0.0,16.0,1282.0299999999997,33.35,34.66,0.0,0.0,644.5999999999999,15.450000000000001,202.91,2.0,0.0,1802.2,23.99
United States,North Dakota,Canola,2017,spring,107.63,3.0,14.0,2131.69,33.21,64.08,3.0,0.0,686.2,26.53,112.62,1.0,0.0,995.34,26.05,47.27,0.0,14.0,1345.1399999999999,15.22,57.120000000000005,1.0,0.0,632.61,33.21,179.94000000000003,6.0,0.0,1835.48,26.89
United States,North Dakota,Canola,2018,spring,228.28,0.0,21.0,2061.17,41.05,32.720000000000006,1.0,0.0,691.96,15.23,83.5,4.0,2.0,977.37,19.770000000000003,67.42,0.0,21.0,1186.7499999999998,26.6,105.52999999999999,0.0,0.0,586.72,38.370000000000005,171.54999999999998,5.0,2.0,1957.0299999999997,26.77
United States,North Dakota,Canola,2019,spring,199.83999999999997,0.0,23.0,1896.39,32.230000000000004,71.92000000000002,0.0,0.0,674.0,38.4,271.18,0.0,0.0,928.3299999999999,46.25,119.16,0.0,23.0,1373.8600000000001,27.04,82.16000000000001,0.0,0.0,571.54,32.230000000000004,341.62,0.0,0.0,1553.3200000000004,46.25
United States,North Dakota,Canola,2020,spring,143.24,0.0,27.0,2103.06,54.78,37.23,0.0,0.0,704.72,16.950000000000003,64.27,3.0,0.0,1071.0600000000002,15.840000000000002,71.18,0.0,27.0,1457.3700000000003,19.75,63.99,0.0,0.0,570.1500000000001,54.78,109.57,3.0,0.0,1851.3200000000002,16.95
United States,North Dakota,Canola,2021,spring,128.39,4.0,20.0,2093.91,30.55,37.38,5.0,0.0,598.04,20.69,103.11,6.0,0.0,966.5300000000001,46.13,69.52,1.0,20.0,1290.18,30.55,51.599999999999994,1.0,0.0,544.8999999999999,18.48,147.76,13.0,0.0,1823.3999999999999,46.13
United States,North Dakota,Canola,2022,spring,273.67,1.0,29.0,1914.7199999999998,47.36,56.51000000000001,2.0,0.0,689.77,21.43,52.75,2.0,0.0,1047.3400000000001,10.110000000000001,228.03000000000003,0.0,29.0,1427.67,47.36,65.99,1.0,0.0,571.48,20.979999999999997,88.91,4.0,0.0,1652.68,17.939999999999998
United States,North Dakota,Canola,2023,spring,231.85,0.0,20.0,1973.9299999999998,54.23,52.809999999999995,1.0,0.0,625.0399999999998,19.88,124.67999999999999,2.0,0.0,955.53,30.410000000000004,117.42000000000002,0.0,20.0,1162.5900000000004,54.23,59.509999999999984,0.0,0.0,521.42,21.97,232.41000000000003,3.0,0.0,1870.49,37.71
United States,North Dakota,Canola,2024,spring,270.21,0.0,14.0,1968.22,35.519999999999996,30.259999999999998,3.0,0.0,642.89,11.229999999999999,83.11,0.0,0.0,982.7699999999999,31.05,166.64000000000001,0.0,14.0,1334.3200000000002,35.519999999999996,103.57,0.0,0.0,633.9,26.130000000000003,113.37,3.0,0.0,1625.66,31.05
United States,North Dakota,Canola,2025,spring,251.14,2.0,17.0,1936.3,91.25,75.06,1.0,0.0,597.5000000000001,35.97,99.47999999999999,1.0,0.0,994.57,32.77,197.91999999999996,2.0,17.0,1244.1299999999999,91.25,46.58,0.0,0.0,566.05,23.19,181.18,2.0,0.0,1718.19,35.97
United States,Oklahoma,Wheat,1990,winter,562.2,1.0,80.0,2887.12,87.71000000000001,136.05,0.0,2.0,350.4700000000001,51.03,173.87,4.0,0.0,1514.43,79.17,400.8,1.0,76.0,2473.45,87.71000000000001,171.61,0.0,6.0,545.8499999999999,78.17,299.7099999999999,4.0,0.0,1732.7199999999998,79.17
United States,Oklahoma,Wheat,1991,winter,339.18,9.0,78.0,2950.93,67.41,40.49,0.0,0.0,382.13999999999993,27.71,246.35,1.0,0.0,1425.53,44.26,272.46,9.0,66.0,2117.99,67.41,30.28,0.0,11.0,620.9,19.22,323.28000000000003,1.0,1.0,2019.71,44.26
United States,Oklahoma,Wheat,1992,winter,595.4,0.0,67.0,2788.04,82.32000000000001,74.22000000000001,0.0,0.0,391.39000000000004,36.019999999999996,320.58000000000004,0.0,0.0,1306.15,39.230000000000004,544.12,0.0,60.0,2136.9,82.32000000000001,51.019999999999996,0.0,7.0,632.04,26.87,395.06000000000006,0.0,0.0,1716.64,39.230000000000004
United States,Oklahoma,Wheat,1993,winter,547.19,0.0,95.0,2507.25,53.36,41.43,0.0,0.0,418.9,32.92999999999999,370.04,0.0,0.0,1326.6499999999999,128.28,508.76,0.0,94.0,2339.41,53.36,79.8,0.0,1.0,532.2400000000001,32.92999999999999,370.1,0.0,0.0,1381.15,128.28
United States,Oklahoma,Wheat,1994,winter,392.12,0.0,95.0,2873.7,60.69,61.88999999999999,0.0,2.0,439.10999999999996,48.87,214.64,8.0,0.0,1535.3700000000001,64.25,376.94,0.0,91.0,2615.48,60.69,67.11,0.0,6.0,589.5899999999999,48.87,224.60000000000002,8.0,0.0,1643.11,64.25
United States,Oklahoma,Wheat,1995,winter,451.53,0.0,70.0,2619.34,79.56,84.47999999999999,0.0,0.0,394.42,36.24,401.74,0.0,0.0,1323.5,79.04,346.11,0.0,49.0,1819.0,79.56,87.33000000000001,0.0,20.0,591.05,57.769999999999996,504.31000000000006,0.0,1.0,1927.21,79.04
United States,Oklahoma,Wheat,1996,winter,306.2,6.0,84.0,2936.2599999999998,48.06,42.4,0.0,1.0,464.72999999999996,40.85,148.78,18.0,0.0,1545.46,49.71000000000001,256.46000000000004,6.0,68.0,2326.3799999999997,48.06,51.089999999999996,0.0,17.0,757.1100000000001,26.330000000000002,189.83,18.0,0.0,1862.96,49.71000000000001
United States,Oklahoma,Wheat,1997,winter,461.63,0.0,75.0,2764.48,69.9,111.46000000000001,0.0,5.0,377.90999999999997,45.88,206.42,0.0,0.0,1529.59,27.479999999999997,414.71000000000004,0.0,72.0,2309.9300000000003,69.9,86.22999999999999,0.0,4.0,527.12,38.14,278.57000000000005,0.0,4.0,1834.93,40.050000000000004
United States,Oklahoma,Wheat,1998,winter,560.23,8.0,79.0,2701.6099999999997,87.44999999999999,70.95,0.0,0.0,480.0,52.83,129.13,17.0,0.0,1571.7900000000002,33.73,412.21999999999997,8.0,63.0,2053.41,57.89999999999999,153.24,0.0,16.0,714.17,87.44999999999999,194.85,17.0,0.0,1985.82,69.07
United States,Oklahoma,Wheat,1999,winter,540.34,11.0,57.0,2790.0200000000004,82.44,141.13,0.0,0.0,407.0000000000001,105.42999999999999,291.91,0.0,0.0,1390.1499999999999,54.60000000000001,357.49,11.0,4.0,1378.88,82.44,74.41,0.0,44.0,748.8899999999999,37.58,541.4799999999999,0.0,9.0,2459.4000000000005,105.42999999999999
United States,Oklahoma,Wheat,2000,winter,440.14,2.0,56.0,2960.1400000000003,59.5,27.59,0.0,0.0,426.47999999999996,11.670000000000002,302.27,5.0,0.0,1334.81,61.08,276.82,2.0,27.0,1832.48,59.5,71.03,0.0,27.0,640.9700000000001,22.21,422.15,5.0,2.0,2247.9800000000005,61.08
United States,Oklahoma,Wheat,2001,winter,508.35,16.0,101.0,2642.2799999999997,100.22,27.31,0.0,0.0,414.94999999999993,15.69,227.71,0.0,0.0,1581.71,68.38,495.89,16.0,98.0,2280.6800000000003,100.22,28.619999999999997,0.0,3.0,467.15,15.69,238.86,0.0,0.0,1891.1100000000001,68.38
United States,Oklahoma,Wheat,2002,winter,367.5,0.0,74.0,2928.4,74.9,100.63,0.0,0.0,325.29,45.54,177.73,1.0,0.0,1458.9700000000003,35.56,259.64,0.0,38.0,1892.4099999999999,74.9,105.41,0.0,34.0,877.2100000000002,42.31,280.81,1.0,2.0,1943.0400000000002,45.540000000000006
United States,Oklahoma,Wheat,2003,winter,389.41999999999996,7.0,79.0,2699.91,38.57,51.45000000000001,0.0,1.0,458.20000000000005,15.78,201.42,1.0,0.0,1466.36,34.22,344.44,7.0,77.0,2312.38,38.57,58.71,0.0,3.0,553.7099999999999,28.13,239.14000000000001,1.0,0.0,1758.3799999999997,34.22
United States,Oklahoma,Wheat,2004,winter,389.67,0.0,66.0,2750.3499999999995,84.83,38.61,0.0,0.0,388.84000000000003,14.850000000000001,249.49,2.0,0.0,1422.4099999999999,87.35,249.60999999999999,0.0,61.0,1986.0300000000002,46.15,108.85999999999999,0.0,5.0,530.7099999999999,84.83,319.3,2.0,0.0,2044.8600000000001,87.35
United States,Oklahoma,Wheat,2005,winter,419.46999999999997,2.0,56.0,2742.71,66.85,8.540000000000001,0.0,0.0,448.57000000000005,4.48,197.86000000000004,10.0,0.0,1454.37,46.02,346.99,2.0,39.0,1762.1400000000003,66.85,61.95,0.0,16.0,625.4300000000001,16.05,216.93,10.0,1.0,2258.08,46.02
United States,Oklahoma,Wheat,2006,winter,201.10000000000002,1.0,57.0,3055.7699999999995,50.46,9.059999999999999,2.0,0.0,483.5,6.759999999999999,204.13,21.0,0.0,1626.64,59.910000000000004,118.88,1.0,28.0,1827.9,50.46,13.29,0.0,24.0,668.86,6.029999999999999,282.12,23.0,5.0,2669.15,59.910000000000004
United States,Oklahoma,Wheat,2007,winter,440.91,0.0,71.0,2882.0699999999997,88.77000000000001,60.98999999999999,0.0,4.0,353.87,28.65,565.9499999999999,0.0,0.0,1216.24,102.16999999999999,287.5,0.0,68.0,2246.06,46.74,51.42,0.0,3.0,450.28,27.509999999999998,728.9300000000001,0.0,4.0,1755.8400000000001,102.16999999999999
United States,Oklahoma,Wheat,2008,winter,412.0400000000001,0.0,93.0,2927.2200000000003,56.160000000000004,100.22999999999999,0.0,1.0,442.52,81.27,292.37,0.0,0.0,1604.86,74.13999999999999,331.68,0.0,85.0,2355.44,56.160000000000004,89.83,0.0,8.0,626.84,50.040000000000006,383.13000000000005,0.0,1.0,1992.3200000000002,80.25
United States,Oklahoma,Wheat,2009,winter,260.02,0.0,82.0,3007.8999999999996,29.56,64.72999999999999,0.0,2.0,410.66999999999996,35.72,201.03000000000003,12.0,0.0,1436.04,56.86,195.7,0.0,74.0,2340.67,29.56,58.08,0.0,8.0,517.65,23.83,272.00000000000006,12.0,2.0,1996.2900000000002,56.86000000000001
United States,Oklahoma,Wheat,2010,winter,438.42999999999995,0.0,86.0,2531.12,66.39,61.68,0.0,0.0,409.66999999999996,44.56,252.0,5.0,0.0,1504.67,91.88000000000001,427.01,0.0,86.0,2344.0,66.39,60.82000000000001,0.0,0.0,468.49,44.56,264.28,5.0,0.0,1632.9699999999998,91.88000000000001
United States,Oklahoma,Wheat,2011,winter,232.38,2.0,78.0,3028.54,53.79,42.77,0.0,0.0,407.37,38.78,176.28,32.0,0.0,1635.3600000000001,67.10000000000001,205.82,2.0,70.0,2271.69,53.79,25.83,0.0,8.0,481.54,17.689999999999998,219.78000000000003,32.0,0.0,2318.0400000000004,67.10000000000001
United States,Oklahoma,Wheat,2012,winter,486.27,5.0,57.0,2940.18,73.98,59.93000000000001,0.0,0.0,418.09000000000003,41.019999999999996,152.23,8.0,0.0,1528.08,34.15,318.62,5.0,41.0,2037.3,70.71,70.25,0.0,16.0,550.86,19.35,309.56000000000006,8.0,0.0,2298.19,73.98
United States,Oklahoma,Wheat,2013,winter,338.17,7.0,76.0,2915.6299999999997,64.97,89.5,0.0,4.0,387.34000000000003,41.85,297.53000000000003,3.0,0.0,1470.8700000000001,89.53,150.37,7.0,38.0,1803.6,39.81,107.97,0.0,35.0,784.2499999999999,35.95,466.86000000000007,3.0,7.0,2185.99,89.53
United States,Oklahoma,Wheat,2014,winter,246.87,6.0,96.0,2913.6899999999996,35.96,28.200000000000003,0.0,1.0,454.11,9.76,237.44,7.0,0.0,1516.65,61.44,217.03,6.0,91.0,2387.3500000000004,35.96,36.5,0.0,5.0,626.62,22.66,258.98,7.0,1.0,1870.4800000000002,61.44
United States,Oklahoma,Wheat,2015,winter,315.13,4.0,71.0,2801.0299999999997,41.54,62.309999999999995,0.0,0.0,380.73,32.97,543.46,0.0,0.0,1367.58,95.06000000000002,240.09000000000003,4.0,50.0,1928.4899999999998,41.54,55.790000000000006,0.0,21.0,661.1700000000001,11.0,625.02,0.0,0.0,1959.6799999999998,95.06000000000002
United States,Oklahoma,Wheat,2016,winter,415.44999999999993,3.0,61.0,3070.96,80.51,146.49,0.0,0.0,411.27000000000004,75.07000000000001,156.42999999999998,3.0,0.0,1501.85,26.65,347.86,3.0,43.0,1828.9,80.51,38.33,0.0,15.0,672.6800000000001,14.440000000000001,332.18,3.0,3.0,2482.5,75.07000000000001
United States,Oklahoma,Wheat,2017,winter,400.46,1.0,51.0,2933.7699999999995,62.69999999999999,88.38,0.0,0.0,407.62000000000006,44.18,182.01,8.0,0.0,1593.3000000000002,60.7,174.48000000000005,1.0,21.0,1599.13,28.179999999999996,106.4,0.0,25.0,591.7399999999999,44.370000000000005,389.97,8.0,5.0,2743.8199999999997,62.7
United States,Oklahoma,Wheat,2018,winter,330.54999999999995,2.0,68.0,2854.7299999999996,68.8,55.57,0.0,4.0,443.58000000000004,39.05,247.67000000000002,7.0,0.0,1610.3200000000002,82.8,224.32999999999998,2.0,49.0,2022.1999999999998,68.8,82.63,0.0,16.0,619.2500000000001,40.04,326.83,7.0,7.0,2267.18,82.8
United States,Oklahoma,Wheat,2019,winter,556.58,1.0,82.0,2548.28,74.15,88.19,0.0,0.0,417.71,41.8,479.08000000000004,0.0,0.0,1398.6299999999999,86.14,516.18,1.0,81.0,2172.92,74.15,87.35,0.0,1.0,550.9799999999999,41.8,520.3199999999999,0.0,0.0,1640.7200000000003,86.14
United States,Oklahoma,Wheat,2020,winter,472.72,2.0,66.0,2790.34,69.05,49.480000000000004,0.0,2.0,421.01000000000005,30.189999999999998,155.18000000000004,0.0,0.0,1581.3200000000002,42.73,320.72,2.0,51.0,2006.92,69.05,127.47999999999999,0.0,14.0,568.71,57.71,229.17999999999998,0.0,3.0,2217.04,42.73
United States,Oklahoma,Wheat,2021,winter,396.0200000000001,0.0,69.0,2860.4000000000005,74.49,62.85999999999999,0.0,1.0,383.47999999999996,26.810000000000002,348.81,3.0,0.0,1320.03,101.87,332.93000000000006,0.0,69.0,2268.77,74.49,63.089999999999996,0.0,0.0,523.72,34.74,411.67,3.0,1.0,1771.42,101.87
United States,Oklahoma,Wheat,2022,winter,296.18,8.0,65.0,3109.8199999999997,41.89,20.410000000000004,0.0,0.0,443.81,18.98,301.57,13.0,0.0,1546.21,89.86,153.85,8.0,6.0,1601.14,39.3,47.239999999999995,0.0,43.0,764.08,17.88,417.07000000000005,13.0,16.0,2734.62,89.86
United States,Oklahoma,Wheat,2023,winter,331.59000000000003,6.0,67.0,2893.8199999999997,42.93000000000001,73.22,0.0,0.0,455.1500000000001,53.230000000000004,242.37999999999997,3.0,0.0,1421.78,57.86,205.34000000000003,6.0,35.0,1806.6999999999998,42.93000000000001,89.49999999999999,0.0,25.0,612.8100000000001,23.27,352.35,3.0,7.0,2351.2400000000002,57.86
United States,Oklahoma,Wheat,2024,winter,401.95,14.0,54.0,2912.5699999999997,53.56,26.07,0.0,0.0,434.65,8.879999999999999,240.59,10.0,0.0,1488.9099999999999,44.46,209.3,14.0,15.0,1557.8200000000002,53.56,124.47,0.0,35.0,698.23,33.83,334.84,10.0,4.0,2580.0800000000004,44.46
United States,Oklahoma,Wheat,2025,winter,429.83,5.0,60.0,2962.13,132.92,119.67000000000002,0.0,0.0,440.97,60.10000000000001,445.6,0.0,0.0,1438.6299999999999,91.42,270.2,5.0,9.0,1574.52,132.92,54.8,0.0,49.0,804.67,19.18,670.1,0.0,2.0,2462.54,91.42
United States,Oklahoma,Barley,1990,spring,301.4,0.0,2.0,1593.8399999999997,79.17,11.18,5.0,0.0,405.17,6.91,248.5,27.0,0.0,1926.2800000000002,67.40999999999998,264.78000000000003,0.0,2.0,1111.8200000000002,79.17,34.76,0.0,0.0,297.39,23.200000000000003,261.53999999999996,32.0,0.0,2516.08,67.40999999999998
United States,Oklahoma,Barley,1991,spring,285.43,0.0,0.0,1537.01,44.26,23.820000000000004,2.0,0.0,387.03999999999996,21.16,320.09,29.0,0.0,1895.6299999999999,60.21,150.14,0.0,0.0,951.82,39.28,67.98,0.0,0.0,256.17,44.26,411.22,31.0,0.0,2611.69,60.21
United States,Oklahoma,Barley,1992,spring,302.25,0.0,0.0,1485.12,37.809999999999995,93.68,0.0,0.0,349.2,39.230000000000004,318.77000000000004,0.0,0.0,1933.38,43.769999999999996,174.24,0.0,0.0,1061.09,37.809999999999995,101.25,0.0,0.0,257.59,36.24,439.21,0.0,0.0,2449.02,43.77000000000001
United States,Oklahoma,Barley,1993,spring,355.36999999999995,0.0,1.0,1470.5,128.27999999999997,69.89000000000001,0.0,0.0,337.43,34.74,256.26,23.0,0.0,1986.79,60.69,324.03,0.0,1.0,1067.31,128.27999999999997,28.89,0.0,0.0,284.91,23.41,328.59999999999997,23.0,0.0,2442.5,60.69
United States,Oklahoma,Barley,1994,spring,268.48999999999995,1.0,3.0,1675.8099999999997,64.25,10.56,8.0,0.0,419.56,6.08,215.19,29.0,0.0,1998.49,40.7,178.99,0.0,3.0,1091.67,64.25,73.96000000000001,0.0,0.0,317.85999999999996,36.26,241.29,38.0,0.0,2684.3300000000004,40.7
United States,Oklahoma,Barley,1995,spring,475.18,0.0,0.0,1471.81,79.04,18.62,0.0,0.0,368.36000000000007,12.850000000000001,285.73999999999995,30.0,0.0,1946.21,72.32,236.46,0.0,0.0,1022.01,77.7,194.89,0.0,0.0,260.69,79.04,348.19,30.0,0.0,2503.68,72.32
United States,Oklahoma,Barley,1996,spring,186.35,8.0,2.0,1725.2599999999998,49.71000000000001,11.83,11.0,0.0,411.5,8.06,493.72,12.0,0.0,1763.6599999999996,84.43,66.82000000000001,4.0,2.0,1064.22,40.85,60.09,4.0,0.0,277.42,36.050000000000004,564.9899999999999,23.0,0.0,2558.7799999999997,84.43
United States,Oklahoma,Barley,1997,spring,313.29,0.0,5.0,1616.3399999999997,45.88,38.26,1.0,0.0,379.79,19.32,275.99,28.0,0.0,1921.4999999999998,55.27,238.65000000000003,0.0,5.0,1204.5,45.88,43.97,0.0,0.0,278.00999999999993,24.3,344.92,29.0,0.0,2435.1200000000003,55.269999999999996
United States,Oklahoma,Barley,1998,spring,194.14000000000001,3.0,0.0,1763.9999999999998,69.07,10.64,14.0,0.0,409.28,8.8,116.89999999999999,62.0,0.0,2067.4599999999996,40.87,128.76000000000002,0.0,0.0,1193.0900000000001,69.07,19.810000000000002,3.0,0.0,290.40999999999997,19.78,173.10999999999999,76.0,0.0,2757.2400000000002,40.87
United States,Oklahoma,Barley,1999,spring,317.01000000000005,0.0,0.0,1641.25,105.42999999999999,128.99,0.0,0.0,261.95,54.599999999999994,176.01000000000002,35.0,0.0,2081.31,59.5,248.32,0.0,0.0,1112.6100000000001,105.42999999999999,29.819999999999997,0.0,0.0,308.38,12.69,343.87000000000006,35.0,0.0,2563.5200000000004,59.5
United States,Oklahoma,Oats,1990,spring,145.1,0.0,2.0,463.78000000000003,51.03,138.27999999999997,0.0,0.0,710.03,79.17,277.7,32.0,0.0,2751.48,67.40999999999998,238.56,0.0,2.0,905.21,79.17,59.63,0.0,0.0,410.14000000000004,23.200000000000003,262.89,32.0,0.0,2609.9399999999996,67.40999999999998
United States,Oklahoma,Oats,1991,spring,61.919999999999995,0.0,0.0,503.48999999999995,27.71,152.48999999999998,0.0,0.0,686.22,44.26,414.93,31.0,0.0,2629.9700000000003,60.21,138.16,0.0,0.0,762.56,39.28,67.98,0.0,0.0,354.93,44.26,423.2,31.0,0.0,2702.1900000000005,60.21
United States,Oklahoma,Oats,1992,spring,75.60000000000001,0.0,0.0,526.88,36.019999999999996,134.92999999999998,0.0,0.0,655.33,37.809999999999995,504.16999999999996,0.0,0.0,2585.4900000000002,43.77000000000001,123.73,0.0,0.0,884.69,37.809999999999995,123.10000000000001,0.0,0.0,343.68000000000006,36.24,467.86999999999995,0.0,0.0,2539.3300000000004,43.769999999999996
United States,Oklahoma,Oats,1993,spring,55.69,0.0,1.0,489.72,32.92999999999999,268.78,0.0,0.0,598.8000000000001,128.28,357.05000000000007,23.0,0.0,2706.2,60.69,294.09,0.0,1.0,848.51,128.27999999999997,39.059999999999995,0.0,0.0,431.57,19.97,348.37,23.0,0.0,2514.64,60.690000000000005
United States,Oklahoma,Oats,1994,spring,78.59,0.0,3.0,538.4799999999999,48.87,153.65,0.0,0.0,702.79,50.85,262.0,38.0,0.0,2852.5899999999997,40.7,164.03,0.0,3.0,824.85,64.25,68.21000000000001,0.0,0.0,476.18999999999994,36.26,262.0,38.0,0.0,2792.8200000000006,40.7
United States,Oklahoma,Oats,1995,spring,92.06,0.0,0.0,514.84,36.24,205.57,0.0,0.0,592.57,77.7,481.91,30.0,0.0,2678.9700000000003,79.03999999999999,186.13,0.0,0.0,845.8100000000001,77.7,186.37,0.0,0.0,350.4700000000001,68.48,407.04,30.0,0.0,2590.1,78.65
United States,Oklahoma,Oats,1996,spring,48.50000000000001,0.0,2.0,582.6100000000001,40.85,46.03000000000001,8.0,0.0,744.5699999999999,19.490000000000002,597.3699999999999,23.0,0.0,2573.24,84.43,53.03,0.0,2.0,872.36,40.85,37.08,8.0,0.0,354.86999999999995,19.49,601.7899999999998,23.0,0.0,2673.19,84.43
United States,Oklahoma,Oats,1997,spring,146.23,0.0,5.0,459.49999999999994,45.88,109.11999999999999,0.0,0.0,784.4,25.46,372.19,29.0,0.0,2673.7300000000005,55.269999999999996,200.74,0.0,5.0,994.79,45.88,56.57,0.0,0.0,407.95000000000005,25.46,370.23,29.0,0.0,2514.8900000000003,55.269999999999996
United States,Oklahoma,Oats,1998,spring,87.64,0.0,0.0,590.3799999999999,69.07,60.919999999999995,0.0,0.0,744.74,31.82,173.11999999999995,79.0,0.0,2905.62,40.87,116.26,0.0,0.0,999.1200000000001,69.07,32.300000000000004,0.0,0.0,365.03,31.82,173.11999999999998,79.0,0.0,2876.59,40.87
United States,Oklahoma,Oats,1999,spring,152.35,0.0,0.0,529.62,105.42999999999999,111.55,0.0,0.0,743.76,33.89,358.11,35.0,0.0,2711.13,59.5,216.32000000000002,0.0,0.0,906.92,105.42999999999999,58.85,0.0,0.0,416.95000000000005,17.09,346.84000000000003,35.0,0.0,2660.6400000000003,59.5
United States,Oklahoma,Oats,2000,spring,51.97,0.0,0.0,542.5099999999999,14.860000000000001,118.64,4.0,0.0,710.8399999999999,61.08,278.40999999999997,59.0,0.0,2763.77,46.27,124.63000000000001,0.0,0.0,827.3799999999999,61.08,45.98,3.0,0.0,397.17,38.61,278.40999999999997,60.0,0.0,2792.57,46.27
United States,Oklahoma,Oats,2001,spring,27.77,0.0,0.0,513.24,15.69,179.89,0.0,0.0,739.67,68.38,268.41999999999996,43.0,0.0,2885.7799999999997,74.9,63.8,0.0,0.0,730.5600000000001,30.76,78.07,0.0,0.0,467.69000000000005,50.98,334.2099999999999,43.0,0.0,2940.44,74.9
United States,Oklahoma,Oats,2002,spring,104.63,0.0,2.0,456.84000000000003,45.540000000000006,77.04,0.0,0.0,634.87,35.56,359.63000000000005,34.0,0.0,2837.8399999999997,48.059999999999995,115.08000000000001,0.0,2.0,700.74,45.540000000000006,66.59,0.0,0.0,421.0399999999999,35.56,359.63,34.0,0.0,2807.7699999999995,48.059999999999995
United States,Oklahoma,Oats,2003,spring,53.67000000000001,0.0,1.0,581.88,15.78,77.38,1.0,0.0,712.63,32.26,308.71,47.0,0.0,2740.75,67.94,68.97,0.0,1.0,864.1199999999999,15.78,62.07999999999999,0.0,0.0,401.09999999999997,32.26,308.71000000000004,48.0,0.0,2770.0400000000004,67.94
United States,Oklahoma,Oats,2004,spring,38.73000000000001,0.0,0.0,526.74,14.850000000000001,44.73,1.0,0.0,738.49,21.799999999999997,425.52000000000004,17.0,0.0,2670.0000000000005,87.35,61.31,0.0,0.0,854.1700000000001,21.799999999999997,17.04,1.0,0.0,331.65,12.54,430.63,17.0,0.0,2749.41,87.35
United States,Oklahoma,Oats,2005,spring,10.09,0.0,0.0,597.2900000000001,5.040000000000001,54.23,4.0,0.0,646.5799999999999,31.380000000000003,453.29,26.0,0.0,2870.97,63.920000000000016,36.99,0.0,0.0,858.8199999999999,15.24,27.33,4.0,0.0,385.04999999999995,16.16,453.29,26.0,0.0,2870.97,63.920000000000016
United States,Oklahoma,Oats,2006,spring,21.15,2.0,0.0,614.1,12.09,129.97,6.0,0.0,767.2800000000001,59.910000000000004,276.01,53.0,0.0,2925.03,41.03,113.09,2.0,0.0,750.5100000000001,59.910000000000004,15.54,5.0,0.0,471.67,14.7,298.5,54.0,0.0,3084.23,41.03
United States,Oklahoma,Oats,2007,spring,65.7,0.0,4.0,473.37,28.65,238.36999999999998,0.0,0.0,597.74,102.16999999999999,685.6999999999999,2.0,0.0,2568.1900000000005,136.45999999999998,220.76999999999998,0.0,4.0,797.66,102.16999999999999,102.33000000000001,0.0,0.0,361.28,37.330000000000005,666.67,2.0,0.0,2480.36,136.45999999999998
United States,Oklahoma,Oats,2008,spring,110.58,0.0,1.0,565.86,81.27,135.59,0.0,0.0,811.24,69.67,388.92,20.0,0.0,2709.3699999999994,74.13999999999999,205.74,0.0,1.0,1033.37,81.27,43.96,0.0,0.0,422.27,28.04,385.39000000000004,20.0,0.0,2630.83,74.13999999999999
United States,Oklahoma,Oats,2009,spring,67.82999999999998,0.0,2.0,527.43,35.72,152.91000000000003,0.0,0.0,630.63,56.86,394.66999999999996,34.0,0.0,2756.9499999999994,60.69,182.21000000000004,0.0,2.0,719.5599999999998,56.86000000000001,51.75,0.0,0.0,518.02,24.0,381.45000000000005,34.0,0.0,2677.43,60.69
United States,Oklahoma,Oats,2010,spring,73.08,0.0,0.0,536.16,44.56,114.16999999999999,0.0,0.0,702.46,43.26,391.32000000000005,38.0,0.0,2843.5499999999993,91.88000000000001,82.60000000000001,0.0,0.0,848.6999999999999,44.56,104.65,0.0,0.0,389.92,43.26,391.32000000000005,38.0,0.0,2843.5499999999993,91.88000000000001
United States,Oklahoma,Oats,2011,spring,47.94,0.0,0.0,537.88,38.78,131.18,4.0,0.0,761.87,67.10000000000001,155.59,91.0,0.0,2972.86,38.17,59.46,2.0,0.0,816.23,38.78,119.64,2.0,0.0,435.24,67.10000000000001,155.60999999999999,91.0,0.0,3021.14,38.17
United States,Oklahoma,Oats,2012,spring,77.61,0.0,0.0,527.8499999999999,41.019999999999996,91.84999999999998,0.0,0.0,739.93,34.15,216.9,62.0,0.0,2846.7499999999995,39.81,112.69,0.0,0.0,692.4899999999999,41.019999999999996,35.68,0.0,0.0,423.34999999999997,17.09,237.99,62.0,0.0,2998.6900000000005,39.81
United States,Oklahoma,Oats,2013,spring,162.64000000000004,0.0,4.0,472.11000000000007,64.97,128.60999999999999,0.0,0.0,651.4900000000001,32.67,497.15,26.0,0.0,2832.5400000000004,66.03,212.05,0.0,4.0,915.2,64.97,192.40999999999997,0.0,0.0,360.27,89.53,383.94000000000005,26.0,0.0,2680.6700000000005,63.16
United States,Oklahoma,Oats,2014,spring,34.160000000000004,0.0,1.0,581.7500000000001,9.76,64.81,5.0,0.0,766.15,25.71,370.79999999999995,41.0,0.0,2719.6600000000003,61.44,49.599999999999994,3.0,1.0,923.47,15.18,49.18000000000001,2.0,0.0,404.59,25.71,370.99,41.0,0.0,2739.5,61.44
United States,Oklahoma,Oats,2015,spring,108.31,0.0,0.0,486.21999999999997,38.589999999999996,376.4,0.0,0.0,580.64,95.06000000000002,383.55,8.0,0.0,2777.5099999999998,65.6,270.73,0.0,0.0,724.8800000000001,93.45,213.98000000000002,0.0,0.0,362.82,95.06000000000002,383.55,8.0,0.0,2756.67,65.6
United States,Oklahoma,Oats,2016,spring,146.62,0.0,0.0,557.8999999999999,75.07000000000001,80.35999999999999,0.0,0.0,701.7199999999999,26.65,332.04,20.0,0.0,2785.55,39.93,165.92000000000002,0.0,0.0,884.98,75.07000000000001,69.57000000000001,0.0,0.0,392.15000000000003,26.65,323.53,20.0,0.0,2768.0400000000004,39.92999999999999
United States,Oklahoma,Oats,2017,spring,122.24,0.0,0.0,510.16,44.18,143.49,0.0,0.0,780.19,60.580000000000005,359.77,32.0,0.0,2747.31,68.8,211.96,0.0,0.0,848.2900000000001,60.7,53.79,0.0,0.0,470.0199999999999,41.93,359.75,32.0,0.0,2719.3500000000004,68.8
United States,Oklahoma,Oats,2018,spring,55.650000000000006,0.0,7.0,558.69,39.05,98.61,0.0,0.0,811.36,32.64,492.81,32.0,0.0,2650.44,82.8,89.97,0.0,7.0,974.0899999999999,39.05,64.28999999999999,0.0,0.0,395.96000000000004,18.66,492.81,32.0,0.0,2650.44,82.8
United States,Oklahoma,Oats,2019,spring,107.82,0.0,0.0,547.5600000000001,41.8,341.12,0.0,0.0,604.0900000000001,86.14,378.62,15.0,0.0,2821.71,38.050000000000004,254.66000000000003,0.0,0.0,809.35,57.58,194.28999999999996,0.0,0.0,368.84000000000003,86.14,378.61,15.0,0.0,2795.17,38.050000000000004
United States,Oklahoma,Oats,2020,spring,51.10999999999999,0.0,3.0,503.6500000000001,30.189999999999998,99.59,0.0,0.0,718.02,29.85,353.71000000000004,24.0,0.0,2844.9899999999993,72.92,102.36999999999999,0.0,3.0,890.2299999999998,30.189999999999998,48.33,0.0,0.0,410.21,29.85,353.71,24.0,0.0,2766.22,72.92
United States,Oklahoma,Oats,2021,spring,72.59,0.0,1.0,508.4,26.810000000000002,134.17,0.0,0.0,599.17,41.01,371.4,27.0,0.0,2779.3499999999995,101.87,116.79999999999998,0.0,1.0,872.93,28.7,120.01999999999998,0.0,0.0,329.1600000000001,41.01,341.34000000000003,27.0,0.0,2684.8299999999995,101.87
United States,Oklahoma,Oats,2022,spring,40.69,0.0,0.0,556.2099999999999,18.98,206.79,2.0,0.0,725.99,89.86,289.42,66.0,0.0,2898.96,95.97,146.43,0.0,0.0,828.42,78.91,101.05,2.0,0.0,400.76000000000005,89.86,289.41999999999996,66.0,0.0,2951.98,95.97
United States,Oklahoma,Oats,2023,spring,76.86999999999999,0.0,0.0,574.4399999999999,54.04,128.92999999999998,0.0,0.0,649.6199999999999,57.86,384.65999999999997,50.0,0.0,2851.7599999999998,98.88,118.26999999999998,0.0,0.0,887.9099999999999,54.04,88.33999999999999,0.0,0.0,360.46000000000004,51.42,383.84999999999997,50.0,0.0,2827.4500000000003,98.88
United States,Oklahoma,Canola,2009,spring,49.199999999999996,0.0,2.0,365.96000000000004,35.72,169.63999999999996,0.0,0.0,663.2099999999999,56.86000000000001,396.57000000000005,34.0,0.0,2885.84,60.69,157.45,0.0,2.0,631.28,56.86000000000001,64.13999999999999,0.0,0.0,585.63,27.380000000000003,393.82,34.0,0.0,2698.1,60.69
United States,Oklahoma,Canola,2010,spring,60.800000000000004,0.0,0.0,362.34000000000003,44.56,105.86000000000001,0.0,0.0,743.7800000000001,43.26,411.9100000000001,38.0,0.0,2976.0499999999997,91.88000000000001,77.44,0.0,0.0,704.54,44.56,90.96000000000001,0.0,0.0,478.99,43.26,410.17,38.0,0.0,2898.64,91.88000000000001
United States,Oklahoma,Canola,2011,spring,1.17,0.0,0.0,435.76,0.76,177.60000000000002,3.0,0.0,731.54,67.10000000000001,155.94,92.0,0.0,3105.31,38.17,58.949999999999996,0.0,0.0,629.6899999999999,38.78,119.82000000000001,3.0,0.0,537.61,67.10000000000001,155.94,92.0,0.0,3105.31,38.17
United States,Oklahoma,Canola,2012,spring,75.58,0.0,0.0,325.15,41.019999999999996,72.79,0.0,0.0,816.02,34.15,237.99,62.0,0.0,2973.3599999999997,39.81,102.33000000000001,0.0,0.0,554.2799999999999,41.019999999999996,44.14,0.0,0.0,480.09000000000003,17.09,239.89000000000004,62.0,0.0,3080.1600000000003,39.81
United States,Oklahoma,Canola,2013,spring,142.3,0.0,3.0,311.82,64.97,116.22,0.0,1.0,732.5000000000001,31.14,529.88,26.0,0.0,2911.82,89.53,189.32000000000002,0.0,4.0,832.9499999999999,64.97,209.25,0.0,0.0,419.8499999999999,89.53,389.83000000000004,26.0,0.0,2703.3400000000006,63.16
United States,Oklahoma,Canola,2014,spring,11.259999999999998,0.0,1.0,399.46000000000004,7.109999999999999,67.99000000000001,5.0,0.0,851.42,25.71,390.52,41.0,0.0,2816.6800000000003,61.44,34.42,1.0,1.0,762.7199999999999,9.76,55.849999999999994,4.0,0.0,502.11999999999995,25.71,379.5,41.0,0.0,2802.7200000000003,61.44
United States,Oklahoma,Canola,2015,spring,57.71999999999999,0.0,0.0,343.5300000000001,32.97,406.01,0.0,0.0,626.8499999999999,95.06000000000002,404.53,8.0,0.0,2873.9900000000002,65.6,115.62,0.0,0.0,625.7600000000001,45.9,369.06,0.0,0.0,421.0,95.06000000000002,383.58,8.0,0.0,2797.61,65.6
United States,Oklahoma,Canola,2016,spring,117.41,0.0,0.0,370.59000000000003,75.07000000000001,95.49999999999999,0.0,0.0,771.0799999999999,26.65,346.11,20.0,0.0,2903.5,39.93,159.95000000000002,0.0,0.0,744.0,75.07000000000001,65.9,0.0,0.0,492.71000000000004,26.65,333.17,20.0,0.0,2808.46,39.92999999999999
United States,Oklahoma,Canola,2017,spring,66.37,0.0,0.0,367.15999999999997,30.029999999999998,197.03000000000003,0.0,0.0,786.9399999999999,60.70000000000001,362.1,32.0,0.0,2883.5600000000004,68.8,190.34000000000003,0.0,0.0,678.85,60.7,75.31,0.0,0.0,588.73,41.93,359.85,32.0,0.0,2770.08,68.8
United States,Oklahoma,Canola,2018,spring,2.8699999999999997,0.0,7.0,396.84000000000003,1.92,140.87,0.0,0.0,828.78,39.05,503.33,32.0,0.0,2794.87,82.8,88.36000000000001,0.0,7.0,848.6899999999999,39.05,55.62,0.0,0.0,465.49,18.66,503.09,32.0,0.0,2706.3100000000004,82.8
United States,Oklahoma,Canola,2019,spring,77.52,0.0,0.0,386.72,41.8,350.07000000000005,0.0,0.0,668.3000000000002,86.14,399.96999999999997,15.0,0.0,2918.34,38.050000000000004,179.82,0.0,0.0,657.2900000000001,41.8,269.12,0.0,0.0,463.65999999999997,86.14,378.62,15.0,0.0,2852.41,38.050000000000004
United States,Oklahoma,Canola,2020,spring,19.970000000000002,0.0,3.0,329.12,17.200000000000003,126.13,0.0,0.0,779.73,30.189999999999998,358.31,24.0,0.0,2957.81,72.92,61.05,0.0,3.0,750.96,30.189999999999998,89.65,0.0,0.0,525.07,29.85,353.71,24.0,0.0,2790.6299999999997,72.92
United States,Oklahoma,Canola,2021,spring,36.580000000000005,0.0,0.0,380.20000000000005,26.810000000000002,126.55000000000003,0.0,1.0,620.88,32.41,415.03,27.0,0.0,2885.84,101.87,103.86,0.0,1.0,734.2300000000001,28.7,132.96,0.0,0.0,439.32000000000005,41.01,341.34000000000003,27.0,0.0,2713.3699999999994,101.87
United States,Oklahoma,Canola,2022,spring,21.169999999999998,0.0,0.0,404.15,17.26,226.23999999999998,2.0,0.0,742.1599999999999,89.86,289.49,66.0,0.0,3034.8500000000004,95.97,131.18,0.0,0.0,684.25,78.91,116.22999999999999,2.0,0.0,462.06,89.86,289.49,66.0,0.0,3034.8500000000004,95.97
United States,Oklahoma,Canola,2023,spring,15.43,0.0,0.0,450.53999999999996,10.95,179.34000000000003,0.0,0.0,675.5599999999998,57.86,395.68999999999994,50.0,0.0,2949.7200000000003,98.88,98.52,0.0,0.0,761.0500000000001,54.04,106.9,0.0,0.0,435.7,57.86,385.03999999999996,50.0,0.0,2879.0699999999997,98.88
United States,Oklahoma,Canola,2024,spring,32.74,0.0,0.0,388.90000000000003,16.84,175.93,0.0,0.0,774.6700000000001,43.150000000000006,306.46000000000004,52.0,0.0,2913.5,92.32999999999998,97.16,0.0,0.0,632.58,39.58,109.75000000000001,0.0,0.0,480.32000000000005,43.150000000000006,308.22,52.0,0.0,2964.17,92.32999999999998
United States,Oklahoma,Canola,2025,spring,90.86000000000001,0.0,0.0,358.38,45.1,280.39,0.0,0.0,742.92,91.42,440.71000000000004,12.0,0.0,2753.7,57.39,280.13,0.0,0.0,641.6600000000001,91.42,115.18,0.0,0.0,511.81,54.27,416.65,12.0,0.0,2701.53,57.39
United States,South Dakota,Wheat,1990,spring,151.79000000000002,0.0,22.0,1464.48,33.41,59.22999999999999,0.0,0.0,332.73,32.7,148.27000000000004,17.0,0.0,2082.59,18.919999999999998,157.41000000000003,0.0,22.0,1515.01,33.41,53.870000000000005,1.0,0.0,337.07,32.7,148.01000000000002,16.0,0.0,2027.7199999999998,18.919999999999998
United States,South Dakota,Wheat,1991,spring,310.3,0.0,10.0,1277.09,61.88,21.42,0.0,0.0,351.22,16.14,135.51999999999998,18.0,0.0,2099.2999999999997,26.58,308.66,0.0,10.0,1185.1299999999999,61.88,22.400000000000002,0.0,0.0,371.72,16.14,136.18,18.0,0.0,2170.76,26.58
United States,South Dakota,Wheat,1992,spring,68.24000000000001,2.0,11.0,1387.67,23.43,76.82000000000001,0.0,0.0,294.81999999999994,51.53,267.93,2.0,0.0,1841.28,40.59,68.21000000000001,2.0,11.0,1350.9,23.43,75.85,0.0,0.0,301.36999999999995,51.53,268.93,2.0,0.0,1871.5,40.59
United States,South Dakota,Wheat,1993,spring,176.70000000000002,0.0,14.0,1330.4699999999998,24.87,69.77,0.0,0.0,310.75,33.05,226.08,1.0,0.0,1896.8899999999999,36.91,186.33000000000004,0.0,14.0,1467.8400000000001,24.87,82.25,0.0,0.0,340.84,33.05,203.97,1.0,0.0,1729.43,36.91
United States,South Dakota,Wheat,1994,spring,119.93,0.0,17.0,1452.2600000000002,25.21,33.5,0.0,0.0,307.1,15.52,193.94,8.0,0.0,2044.7000000000003,70.66,98.01,0.0,17.0,1392.41,21.76,50.550000000000004,0.0,0.0,297.9,21.92,198.80999999999997,8.0,0.0,2113.7500000000005,70.66
United States,South Dakota,Wheat,1995,spring,283.49,0.0,19.0,1241.7500000000002,44.480000000000004,54.84,0.0,0.0,370.41999999999996,45.9,143.57,11.0,1.0,2075.6600000000003,23.1,291.48,0.0,19.0,1520.51,44.480000000000004,57.89,0.0,0.0,342.71999999999997,45.9,132.53000000000003,11.0,1.0,1824.6,23.1
United States,South Dakota,Wheat,1996,spring,164.15000000000003,0.0,21.0,1254.5900000000004,46.7,28.6,0.0,0.0,334.34000000000003,13.81,253.89000000000001,7.0,0.0,2089.2599999999998,92.31,180.59,0.0,21.0,1418.9199999999998,46.7,15.77,2.0,0.0,321.14,8.38,250.28000000000003,5.0,0.0,1938.1299999999999,92.30999999999999
United States,South Dakota,Wheat,1997,spring,214.64999999999998,0.0,17.0,1386.6299999999999,47.6,46.42999999999999,0.0,0.0,342.15999999999997,26.79,224.0,2.0,0.0,2016.28,31.22,244.01000000000002,0.0,17.0,1570.64,47.6,45.89,0.0,0.0,338.14000000000004,27.31,195.18,2.0,0.0,1836.29,24.759999999999998
United States,South Dakota,Wheat,1998,spring,154.67999999999998,0.0,9.0,1413.3600000000001,44.75,60.08,0.0,0.0,329.06999999999994,32.129999999999995,145.36999999999998,16.0,0.0,2093.2200000000003,24.5,154.67999999999998,0.0,9.0,1413.3600000000001,44.75,63.089999999999996,0.0,0.0,354.54999999999995,32.129999999999995,142.35999999999999,16.0,0.0,2067.7400000000002,24.5
United States,South Dakota,Wheat,1999,spring,244.28000000000003,0.0,9.0,1382.2,54.989999999999995,24.61,0.0,0.0,310.05,9.73,263.56,16.0,0.0,2030.8799999999999,75.91,246.47000000000003,0.0,9.0,1412.37,54.989999999999995,23.990000000000002,0.0,0.0,362.09,9.729999999999999,261.99,16.0,0.0,1948.67,75.91
United States,South Dakota,Wheat,2000,spring,146.48,2.0,14.0,1422.2499999999998,36.6,40.449999999999996,0.0,0.0,330.61,23.35,126.65,19.0,0.0,2056.5599999999995,24.389999999999997,144.94,1.0,14.0,1391.4599999999998,36.6,40.81,1.0,0.0,336.11,23.35,127.83,19.0,0.0,2081.85,24.389999999999997
United States,South Dakota,Wheat,2001,spring,194.70000000000002,0.0,9.0,1379.88,43.400000000000006,32.32,1.0,0.0,353.52,20.830000000000002,156.2,32.0,0.0,2125.3499999999995,38.87,192.52,0.0,9.0,1359.66,43.400000000000006,34.49999999999999,1.0,0.0,373.73999999999995,20.83,156.2,32.0,0.0,2125.3499999999995,38.87
United States,South Dakota,Wheat,2002,spring,62.769999999999996,1.0,16.0,1472.17,16.37,37.08,1.0,0.0,331.7300000000001,28.71,188.91000000000003,32.0,0.0,2016.67,30.599999999999998,62.83999999999999,1.0,16.0,1526.21,16.37,40.11000000000001,2.0,0.0,302.67,28.71,185.81000000000003,31.0,0.0,1991.6899999999998,30.599999999999998
United States,South Dakota,Wheat,2003,spring,165.23,0.0,9.0,1275.71,35.839999999999996,16.43,0.0,0.0,345.17,7.83,142.3,24.0,0.0,2156.22,40.220000000000006,165.23,0.0,9.0,1275.71,35.839999999999996,13.419999999999998,0.0,0.0,328.85,7.380000000000001,145.31000000000003,24.0,0.0,2172.54,43.22
United States,South Dakota,Wheat,2004,spring,134.89,0.0,9.0,1468.04,27.819999999999997,41.989999999999995,0.0,0.0,329.32,31.41,296.09,10.0,0.0,2051.31,53.88999999999999,115.73,0.0,9.0,1413.42,27.819999999999997,61.15,0.0,0.0,383.94000000000005,47.980000000000004,296.09,10.0,0.0,2051.31,53.88999999999999
United States,South Dakota,Wheat,2005,spring,196.04000000000002,0.0,11.0,1390.65,40.559999999999995,64.59,1.0,0.0,332.98,51.25,120.71,26.0,0.0,2186.54,14.64,196.04000000000002,0.0,11.0,1390.65,40.559999999999995,64.56,0.0,0.0,303.84000000000003,51.25,120.74,27.0,0.0,2215.6800000000003,14.64
United States,South Dakota,Wheat,2006,spring,67.58,3.0,4.0,1488.59,12.67,22.990000000000002,2.0,0.0,328.0,10.77,198.66,29.0,0.0,2021.8300000000002,37.83,55.51,2.0,4.0,1298.32,12.67,14.620000000000001,3.0,0.0,292.53999999999996,8.52,219.1,29.0,0.0,2247.5600000000004,37.83
United States,South Dakota,Wheat,2007,spring,225.43999999999997,0.0,16.0,1456.05,52.779999999999994,87.31000000000002,0.0,0.0,327.74000000000007,50.49,161.29,15.0,0.0,2044.6399999999996,40.34,225.43999999999997,0.0,16.0,1424.97,52.779999999999994,87.2,0.0,0.0,302.61,50.49,161.4,15.0,0.0,2100.8499999999995,40.34
United States,South Dakota,Wheat,2008,spring,208.51,0.0,20.0,1341.73,50.519999999999996,22.0,0.0,0.0,358.48,8.48,221.53,7.0,0.0,2136.6099999999997,48.55,216.38000000000002,0.0,20.0,1547.48,50.519999999999996,43.790000000000006,0.0,0.0,363.17,25.099999999999998,191.87000000000003,7.0,0.0,1926.17,48.55
United States,South Dakota,Wheat,2009,spring,105.90999999999998,1.0,15.0,1457.6,22.590000000000003,25.48,0.0,0.0,318.46000000000004,12.03,219.97,3.0,0.0,2074.6399999999994,34.1,118.21000000000001,1.0,15.0,1579.86,22.590000000000003,35.51,0.0,0.0,336.76,21.61,197.63999999999996,3.0,0.0,1934.08,34.1
United States,South Dakota,Wheat,2010,spring,187.12,0.0,6.0,1404.12,34.44,106.84,0.0,0.0,328.66,51.3,218.72000000000003,13.0,0.0,2065.45,36.02,187.12,0.0,6.0,1404.12,34.44,106.89,0.0,0.0,358.86,51.3,218.67000000000002,13.0,0.0,2035.25,36.02
United States,South Dakota,Wheat,2011,spring,185.3,1.0,15.0,1296.42,39.92999999999999,156.24999999999997,0.0,0.0,295.34999999999997,109.72,202.13,11.0,0.0,2153.42,28.46,215.78,1.0,15.0,1430.92,39.92999999999999,155.95999999999998,0.0,0.0,329.55,109.72,171.94,11.0,0.0,1984.72,19.67
United States,South Dakota,Wheat,2012,spring,185.97000000000003,1.0,2.0,1443.6299999999994,42.14,35.17,1.0,0.0,378.14,18.55,54.42,34.0,0.0,2137.71,9.89,170.42,1.0,2.0,1285.8899999999999,42.14,31.169999999999998,0.0,0.0,348.17,14.39,73.97,35.0,0.0,2325.4199999999996,18.549999999999997
United States,South Dakota,Wheat,2013,spring,217.79000000000002,0.0,26.0,1311.3899999999999,44.51,55.95,0.0,0.0,340.68,32.03,162.07000000000002,13.0,0.0,2026.6699999999998,30.919999999999998,241.23999999999998,0.0,26.0,1515.1199999999997,44.51,35.67,0.0,0.0,316.78999999999996,32.03,158.9,13.0,0.0,1846.83,30.919999999999998
United States,South Dakota,Wheat,2014,spring,161.81,0.0,14.0,1400.7899999999997,49.559999999999995,61.74,0.0,0.0,334.28,21.3,188.48,4.0,0.0,1964.73,25.439999999999998,172.59,0.0,14.0,1502.5900000000001,49.559999999999995,67.24000000000001,0.0,0.0,323.59,21.3,172.2,4.0,0.0,1873.6200000000001,25.439999999999998
United States,South Dakota,Wheat,2015,spring,175.26999999999998,1.0,10.0,1373.9099999999999,52.32,89.34,0.0,0.0,315.81,33.910000000000004,186.0,13.0,0.0,2054.92,48.68000000000001,175.26999999999998,0.0,10.0,1345.4599999999998,52.32,87.95,1.0,0.0,328.08,33.910000000000004,187.39000000000001,13.0,0.0,2071.1,48.68000000000001
United States,South Dakota,Wheat,2016,spring,184.28999999999996,1.0,10.0,1519.91,51.81,40.03,2.0,0.0,382.89000000000004,29.25,185.86,16.0,0.0,2108.01,33.669999999999995,183.99999999999997,0.0,10.0,1490.02,51.81,34.61,3.0,0.0,323.23,29.25,191.57,16.0,0.0,2197.5600000000004,33.669999999999995
United States,South Dakota,Wheat,2017,spring,82.0,2.0,7.0,1489.53,21.86,62.31,0.0,0.0,354.05999999999995,40.739999999999995,181.58000000000004,15.0,0.0,2076.0900000000006,45.099999999999994,81.97,1.0,7.0,1405.31,21.86,45.349999999999994,1.0,0.0,331.10999999999996,40.739999999999995,198.57000000000002,15.0,0.0,2183.2600000000007,45.1
United States,South Dakota,Wheat,2018,spring,130.0,3.0,20.0,1488.4299999999996,26.04,49.66,1.0,0.0,291.81,26.730000000000004,182.52,14.0,0.0,1985.76,42.2,115.96,3.0,20.0,1432.6899999999998,26.04,59.970000000000006,1.0,0.0,298.12,26.730000000000004,186.25,14.0,0.0,2035.19,42.2
United States,South Dakota,Wheat,2019,spring,241.17,0.0,12.0,1289.2500000000005,44.1,40.83,0.0,0.0,314.14000000000004,34.74,360.09000000000003,1.0,0.0,1948.3799999999999,57.65,244.26000000000002,0.0,12.0,1449.63,44.1,51.059999999999995,1.0,0.0,345.51,34.74,346.77000000000004,0.0,0.0,1756.6299999999999,57.65
United States,South Dakota,Wheat,2020,spring,143.82,0.0,20.0,1414.9499999999998,39.69,17.910000000000004,2.0,0.0,370.98999999999995,14.25,158.73000000000002,10.0,0.0,2093.35,25.02,143.82,0.0,20.0,1474.9499999999998,39.69,17.920000000000005,2.0,0.0,338.81999999999994,14.25,158.72,10.0,0.0,2065.52,25.02
United States,South Dakota,Wheat,2021,spring,84.39000000000001,3.0,13.0,1449.7099999999998,28.33,26.540000000000003,4.0,0.0,373.29999999999995,18.89,227.18,21.0,0.0,1979.51,43.279999999999994,83.67000000000002,3.0,13.0,1424.2099999999998,28.33,23.770000000000003,3.0,0.0,291.03,19.5,230.67,22.0,0.0,2087.28,43.279999999999994
United States,South Dakota,Wheat,2022,spring,194.58999999999995,0.0,21.0,1369.1399999999996,52.89,49.53999999999999,3.0,0.0,383.87000000000006,35.96,166.25999999999996,21.0,0.0,2162.7899999999995,38.2,237.34,0.0,21.0,1517.2499999999998,52.89,14.49,4.0,0.0,349.84999999999997,7.84,158.55999999999997,20.0,0.0,2048.7,38.2
United States,South Dakota,Wheat,2023,spring,106.88,1.0,15.0,1542.0500000000002,19.860000000000003,38.31,2.0,0.0,329.09,18.99,276.54,15.0,0.0,1960.7200000000003,56.97,100.02,0.0,15.0,1446.45,19.860000000000003,20.72,1.0,0.0,313.5799999999999,13.98,300.99,17.0,0.0,2071.83,56.97
United States,South Dakota,Wheat,2024,spring,158.13,0.0,9.0,1438.7599999999998,38.06,73.02000000000001,0.0,0.0,292.67,50.629999999999995,176.77,14.0,0.0,2002.86,39.99000000000001,158.13,0.0,9.0,1409.9099999999999,38.06,72.99000000000001,0.0,0.0,291.73,50.629999999999995,176.79999999999998,14.0,0.0,2032.6499999999999,39.99000000000001
United States,South Dakota,Wheat,2025,spring,187.65,2.0,9.0,1397.8899999999999,58.28,39.62,3.0,0.0,344.09999999999997,23.650000000000002,265.37,15.0,0.0,1922.88,66.66,187.65,2.0,9.0,1375.6899999999998,58.28,37.64,3.0,0.0,309.61,23.650000000000002,267.35,15.0,0.0,1979.57,66.66
United States,South Dakota,Barley,1990,spring,157.95000000000002,0.0,22.0,1540.24,33.41,59.46999999999999,4.0,0.0,450.13,32.7,141.87,13.0,0.0,1889.4299999999998,18.919999999999998,157.41000000000003,0.0,22.0,1515.01,33.41,53.870000000000005,1.0,0.0,337.07,32.7,148.01000000000002,16.0,0.0,2027.7199999999998,18.919999999999998
United States,South Dakota,Barley,1991,spring,310.4700000000001,0.0,10.0,1366.4699999999998,61.88,45.88999999999999,1.0,0.0,427.61,22.6,110.88,17.0,0.0,1933.5300000000002,26.58,309.18,0.0,10.0,1201.8999999999999,61.88,21.880000000000006,0.0,0.0,354.95,16.14,136.18,18.0,0.0,2170.76,26.58
United States,South Dakota,Barley,1992,spring,68.31,2.0,11.0,1468.7,23.43,100.74000000000001,0.0,0.0,374.83000000000004,51.53,243.94,2.0,0.0,1680.24,40.59,68.21000000000001,2.0,11.0,1350.9,23.43,75.85,0.0,0.0,301.36999999999995,51.53,268.93,2.0,0.0,1871.5,40.59
United States,South Dakota,Barley,1993,spring,185.40000000000003,0.0,14.0,1411.3300000000002,24.87,83.17999999999999,0.0,0.0,397.35,33.05,203.97,1.0,0.0,1729.43,36.91,186.33000000000004,0.0,14.0,1467.8400000000001,24.87,82.25,0.0,0.0,340.84,33.05,203.97,1.0,0.0,1729.43,36.91
United States,South Dakota,Barley,1994,spring,123.63,0.0,17.0,1520.8899999999999,25.21,32.99,0.0,0.0,445.38999999999993,15.52,190.75,8.0,0.0,1837.7800000000002,70.66,98.01,0.0,17.0,1392.41,21.76,52.190000000000005,0.0,0.0,327.53999999999996,21.92,197.17,8.0,0.0,2084.11,70.66
United States,South Dakota,Barley,1995,spring,288.61,0.0,19.0,1318.36,44.480000000000004,49.93000000000001,0.0,0.0,450.63,45.9,143.36,11.0,1.0,1918.8399999999997,23.1,291.48,0.0,19.0,1520.51,44.480000000000004,59.34,0.0,0.0,369.6,45.9,131.08,11.0,1.0,1797.7199999999998,23.1
United States,South Dakota,Barley,1996,spring,165.74,0.0,21.0,1341.4499999999998,46.7,31.269999999999996,2.0,0.0,425.01,13.81,249.63000000000002,5.0,0.0,1911.73,92.31,180.6,0.0,21.0,1446.85,46.7,16.41,2.0,0.0,319.60999999999996,8.38,249.63000000000002,5.0,0.0,1911.73,92.31
United States,South Dakota,Barley,1997,spring,241.44000000000003,0.0,17.0,1434.57,47.6,48.46000000000001,0.0,0.0,474.21,27.31,195.18,2.0,0.0,1836.29,24.759999999999998,244.01000000000002,0.0,17.0,1570.64,47.6,56.68,0.0,0.0,354.50000000000006,31.22,184.39000000000001,2.0,0.0,1819.93,24.759999999999998
United States,South Dakota,Barley,1998,spring,158.41,0.0,9.0,1491.89,44.75,64.64999999999999,0.0,0.0,434.99999999999994,32.129999999999995,137.07,16.0,0.0,1908.76,24.5,154.67999999999998,0.0,9.0,1413.3600000000001,44.75,63.089999999999996,0.0,0.0,354.54999999999995,32.129999999999995,142.35999999999999,16.0,0.0,2067.7400000000002,24.5
United States,South Dakota,Barley,1999,spring,246.62000000000003,0.0,9.0,1440.08,54.989999999999995,55.03000000000001,0.0,0.0,408.24,29.11,230.79999999999998,16.0,0.0,1874.8100000000002,75.91,246.62000000000003,0.0,9.0,1440.08,54.989999999999995,23.839999999999996,0.0,0.0,334.38,9.73,261.99,16.0,0.0,1948.67,75.91
United States,South Dakota,Barley,2000,spring,154.95000000000002,2.0,14.0,1499.05,36.6,52.42999999999999,0.0,0.0,415.4,23.35,106.2,19.0,0.0,1894.97,24.389999999999997,144.94,1.0,14.0,1391.4599999999998,36.6,40.81,1.0,0.0,336.11,23.35,127.83,19.0,0.0,2081.85,24.389999999999997
United States,South Dakota,Barley,2001,spring,201.56,0.0,9.0,1455.3700000000001,43.400000000000006,36.879999999999995,6.0,0.0,443.04,15.14,144.77999999999997,27.0,0.0,1960.3400000000001,38.87,194.70000000000002,0.0,9.0,1379.88,43.400000000000006,32.54,2.0,0.0,382.2,20.830000000000002,155.98000000000002,31.0,0.0,2096.6699999999996,38.87
United States,South Dakota,Barley,2002,spring,62.95999999999999,1.0,16.0,1546.3,16.37,40.04,7.0,0.0,455.4,28.71,185.76000000000002,26.0,0.0,1818.87,30.599999999999998,62.95999999999999,1.0,16.0,1546.3,16.37,39.99,2.0,0.0,282.58000000000004,28.71,185.81000000000003,31.0,0.0,1991.6899999999998,30.599999999999998
United States,South Dakota,Barley,2003,spring,169.50000000000003,0.0,9.0,1347.38,35.839999999999996,56.099999999999994,0.0,0.0,433.94,43.220000000000006,98.36,24.0,0.0,1995.7800000000002,17.58,165.82999999999998,0.0,9.0,1295.1200000000001,35.839999999999996,15.83,0.0,0.0,325.76,7.83,142.3,24.0,0.0,2156.22,40.220000000000006
United States,South Dakota,Barley,2004,spring,166.29999999999998,0.0,9.0,1536.3999999999999,47.980000000000004,34.8,0.0,0.0,449.13,18.98,271.86999999999995,10.0,0.0,1863.1399999999996,53.88999999999999,115.73,0.0,9.0,1440.69,27.819999999999997,62.480000000000004,0.0,0.0,385.21,47.980000000000004,294.76,10.0,0.0,2022.77,53.88999999999999
United States,South Dakota,Barley,2005,spring,222.66999999999996,0.0,11.0,1456.08,40.559999999999995,46.32,1.0,0.0,440.2,25.83,112.34999999999998,26.0,0.0,2013.89,14.64,196.04000000000002,0.0,11.0,1390.65,40.559999999999995,64.56,0.0,0.0,303.84000000000003,51.25,120.74,27.0,0.0,2215.6800000000003,14.64
United States,South Dakota,Barley,2006,spring,68.39,3.0,4.0,1540.5000000000002,12.67,24.3,4.0,0.0,461.20000000000005,10.77,196.54,27.0,0.0,1836.72,37.83,55.51,2.0,4.0,1298.32,12.67,14.620000000000001,3.0,0.0,292.53999999999996,8.52,219.1,29.0,0.0,2247.5600000000004,37.83
United States,South Dakota,Barley,2007,spring,251.26999999999995,0.0,16.0,1524.67,52.779999999999994,61.620000000000005,1.0,0.0,468.32000000000005,28.99,161.15,14.0,0.0,1835.4399999999998,40.34,225.43999999999997,0.0,16.0,1424.97,52.779999999999994,87.31,0.0,0.0,327.97,50.49,161.29,15.0,0.0,2075.4899999999993,40.34
United States,South Dakota,Barley,2008,spring,214.56000000000003,0.0,20.0,1407.3999999999999,50.519999999999996,45.61,0.0,0.0,477.32000000000005,25.099999999999998,191.87000000000003,7.0,0.0,1952.1000000000004,48.55,216.38000000000002,0.0,20.0,1547.48,50.519999999999996,43.790000000000006,0.0,0.0,363.17,25.099999999999998,191.87000000000003,7.0,0.0,1926.17,48.55
United States,South Dakota,Barley,2009,spring,108.08,1.0,15.0,1513.1699999999998,22.590000000000003,48.94,0.0,0.0,463.08,21.61,194.33999999999997,3.0,0.0,1874.4499999999998,34.1,120.12,1.0,15.0,1600.77,22.590000000000003,33.599999999999994,0.0,0.0,315.85,21.61,197.63999999999996,3.0,0.0,1934.08,34.1
United States,South Dakota,Barley,2010,spring,238.42,0.0,6.0,1454.54,51.3,61.6,1.0,0.0,473.41999999999996,33.44,212.66000000000003,12.0,0.0,1870.27,36.02,187.12,0.0,6.0,1404.12,34.44,106.89,0.0,0.0,358.86,51.3,218.67000000000002,13.0,0.0,2035.25,36.02
United States,South Dakota,Barley,2011,spring,201.33999999999997,1.0,15.0,1361.34,39.92999999999999,170.4,0.0,0.0,399.13000000000005,109.72,171.94,11.0,0.0,1984.72,19.67,224.51,1.0,15.0,1457.3600000000001,39.92999999999999,162.07999999999998,0.0,0.0,314.27000000000004,109.72,157.08999999999997,11.0,0.0,1973.56,19.67
United States,South Dakota,Barley,2012,spring,193.69,1.0,2.0,1517.26,42.14,31.29,2.0,0.0,465.92,18.55,50.58,33.0,0.0,1976.3,9.89,170.42,1.0,2.0,1285.8899999999999,42.14,31.169999999999998,1.0,0.0,375.0,14.39,73.97,34.0,0.0,2298.59,18.549999999999997
United States,South Dakota,Barley,2013,spring,234.49,0.0,26.0,1384.8099999999997,44.51,42.42,0.0,0.0,447.1,32.03,158.9,13.0,0.0,1846.83,30.919999999999998,241.23999999999998,0.0,26.0,1545.2999999999997,44.51,35.669999999999995,0.0,0.0,286.61,32.03,158.9,13.0,0.0,1846.83,30.919999999999998
United States,South Dakota,Barley,2014,spring,166.69,0.0,14.0,1483.15,49.559999999999995,86.78,0.0,0.0,419.38000000000005,22.68,158.55999999999997,4.0,0.0,1797.27,25.439999999999998,172.59,0.0,14.0,1502.5900000000001,49.559999999999995,67.24000000000001,0.0,0.0,323.59,21.3,172.2,4.0,0.0,1873.6200000000001,25.439999999999998
United States,South Dakota,Barley,2015,spring,179.57,1.0,10.0,1435.79,52.32,92.04,0.0,0.0,418.9200000000001,33.910000000000004,179.00000000000003,13.0,0.0,1889.9300000000003,48.68000000000001,175.26999999999998,0.0,10.0,1345.4599999999998,52.32,89.34,1.0,0.0,344.26,33.910000000000004,186.0,13.0,0.0,2054.92,48.68000000000001
United States,South Dakota,Barley,2018,spring,142.87,3.0,20.0,1570.4900000000002,26.04,61.48000000000001,1.0,0.0,360.84000000000003,26.730000000000004,157.83,14.0,0.0,1834.67,42.2,115.96,3.0,20.0,1432.6899999999998,26.04,59.970000000000006,1.0,0.0,298.12,26.730000000000004,186.25,14.0,0.0,2035.19,42.2
United States,South Dakota,Barley,2019,spring,243.17000000000002,0.0,12.0,1361.64,44.1,52.15,1.0,0.0,433.49999999999994,34.74,346.77000000000004,0.0,0.0,1756.6299999999999,57.65,245.83,0.0,12.0,1476.3400000000001,44.1,49.49,1.0,0.0,318.8,34.74,346.77000000000004,0.0,0.0,1756.6299999999999,57.65
United States,South Dakota,Barley,2020,spring,143.82,0.0,20.0,1505.3799999999999,39.69,32.74,3.0,0.0,445.8,14.25,143.9,9.0,0.0,1928.1100000000001,25.02,143.82,0.0,20.0,1505.3799999999999,39.69,17.920000000000005,2.0,0.0,308.39,14.25,158.72,10.0,0.0,2065.52,25.02
United States,South Dakota,Barley,2021,spring,103.28000000000002,3.0,13.0,1539.03,28.33,15.88,4.0,0.0,448.42,7.890000000000001,218.95,21.0,0.0,1815.0699999999997,43.279999999999994,83.67000000000002,3.0,13.0,1424.2099999999998,28.33,23.770000000000003,3.0,0.0,291.03,19.5,230.67,22.0,0.0,2087.28,43.279999999999994
United States,South Dakota,Barley,2022,spring,214.51,0.0,21.0,1443.0199999999998,52.89,37.75,5.0,0.0,507.8,22.83,158.12999999999997,19.0,0.0,1964.98,38.2,237.34,0.0,21.0,1517.2499999999998,52.89,14.49,4.0,0.0,349.84999999999997,7.84,158.55999999999997,20.0,0.0,2048.7,38.2
United States,South Dakota,Barley,2023,spring,114.01000000000002,1.0,15.0,1616.82,19.860000000000003,88.00999999999999,2.0,0.0,412.10999999999996,49.0,219.71000000000006,15.0,0.0,1802.9300000000003,56.97,100.02,0.0,15.0,1446.45,19.860000000000003,20.72,1.0,0.0,313.5799999999999,13.98,300.99,17.0,0.0,2071.83,56.97
United States,South Dakota,Barley,2024,spring,165.86,0.0,9.0,1519.77,38.06,88.77,0.0,0.0,379.56,50.629999999999995,153.29,14.0,0.0,1834.9599999999998,39.99000000000001,158.13,0.0,9.0,1409.9099999999999,38.06,72.99000000000001,0.0,0.0,291.73,50.629999999999995,176.79999999999998,14.0,0.0,2032.6499999999999,39.99000000000001
United States,South Dakota,Barley,2025,spring,194.72,3.0,9.0,1464.9599999999998,58.28,69.99,2.0,0.0,449.36,23.650000000000002,227.93,15.0,0.0,1750.55,66.66,187.65,2.0,9.0,1375.6899999999998,58.28,37.64,3.0,0.0,309.61,23.650000000000002,267.35,15.0,0.0,1979.57,66.66
United States,South Dakota,Oats,1990,spring,146.09,0.0,22.0,1368.6999999999998,33.41,61.599999999999994,0.0,0.0,322.84,32.7,151.60000000000002,17.0,0.0,2188.2599999999998,18.919999999999998,143.25999999999996,0.0,22.0,1267.56,33.41,67.74999999999999,0.0,0.0,471.08,32.7,148.28,17.0,0.0,2141.16,18.919999999999998
United States,South Dakota,Oats,1991,spring,308.66,0.0,10.0,1185.1299999999999,61.88,22.400000000000002,0.0,0.0,371.72,16.14,136.18,18.0,0.0,2170.76,26.58,176.9,0.0,10.0,1017.49,58.27,149.70999999999998,0.0,0.0,433.00000000000006,61.88,140.63,18.0,0.0,2277.12,26.58
United States,South Dakota,Oats,1992,spring,49.85,2.0,11.0,1319.7600000000002,14.68,91.27999999999999,0.0,0.0,261.73999999999995,51.53,271.86,2.0,0.0,1942.27,40.59,34.559999999999995,2.0,11.0,1069.6499999999999,14.68,105.81,0.0,0.0,467.03999999999996,51.53,272.62,2.0,0.0,1987.08,40.59
United States,South Dakota,Oats,1993,spring,155.23999999999998,0.0,14.0,1250.6599999999999,24.87,75.96000000000001,0.0,0.0,289.09999999999997,33.05,241.35,1.0,0.0,1998.35,36.91,155.17,0.0,14.0,1229.1299999999999,24.87,91.70000000000002,0.0,0.0,467.97,33.05,225.68,1.0,0.0,1841.01,36.91
United States,South Dakota,Oats,1994,spring,94.7,0.0,17.0,1381.0,21.76,51.8,0.0,0.0,285.76,25.21,200.86999999999998,8.0,0.0,2137.3000000000006,70.66,79.54999999999998,0.0,17.0,1162.1000000000001,21.76,55.6,0.0,0.0,441.0900000000001,25.21,212.22000000000003,8.0,0.0,2200.8700000000003,70.66
United States,South Dakota,Oats,1995,spring,233.84,0.0,19.0,1187.64,44.480000000000004,57.64,0.0,0.0,332.87,35.57,190.42,11.0,1.0,2167.32,45.9,288.33000000000004,0.0,19.0,1288.85,44.480000000000004,50.209999999999994,0.0,0.0,480.14,45.9,143.36,11.0,1.0,1918.8399999999997,23.1
United States,South Dakota,Oats,1996,spring,163.81000000000003,0.0,21.0,1149.2900000000002,46.7,19.840000000000003,0.0,0.0,344.25,13.81,262.99,7.0,0.0,2184.65,92.31,164.15000000000003,0.0,21.0,1224.3600000000004,46.7,29.509999999999998,1.0,0.0,437.21,13.81,252.98000000000002,6.0,0.0,2016.62,92.31
United States,South Dakota,Oats,1997,spring,214.61999999999998,0.0,17.0,1271.0,47.6,39.41,0.0,0.0,356.09999999999997,26.79,231.05,2.0,0.0,2117.9700000000003,31.22,214.61999999999998,0.0,17.0,1327.27,47.6,47.82999999999999,0.0,0.0,478.04,26.79,222.63,2.0,0.0,1939.7600000000002,31.22
United States,South Dakota,Oats,1998,spring,108.7,0.0,9.0,1357.89,33.14,90.72,0.0,0.0,269.73999999999995,44.75,160.70999999999998,16.0,0.0,2208.0200000000013,24.5,99.69,0.0,9.0,1159.95,33.14,99.72999999999999,0.0,0.0,467.68,44.75,160.70999999999998,16.0,0.0,2208.0200000000013,24.5
United States,South Dakota,Oats,1999,spring,239.04000000000002,0.0,9.0,1284.8899999999999,54.989999999999995,25.459999999999997,0.0,0.0,311.61,9.73,267.95,16.0,0.0,2126.63,75.91,197.04000000000002,0.0,9.0,1205.2399999999998,54.989999999999995,71.30999999999999,0.0,0.0,460.61999999999995,42.0,264.1,16.0,0.0,2057.2700000000004,75.91
United States,South Dakota,Oats,2000,spring,144.94,0.0,14.0,1303.9899999999998,36.6,37.94,2.0,0.0,340.64,23.35,130.7,19.0,0.0,2164.7899999999995,24.389999999999997,130.28000000000003,0.0,14.0,1149.5500000000002,36.6,50.71000000000001,2.0,0.0,478.44,23.35,132.58999999999997,19.0,0.0,2181.4300000000003,24.389999999999997
United States,South Dakota,Oats,2001,spring,190.36,0.0,9.0,1286.07,43.400000000000006,35.279999999999994,0.0,0.0,335.21000000000004,20.83,157.57999999999998,33.0,0.0,2237.4699999999993,38.87,150.56000000000003,0.0,9.0,1143.86,43.400000000000006,75.08000000000001,0.0,0.0,477.42,20.94,157.57999999999998,33.0,0.0,2237.4699999999993,38.87
United States,South Dakota,Oats,2002,spring,58.57999999999999,0.0,16.0,1385.67,16.37,8.459999999999999,1.0,0.0,325.82000000000005,4.17,221.72000000000006,33.0,0.0,2109.0800000000004,30.599999999999998,58.00999999999999,0.0,16.0,1307.15,16.37,33.03,1.0,0.0,445.89000000000004,24.830000000000002,197.72000000000003,33.0,0.0,2067.53,30.599999999999998
United States,South Dakota,Oats,2003,spring,158.54,0.0,9.0,1197.1200000000001,35.839999999999996,12.729999999999999,0.0,0.0,342.95000000000005,8.08,152.69000000000003,24.0,0.0,2237.0299999999993,43.220000000000006,143.6,0.0,9.0,1070.1200000000001,35.839999999999996,27.629999999999995,0.0,0.0,437.71999999999997,9.690000000000001,152.73000000000002,24.0,0.0,2269.26,43.220000000000006
United States,South Dakota,Oats,2004,spring,115.52000000000001,0.0,9.0,1385.25,27.819999999999997,59.910000000000004,0.0,0.0,310.81,47.980000000000004,297.53999999999996,10.0,0.0,2152.6100000000006,53.88999999999999,96.52,0.0,9.0,1220.7299999999998,27.819999999999997,78.80000000000001,0.0,0.0,456.79,47.980000000000004,297.65,10.0,0.0,2171.15,53.88999999999999
United States,South Dakota,Oats,2005,spring,173.32999999999998,0.0,11.0,1285.6,40.559999999999995,76.67,0.0,0.0,341.21,51.25,131.34,27.0,0.0,2283.3599999999997,14.640000000000002,132.32,0.0,11.0,1159.33,40.559999999999995,117.68,0.0,0.0,467.48,51.25,131.34,27.0,0.0,2283.3599999999997,14.640000000000002
United States,South Dakota,Oats,2006,spring,59.13999999999999,3.0,4.0,1405.71,12.67,23.54,2.0,0.0,298.33,8.44,206.54999999999998,29.0,0.0,2134.38,37.83,46.06,0.0,4.0,1061.0,12.67,22.19,3.0,0.0,436.91999999999996,8.52,220.98,31.0,0.0,2340.5,37.83
United States,South Dakota,Oats,2007,spring,212.90999999999997,0.0,16.0,1357.31,52.779999999999994,91.79,0.0,0.0,319.39,50.49,169.34,15.0,0.0,2151.7299999999996,40.34,161.85,0.0,16.0,1182.61,52.779999999999994,140.67000000000002,0.0,0.0,432.66,50.49,171.52,15.0,0.0,2213.16,40.34
United States,South Dakota,Oats,2008,spring,203.3,0.0,20.0,1250.01,50.339999999999996,18.490000000000002,0.0,0.0,346.36999999999995,6.049999999999999,230.24999999999997,7.0,0.0,2240.44,48.55,203.3,0.0,20.0,1250.01,50.339999999999996,42.97,0.0,0.0,529.25,15.76,205.76999999999998,7.0,0.0,2057.56,48.55
United States,South Dakota,Oats,2009,spring,77.46999999999998,1.0,15.0,1410.68,14.190000000000001,45.04,0.0,0.0,268.14000000000004,21.44,228.85,3.0,0.0,2171.8799999999997,34.1,74.66000000000001,1.0,15.0,1345.4899999999998,14.190000000000001,57.88000000000001,0.0,0.0,457.20000000000005,22.59,218.81999999999996,3.0,0.0,2048.0099999999998,34.1
United States,South Dakota,Oats,2010,spring,184.08,0.0,6.0,1320.59,34.44,72.46,0.0,0.0,304.14,51.300000000000004,256.14,13.0,0.0,2173.5,36.02,163.53,0.0,6.0,1151.1000000000001,34.44,107.80999999999999,0.0,0.0,500.01,51.3,241.34,13.0,0.0,2147.12,36.019999999999996
United States,South Dakota,Oats,2011,spring,183.48999999999998,0.0,15.0,1210.16,39.92999999999999,62.519999999999996,1.0,0.0,321.39,27.38,297.66999999999996,11.0,0.0,2213.6399999999994,95.53999999999999,183.48999999999998,0.0,15.0,1210.16,39.92999999999999,186.52,1.0,0.0,439.88,109.72,173.67000000000002,11.0,0.0,2095.15,19.67
United States,South Dakota,Oats,2012,spring,170.74,1.0,2.0,1334.5899999999997,42.14,38.13,1.0,0.0,375.50999999999993,14.39,66.69000000000001,34.0,0.0,2249.38,11.92,138.66,1.0,2.0,1057.6399999999999,42.14,55.029999999999994,0.0,0.0,459.61999999999995,15.64,81.87,35.0,0.0,2442.2200000000003,18.55
United States,South Dakota,Oats,2013,spring,199.14000000000001,0.0,26.0,1227.62,44.51,42.26,0.0,0.0,341.75,18.580000000000002,194.41000000000003,13.0,0.0,2109.3700000000003,32.03,217.52,0.0,26.0,1287.7199999999998,44.51,58.38,0.0,0.0,437.6700000000001,32.03,159.91,13.0,0.0,1953.35,30.919999999999998
United States,South Dakota,Oats,2014,spring,153.87,0.0,14.0,1322.55,49.559999999999995,54.809999999999995,0.0,0.0,299.46000000000004,21.3,203.34999999999997,4.0,0.0,2077.7899999999995,25.439999999999998,139.85999999999999,0.0,14.0,1234.3,49.559999999999995,83.46999999999998,0.0,0.0,473.37,21.3,188.69999999999996,4.0,0.0,1992.1299999999999,25.439999999999998
United States,South Dakota,Oats,2015,spring,170.83999999999997,0.0,10.0,1276.8299999999997,52.32,69.22999999999999,1.0,0.0,307.03000000000003,32.52,210.54000000000002,13.0,0.0,2160.78,48.68000000000001,163.13,0.0,10.0,1143.9199999999998,52.32,48.78,1.0,0.0,428.72,27.689999999999998,238.7,13.0,0.0,2172.0,48.68000000000001
United States,South Dakota,Oats,2016,spring,183.95999999999998,0.0,10.0,1401.94,51.81,34.65,3.0,0.0,382.26,29.25,191.57000000000002,16.0,0.0,2226.61,33.669999999999995,172.35999999999999,0.0,10.0,1228.7000000000003,51.81,41.480000000000004,2.0,0.0,475.46000000000004,29.25,196.34000000000003,17.0,0.0,2306.65,33.669999999999995
United States,South Dakota,Oats,2017,spring,81.73,1.0,7.0,1385.4299999999998,21.86,45.59,1.0,0.0,350.99,40.739999999999995,198.57000000000002,15.0,0.0,2183.2600000000007,45.1,80.4,0.0,7.0,1154.39,21.86,43.0,2.0,0.0,495.5,40.739999999999995,202.49,15.0,0.0,2269.790000000001,45.1
United States,South Dakota,Oats,2018,spring,105.05,3.0,20.0,1387.4999999999998,26.04,70.08,1.0,0.0,314.40000000000003,26.730000000000004,187.05,14.0,0.0,2064.0999999999995,42.2,101.59,2.0,20.0,1215.05,26.04,56.06,2.0,0.0,450.8,21.7,204.53,14.0,0.0,2100.1499999999996,42.2
United States,South Dakota,Oats,2019,spring,235.97,0.0,12.0,1191.2400000000002,44.1,18.13,0.0,0.0,340.57,8.27,387.99000000000007,1.0,0.0,2019.9599999999998,57.65,235.97,0.0,12.0,1191.2400000000002,44.1,52.22,0.0,0.0,498.71000000000004,34.74,353.90000000000003,1.0,0.0,1861.8199999999997,57.65
United States,South Dakota,Oats,2020,spring,102.06,0.0,20.0,1348.32,29.860000000000003,56.769999999999996,2.0,0.0,342.71000000000004,39.69,161.63000000000002,10.0,0.0,2188.2599999999998,25.02,97.83,0.0,20.0,1276.1599999999999,29.860000000000003,62.93000000000001,2.0,0.0,438.55000000000007,39.69,159.70000000000002,10.0,0.0,2164.5799999999995,25.02
United States,South Dakota,Oats,2021,spring,81.47000000000001,2.0,13.0,1339.87,28.33,25.970000000000006,4.0,0.0,375.37,19.5,230.67,22.0,0.0,2087.28,43.279999999999994,81.39999999999999,0.0,13.0,1198.3200000000002,28.33,25.570000000000004,5.0,0.0,412.80000000000007,19.5,231.14,23.0,0.0,2191.4,43.279999999999994
United States,South Dakota,Oats,2022,spring,181.36999999999998,0.0,21.0,1301.1999999999998,52.89,56.79,2.0,0.0,336.02,35.96,172.23,22.0,0.0,2278.5799999999995,38.2,181.36999999999998,0.0,21.0,1301.1999999999998,52.89,62.760000000000005,3.0,0.0,451.81,35.96,166.25999999999996,21.0,0.0,2162.7899999999995,38.2
United States,South Dakota,Oats,2023,spring,100.02,0.0,15.0,1446.45,19.860000000000003,20.72,2.0,0.0,343.42999999999995,13.98,300.99,16.0,0.0,2041.98,56.97,80.36,0.0,15.0,1220.11,19.860000000000003,33.65,1.0,0.0,424.37,13.98,307.71999999999997,17.0,0.0,2187.3799999999997,56.97
United States,South Dakota,Oats,2024,spring,154.44,0.0,9.0,1341.7399999999998,38.06,26.05,0.0,0.0,317.79,10.790000000000003,227.43,14.0,0.0,2074.76,50.629999999999995,146.51000000000002,0.0,9.0,1185.8600000000001,38.06,29.11,0.0,0.0,429.85,7.730000000000001,232.3,14.0,0.0,2118.58,50.629999999999995
United States,South Dakota,Oats,2025,spring,185.93,2.0,9.0,1303.0099999999998,58.28,38.71,1.0,0.0,323.81,23.650000000000002,268.0,17.0,0.0,2038.05,66.66,176.79,2.0,9.0,1124.6099999999997,58.28,41.05,1.0,0.0,444.63999999999993,21.19,274.8,17.0,0.0,2095.62,66.66
United States,Texas,Wheat,1990,winter,410.40999999999997,10.0,29.0,3506.5599999999995,67.19,82.83999999999999,0.0,0.0,444.44,65.01,49.089999999999996,31.0,0.0,1143.4499999999998,16.150000000000002,99.28000000000002,10.0,4.0,1614.7300000000002,25.759999999999998,27.04,0.0,20.0,519.57,13.649999999999999,416.02000000000004,31.0,5.0,2960.1499999999996,67.19
United States,Texas,Wheat,1991,winter,466.38,4.0,26.0,3516.8,42.120000000000005,110.01,0.0,0.0,396.68999999999994,47.57,164.76000000000002,4.0,0.0,1040.73,48.2,258.85,4.0,4.0,1501.9399999999996,42.120000000000005,100.44999999999999,0.0,17.0,426.41,33.64,381.85,4.0,5.0,3025.87,48.20000000000001
United States,Texas,Wheat,1992,winter,870.38,0.0,29.0,3468.26,179.98000000000002,73.0,0.0,0.0,436.44999999999993,41.28,232.99,0.0,0.0,967.5,48.29,354.15999999999997,0.0,14.0,1533.6,105.02000000000001,317.68,0.0,11.0,457.74,119.84,504.53,0.0,4.0,2880.87,60.56
United States,Texas,Wheat,1993,winter,502.44,8.0,33.0,3389.6899999999996,79.65,82.91999999999999,0.0,0.0,412.42,43.39,155.74,3.0,0.0,1028.6799999999998,36.38,179.99,8.0,10.0,1555.6400000000003,79.65,99.56,0.0,12.0,297.42,55.81999999999999,461.54999999999995,3.0,11.0,2977.7300000000005,43.39
United States,Texas,Wheat,1994,winter,390.15,3.0,38.0,3531.1299999999997,51.26,147.46,0.0,0.0,338.14,61.36,82.73,13.0,0.0,1172.22,23.740000000000002,216.37,2.0,11.0,1552.6999999999996,51.26,60.1,0.0,19.0,543.3000000000001,23.07,343.87,14.0,8.0,2945.49,61.36
United States,Texas,Wheat,1995,winter,567.4699999999998,5.0,19.0,3307.91,52.1,58.86,3.0,0.0,411.09999999999997,42.52,174.09000000000003,4.0,0.0,1071.84,59.58,256.73,5.0,0.0,1348.75,40.15,103.78,0.0,9.0,387.15000000000003,50.42,439.90999999999997,7.0,10.0,3054.95,59.58
United States,Texas,Wheat,1996,winter,281.36,11.0,39.0,3811.71,27.269999999999996,29.64,3.0,0.0,463.16,17.22,118.11999999999999,28.0,0.0,1142.4099999999999,31.41,131.66,7.0,0.0,1492.1000000000001,27.06,24.740000000000002,0.0,19.0,480.93,19.599999999999998,272.71999999999997,35.0,20.0,3444.25,31.41
United States,Texas,Wheat,1997,winter,711.24,0.0,38.0,3323.3799999999997,63.05999999999999,49.36000000000001,0.0,0.0,468.29999999999995,31.42,224.01999999999998,0.0,0.0,1003.0400000000001,75.66000000000001,269.69,0.0,5.0,1477.96,58.66,75.99,0.0,24.0,528.8299999999999,40.459999999999994,638.9399999999999,0.0,9.0,2787.93,75.66
United States,Texas,Wheat,1998,winter,553.2199999999999,18.0,26.0,3705.33,72.09,1.01,8.0,0.0,527.49,0.5599999999999999,73.59,31.0,0.0,1124.1500000000003,33.29,178.55,18.0,6.0,1493.6799999999998,35.89,130.42,0.0,11.0,425.56,68.67,318.85,39.0,9.0,3437.7299999999996,72.09
United States,Texas,Wheat,1999,winter,543.48,13.0,21.0,3498.7,80.19,65.0,0.0,0.0,443.87000000000006,48.11,117.65,8.0,0.0,991.91,34.459999999999994,333.0,11.0,0.0,1304.9199999999998,80.19,57.31,0.0,16.0,433.46999999999997,42.41,335.82,10.0,5.0,3196.09,48.11
United States,Texas,Wheat,2000,winter,296.22,18.0,13.0,3844.7999999999997,35.040000000000006,51.49999999999999,6.0,0.0,462.20000000000005,40.58,159.52,14.0,0.0,979.32,36.66,62.5,17.0,0.0,1469.78,27.670000000000005,41.78,0.0,4.0,411.38,26.130000000000003,402.96000000000004,21.0,9.0,3405.16,40.58
United States,Texas,Wheat,2001,winter,622.8499999999999,14.0,38.0,3106.2699999999995,97.00999999999999,64.24000000000001,0.0,0.0,446.67,45.08,68.62,12.0,0.0,1123.84,24.729999999999997,346.03000000000003,14.0,12.0,1392.2499999999998,97.00999999999999,102.39999999999999,0.0,22.0,569.07,29.25,307.28,12.0,4.0,2715.46,45.08
United States,Texas,Wheat,2002,winter,430.87000000000006,2.0,37.0,3568.01,92.36,7.460000000000001,7.0,0.0,445.12,3.9699999999999998,161.53,11.0,0.0,1050.73,65.08,252.68,0.0,2.0,1475.37,92.36,54.290000000000006,0.0,17.0,504.9100000000001,26.509999999999998,292.89,20.0,18.0,3083.58,65.08
United States,Texas,Wheat,2003,winter,446.88,3.0,25.0,3441.62,58.86,12.749999999999998,9.0,0.0,406.82,6.949999999999999,174.88,9.0,0.0,1023.4200000000001,72.53999999999999,287.06,3.0,2.0,1452.3,58.86,48.050000000000004,0.0,13.0,492.93000000000006,19.22,299.4,18.0,10.0,2926.63,72.53999999999999
United States,Texas,Wheat,2004,winter,531.3299999999999,1.0,24.0,3304.8900000000003,58.12,45.499999999999986,0.0,0.0,408.48,22.36,239.12000000000006,6.0,0.0,939.7599999999999,103.66000000000001,199.93,1.0,2.0,1338.3600000000001,49.919999999999995,8.559999999999999,0.0,10.0,432.65,6.63,607.46,6.0,12.0,2882.12,103.65999999999998
United States,Texas,Wheat,2005,winter,543.53,1.0,18.0,3447.96,85.21,54.33,0.0,0.0,394.94000000000005,34.32,86.45,21.0,0.0,1095.96,45.94,334.35,1.0,2.0,1320.7999999999997,85.21,32.870000000000005,0.0,10.0,382.48,11.22,317.09000000000003,21.0,6.0,3235.58,45.940000000000005
United States,Texas,Wheat,2006,winter,243.87,22.0,16.0,3763.31,34.760000000000005,124.70000000000002,0.0,0.0,477.78999999999996,56.42,67.94,16.0,0.0,1183.7799999999997,41.050000000000004,58.739999999999995,18.0,1.0,1411.17,15.75,10.98,0.0,9.0,436.03,8.25,366.78999999999996,20.0,6.0,3577.6799999999994,56.42000000000001
United States,Texas,Wheat,2007,winter,537.46,4.0,37.0,3471.5,74.57,94.92999999999999,0.0,0.0,370.69,54.489999999999995,390.5200000000001,0.0,0.0,897.0500000000002,106.44000000000003,170.97,4.0,5.0,1544.6499999999999,43.56,70.35000000000001,0.0,8.0,388.68999999999994,33.120000000000005,781.5899999999999,0.0,24.0,2805.9,106.44000000000003
United States,Texas,Wheat,2008,winter,314.76,0.0,33.0,3682.6600000000003,51.25000000000001,88.89999999999999,1.0,0.0,472.1099999999999,68.57000000000001,34.83,32.0,0.0,1180.1399999999999,14.84,132.79,0.0,3.0,1474.47,51.25000000000001,16.25,0.0,14.0,470.67,7.68,289.44999999999993,33.0,16.0,3389.77,68.57000000000001
United States,Texas,Wheat,2009,winter,343.88,2.0,23.0,3861.5199999999995,83.11,33.97,1.0,0.0,347.77,20.86,83.42,19.0,0.0,1133.96,25.66,89.42999999999999,2.0,2.0,1604.46,34.64,15.180000000000001,0.0,8.0,405.22999999999996,9.75,356.65999999999997,20.0,13.0,3333.56,83.11
United States,Texas,Wheat,2010,winter,720.37,2.0,52.0,3330.39,84.61,23.790000000000003,0.0,0.0,424.34000000000003,13.34,79.19999999999999,15.0,0.0,1057.68,33.05,430.57,2.0,15.0,1553.3999999999999,84.61,158.63,0.0,32.0,630.8599999999999,70.83,234.16,15.0,5.0,2628.15,33.589999999999996
United States,Texas,Wheat,2011,winter,297.02000000000004,10.0,33.0,3907.67,128.98,50.71,4.0,0.0,454.17,37.11,36.31999999999999,36.0,0.0,1197.7500000000002,21.93,187.42000000000002,1.0,1.0,1577.3600000000001,128.98,73.23,0.0,13.0,491.35999999999996,36.36,123.4,49.0,19.0,3490.87,37.11
United States,Texas,Wheat,2012,winter,494.21999999999997,20.0,16.0,3718.8799999999997,89.87,101.19,3.0,0.0,402.94000000000005,41.349999999999994,50.910000000000004,19.0,0.0,1133.02,25.740000000000002,143.62000000000003,17.0,0.0,1508.36,89.87,97.51,0.0,9.0,419.08000000000004,42.21,405.19000000000005,25.0,7.0,3327.4,69.91
United States,Texas,Wheat,2013,winter,324.4799999999999,8.0,30.0,3757.3399999999997,68.17,59.599999999999994,1.0,0.0,469.21999999999997,32.22,76.55,19.0,0.0,1051.1699999999998,38.03,132.14999999999998,8.0,0.0,1472.5699999999997,44.69,15.18,0.0,15.0,397.00999999999993,4.47,313.30000000000007,20.0,15.0,3408.1500000000005,68.17
United States,Texas,Wheat,2014,winter,362.90999999999997,8.0,53.0,3567.19,71.49,63.97,2.0,0.0,507.84000000000003,48.95,172.10999999999999,2.0,0.0,989.44,87.44,286.28999999999996,8.0,18.0,1515.23,71.49,32.85,0.0,27.0,646.5600000000001,27.8,279.85,4.0,8.0,2902.6800000000003,87.44
United States,Texas,Wheat,2015,winter,449.0,8.0,38.0,3303.51,51.05,109.00999999999999,0.0,0.0,366.19,47.55,225.61,0.0,0.0,1007.5,78.59,223.26999999999998,8.0,7.0,1485.5300000000002,51.05,76.58,0.0,14.0,407.84999999999997,35.29,483.77,0.0,17.0,2783.82,78.59
United States,Texas,Wheat,2016,winter,638.47,16.0,19.0,3696.58,140.35000000000002,68.64,0.0,0.0,440.91999999999996,31.76,176.69,2.0,0.0,991.19,55.400000000000006,264.22,16.0,2.0,1375.34,140.35000000000002,87.50999999999999,0.0,1.0,318.36,51.73,532.07,2.0,16.0,3434.9900000000007,69.71
United States,Texas,Wheat,2017,winter,483.21000000000004,2.0,12.0,3600.7999999999997,66.84,9.129999999999999,0.0,0.0,477.05,3.77,162.24,12.0,0.0,998.8699999999998,41.730000000000004,191.15,2.0,0.0,1387.11,66.84,41.1,0.0,7.0,299.09999999999997,29.61,422.33000000000004,12.0,5.0,3390.5099999999998,45.13
United States,Texas,Wheat,2018,winter,279.97,10.0,28.0,3627.55,64.62,67.64000000000001,1.0,0.0,473.46999999999997,53.24,59.7,34.0,0.0,1165.65,28.75,93.47,10.0,0.0,1435.16,33.08,41.73,0.0,12.0,377.20000000000005,19.980000000000004,272.11,35.0,16.0,3454.3100000000004,64.62
United States,Texas,Wheat,2019,winter,768.0899999999999,2.0,28.0,3294.1400000000003,170.88,116.60000000000001,0.0,0.0,368.25,58.459999999999994,123.36000000000001,3.0,0.0,1010.66,24.259999999999998,553.2099999999999,2.0,8.0,1462.99,170.88,78.69,0.0,11.0,442.26000000000005,32.24,376.15,3.0,9.0,2767.8,58.459999999999994
United States,Texas,Wheat,2020,winter,414.25,34.0,15.0,3421.17,62.239999999999995,66.16999999999999,2.0,0.0,502.88,38.769999999999996,106.44999999999999,7.0,0.0,1135.2800000000002,38.849999999999994,90.71999999999998,34.0,5.0,1404.73,16.99,14.979999999999999,0.0,4.0,373.0,8.969999999999999,481.17,9.0,6.0,3281.6,62.239999999999995
United States,Texas,Wheat,2021,winter,358.17,5.0,29.0,3533.49,59.080000000000005,122.85999999999999,0.0,0.0,348.28999999999996,69.35000000000001,165.39000000000001,7.0,0.0,971.3600000000001,40.7,186.59999999999997,4.0,3.0,1472.49,59.080000000000005,73.05000000000001,0.0,15.0,503.63,47.0,386.77,8.0,11.0,2877.02,69.35
United States,Texas,Wheat,2022,winter,229.31,14.0,32.0,3871.130000000001,49.59,14.84,11.0,0.0,470.25000000000006,12.43,90.63000000000001,34.0,0.0,1165.5100000000002,41.72,157.02,11.0,0.0,1479.2900000000002,49.59,10.889999999999999,0.0,1.0,276.76,5.42,166.87,48.0,31.0,3750.84,41.72
United States,Texas,Wheat,2023,winter,328.68,10.0,22.0,3554.16,58.620000000000005,80.38000000000001,1.0,0.0,416.86,30.57,88.72,22.0,0.0,1057.04,25.29,190.57,9.0,1.0,1491.0100000000002,58.620000000000005,12.069999999999999,0.0,7.0,304.47,5.55,295.14,24.0,14.0,3232.58,30.57
United States,Texas,Wheat,2024,winter,492.06000000000006,19.0,14.0,3575.82,88.35,159.38,0.0,0.0,348.61999999999995,59.11,136.89,18.0,0.0,1074.8,44.34,222.85000000000002,18.0,0.0,1291.39,88.35,22.65,0.0,1.0,359.79,10.24,542.8299999999999,19.0,13.0,3348.06,59.11
United States,Texas,Wheat,2025,winter,272.32,18.0,28.0,3716.8700000000003,39.300000000000004,49.22,5.0,0.0,422.88,22.06,191.24,16.0,0.0,1098.3500000000001,59.43,77.51,17.0,0.0,1312.9299999999998,39.300000000000004,22.340000000000003,0.0,0.0,329.68000000000006,11.29,412.93,22.0,28.0,3595.4900000000002,59.43
United States,Texas,Barley,1990,spring,234.53000000000003,18.0,0.0,1666.9,67.19,2.27,14.0,0.0,416.81999999999994,1.25,239.00999999999996,30.0,0.0,1906.4200000000003,46.33,185.79000000000005,0.0,0.0,889.87,67.19,22.91,4.0,0.0,273.71,16.150000000000002,267.11000000000007,58.0,0.0,2826.5600000000004,46.33
United States,Texas,Barley,1991,spring,312.5,2.0,0.0,1607.28,48.20000000000001,17.550000000000004,3.0,0.0,396.56,10.61,226.02,33.0,0.0,1910.9600000000003,26.099999999999998,154.14999999999998,0.0,0.0,863.98,47.57,33.84,0.0,0.0,244.86,16.93,368.0799999999999,38.0,0.0,2805.96,48.2
United States,Texas,Barley,1992,spring,300.44999999999993,0.0,0.0,1607.5,48.29,48.59,0.0,0.0,369.7399999999999,29.15,121.75,17.0,0.0,2059.4,23.979999999999997,126.97,0.0,0.0,999.3199999999999,41.28,109.48000000000002,0.0,0.0,220.87,48.29,234.33999999999997,17.0,0.0,2816.45,29.149999999999995
United States,Texas,Barley,1993,spring,212.79999999999998,3.0,0.0,1689.04,43.39,84.5,0.0,0.0,354.52000000000004,36.38,95.71,52.0,0.0,2131.14,51.25999999999999,142.44,0.0,0.0,1033.89,43.39,29.27,0.0,0.0,315.68,16.09,221.3,55.0,0.0,2825.13,51.25999999999999
United States,Texas,Barley,1994,spring,242.33999999999997,5.0,0.0,1711.2100000000005,61.36,12.629999999999999,10.0,0.0,425.21000000000004,9.17,144.04,52.0,0.0,2071.3500000000004,20.28,158.62,1.0,0.0,865.7800000000001,61.36,37.93000000000001,0.0,0.0,323.43,23.740000000000002,202.45999999999998,66.0,0.0,3018.5600000000004,20.28
United States,Texas,Barley,1995,spring,284.40000000000003,4.0,0.0,1707.7499999999998,59.58,39.82,3.0,0.0,373.53999999999996,34.54,191.75,41.0,0.0,1962.4099999999999,50.64,146.16,2.0,0.0,948.88,52.1,34.07,1.0,0.0,266.06,18.310000000000002,335.74,45.0,0.0,2828.7600000000007,59.57999999999999
United States,Texas,Barley,1996,spring,214.47,23.0,0.0,1872.6599999999996,31.41,15.109999999999998,12.0,0.0,391.4100000000001,9.74,306.5,32.0,0.0,1927.26,54.47,111.21,3.0,0.0,988.53,30.37,0.43000000000000005,10.0,0.0,308.99,0.27,424.44,54.0,0.0,2893.81,54.47
United States,Texas,Barley,1997,spring,314.32000000000005,0.0,2.0,1588.5800000000004,63.06,85.45,0.0,0.0,375.21000000000004,75.66000000000001,71.18,61.0,0.0,2123.6200000000003,18.31,195.68000000000004,0.0,2.0,1008.6399999999999,63.06,30.58,0.0,0.0,291.22999999999996,13.629999999999999,244.69,61.0,0.0,2787.54,75.66000000000001
United States,Texas,Barley,1998,spring,98.46,26.0,0.0,1934.97,33.29,1.7,14.0,0.0,415.08,1.42,228.33000000000004,50.0,0.0,2002.5900000000001,44.21,26.339999999999996,7.0,0.0,1131.3799999999999,10.85,5.22,6.0,0.0,237.03,5.13,296.93,77.0,0.0,2984.2300000000005,44.209999999999994
United States,Texas,Barley,1999,spring,186.41,7.0,0.0,1693.4400000000003,48.11,35.74000000000001,4.0,0.0,326.71999999999997,27.28,77.50999999999999,55.0,0.0,2138.8900000000003,39.84,94.61,2.0,0.0,895.66,48.11,14.329999999999998,0.0,0.0,272.84999999999997,10.3,190.72,64.0,0.0,2990.54,39.839999999999996
United States,Texas,Oats,1990,spring,234.51000000000002,7.0,0.0,1325.98,67.19,0.02,15.0,0.0,458.87,0.02,241.28000000000003,40.0,0.0,2205.29,46.33,170.57,0.0,0.0,681.0799999999999,67.19,21.29,2.0,0.0,382.67,14.559999999999999,283.95000000000005,60.0,0.0,2926.39,46.33
United States,Texas,Oats,1991,spring,216.0,1.0,0.0,1333.45,47.57,96.85000000000001,1.0,0.0,383.92,48.199999999999996,243.22,36.0,0.0,2197.43,26.099999999999998,112.16000000000001,0.0,0.0,664.4200000000001,47.57,58.4,0.0,0.0,358.59,33.07,385.51,38.0,0.0,2891.79,48.2
United States,Texas,Oats,1992,spring,244.44,0.0,0.0,1302.51,48.29,56.64,0.0,0.0,417.15,24.18,169.70999999999998,17.0,0.0,2316.9800000000005,29.15,59.52,0.0,0.0,822.17,19.040000000000003,138.71,0.0,0.0,322.29999999999995,48.29,272.56,17.0,0.0,2892.1700000000005,40.47
United States,Texas,Oats,1993,spring,172.04999999999998,3.0,0.0,1435.42,43.39,70.26,0.0,0.0,335.0,34.28,150.7,52.0,0.0,2404.2799999999997,51.25999999999999,141.37,0.0,0.0,774.0500000000002,43.39,17.919999999999998,0.0,0.0,444.84000000000003,16.09,233.72,55.0,0.0,2955.8099999999995,51.25999999999999
United States,Texas,Oats,1994,spring,219.97,1.0,0.0,1400.4199999999998,61.36,25.589999999999996,4.0,0.0,422.88,14.6,153.45,62.0,0.0,2384.4700000000003,20.28,57.56000000000001,1.0,0.0,747.4300000000001,29.990000000000002,115.17999999999999,0.0,0.0,348.76,61.36,226.26999999999998,66.0,0.0,3111.58,23.740000000000002
United States,Texas,Oats,1995,spring,250.78,3.0,0.0,1385.9099999999999,59.58,34.16,1.0,0.0,426.43,32.98,231.03000000000003,44.0,0.0,2231.36,50.64,98.57000000000001,0.0,0.0,741.6400000000001,52.1,64.6,3.0,0.0,391.83,42.519999999999996,352.80000000000007,45.0,0.0,2910.2299999999996,59.58
United States,Texas,Oats,1996,spring,180.85,16.0,0.0,1546.9799999999998,30.37,36.71,11.0,0.0,437.83000000000004,31.41,318.5199999999999,40.0,0.0,2206.5200000000004,54.47,97.22000000000001,3.0,0.0,826.56,30.37,14.149999999999997,6.0,0.0,356.81,8.37,424.7099999999999,58.0,0.0,3007.96,54.47
United States,Texas,Oats,1997,spring,227.07,0.0,2.0,1325.91,63.06,89.82999999999998,0.0,0.0,377.32000000000005,57.08,154.05,61.0,0.0,2384.1800000000003,75.66,164.31,0.0,2.0,810.3,63.06,60.71000000000001,0.0,0.0,375.36,21.040000000000003,245.93,61.0,0.0,2901.75,75.66000000000001
United States,Texas,Oats,1998,spring,59.14,21.0,0.0,1644.5299999999997,22.709999999999997,39.4,9.0,0.0,400.13,33.29,229.95000000000005,60.0,0.0,2307.98,44.209999999999994,26.04,3.0,0.0,927.4999999999999,10.85,0.37,9.0,0.0,368.6,0.27999999999999997,302.08000000000004,78.0,0.0,3056.54,44.209999999999994
United States,Texas,Oats,1999,spring,157.96,3.0,0.0,1414.7699999999998,48.11,41.290000000000006,4.0,0.0,355.49,15.759999999999998,100.40999999999998,59.0,0.0,2388.7900000000004,39.84,43.97,2.0,0.0,673.1200000000001,24.85,61.099999999999994,0.0,0.0,406.16,48.11,194.59,64.0,0.0,3079.7700000000004,39.839999999999996
United States,Texas,Oats,2000,spring,186.09,13.0,0.0,1441.9299999999998,40.58,75.72,0.0,0.0,311.45000000000005,36.66,67.68,82.0,0.0,2471.1600000000003,27.81,95.82000000000001,1.0,0.0,716.2099999999998,40.58,38.81,6.0,0.0,367.28999999999996,29.549999999999997,194.86,88.0,0.0,3141.04,36.66
United States,Texas,Oats,2001,spring,123.88,2.0,0.0,1366.1000000000001,45.08,29.5,4.0,0.0,418.64,24.729999999999997,209.25000000000003,54.0,0.0,2392.27,47.47,55.849999999999994,0.0,0.0,611.0699999999999,26.46,44.96,0.0,0.0,426.15999999999997,25.86,261.82,60.0,0.0,3139.78,47.47
United States,Texas,Oats,2002,spring,82.2,9.0,0.0,1371.81,34.15,41.190000000000005,6.0,0.0,372.56,29.98,345.65999999999997,26.0,0.0,2245.5400000000004,104.55,26.589999999999996,6.0,0.0,578.9499999999999,19.31,7.03,3.0,0.0,343.78999999999996,3.9699999999999998,435.43000000000006,32.0,0.0,3067.17,104.55
United States,Texas,Oats,2003,spring,103.13999999999999,14.0,0.0,1425.16,49.19,86.18,0.0,0.0,374.56,34.080000000000005,188.1,42.0,0.0,2235.9800000000005,43.06,15.24,0.0,0.0,737.27,6.949999999999999,3.4499999999999997,9.0,0.0,283.50000000000006,2.53,358.73,47.0,0.0,3014.9300000000003,72.53999999999999
United States,Texas,Oats,2004,spring,202.53,6.0,0.0,1296.83,48.38999999999999,111.77000000000001,0.0,0.0,344.28000000000003,103.66000000000001,256.03000000000003,16.0,0.0,2222.89,55.48,156.68,0.0,0.0,692.9699999999999,48.38999999999999,19.25,0.0,0.0,348.51,15.96,394.4,22.0,0.0,2822.5200000000004,103.66000000000001
United States,Texas,Oats,2005,spring,152.95000000000002,5.0,0.0,1414.8999999999999,45.94,0.44000000000000006,6.0,0.0,410.27,0.41000000000000003,189.82999999999996,56.0,0.0,2278.2200000000003,55.660000000000004,57.16,0.0,0.0,847.5400000000002,32.19,9.780000000000001,4.0,0.0,348.81,7.37,276.28,63.0,0.0,2907.04,55.660000000000004
United States,Texas,Oats,2006,spring,168.7,8.0,0.0,1569.1900000000003,56.42,42.99,12.0,0.0,451.02,41.050000000000004,122.19999999999997,47.0,0.0,2356.33,22.73,81.84,4.0,0.0,721.4300000000001,39.14,81.38999999999999,1.0,0.0,424.29,56.42,170.65999999999997,62.0,0.0,3230.8199999999997,41.050000000000004
United States,Texas,Oats,2007,spring,283.98999999999995,0.0,1.0,1234.45,89.29,92.92,0.0,0.0,368.33,67.87,408.66,0.0,0.0,2091.99,106.44000000000001,106.77,0.0,1.0,688.52,54.489999999999995,144.00000000000003,0.0,0.0,355.63999999999993,89.29,534.8000000000001,0.0,0.0,2650.61,106.44000000000001
United States,Texas,Oats,2008,spring,164.82,12.0,0.0,1556.5700000000002,68.57000000000001,15.169999999999998,14.0,0.0,425.49,14.509999999999998,143.51,40.0,0.0,2316.100000000001,25.75,80.78999999999999,0.0,0.0,806.34,31.57,82.16999999999999,3.0,0.0,420.56,68.57000000000001,160.54000000000002,63.0,0.0,3071.2599999999998,25.75
United States,Texas,Oats,2009,spring,196.71,1.0,0.0,1387.1700000000003,61.83,26.06,10.0,0.0,408.07000000000005,25.66,252.37,59.0,0.0,2206.8599999999997,84.61,125.4,0.0,0.0,699.3500000000001,61.83,33.559999999999995,1.0,0.0,381.75,20.86,316.17999999999995,69.0,0.0,2921.0,84.61
United States,Texas,Oats,2010,spring,114.12,1.0,0.0,1372.28,33.589999999999996,6.1,9.0,0.0,391.46,5.52,331.71999999999997,45.0,0.0,2290.9,128.98,58.36,0.0,0.0,777.82,33.589999999999996,26.89,0.0,0.0,322.96999999999997,13.34,366.68999999999994,55.0,0.0,2953.8500000000004,128.98
United States,Texas,Oats,2011,spring,82.38,25.0,0.0,1556.59,37.11,0.34,16.0,0.0,459.33000000000004,0.27,51.859999999999985,85.0,0.0,2532.06,21.869999999999997,17.560000000000002,10.0,0.0,729.6499999999999,13.26,50.71,3.0,0.0,395.45,37.11,66.30999999999999,113.0,0.0,3422.88,21.93
United States,Texas,Oats,2012,spring,112.08000000000001,11.0,0.0,1481.5000000000002,41.349999999999994,47.43000000000001,6.0,0.0,384.09000000000003,25.740000000000002,217.23999999999998,53.0,0.0,2359.18,44.68999999999999,7.8900000000000015,3.0,0.0,688.73,3.38,101.16,3.0,0.0,382.48,41.349999999999994,267.7,64.0,0.0,3153.5600000000004,44.68999999999999
United States,Texas,Oats,2013,spring,152.04000000000002,4.0,0.0,1386.4099999999999,38.03,28.37,8.0,0.0,399.94,13.75,257.15000000000003,49.0,0.0,2314.7400000000002,84.78,56.6,0.0,0.0,787.8199999999999,33.89,91.94,1.0,0.0,372.94,38.03,289.02,60.0,0.0,2940.33,84.78
United States,Texas,Oats,2014,spring,187.51999999999998,2.0,0.0,1457.4,87.44,52.36,0.0,0.0,380.18,28.29,187.08,53.0,0.0,2230.65,51.05,24.860000000000003,1.0,0.0,775.6,11.07,65.88,1.0,0.0,426.09999999999997,48.95,336.22,53.0,0.0,2866.5299999999997,87.44
United States,Texas,Oats,2015,spring,326.76,0.0,0.0,1203.25,78.59,45.43,0.0,0.0,400.5,32.25,71.41,59.0,0.0,2425.67,15.82,66.57,0.0,0.0,651.57,27.85,127.52,0.0,0.0,260.92,47.55,249.51,59.0,0.0,3116.93,78.59
United States,Texas,Oats,2016,spring,358.11000000000007,0.0,0.0,1266.28,55.400000000000006,3.4699999999999998,1.0,0.0,436.40999999999997,2.9,276.7800000000001,41.0,0.0,2350.0700000000006,78.41,140.25,0.0,0.0,762.6700000000002,49.35,101.5,0.0,0.0,313.11,52.71,396.61,42.0,0.0,2976.9800000000005,78.41
United States,Texas,Oats,2017,spring,203.86,1.0,0.0,1370.0499999999997,43.74,7.58,6.0,0.0,412.17999999999995,4.81,244.01999999999995,49.0,0.0,2282.47,61.0,85.18,0.0,0.0,761.24,43.74,57.34,0.0,0.0,346.69,41.73,312.94,56.0,0.0,2956.7699999999995,61.0
United States,Texas,Oats,2018,spring,130.63,12.0,0.0,1549.7,53.24,7.96,13.0,0.0,411.92999999999995,6.369999999999999,269.33,60.0,0.0,2270.6499999999996,45.18,66.7,0.0,0.0,793.4,53.24,33.47,2.0,0.0,395.66,19.330000000000002,307.75,83.0,0.0,3043.22,45.18
United States,Texas,Oats,2019,spring,242.13000000000002,0.0,0.0,1309.35,58.459999999999994,64.6,3.0,0.0,400.02,24.259999999999998,96.44000000000001,74.0,0.0,2429.7200000000003,18.99,161.67,0.0,0.0,732.95,58.459999999999994,66.3,0.0,0.0,380.07,38.23,175.2,77.0,0.0,3026.07,24.259999999999998
United States,Texas,Oats,2020,spring,198.61,3.0,0.0,1470.1299999999999,38.849999999999994,8.1,6.0,0.0,459.21000000000004,7.550000000000001,229.48,55.0,0.0,2260.74,59.080000000000005,76.62,2.0,0.0,764.76,27.09,64.48,1.0,0.0,417.03999999999996,38.769999999999996,295.09,61.0,0.0,3008.2799999999997,59.080000000000005
United States,Texas,Oats,2021,spring,275.91999999999996,1.0,0.0,1161.24,69.35,11.9,3.0,0.0,415.97,7.65,224.19999999999996,41.0,0.0,2280.0399999999995,49.59,101.45,1.0,0.0,663.29,69.35,80.0,0.0,0.0,299.3,30.12,330.57,44.0,0.0,2894.66,49.59
United States,Texas,Oats,2022,spring,100.83999999999999,24.0,0.0,1486.2000000000003,41.72,0.34,16.0,0.0,451.6,0.34,171.34000000000003,69.0,0.0,2439.3399999999997,44.33,21.42,3.0,0.0,658.6099999999999,7.37,13.869999999999997,9.0,0.0,337.86,12.43,237.23000000000002,97.0,0.0,3380.67,44.33
United States,Texas,Oats,2023,spring,191.1,2.0,0.0,1343.3500000000004,30.57,18.44,12.0,0.0,376.69999999999993,5.139999999999999,88.29999999999997,86.0,0.0,2469.75,38.34,72.27000000000001,2.0,0.0,709.7999999999998,18.73,75.55000000000001,0.0,0.0,347.2,30.57,150.01999999999998,98.0,0.0,3132.7999999999997,38.34
United States,Texas,Oats,2024,spring,324.3,4.0,0.0,1256.4999999999998,59.11,39.7,7.0,0.0,391.71000000000004,21.07,191.4,65.0,0.0,2396.13,80.47999999999999,106.95,1.0,0.0,603.1999999999999,28.13,122.33999999999999,0.0,0.0,312.58000000000004,55.61,326.11,75.0,0.0,3128.5599999999995,80.48
United States,Texas,Oats,2025,spring,220.09,10.0,0.0,1388.1299999999999,41.190000000000005,79.44999999999999,3.0,0.0,406.48,59.43,338.13000000000005,43.0,0.0,2258.2899999999995,125.82,79.85,1.0,0.0,640.7900000000001,24.88,33.45,5.0,0.0,342.5,22.06,524.37,50.0,0.0,3069.6099999999997,125.82
United States,Washington,Wheat,1990,winter,737.8100000000002,0.0,158.0,2207.6,82.5,25.83,0.0,4.0,380.71000000000004,7.279999999999999,116.19000000000001,0.0,0.0,811.8599999999999,16.77,879.8299999999999,0.0,162.0,3400.17,82.5,0.0,0.0,0.0,0.0,0.0,0.0,0.0,0.0,0.0,0.0
United States,Washington,Wheat,1991,winter,871.09,0.0,175.0,2184.5199999999995,79.13999999999999,49.25,0.0,5.0,317.67,24.880000000000003,89.07,0.0,2.0,834.6199999999999,30.870000000000005,1009.4100000000001,0.0,182.0,3336.8100000000004,79.13999999999999,0.0,0.0,0.0,0.0,0.0,0.0,0.0,0.0,0.0,0.0
United States,Washington,Wheat,1992,winter,612.56,0.0,160.0,2291.22,34.32,23.840000000000003,0.0,4.0,407.97,11.200000000000001,73.80000000000001,0.0,0.0,992.8699999999999,39.0,709.61,0.0,164.0,3668.27,39.0,0.59,0.0,0.0,23.79,0.59,0.0,0.0,0.0,0.0,0.0
United States,Washington,Wheat,1993,winter,613.27,0.0,177.0,2085.71,37.18,38.04,0.0,3.0,350.54999999999995,12.84,97.40999999999998,0.0,0.0,830.68,20.419999999999998,748.72,0.0,180.0,3266.9399999999996,37.18,0.0,0.0,0.0,0.0,0.0,0.0,0.0,0.0,0.0,0.0
United States,Washington,Wheat,1994,winter,539.29,0.0,164.0,2198.46,44.06999999999999,28.619999999999997,0.0,4.0,363.88000000000005,9.74,69.76000000000002,0.0,0.0,867.4000000000002,12.83,637.67,0.0,168.0,3429.7400000000002,44.06999999999999,0.0,0.0,0.0,0.0,0.0,0.0,0.0,0.0,0.0,0.0
United States,Washington,Wheat,1995,winter,860.0999999999999,0.0,182.0,2208.6100000000006,56.629999999999995,43.650000000000006,0.0,2.0,322.5,16.229999999999997,47.74,0.0,0.0,982.59,14.04,951.49,0.0,184.0,3513.7,56.629999999999995,0.0,0.0,0.0,0.0,0.0,0.0,0.0,0.0,0.0,0.0
United States,Washington,Wheat,1996,winter,1052.29,0.0,162.0,2043.21,89.63,40.65,0.0,13.0,339.62,14.829999999999998,56.48,0.0,1.0,955.48,12.060000000000002,1149.42,0.0,176.0,3338.3099999999995,89.63,0.0,0.0,0.0,0.0,0.0,0.0,0.0,0.0,0.0,0.0
United States,Washington,Wheat,1997,winter,987.5800000000002,0.0,179.0,2115.34,73.78,23.149999999999995,0.0,5.0,436.46999999999997,10.93,83.95,0.0,0.0,939.2,15.33,1094.6799999999998,0.0,184.0,3491.0099999999998,73.78,0.0,0.0,0.0,0.0,0.0,0.0,0.0,0.0,0.0,0.0
United States,Washington,Wheat,1998,winter,699.78,0.0,175.0,2140.6500000000005,54.25999999999999,25.89,0.0,1.0,387.99999999999994,11.520000000000001,91.37999999999998,0.0,0.0,929.7900000000002,31.39,817.05,0.0,176.0,3458.44,54.25999999999999,0.0,0.0,0.0,0.0,0.0,0.0,0.0,0.0,0.0,0.0
United States,Washington,Wheat,1999,winter,840.9200000000001,0.0,176.0,2162.38,60.97,44.25,0.0,14.0,360.74999999999994,11.780000000000001,36.279999999999994,0.0,2.0,1020.74,11.59,921.45,0.0,192.0,3543.87,60.97,0.0,0.0,0.0,0.0,0.0,0.0,0.0,0.0,0.0,0.0
United States,Washington,Wheat,2000,winter,671.02,0.0,167.0,2257.01,38.96,30.439999999999998,0.0,9.0,388.42,13.5,61.519999999999996,0.0,0.0,964.51,21.130000000000003,762.98,0.0,176.0,3609.9399999999996,38.96,0.0,0.0,0.0,0.0,0.0,0.0,0.0,0.0,0.0,0.0
United States,Washington,Wheat,2001,winter,457.22,0.0,182.0,2176.6,26.599999999999994,45.970000000000006,0.0,12.0,381.97999999999996,19.78,49.39,0.0,2.0,996.27,14.09,552.58,0.0,196.0,3554.85,26.599999999999994,0.0,0.0,0.0,0.0,0.0,0.0,0.0,0.0,0.0,0.0
United States,Washington,Wheat,2002,winter,755.3,0.0,171.0,2036.7999999999997,43.64,17.97,0.0,14.0,421.01000000000005,7.079999999999999,57.46,0.0,0.0,953.7,15.27,830.73,0.0,185.0,3411.51,43.64,0.0,0.0,0.0,0.0,0.0,0.0,0.0,0.0,0.0,0.0
United States,Washington,Wheat,2003,winter,631.8499999999999,0.0,169.0,2181.24,45.61,21.52,0.0,8.0,357.51,6.299999999999999,19.320000000000004,0.0,2.0,1025.7399999999998,4.449999999999999,672.69,0.0,179.0,3564.49,45.61,0.0,0.0,0.0,0.0,0.0,0.0,0.0,0.0,0.0,0.0
United States,Washington,Wheat,2004,winter,645.03,0.0,158.0,2225.2,50.57000000000001,21.25,0.0,0.0,395.65,7.1,65.66,0.0,0.0,981.65,14.239999999999998,731.9399999999999,0.0,158.0,3602.5,50.57000000000001,0.0,0.0,0.0,0.0,0.0,0.0,0.0,0.0,0.0,0.0
United States,Washington,Wheat,2005,winter,569.1199999999999,0.0,160.0,2179.5699999999997,55.03999999999999,66.84,0.0,0.0,322.59000000000003,41.42,58.52,0.0,1.0,953.05,13.76,694.4799999999999,0.0,161.0,3455.2099999999996,55.03999999999999,0.0,0.0,0.0,0.0,0.0,0.0,0.0,0.0,0.0,0.0
United States,Washington,Wheat,2006,winter,791.2299999999999,0.0,171.0,2100.7799999999997,61.190000000000005,8.03,0.0,8.0,461.4299999999999,5.33,97.58000000000001,0.0,0.0,918.1300000000001,21.000000000000004,896.8399999999999,0.0,179.0,3480.3399999999997,61.190000000000005,0.0,0.0,0.0,0.0,0.0,0.0,0.0,0.0,0.0,0.0
United States,Washington,Wheat,2007,winter,812.2900000000002,0.0,171.0,2124.2699999999995,119.54999999999998,16.190000000000005,0.0,7.0,434.74999999999994,9.290000000000001,57.15,0.0,0.0,991.6099999999999,18.49,885.6300000000001,0.0,178.0,3550.63,119.54999999999998,0.0,0.0,0.0,0.0,0.0,0.0,0.0,0.0,0.0,0.0
United States,Washington,Wheat,2008,winter,640.01,0.0,188.0,2142.45,84.66,16.66,0.0,9.0,386.73,5.7700000000000005,56.720000000000006,0.0,1.0,957.9300000000001,13.17,713.3899999999999,0.0,198.0,3487.1100000000006,84.66,0.0,0.0,0.0,0.0,0.0,0.0,0.0,0.0,0.0,0.0
United States,Washington,Wheat,2009,winter,621.96,0.0,174.0,2200.37,76.59,48.84,0.0,13.0,371.99000000000007,22.15,23.740000000000006,0.0,0.0,1078.8,4.82,694.54,0.0,187.0,3651.1600000000003,76.59,0.0,0.0,0.0,0.0,0.0,0.0,0.0,0.0,0.0,0.0
United States,Washington,Wheat,2010,winter,602.95,0.0,180.0,2088.8399999999997,26.720000000000006,38.88,0.0,9.0,391.37,17.7,114.66,0.0,3.0,866.6,25.58,756.49,0.0,192.0,3346.81,26.720000000000006,0.0,0.0,0.0,0.0,0.0,0.0,0.0,0.0,0.0,0.0
United States,Washington,Wheat,2011,winter,789.4600000000002,0.0,171.0,1956.25,50.32000000000001,64.89,0.0,12.0,359.32,43.57,61.759999999999984,0.0,2.0,903.85,15.620000000000001,916.1099999999999,0.0,185.0,3219.42,50.32000000000001,0.0,0.0,0.0,0.0,0.0,0.0,0.0,0.0,0.0,0.0
United States,Washington,Wheat,2012,winter,703.53,0.0,182.0,2063.89,53.88,21.790000000000003,0.0,9.0,451.31999999999994,11.299999999999999,91.89000000000001,0.0,0.0,818.93,16.23,817.21,0.0,191.0,3334.14,53.88,0.0,0.0,0.0,0.0,0.0,0.0,0.0,0.0,0.0,0.0
United States,Washington,Wheat,2013,winter,652.3299999999999,0.0,173.0,2148.61,44.64,17.19,0.0,4.0,446.25000000000006,6.44,67.77999999999999,0.0,1.0,880.49,21.5,737.3000000000001,0.0,178.0,3475.35,44.64,0.0,0.0,0.0,0.0,0.0,0.0,0.0,0.0,0.0,0.0
United States,Washington,Wheat,2014,winter,732.48,0.0,174.0,2116.29,51.02,23.860000000000003,0.0,2.0,428.19,10.37,38.89,0.0,0.0,995.0999999999999,8.01,795.23,0.0,176.0,3539.58,51.02,0.0,0.0,0.0,0.0,0.0,0.0,0.0,0.0,0.0,0.0
United States,Washington,Wheat,2015,winter,621.08,0.0,144.0,2214.4700000000003,41.980000000000004,27.26,0.0,3.0,406.11999999999995,18.959999999999997,19.870000000000005,0.0,0.0,1111.1,5.78,665.3699999999999,0.0,147.0,3546.3,41.980000000000004,2.84,0.0,0.0,185.39,2.8399999999999994,0.0,0.0,0.0,0.0,0.0
United States,Washington,Wheat,2016,winter,841.05,0.0,151.0,2139.6800000000003,72.06,19.259999999999998,0.0,0.0,421.63,11.54,60.46,0.0,0.0,989.8199999999998,16.59,920.77,0.0,151.0,3551.13,72.06,0.0,0.0,0.0,0.0,0.0,0.0,0.0,0.0,0.0,0.0
United States,Washington,Wheat,2017,winter,831.98,0.0,157.0,1952.0700000000002,52.25,47.910000000000004,0.0,10.0,364.44999999999993,15.23,33.720000000000006,0.0,0.0,1052.24,12.22,913.6099999999999,0.0,167.0,3368.7599999999998,52.25,0.0,0.0,0.0,0.0,0.0,0.0,0.0,0.0,0.0,0.0
United States,Washington,Wheat,2018,winter,763.03,0.0,181.0,2014.04,57.67,22.009999999999998,0.0,2.0,414.29,7.79,36.69999999999999,0.0,0.0,989.9100000000001,10.21,821.74,0.0,183.0,3418.24,57.67,0.0,0.0,0.0,0.0,0.0,0.0,0.0,0.0,0.0,0.0
United States,Washington,Wheat,2019,winter,564.35,0.0,167.0,2233.8900000000003,43.11000000000001,17.56,0.0,4.0,443.3,14.45,44.91,0.0,0.0,996.6100000000001,16.11,626.8199999999999,0.0,171.0,3673.7999999999997,43.11000000000001,0.0,0.0,0.0,0.0,0.0,0.0,0.0,0.0,0.0,0.0
United States,Washington,Wheat,2020,winter,642.5,0.0,175.0,2179.99,54.489999999999995,61.37,0.0,4.0,398.0199999999999,18.360000000000003,76.77,0.0,0.0,924.48,18.78,780.6400000000001,0.0,179.0,3502.49,54.489999999999995,0.0,0.0,0.0,0.0,0.0,0.0,0.0,0.0,0.0,0.0
United States,Washington,Wheat,2021,winter,704.8,0.0,176.0,2232.8999999999996,57.080000000000005,7.430000000000001,0.0,0.0,434.07000000000005,3.2399999999999998,40.96,4.0,1.0,1072.81,12.379999999999999,753.19,4.0,177.0,3739.7799999999997,57.080000000000005,0.0,0.0,0.0,0.0,0.0,0.0,0.0,0.0,0.0,0.0
United States,Washington,Wheat,2022,winter,718.4200000000001,0.0,171.0,2050.07,62.1,52.19000000000001,0.0,10.0,322.53,15.19,91.0,0.0,1.0,873.35,22.799999999999997,861.6099999999999,0.0,182.0,3245.95,62.1,0.0,0.0,0.0,0.0,0.0,0.0,0.0,0.0,0.0,0.0
United States,Washington,Wheat,2023,winter,542.48,0.0,172.0,2078.61,69.28999999999999,25.939999999999998,0.0,0.0,420.87999999999994,11.3,37.480000000000004,0.0,0.0,1054.93,17.29,605.9,0.0,172.0,3554.4199999999996,69.28999999999999,0.0,0.0,0.0,0.0,0.0,0.0,0.0,0.0,0.0,0.0
United States,Washington,Wheat,2024,winter,588.8399999999999,0.0,163.0,2137.9800000000005,47.769999999999996,20.85,0.0,7.0,422.24,11.51,72.78,0.0,2.0,953.6,27.19,682.47,0.0,172.0,3513.82,47.769999999999996,0.0,0.0,0.0,0.0,0.0,0.0,0.0,0.0,0.0,0.0
United States,Washington,Wheat,2025,winter,618.8700000000001,0.0,188.0,2165.33,41.49999999999999,17.16,0.0,8.0,410.76,7.88,21.46,0.0,3.0,1097.47,7.739999999999999,657.4899999999999,0.0,199.0,3673.5599999999995,41.49999999999999,0.0,0.0,0.0,0.0,0.0,0.0,0.0,0.0,0.0,0.0
United States,Washington,Barley,1990,spring,183.71,0.0,13.0,1300.46,24.78,8.629999999999999,0.0,0.0,331.15000000000003,2.81,73.74000000000002,0.0,0.0,1828.76,28.64,198.87,0.0,13.0,1753.41,24.78,3.1299999999999994,0.0,0.0,412.54,1.98,64.08000000000001,0.0,0.0,1294.42,28.64
United States,Washington,Barley,1991,spring,172.37,0.0,27.0,1324.2800000000002,32.17,42.13,0.0,0.0,309.65999999999997,30.870000000000005,47.870000000000005,0.0,0.0,1854.87,9.850000000000001,219.92,0.0,27.0,1999.8799999999999,32.17,9.84,0.0,0.0,410.4799999999999,4.930000000000001,32.61,0.0,0.0,1078.4499999999998,9.850000000000001
United States,Washington,Barley,1992,spring,137.81999999999996,0.0,18.0,1479.83,39.0,25.55,0.0,0.0,360.31000000000006,20.560000000000002,117.35,0.0,1.0,1733.0299999999997,24.25,139.23,0.0,18.0,1698.4899999999998,39.0,45.989999999999995,0.0,0.0,373.63,20.560000000000002,95.5,0.0,1.0,1501.0499999999995,24.25
United States,Washington,Barley,1993,spring,197.17000000000002,0.0,25.0,1261.5599999999997,20.419999999999998,17.28,0.0,0.0,321.24000000000007,9.16,77.97,0.0,1.0,1653.4899999999998,12.719999999999999,218.57,0.0,25.0,1668.73,20.419999999999998,50.74999999999999,0.0,0.0,393.32000000000005,12.719999999999999,23.1,0.0,1.0,1174.2399999999998,7.350000000000001
United States,Washington,Barley,1994,spring,137.19000000000003,0.0,20.0,1314.23,20.659999999999997,24.649999999999995,0.0,0.0,333.34,12.409999999999998,47.15,0.0,0.0,1856.33,10.440000000000001,172.38000000000002,0.0,20.0,1748.56,20.659999999999997,0.9100000000000001,0.0,0.0,408.46999999999997,0.39,35.699999999999996,0.0,0.0,1346.8700000000001,10.440000000000001
United States,Washington,Barley,1995,spring,135.40000000000003,0.0,26.0,1432.7599999999998,21.45,9.219999999999999,0.0,0.0,355.40000000000003,6.9,107.99000000000001,0.0,0.0,1689.6599999999999,19.330000000000002,162.06999999999996,0.0,26.0,1908.8300000000004,21.45,17.65,0.0,0.0,411.71999999999997,9.15,72.89,0.0,0.0,1157.2700000000002,15.399999999999999
United States,Washington,Barley,1996,spring,169.85,0.0,31.0,1383.5500000000002,37.269999999999996,20.96,0.0,0.0,321.57,10.200000000000001,84.48999999999998,0.0,1.0,1791.4100000000003,18.849999999999998,195.96,0.0,31.0,2040.6100000000001,37.269999999999996,16.689999999999998,0.0,0.0,392.76,12.649999999999999,62.65000000000001,0.0,1.0,1063.1600000000003,18.849999999999998
United States,Washington,Barley,1997,spring,142.01000000000002,0.0,27.0,1520.79,24.900000000000002,29.540000000000003,0.0,0.0,320.58000000000004,9.48,110.96,0.0,0.0,1869.3099999999997,23.88,189.2,0.0,27.0,2067.0899999999997,24.900000000000002,8.290000000000001,0.0,0.0,470.25,6.57,85.02000000000001,0.0,0.0,1173.34,23.88
United States,Washington,Barley,1998,spring,137.79,0.0,21.0,1477.1800000000003,31.390000000000008,15.94,0.0,0.0,336.68,7.3100000000000005,54.31,0.0,0.0,1986.9200000000003,13.78,167.44,0.0,21.0,1895.3000000000002,31.390000000000008,7.08,0.0,0.0,397.25,3.2,33.52,0.0,0.0,1508.2299999999998,13.78
United States,Washington,Barley,1999,spring,92.75,0.0,39.0,1512.6100000000004,11.780000000000001,21.7,0.0,0.0,338.46,11.59,57.849999999999994,0.0,2.0,1915.11,8.170000000000002,132.17,0.0,39.0,2363.89,11.780000000000001,12.419999999999998,0.0,0.0,385.39,8.170000000000002,27.710000000000004,0.0,2.0,1016.9,7.9399999999999995
United States,Washington,Barley,2000,spring,128.17,0.0,22.0,1449.3500000000001,21.130000000000003,3.6999999999999993,0.0,0.0,379.7,1.19,74.01,0.0,1.0,1894.3100000000002,18.310000000000002,143.03,0.0,22.0,2030.53,21.130000000000003,3.1000000000000005,0.0,0.0,460.22,1.38,59.75,0.0,1.0,1232.6100000000001,18.310000000000002
United States,Washington,Barley,2001,spring,116.17,0.0,35.0,1474.6100000000001,19.78,17.98,0.0,0.0,361.27,14.09,48.23,0.0,0.0,1890.0300000000002,20.009999999999998,134.29,0.0,35.0,2107.1400000000003,19.78,13.68,0.0,0.0,467.0,4.370000000000001,34.41,0.0,0.0,1151.77,20.009999999999998
United States,Washington,Barley,2002,spring,115.72000000000001,0.0,34.0,1475.42,24.119999999999997,22.830000000000002,0.0,0.0,347.50000000000006,15.27,30.51,0.0,0.0,1970.0199999999998,7.840000000000001,148.19,0.0,34.0,2054.67,24.119999999999997,1.8599999999999999,0.0,0.0,432.84,0.6799999999999999,19.01,0.0,0.0,1305.4299999999998,2.98
United States,Washington,Barley,2003,spring,92.10000000000001,0.0,28.0,1436.2999999999997,18.009999999999998,7.179999999999999,0.0,0.0,354.77000000000004,4.449999999999999,23.210000000000008,0.0,0.0,2026.22,6.35,99.46,0.0,28.0,1938.0600000000002,18.009999999999998,1.9900000000000002,0.0,0.0,437.01,1.28,21.040000000000006,0.0,0.0,1442.2199999999998,6.35
United States,Washington,Barley,2004,spring,107.33999999999999,0.0,8.0,1504.1499999999996,14.239999999999998,2.46,0.0,0.0,410.20000000000005,1.43,142.66,0.0,0.0,1793.4799999999998,35.79,108.35999999999999,0.0,8.0,1805.7399999999998,14.239999999999998,5.72,0.0,0.0,440.14000000000004,1.9100000000000001,138.38,0.0,0.0,1461.9499999999998,35.79
United States,Washington,Barley,2005,spring,162.89999999999995,0.0,19.0,1395.6599999999999,41.42,12.059999999999999,0.0,0.0,338.42999999999995,5.17,67.37,0.0,0.0,1957.32,33.779999999999994,175.37999999999997,0.0,19.0,1785.1300000000003,41.42,11.12,0.0,0.0,440.16999999999996,7.63,55.83,0.0,0.0,1466.1100000000001,33.779999999999994
United States,Washington,Barley,2006,spring,150.08999999999997,0.0,29.0,1422.32,21.000000000000004,0.37,0.0,0.0,421.74,0.3,38.85,0.0,0.0,1964.18,11.76,152.05999999999997,0.0,29.0,1924.88,21.000000000000004,5.129999999999999,0.0,0.0,458.7,2.67,32.12,0.0,0.0,1424.66,11.76
United States,Washington,Barley,2007,spring,93.01,0.0,27.0,1528.9799999999998,18.489999999999995,12.609999999999998,0.0,0.0,360.47,6.02,47.74999999999999,0.0,1.0,1871.58,16.5,105.64000000000001,0.0,27.0,2069.7,18.489999999999995,14.14,0.0,0.0,336.81,9.129999999999999,33.59,0.0,1.0,1354.52,16.5
United States,Washington,Barley,2008,spring,101.44999999999999,0.0,34.0,1427.81,13.17,3.3800000000000003,0.0,0.0,379.85,1.7200000000000002,58.19,0.0,1.0,1858.8,12.48,112.75,0.0,34.0,2146.8599999999997,13.17,5.710000000000001,0.0,0.0,463.42,2.7700000000000005,44.56,0.0,1.0,1056.1799999999998,12.48
United States,Washington,Barley,2009,spring,106.85000000000001,0.0,37.0,1562.7299999999998,22.15,8.219999999999999,0.0,0.0,376.55999999999995,4.82,49.81999999999999,0.0,0.0,1893.9700000000003,18.939999999999998,116.81000000000002,0.0,37.0,2096.6399999999994,22.15,4.71,0.0,0.0,415.59000000000003,3.58,43.37,0.0,0.0,1321.0300000000002,18.939999999999998
United States,Washington,Barley,2010,spring,205.63000000000002,0.0,31.0,1331.23,25.58,14.21,0.0,0.0,328.4,10.25,103.26,0.0,0.0,1842.25,22.23,222.82999999999998,0.0,31.0,2082.57,25.58,17.150000000000002,0.0,0.0,412.33000000000004,15.540000000000001,83.12000000000002,0.0,0.0,1006.9800000000001,22.23
United States,Washington,Barley,2011,spring,183.71,0.0,41.0,1361.3899999999999,43.57,10.58,0.0,0.0,338.42,3.79,49.47,0.0,0.0,1867.35,12.899999999999999,219.10000000000002,0.0,41.0,2223.02,43.57,1.4800000000000002,0.0,0.0,470.08,0.52,23.18,0.0,0.0,874.06,12.899999999999999
United States,Washington,Barley,2012,spring,139.04000000000002,0.0,30.0,1425.9700000000003,20.69,31.58,0.0,0.0,287.84999999999997,12.96,33.21,0.0,0.0,1936.33,10.4,176.98000000000002,0.0,30.0,2030.98,20.69,21.66,0.0,0.0,375.38000000000005,10.399999999999999,5.19,0.0,0.0,1243.79,3.5500000000000003
United States,Washington,Barley,2013,spring,131.57000000000002,0.0,23.0,1496.2399999999998,26.560000000000002,28.319999999999993,0.0,0.0,277.17,10.64,162.31999999999996,0.0,0.0,1819.9,51.02,159.96000000000004,0.0,23.0,1862.4099999999999,26.560000000000002,2.3000000000000003,0.0,0.0,465.03999999999996,1.34,159.95,0.0,0.0,1265.86,51.02
United States,Washington,Barley,2014,spring,108.56000000000002,0.0,21.0,1554.6300000000003,19.32,12.559999999999999,0.0,0.0,349.24,8.01,108.44000000000001,0.0,0.0,1840.32,38.489999999999995,121.47,0.0,21.0,1974.4200000000003,19.32,2.0300000000000002,0.0,0.0,404.58,0.99,106.06,0.0,0.0,1365.19,38.489999999999995
United States,Washington,Barley,2015,spring,67.78000000000002,0.0,24.0,1618.6499999999999,18.959999999999997,3.4399999999999995,0.0,0.0,409.09999999999997,2.8399999999999994,38.96,0.0,1.0,1825.8000000000002,10.299999999999999,68.38000000000002,0.0,24.0,1831.8,18.959999999999997,3.06,0.0,0.0,376.41,2.8399999999999994,38.74000000000001,0.0,1.0,1645.3400000000001,10.299999999999999
United States,Washington,Barley,2016,spring,82.58,0.0,7.0,1580.8400000000001,16.59,22.26,0.0,0.0,362.88999999999993,15.38,53.24999999999999,0.0,0.0,1822.2799999999997,11.25,104.56,0.0,7.0,1773.0500000000004,16.59,9.49,0.0,0.0,459.40999999999997,5.09,44.03999999999999,0.0,0.0,1533.5499999999997,11.25
United States,Washington,Barley,2017,spring,164.14999999999998,0.0,30.0,1434.6300000000003,24.419999999999998,1.38,0.0,0.0,408.7900000000001,1.0,22.16,0.0,0.0,1960.1100000000001,10.79,165.57999999999998,0.0,30.0,1992.7599999999998,24.419999999999998,0.77,0.0,0.0,470.72999999999996,0.35000000000000003,21.339999999999996,0.0,0.0,1340.0400000000004,10.79
United States,Washington,Barley,2018,spring,142.20000000000002,0.0,23.0,1490.49,26.310000000000002,8.71,0.0,0.0,347.19000000000005,4.48,21.95,0.0,0.0,1909.72,3.95,150.91,0.0,23.0,1837.6799999999998,26.310000000000002,2.3699999999999997,0.0,0.0,462.25,0.84,19.58,0.0,0.0,1447.4699999999998,3.95
United States,Washington,Barley,2019,spring,100.01,0.0,23.0,1533.0300000000002,19.77,18.03,0.0,0.0,342.49,11.049999999999999,74.42,0.0,3.0,1706.8000000000002,14.190000000000001,117.97000000000001,0.0,23.0,1847.4899999999998,19.77,10.149999999999999,0.0,0.0,379.76,3.16,64.34,0.0,3.0,1355.07,14.190000000000001
United States,Washington,Barley,2020,spring,156.09,0.0,19.0,1476.8600000000001,18.78,11.690000000000001,0.0,0.0,353.31,4.05,62.25,0.0,0.0,1899.7899999999995,37.05,169.52,0.0,19.0,1993.4,18.78,4.609999999999999,0.0,0.0,444.79,2.98,55.89999999999999,0.0,0.0,1291.7699999999995,37.05
United States,Washington,Barley,2021,spring,63.95,0.0,20.0,1634.3899999999999,12.379999999999999,0.30000000000000004,4.0,0.0,444.45,0.14,68.43999999999998,1.0,0.0,1841.0299999999997,16.86,64.10999999999999,2.0,20.0,1996.5700000000002,12.379999999999999,2.65,2.0,0.0,398.97999999999996,2.2,65.93,1.0,0.0,1524.32,16.86
United States,Washington,Barley,2022,spring,209.01,0.0,36.0,1240.9599999999998,22.800000000000004,5.1099999999999985,0.0,0.0,377.3599999999999,3.5700000000000003,28.37,2.0,0.0,1918.2600000000002,6.45,226.43,0.0,36.0,1956.8,22.800000000000004,0.96,2.0,0.0,381.49,0.77,15.1,0.0,0.0,1198.29,4.33
United States,Washington,Barley,2023,spring,112.6,0.0,21.0,1514.53,19.79,11.07,0.0,0.0,365.85,4.18,61.14,1.0,1.0,1887.1599999999999,22.71,123.64,0.0,21.0,1787.64,19.79,4.749999999999999,0.0,0.0,411.83,4.3,56.420000000000016,1.0,1.0,1568.07,22.71
United States,Washington,Barley,2024,spring,103.85000000000001,0.0,27.0,1504.2299999999998,27.19,18.75,0.0,0.0,351.57000000000005,12.629999999999999,47.56,1.0,1.0,1857.3300000000002,13.86,122.67999999999998,0.0,27.0,2070.6,27.19,1.72,1.0,0.0,384.42999999999995,1.44,45.76,0.0,1.0,1258.1,13.86
United States,Washington,Barley,2025,spring,63.33999999999999,0.0,33.0,1700.05,18.439999999999998,6.79,0.0,0.0,346.74999999999994,3.89,78.21,0.0,0.0,1863.36,15.579999999999998,72.27999999999999,0.0,33.0,2247.27,18.439999999999998,12.709999999999999,0.0,0.0,478.81,10.66,63.35,0.0,0.0,1184.08,15.579999999999998
United States,Washington,Oats,1990,spring,146.45,0.0,13.0,1096.1499999999999,24.78,38.68,0.0,0.0,291.07,14.41,80.95,0.0,0.0,2073.15,28.64,187.71,0.0,13.0,1457.9699999999998,24.78,13.739999999999998,0.0,0.0,570.25,4.08,64.63000000000001,0.0,0.0,1432.15,28.64
United States,Washington,Oats,1991,spring,147.17000000000004,0.0,27.0,1092.2700000000002,32.17,55.50000000000001,0.0,0.0,312.61,29.470000000000002,59.7,0.0,0.0,2083.93,9.850000000000001,214.55,0.0,27.0,1663.1100000000001,32.17,12.940000000000001,0.0,0.0,622.5000000000001,5.140000000000001,34.879999999999995,0.0,0.0,1203.2,9.850000000000001
United States,Washington,Oats,1992,spring,96.07000000000001,0.0,18.0,1252.55,27.73,42.459999999999994,0.0,0.0,329.15,39.0,142.19000000000003,0.0,1.0,1991.4699999999996,24.25,129.76,0.0,18.0,1417.21,32.879999999999995,50.12,0.0,0.0,514.49,20.560000000000002,100.84,0.0,1.0,1641.4699999999996,24.25
United States,Washington,Oats,1993,spring,165.76000000000002,0.0,25.0,1048.1599999999999,20.419999999999998,31.46,0.0,0.0,328.32,13.11,95.2,0.0,1.0,1859.8099999999997,12.72,197.20000000000002,0.0,25.0,1316.5599999999997,20.419999999999998,58.37,0.0,0.0,625.0999999999999,12.719999999999999,36.85,0.0,1.0,1294.6299999999999,9.0
United States,Washington,Oats,1994,spring,114.7,0.0,20.0,1100.83,20.659999999999997,35.05,0.0,0.0,309.84000000000003,12.83,59.239999999999995,0.0,0.0,2093.23,10.440000000000001,149.75,0.0,20.0,1410.67,20.659999999999997,23.379999999999995,0.0,0.0,639.6100000000001,8.82,35.86,0.0,0.0,1453.62,10.440000000000001
United States,Washington,Oats,1995,spring,103.91,0.0,26.0,1237.74,21.45,39.85,0.0,0.0,258.33000000000004,14.04,108.85,0.0,0.0,1981.7499999999995,19.330000000000002,144.53000000000003,0.0,26.0,1618.32,21.45,27.669999999999995,0.0,0.0,561.21,19.330000000000002,80.41000000000001,0.0,0.0,1298.29,15.399999999999999
United States,Washington,Oats,1996,spring,166.07999999999998,0.0,31.0,1066.2,37.269999999999996,7.640000000000001,0.0,0.0,413.77,3.42,101.57999999999997,0.0,1.0,2016.5600000000002,18.849999999999998,191.64000000000004,0.0,31.0,1721.05,37.269999999999996,18.950000000000003,0.0,0.0,591.24,12.649999999999999,64.71,0.0,1.0,1184.2400000000002,18.849999999999998
United States,Washington,Oats,1997,spring,132.33999999999997,0.0,27.0,1227.26,24.900000000000002,18.9,0.0,0.0,379.59000000000003,8.770000000000001,131.27000000000004,0.0,0.0,2103.8300000000004,23.88,161.52999999999997,0.0,27.0,1708.1999999999998,24.900000000000002,29.349999999999998,0.0,0.0,671.9600000000002,12.64,91.63000000000001,0.0,0.0,1330.52,23.88
United States,Washington,Oats,1998,spring,124.53999999999999,0.0,21.0,1209.4399999999998,31.390000000000008,18.05,0.0,0.0,347.86,4.92,65.45,0.0,0.0,2243.48,13.78,142.59,0.0,21.0,1557.3000000000002,31.390000000000008,31.640000000000004,0.0,0.0,596.83,13.250000000000002,33.81,0.0,0.0,1646.65,13.78
United States,Washington,Oats,1999,spring,84.55999999999999,0.0,38.0,1228.0500000000002,11.780000000000001,10.77,0.0,1.0,373.19,5.4399999999999995,76.97,0.0,2.0,2164.9400000000005,11.59,121.97,0.0,39.0,2045.9299999999998,11.780000000000001,12.649999999999999,0.0,0.0,607.24,6.8,37.68,0.0,2.0,1113.01,8.17
United States,Washington,Oats,2000,spring,95.08999999999999,0.0,22.0,1221.0700000000002,13.92,34.34,0.0,0.0,323.69,21.130000000000003,76.44999999999999,0.0,1.0,2178.6000000000004,18.310000000000002,130.42,0.0,22.0,1676.0700000000002,21.130000000000003,13.490000000000002,0.0,0.0,656.51,9.41,61.97,0.0,1.0,1390.7800000000002,18.310000000000002
United States,Washington,Oats,2001,spring,94.94,0.0,35.0,1235.33,19.78,21.490000000000002,0.0,0.0,353.16999999999996,10.69,65.95,0.0,0.0,2137.4099999999994,20.009999999999998,133.89,0.0,35.0,1783.36,19.78,9.05,0.0,0.0,628.3,4.01,39.44,0.0,0.0,1314.25,20.009999999999998
United States,Washington,Oats,2002,spring,104.21000000000001,0.0,34.0,1188.82,24.119999999999997,17.33,0.0,0.0,374.81,6.199999999999999,47.52,0.0,0.0,2229.3099999999995,15.27,121.71000000000001,0.0,34.0,1731.8799999999999,24.119999999999997,27.63,0.0,0.0,631.5,15.27,19.72,0.0,0.0,1429.56,2.98
United States,Washington,Oats,2003,spring,86.83,0.0,28.0,1123.18,18.009999999999998,8.14,0.0,0.0,392.72,2.99,27.520000000000007,0.0,0.0,2301.39,6.35,97.80000000000001,0.0,28.0,1573.5900000000001,18.009999999999998,3.56,0.0,0.0,654.4200000000001,1.28,21.130000000000003,0.0,0.0,1589.28,6.35
United States,Washington,Oats,2004,spring,84.0,0.0,8.0,1251.2,14.239999999999998,23.36,0.0,0.0,372.34000000000003,8.89,145.1,0.0,0.0,2084.2900000000004,35.79,107.33999999999999,0.0,8.0,1504.1499999999996,14.239999999999998,6.43,0.0,0.0,606.69,1.9099999999999997,138.69000000000003,0.0,0.0,1596.9899999999998,35.79
United States,Washington,Oats,2005,spring,143.95,0.0,19.0,1155.85,41.42,23.42,0.0,0.0,340.82,10.469999999999999,74.96,0.0,0.0,2194.7400000000002,33.779999999999994,167.37,0.0,19.0,1465.9299999999998,41.42,19.06,0.0,0.0,608.7800000000001,7.629999999999999,55.9,0.0,0.0,1616.6999999999998,33.779999999999994
United States,Washington,Oats,2006,spring,119.53999999999999,0.0,29.0,1202.0600000000002,21.000000000000004,30.87,0.0,0.0,319.89,20.54,38.89999999999999,0.0,0.0,2286.2900000000004,11.76,150.44000000000003,0.0,29.0,1638.7299999999998,21.000000000000004,6.699999999999999,0.0,0.0,618.49,3.1100000000000003,32.17,0.0,0.0,1551.0200000000002,11.76
United States,Washington,Oats,2007,spring,76.16,0.0,27.0,1301.7800000000002,18.489999999999995,18.36,0.0,0.0,328.47,6.25,58.85000000000001,0.0,1.0,2130.78,16.5,99.42000000000002,0.0,27.0,1749.82,18.489999999999995,8.049999999999999,0.0,0.0,549.7600000000001,6.02,45.9,0.0,1.0,1461.45,16.5
United States,Washington,Oats,2008,spring,82.33,0.0,33.0,1164.0800000000002,12.379999999999999,19.74,0.0,1.0,363.78000000000003,9.44,60.95,0.0,1.0,2138.600000000001,12.48,104.82999999999998,0.0,34.0,1807.6600000000003,13.17,8.72,0.0,0.0,654.3499999999999,6.36,49.47,0.0,1.0,1204.4499999999998,12.48
United States,Washington,Oats,2009,spring,96.91,0.0,37.0,1309.98,22.15,13.23,0.0,0.0,336.52,4.2700000000000005,54.74999999999999,0.0,0.0,2186.7599999999998,18.939999999999998,113.91000000000001,0.0,37.0,1707.54,22.15,7.3100000000000005,0.0,0.0,666.45,3.58,43.67,0.0,0.0,1459.2700000000002,18.939999999999998
United States,Washington,Oats,2010,spring,183.76,0.0,31.0,1069.5500000000002,25.58,32.72,0.0,0.0,326.27,10.79,106.62,0.0,0.0,2106.06,22.23,222.27,0.0,31.0,1737.69,25.58,1.77,0.0,0.0,639.44,0.83,99.06,0.0,0.0,1124.75,22.23
United States,Washington,Oats,2011,spring,169.61,0.0,41.0,1109.3999999999999,43.57,17.33,0.0,0.0,336.15,9.5,56.81999999999999,0.0,0.0,2121.6099999999997,12.899999999999999,195.95,0.0,41.0,1965.75,43.57,24.02,0.0,0.0,560.81,11.51,23.790000000000003,0.0,0.0,1040.6000000000001,12.899999999999999
United States,Washington,Oats,2012,spring,114.19000000000001,0.0,30.0,1189.2900000000002,20.69,30.220000000000002,0.0,0.0,324.14,16.23,59.42,0.0,0.0,2136.72,12.96,171.53,0.0,30.0,1733.3200000000002,20.69,26.04,0.0,0.0,524.6800000000001,10.4,6.26,0.0,0.0,1392.15,3.5500000000000003
United States,Washington,Oats,2013,spring,128.78,0.0,23.0,1198.31,26.560000000000002,13.76,0.0,0.0,362.81,10.64,179.67,0.0,0.0,2032.19,51.02,145.41999999999993,0.0,23.0,1615.68,26.560000000000002,15.67,0.0,0.0,571.5999999999999,8.64,161.11999999999998,0.0,0.0,1406.03,51.02
United States,Washington,Oats,2014,spring,94.86999999999999,0.0,21.0,1285.5900000000001,19.32,15.89,0.0,0.0,362.06999999999994,7.3500000000000005,118.80000000000001,0.0,0.0,2096.5299999999997,38.489999999999995,110.76,0.0,21.0,1673.1000000000001,19.32,11.93,0.0,0.0,575.3300000000002,8.01,106.87,0.0,0.0,1495.76,38.489999999999995
United States,Washington,Oats,2015,spring,67.56,0.0,24.0,1254.12,18.959999999999997,0.8,0.0,0.0,473.11,0.5800000000000001,41.81999999999999,0.0,1.0,2126.3199999999997,10.299999999999999,67.64000000000001,0.0,24.0,1470.9499999999998,18.959999999999997,3.5799999999999996,0.0,0.0,618.76,2.8399999999999994,38.96,0.0,1.0,1763.8400000000001,10.299999999999999
United States,Washington,Oats,2016,spring,70.73,0.0,7.0,1303.4900000000002,16.59,27.629999999999995,0.0,0.0,358.86,16.38,59.72999999999999,0.0,0.0,2103.66,11.25,70.73,0.0,7.0,1363.9000000000003,16.59,38.91,0.0,0.0,718.43,16.38,48.449999999999996,0.0,0.0,1683.6799999999998,11.25
United States,Washington,Oats,2017,spring,142.77999999999997,0.0,30.0,1193.8999999999999,24.419999999999998,22.549999999999997,0.0,0.0,327.84000000000003,12.22,22.36,0.0,0.0,2281.7899999999995,10.79,165.32999999999998,0.0,30.0,1650.0500000000002,24.419999999999998,0.5900000000000001,0.0,0.0,656.58,0.18,21.769999999999996,0.0,0.0,1496.9,10.79
United States,Washington,Oats,2018,spring,128.45999999999998,0.0,23.0,1225.5800000000002,26.310000000000002,15.380000000000003,0.0,0.0,367.90999999999997,8.73,29.02,0.0,0.0,2153.9100000000003,4.48,142.70000000000002,0.0,23.0,1517.7,26.310000000000002,10.34,0.0,0.0,634.54,4.48,19.819999999999997,0.0,0.0,1595.1599999999996,3.95
United States,Washington,Canola,2011,spring,194.09,0.0,41.0,1669.2,43.57,25.439999999999998,0.0,0.0,627.1200000000001,11.51,24.230000000000004,0.0,0.0,1270.8400000000001,12.899999999999999,202.60999999999999,0.0,41.0,2081.58,43.57,19.06,0.0,0.0,816.9499999999999,11.51,22.09,0.0,0.0,668.6300000000001,12.899999999999999
United States,Washington,Canola,2012,spring,170.06,0.0,30.0,1691.3700000000001,20.69,28.41,0.0,0.0,666.39,10.4,5.36,0.0,0.0,1292.3899999999999,3.5500000000000003,175.13000000000002,0.0,30.0,1898.1900000000003,20.69,23.599999999999998,0.0,0.0,665.35,10.4,5.1,0.0,0.0,1086.6100000000001,3.5500000000000003
United States,Washington,Canola,2013,spring,157.92000000000002,0.0,23.0,1748.1799999999998,26.560000000000002,4.46,0.0,0.0,781.71,1.99,159.83,0.0,0.0,1063.42,51.02,155.38,0.0,23.0,1696.9099999999999,26.560000000000002,6.919999999999999,0.0,0.0,746.5500000000001,4.51,159.90999999999997,0.0,0.0,1149.8500000000001,51.02
United States,Washington,Canola,2014,spring,121.11999999999999,0.0,21.0,1873.5100000000002,19.32,26.619999999999997,0.0,0.0,694.5399999999998,23.639999999999997,81.82,0.0,0.0,1176.1399999999999,38.489999999999995,117.19999999999999,0.0,21.0,1805.0700000000002,19.32,30.539999999999996,0.0,0.0,679.87,23.639999999999997,81.82000000000001,0.0,0.0,1259.2499999999998,38.489999999999995
United States,Washington,Canola,2015,spring,71.22,0.0,24.0,1996.16,18.959999999999997,5.31,0.0,0.0,699.7299999999999,3.0999999999999996,33.650000000000006,0.0,1.0,1157.66,10.299999999999999,67.78000000000002,0.0,24.0,1528.5199999999998,18.959999999999997,3.7399999999999998,0.0,0.0,705.69,2.8399999999999994,38.66,0.0,1.0,1619.3400000000001,10.299999999999999
United States,Washington,Canola,2016,spring,104.82,0.0,7.0,1917.98,16.59,24.27,0.0,0.0,613.27,10.850000000000001,29.0,0.0,0.0,1234.76,11.25,76.49,0.0,7.0,1452.8600000000004,16.59,51.830000000000005,0.0,0.0,939.9399999999999,16.38,29.770000000000003,0.0,0.0,1373.2099999999996,11.25
United States,Washington,Canola,2017,spring,165.51999999999995,0.0,30.0,1815.3399999999997,24.419999999999998,0.9000000000000001,0.0,0.0,791.53,0.35000000000000003,21.27,0.0,0.0,1196.6599999999999,10.79,165.50999999999996,0.0,30.0,1785.7299999999998,24.419999999999998,0.9100000000000001,0.0,0.0,821.14,0.35000000000000003,21.27,0.0,0.0,1196.6599999999999,10.79
United States,Washington,Canola,2018,spring,150.37,0.0,23.0,1816.1899999999998,26.310000000000002,3.3900000000000006,0.0,0.0,758.5899999999999,1.26,19.1,0.0,0.0,1172.62,3.95,143.39000000000001,0.0,23.0,1570.48,26.310000000000002,10.05,0.0,0.0,841.4300000000001,4.48,19.419999999999998,0.0,0.0,1335.4899999999998,3.95
United States,Washington,Canola,2019,spring,117.97000000000001,0.0,23.0,1847.4899999999998,19.77,11.05,0.0,0.0,620.49,3.16,63.44,0.0,3.0,1114.34,14.190000000000001,100.72,0.0,23.0,1562.15,19.77,28.09,0.0,0.0,826.2900000000002,11.049999999999999,63.65,0.0,3.0,1193.88,14.190000000000001
United States,Washington,Canola,2020,spring,165.99,0.0,19.0,1813.51,18.78,8.14,0.0,0.0,710.11,3.67,55.89999999999999,0.0,0.0,1206.34,37.05,167.78,0.0,19.0,1830.17,18.78,6.3999999999999995,0.0,0.0,773.5099999999999,3.67,55.85,0.0,0.0,1126.2799999999995,37.05
United States,Washington,Canola,2021,spring,64.17999999999998,4.0,20.0,2055.5,12.379999999999999,3.2399999999999993,0.0,0.0,776.69,2.2,65.27000000000001,1.0,0.0,1087.68,16.86,64.08,0.0,20.0,1844.8500000000001,12.379999999999999,2.7399999999999998,4.0,0.0,609.1300000000001,2.2,65.87,1.0,0.0,1465.8900000000003,16.86
United States,Washington,Canola,2022,spring,214.11,0.0,36.0,1588.8000000000002,22.800000000000004,13.280000000000001,1.0,0.0,721.1700000000001,6.45,15.099999999999998,1.0,0.0,1226.6100000000001,4.33,226.31999999999996,0.0,36.0,1780.0300000000002,22.800000000000004,1.08,2.0,0.0,664.01,0.77,15.09,0.0,0.0,1092.54,4.33
United States,Washington,Canola,2023,spring,123.67,0.0,21.0,1848.85,19.79,7.25,0.0,0.0,751.8100000000001,4.3,53.89,1.0,1.0,1166.88,22.71,111.0,0.0,21.0,1395.5700000000002,19.79,17.39,0.0,0.0,803.9,4.300000000000001,56.420000000000016,1.0,1.0,1568.07,22.71
United States,Washington,Canola,2024,spring,122.5,0.0,27.0,1832.77,27.19,2.23,1.0,0.0,777.5599999999998,1.47,45.43,0.0,1.0,1102.8000000000002,13.86,122.67999999999998,0.0,27.0,1977.49,27.19,2.05,1.0,0.0,632.8399999999999,1.47,45.43,0.0,1.0,1102.8000000000002,13.86
United States,Washington,Canola,2025,spring,70.12999999999998,0.0,33.0,2016.7599999999998,18.439999999999998,14.86,0.0,0.0,737.9599999999999,10.66,63.349999999999994,0.0,0.0,1155.44,15.579999999999998,70.38999999999999,0.0,33.0,2105.1699999999996,18.439999999999998,31.63,0.0,0.0,835.52,12.32,46.31999999999999,0.0,0.0,969.4700000000001,15.579999999999998
