country,region,crop,year,window,rain_sum_cal_early,heat_days_35_cal_early,frost_days_0_cal_early,radiation_sum_cal_early,max_3day_rain_cal_early,rain_sum_cal_mid,heat_days_35_cal_mid,frost_days_0_cal_mid,radiation_sum_cal_mid,max_3day_rain_cal_mid,rain_sum_cal_late,heat_days_35_cal_late,frost_days_0_cal_late,radiation_sum_cal_late,max_3day_rain_cal_late,rain_sum_gdd_early,heat_days_35_gdd_early,frost_days_0_gdd_early,radiation_sum_gdd_early,max_3day_rain_gdd_early,rain_sum_gdd_mid,heat_days_35_gdd_mid,frost_days_0_gdd_mid,radiation_sum_gdd_mid,max_3day_rain_gdd_mid,rain_sum_gdd_late,heat_days_35_gdd_late,frost_days_0_gdd_late,radiation_sum_gdd_late,max_3day_rain_gdd_late
United States,Colorado,Wheat,1990,winter,195.64,0.0,201.0,3264.5699999999997,28.310000000000002,44.1,0.0,21.0,422.7299999999999,20.9,29.199999999999996,0.0,11.0,1215.5500000000002,15.389999999999999,268.94000000000005,0.0,233.0,4902.85,28.310000000000002,0.0,0.0,0.0,0.0,0.0,0.0,0.0,0.0,0.0,0.0
United States,Colorado,Wheat,1991,winter,199.12,0.0,201.0,3318.83,15.819999999999999,25.49,0.0,18.0,501.43000000000006,7.84,77.98999999999998,0.0,4.0,1070.08,16.59,302.5999999999999,0.0,223.0,4890.34,16.589999999999996,0.0,0.0,0.0,0.0,0.0,0.0,0.0,0.0,0.0,0.0
United States,Colorado,Wheat,1992,winter,202.75,0.0,200.0,3336.4800000000005,23.48,9.29,0.0,7.0,526.8,4.26,85.05999999999999,0.0,5.0,984.89,15.32,297.1,0.0,212.0,4848.17,23.48,0.0,0.0,0.0,0.0,0.0,0.0,0.0,0.0,0.0,0.0
United States,Colorado,Wheat,1993,winter,188.78,0.0,196.0,3217.82,16.810000000000002,17.91,0.0,18.0,507.89,5.51,64.47,0.0,10.0,1157.1799999999998,15.66,271.15999999999997,0.0,224.0,4882.889999999999,16.810000000000002,0.0,0.0,0.0,0.0,0.0,0.0,0.0,0.0,0.0,0.0
United States,Colorado,Wheat,1994,winter,217.21999999999997,0.0,202.0,3234.42,16.46,60.32999999999999,0.0,12.0,445.22,25.349999999999998,52.84999999999999,0.0,0.0,1203.6400000000003,18.93,330.4,0.0,214.0,4883.280000000001,25.349999999999998,0.0,0.0,0.0,0.0,0.0,0.0,0.0,0.0,0.0,0.0
United States,Colorado,Wheat,1995,winter,265.61,0.0,204.0,3217.9300000000003,18.650000000000006,52.61,0.0,21.0,460.82,14.29,155.65,0.0,18.0,1018.2700000000002,40.190000000000005,473.87,0.0,243.0,4697.0199999999995,40.21000000000001,0.0,0.0,0.0,0.0,0.0,0.0,0.0,0.0,0.0,0.0
United States,Colorado,Wheat,1996,winter,222.56,0.0,208.0,3217.5699999999997,12.879999999999999,12.22,0.0,15.0,552.9599999999999,4.85,96.04,0.0,5.0,1122.0700000000002,44.02,330.82,0.0,228.0,4892.6,44.02,0.0,0.0,0.0,0.0,0.0,0.0,0.0,0.0,0.0,0.0
United States,Colorado,Wheat,1997,winter,232.22,0.0,198.0,3199.2299999999996,12.749999999999998,32.07,0.0,18.0,502.43,19.57,92.71000000000002,0.0,5.0,1119.05,29.52,357.0,0.0,221.0,4820.71,29.52,0.0,0.0,0.0,0.0,0.0,0.0,0.0,0.0,0.0,0.0
United States,Colorado,Wheat,1998,winter,246.49,0.0,198.0,3321.29,29.71,25.810000000000002,0.0,21.0,528.15,10.89,26.770000000000003,0.0,11.0,1186.95,6.19,299.07,0.0,230.0,5036.39,29.71,0.0,0.0,0.0,0.0,0.0,0.0,0.0,0.0,0.0,0.0
United States,Colorado,Wheat,1999,winter,204.54999999999995,0.0,195.0,3317.35,29.71,79.88000000000001,0.0,21.0,460.82,51.36,72.17999999999999,0.0,8.0,1136.2000000000003,23.53,356.61,0.0,224.0,4914.37,51.36,0.0,0.0,0.0,0.0,0.0,0.0,0.0,0.0,0.0,0.0
United States,Colorado,Wheat,2000,winter,207.79,0.0,203.0,3258.38,14.13,27.0,0.0,16.0,522.74,16.53,47.839999999999996,0.0,6.0,1108.3,19.7,282.63,0.0,225.0,4889.42,19.7,0.0,0.0,0.0,0.0,0.0,0.0,0.0,0.0,0.0,0.0
United States,Colorado,Wheat,2001,winter,194.20000000000002,0.0,204.0,3202.5699999999997,13.389999999999999,51.16,0.0,11.0,476.45000000000005,39.28,44.68,0.0,7.0,1143.2499999999998,10.34,290.03999999999996,0.0,222.0,4822.2699999999995,39.28,0.0,0.0,0.0,0.0,0.0,0.0,0.0,0.0,0.0,0.0
United States,Colorado,Wheat,2002,winter,112.22,0.0,195.0,3420.5699999999997,9.53,9.899999999999999,0.0,19.0,532.38,6.0,34.03,0.0,6.0,1139.4900000000002,9.89,156.14999999999998,0.0,220.0,5092.4400000000005,9.89,0.0,0.0,0.0,0.0,0.0,0.0,0.0,0.0,0.0,0.0
United States,Colorado,Wheat,2003,winter,235.2,0.0,204.0,3082.28,43.5,20.56,0.0,20.0,461.38999999999993,7.859999999999999,63.95,0.0,5.0,1104.6399999999999,12.45,319.71000000000004,0.0,229.0,4648.3099999999995,43.5,0.0,0.0,0.0,0.0,0.0,0.0,0.0,0.0,0.0,0.0
United States,Colorado,Wheat,2004,winter,204.42999999999998,0.0,193.0,3294.9399999999996,24.37,23.590000000000003,0.0,15.0,493.25000000000006,9.089999999999998,66.07,0.0,4.0,1089.95,20.39,294.09,0.0,212.0,4878.139999999999,25.63,0.0,0.0,0.0,0.0,0.0,0.0,0.0,0.0,0.0,0.0
United States,Colorado,Wheat,2005,winter,201.06,0.0,200.0,3234.91,15.209999999999999,35.27000000000001,0.0,20.0,422.17,18.509999999999998,49.820000000000014,0.0,6.0,1176.9399999999998,16.14,286.15,0.0,226.0,4834.02,18.509999999999998,0.0,0.0,0.0,0.0,0.0,0.0,0.0,0.0,0.0,0.0
United States,Colorado,Wheat,2006,winter,185.63,0.0,198.0,3302.1800000000003,30.14,19.96,0.0,18.0,479.6,7.38,28.049999999999994,0.0,2.0,1183.0600000000002,8.43,233.64000000000004,0.0,218.0,4964.84,30.14,0.0,0.0,0.0,0.0,0.0,0.0,0.0,0.0,0.0,0.0
United States,Colorado,Wheat,2007,winter,242.57999999999998,0.0,206.0,3129.16,20.73,54.46,0.0,13.0,442.18,24.07,48.339999999999996,0.0,9.0,1108.06,12.3,345.38,0.0,228.0,4679.4,24.07,0.0,0.0,0.0,0.0,0.0,0.0,0.0,0.0,0.0,0.0
United States,Colorado,Wheat,2008,winter,197.18,0.0,201.0,3416.1699999999996,14.5,31.56,0.0,19.0,477.38,15.64,22.479999999999997,0.0,13.0,1190.2500000000002,8.94,251.22000000000003,0.0,233.0,5083.8,15.64,0.0,0.0,0.0,0.0,0.0,0.0,0.0,0.0,0.0,0.0
United States,Colorado,Wheat,2009,winter,202.86,0.0,200.0,3232.46,30.369999999999997,13.35,0.0,17.0,511.0400000000001,5.28,109.24,0.0,3.0,1015.72,22.78,325.45,0.0,220.0,4759.22,30.369999999999997,0.0,0.0,0.0,0.0,0.0,0.0,0.0,0.0,0.0,0.0
United States,Colorado,Wheat,2010,winter,262.99,0.0,209.0,3229.5699999999997,23.060000000000002,32.47,0.0,21.0,452.96999999999997,14.79,41.599999999999994,0.0,8.0,1207.3300000000002,24.259999999999998,337.06,0.0,238.0,4889.87,24.259999999999998,0.0,0.0,0.0,0.0,0.0,0.0,0.0,0.0,0.0,0.0
United States,Colorado,Wheat,2011,winter,189.22,0.0,195.0,3311.9600000000005,9.42,41.95,0.0,20.0,459.43,19.96,39.67999999999999,0.0,14.0,1156.2099999999998,13.07,270.85,0.0,229.0,4927.6,19.96,0.0,0.0,0.0,0.0,0.0,0.0,0.0,0.0,0.0,0.0
United States,Colorado,Wheat,2012,winter,202.49,0.0,200.0,3460.54,21.340000000000003,34.62,0.0,13.0,508.27000000000004,15.090000000000002,20.659999999999997,0.0,4.0,1210.7700000000004,4.42,257.77,0.0,217.0,5179.58,21.340000000000003,0.0,0.0,0.0,0.0,0.0,0.0,0.0,0.0,0.0,0.0
United States,Colorado,Wheat,2013,winter,184.81,0.0,200.0,3181.49,25.659999999999997,51.05000000000001,0.0,19.0,438.37000000000006,29.05,21.98,0.0,10.0,1190.6199999999997,6.56,257.84,0.0,229.0,4810.48,29.049999999999997,0.0,0.0,0.0,0.0,0.0,0.0,0.0,0.0,0.0,0.0
United States,Colorado,Wheat,2014,winter,303.79999999999995,0.0,205.0,3272.76,54.22,35.03,0.0,19.0,438.1600000000001,22.490000000000002,50.09,0.0,7.0,1155.3400000000004,19.02,388.91999999999996,0.0,231.0,4866.26,54.22,0.0,0.0,0.0,0.0,0.0,0.0,0.0,0.0,0.0,0.0
United States,Colorado,Wheat,2015,winter,254.9,0.0,194.0,3211.5999999999995,30.93,90.58000000000001,0.0,15.0,361.49999999999994,33.349999999999994,113.78,0.0,12.0,1058.87,35.51,459.26,0.0,221.0,4631.969999999999,35.51,0.0,0.0,0.0,0.0,0.0,0.0,0.0,0.0,0.0,0.0
United States,Colorado,Wheat,2016,winter,212.84000000000003,0.0,185.0,3247.3500000000004,29.93,36.65,0.0,19.0,433.88000000000005,21.38,72.2,0.0,7.0,1124.49,13.92,321.69,0.0,211.0,4805.719999999999,29.93,0.0,0.0,0.0,0.0,0.0,0.0,0.0,0.0,0.0,0.0
United States,Colorado,Wheat,2017,winter,180.08,0.0,189.0,3276.4,14.459999999999999,35.879999999999995,0.0,12.0,453.72999999999996,14.03,56.43999999999999,0.0,11.0,1143.27,25.429999999999996,272.4,0.0,212.0,4873.4,25.43,0.0,0.0,0.0,0.0,0.0,0.0,0.0,0.0,0.0,0.0
United States,Colorado,Wheat,2018,winter,196.73999999999998,0.0,203.0,3282.9800000000005,18.16,18.379999999999995,0.0,10.0,470.57,12.149999999999999,25.94000000000001,0.0,0.0,1170.3799999999999,9.760000000000002,241.06,0.0,213.0,4923.93,18.16,0.0,0.0,0.0,0.0,0.0,0.0,0.0,0.0,0.0,0.0
United States,Colorado,Wheat,2019,winter,242.92000000000002,0.0,202.0,3219.19,25.72,46.24,0.0,18.0,446.59999999999997,20.349999999999998,76.27,0.0,18.0,984.83,20.47,365.43,0.0,238.0,4650.62,25.72,0.0,0.0,0.0,0.0,0.0,0.0,0.0,0.0,0.0,0.0
United States,Colorado,Wheat,2020,winter,219.78999999999996,0.0,205.0,3423.34,16.46,7.21,0.0,13.0,538.37,4.140000000000001,54.72,0.0,5.0,1142.27,12.13,281.71999999999997,0.0,223.0,5103.98,16.46,0.0,0.0,0.0,0.0,0.0,0.0,0.0,0.0,0.0,0.0
United States,Colorado,Wheat,2021,winter,192.01,0.0,197.0,3326.9799999999996,18.790000000000003,37.050000000000004,0.0,16.0,453.28,20.51,80.24000000000001,0.0,4.0,1068.77,19.68,309.3,0.0,217.0,4849.03,20.51,0.0,0.0,0.0,0.0,0.0,0.0,0.0,0.0,0.0,0.0
United States,Colorado,Wheat,2022,winter,166.23000000000002,0.0,198.0,3386.95,12.4,17.07,0.0,18.0,501.65,10.64,82.91000000000001,0.0,11.0,1045.6899999999998,28.79,266.21000000000004,0.0,227.0,4934.29,28.79,0.0,0.0,0.0,0.0,0.0,0.0,0.0,0.0,0.0,0.0
United States,Colorado,Wheat,2023,winter,155.07999999999998,0.0,193.0,3343.35,11.75,87.72,0.0,13.0,418.5,52.949999999999996,95.73,0.0,0.0,984.22,18.07,338.53,0.0,206.0,4746.07,52.949999999999996,0.0,0.0,0.0,0.0,0.0,0.0,0.0,0.0,0.0,0.0
United States,Colorado,Wheat,2024,winter,246.98,0.0,193.0,3414.62,33.57,68.83000000000001,0.0,22.0,445.55,28.939999999999998,44.67,0.0,7.0,1153.09,14.79,360.48,0.0,222.0,5013.26,33.57,0.0,0.0,0.0,0.0,0.0,0.0,0.0,0.0,0.0,0.0
United States,Colorado,Wheat,2025,winter,192.0,0.0,184.0,3330.8999999999996,19.1,42.970000000000006,0.0,16.0,465.7699999999999,30.909999999999997,67.25000000000001,0.0,6.0,1071.47,20.189999999999998,302.22,0.0,206.0,4868.14,30.910000000000004,0.0,0.0,0.0,0.0,0.0,0.0,0.0,0.0,0.0,0.0
United States,Colorado,Barley,1990,spring,104.49,0.0,54.0,2039.9499999999998,20.9,48.73,0.0,0.0,298.27,21.87,148.37,0.0,0.0,1605.53,16.58,154.1,0.0,54.0,2362.99,21.87,41.629999999999995,0.0,0.0,374.71,16.58,105.85999999999999,0.0,0.0,1206.05,15.819999999999999
United States,Colorado,Barley,1991,spring,129.47,0.0,45.0,1984.87,16.59,25.59,0.0,0.0,332.16,9.98,152.72,0.0,6.0,1596.51,26.75,159.10999999999999,0.0,45.0,2437.93,16.59,76.69999999999999,0.0,0.0,344.51,26.75,71.97,0.0,6.0,1131.1,9.07
United States,Colorado,Barley,1992,spring,109.17000000000002,0.0,34.0,1926.57,15.32,12.39,0.0,0.0,326.78999999999996,5.76,138.0,0.0,5.0,1605.28,50.550000000000004,124.36000000000001,0.0,34.0,2304.4100000000003,15.32,32.71,0.0,0.0,370.97999999999996,12.43,102.49000000000001,0.0,5.0,1183.2499999999998,50.550000000000004
United States,Colorado,Barley,1993,spring,110.38,0.0,51.0,2042.55,15.659999999999997,12.370000000000001,0.0,0.0,370.5,6.130000000000001,115.69999999999999,0.0,10.0,1620.17,12.68,136.86,0.0,51.0,2638.7200000000003,15.659999999999997,10.200000000000001,0.0,0.0,381.92,3.9400000000000004,91.39000000000001,0.0,10.0,1012.5800000000003,12.68
United States,Colorado,Barley,1994,spring,153.76,0.0,30.0,2039.9,25.349999999999998,5.2299999999999995,0.0,0.0,344.59000000000003,2.81,123.32999999999998,0.0,4.0,1572.0300000000002,16.86,157.35,0.0,30.0,2347.2200000000003,25.349999999999998,13.19,0.0,0.0,355.09000000000003,5.35,111.78,0.0,4.0,1254.21,16.86
United States,Colorado,Barley,1995,spring,248.39,0.0,62.0,1900.6699999999998,40.21,30.64,0.0,0.0,315.14000000000004,20.73,134.97,0.0,6.0,1659.32,16.599999999999998,309.0,0.0,62.0,2728.1099999999997,40.21,8.84,0.0,0.0,346.1499999999999,3.74,96.16,0.0,6.0,800.87,16.6
United States,Colorado,Barley,1996,spring,137.34,0.0,42.0,2073.4900000000002,44.02,28.180000000000003,0.0,0.0,336.71,15.480000000000002,139.89999999999998,0.0,7.0,1635.04,12.66,165.52,0.0,42.0,2410.2,44.02,27.189999999999998,0.0,0.0,391.54999999999995,9.35,112.71000000000001,0.0,7.0,1243.4899999999998,12.66
United States,Colorado,Barley,1997,spring,162.64,0.0,46.0,2012.31,29.520000000000003,4.799999999999999,0.0,0.0,367.76,1.7999999999999998,185.51999999999998,0.0,2.0,1639.6399999999999,26.54,170.39000000000001,0.0,46.0,2545.6100000000006,29.520000000000003,64.69999999999999,0.0,0.0,365.90999999999997,26.259999999999998,117.86999999999999,0.0,2.0,1108.1899999999998,26.54
United States,Colorado,Barley,1998,spring,92.6,0.0,55.0,2119.09,13.559999999999999,39.07,0.0,0.0,322.61,25.259999999999998,154.25,0.0,0.0,1713.88,24.54,134.84,0.0,55.0,2632.14,25.259999999999998,82.97999999999999,0.0,0.0,371.27,24.54,68.1,0.0,0.0,1152.17,14.42
United States,Colorado,Barley,1999,spring,213.35,0.0,52.0,2002.1299999999999,51.36,12.450000000000001,0.0,0.0,361.42,7.69,163.49,0.0,6.0,1596.55,21.72,258.68,0.0,52.0,2605.77,51.36,72.72000000000001,0.0,0.0,370.48,21.72,57.89000000000001,0.0,6.0,983.85,9.58
United States,Colorado,Barley,2000,spring,100.71,0.0,45.0,2032.78,19.7,22.56,0.0,0.0,346.30000000000007,10.23,139.13,0.0,5.0,1630.12,23.240000000000002,108.78,0.0,45.0,2262.38,19.7,43.91,0.0,0.0,359.91,23.240000000000002,109.71000000000001,0.0,5.0,1386.91,16.82
United States,Colorado,Barley,2001,spring,126.4,0.0,40.0,2019.65,39.28,27.29,0.0,0.0,320.74000000000007,11.31,111.63999999999999,0.0,2.0,1611.1100000000001,11.93,137.95000000000002,0.0,40.0,2250.7200000000003,39.28,39.54,0.0,0.0,355.64,15.350000000000001,87.83999999999997,0.0,2.0,1345.1399999999999,11.93
United States,Colorado,Barley,2002,spring,49.02,0.0,46.0,2125.68,9.89,21.130000000000003,0.0,0.0,336.03999999999996,10.35,91.55000000000001,0.0,4.0,1698.3500000000001,21.610000000000003,52.370000000000005,0.0,46.0,2239.96,9.89,18.189999999999998,0.0,0.0,396.82,10.350000000000001,91.14000000000001,0.0,4.0,1523.29,21.61
United States,Colorado,Barley,2003,spring,107.11999999999999,0.0,46.0,1956.41,14.29,3.35,0.0,0.0,392.65,2.96,115.75,0.0,7.0,1638.7399999999998,14.27,110.47,0.0,46.0,2349.0600000000004,14.29,15.31,0.0,0.0,295.27,7.11,100.44,0.0,7.0,1343.4699999999998,14.27
United States,Colorado,Barley,2004,spring,157.6,0.0,41.0,1958.59,25.63,16.78,0.0,0.0,342.57,10.12,147.82999999999998,0.0,4.0,1580.97,26.36,177.73,0.0,41.0,2350.36,25.63,63.75,0.0,0.0,332.51,26.36,80.73,0.0,4.0,1199.26,22.959999999999997
United States,Colorado,Barley,2005,spring,107.17999999999999,0.0,49.0,2056.15,18.509999999999998,3.84,0.0,0.0,361.72,1.78,129.19,0.0,2.0,1665.44,28.610000000000003,111.55000000000001,0.0,49.0,2447.6800000000003,18.509999999999998,31.86,0.0,0.0,326.96999999999997,16.42,96.8,0.0,2.0,1308.66,28.610000000000003
United States,Colorado,Barley,2006,spring,58.66,0.0,41.0,2128.1800000000003,8.43,78.22000000000001,0.0,0.0,269.34000000000003,33.97,157.21,0.0,11.0,1595.52,20.73,98.64999999999999,0.0,41.0,2285.12,26.52,48.33000000000001,0.0,0.0,325.23999999999995,33.97,147.10999999999999,0.0,11.0,1382.6799999999998,20.73
United States,Colorado,Barley,2007,spring,136.21000000000004,0.0,45.0,1923.3000000000002,24.07,23.29,0.0,0.0,329.04999999999995,10.27,173.32,0.0,4.0,1624.4099999999999,22.08,159.97,0.0,45.0,2280.13,24.07,59.720000000000006,0.0,0.0,345.68,21.61,113.13000000000001,0.0,4.0,1250.95,22.08
United States,Colorado,Barley,2008,spring,78.28,0.0,55.0,2114.2000000000003,15.64,14.04,0.0,0.0,343.04,9.81,130.44,0.0,1.0,1657.02,34.660000000000004,99.69999999999999,0.0,55.0,2628.8500000000004,15.64,12.5,0.0,0.0,319.01,7.14,110.56,0.0,1.0,1166.3999999999999,34.660000000000004
United States,Colorado,Barley,2009,spring,171.38,0.0,43.0,1890.2700000000002,30.369999999999997,24.680000000000003,0.0,0.0,344.28,12.150000000000002,128.09,0.0,7.0,1624.72,19.33,199.18,0.0,43.0,2373.85,30.369999999999997,49.82,0.0,0.0,374.35,19.279999999999998,75.15,0.0,7.0,1111.07,19.33
United States,Colorado,Barley,2010,spring,110.36,0.0,51.0,2061.52,24.259999999999998,20.58,0.0,0.0,345.9699999999999,8.73,114.31,0.0,0.0,1769.42,21.39,131.15,0.0,51.0,2518.37,24.259999999999998,43.940000000000005,0.0,0.0,330.0799999999999,18.200000000000003,70.16,0.0,0.0,1328.46,19.21
United States,Colorado,Barley,2011,spring,102.06,0.0,57.0,2043.15,19.96,40.0,0.0,0.0,310.64000000000004,16.66,126.71,0.0,3.0,1682.42,24.630000000000003,155.21999999999997,0.0,57.0,2524.98,19.96,32.650000000000006,0.0,0.0,327.27000000000004,16.09,80.90000000000002,0.0,3.0,1183.9600000000003,21.340000000000003
United States,Colorado,Barley,2012,spring,81.74000000000002,0.0,37.0,2168.05,15.090000000000002,45.79,0.0,0.0,306.77000000000004,33.21,121.59,0.0,0.0,1611.73,26.43,82.48000000000003,0.0,37.0,2263.48,15.090000000000002,53.75,0.0,0.0,351.81,33.21,112.89,0.0,0.0,1471.26,26.43
United States,Colorado,Barley,2013,spring,110.27000000000001,0.0,52.0,1983.27,29.05,27.780000000000005,0.0,0.0,315.18,11.73,234.18,0.0,5.0,1535.52,54.22,154.39000000000001,0.0,52.0,2352.0600000000004,29.05,29.859999999999996,0.0,0.0,371.59999999999997,11.14,187.98000000000002,0.0,5.0,1110.3100000000002,54.22
United States,Colorado,Barley,2014,spring,119.08000000000001,0.0,49.0,1982.05,22.490000000000002,28.14,0.0,0.0,336.65999999999997,18.5,181.07,0.0,2.0,1555.6,30.25,168.08,0.0,49.0,2453.9400000000005,22.490000000000002,61.589999999999996,0.0,0.0,334.23,30.25,98.62,0.0,2.0,1086.14,14.170000000000002
United States,Colorado,Barley,2015,spring,242.98,0.0,50.0,1835.62,35.51,41.480000000000004,0.0,0.0,304.94,21.06,72.30000000000001,0.0,0.0,1662.25,12.090000000000002,302.07000000000005,0.0,50.0,2325.11,35.51,10.04,0.0,0.0,374.79999999999995,5.140000000000001,44.65,0.0,0.0,1102.9,12.090000000000002
United States,Colorado,Barley,2016,spring,151.47,0.0,49.0,1945.77,29.93,21.2,0.0,0.0,344.85,16.6,91.81000000000002,0.0,3.0,1640.8,16.36,173.54000000000002,0.0,49.0,2349.28,29.93,14.170000000000002,0.0,0.0,319.08,7.26,76.77000000000001,0.0,3.0,1263.06,16.36
United States,Colorado,Barley,2017,spring,118.32,0.0,45.0,2045.5700000000002,25.43,18.93,0.0,0.0,316.02,15.440000000000001,182.62,0.0,3.0,1528.44,23.040000000000003,137.24999999999997,0.0,45.0,2361.5899999999997,25.43,54.589999999999996,0.0,0.0,319.6600000000001,20.34,128.03,0.0,3.0,1208.7800000000002,22.91
United States,Colorado,Barley,2018,spring,74.74,0.0,33.0,2055.7799999999997,13.999999999999998,18.23,0.0,0.0,361.9199999999999,13.58,97.35,0.0,3.0,1664.6399999999999,20.310000000000002,75.22999999999999,0.0,33.0,2214.83,13.999999999999998,30.509999999999998,0.0,0.0,341.8,13.58,84.58000000000001,0.0,3.0,1525.7100000000003,20.310000000000002
United States,Colorado,Barley,2019,spring,135.42,0.0,59.0,1838.54,20.47,15.939999999999998,0.0,0.0,345.71,6.94,95.85,0.0,1.0,1718.3999999999999,16.46,175.39000000000001,0.0,59.0,2427.6400000000003,20.47,28.21,0.0,0.0,331.39,9.35,43.61000000000001,0.0,1.0,1143.6200000000001,16.46
United States,Colorado,Barley,2020,spring,85.1,0.0,41.0,2101.16,12.13,9.78,0.0,0.0,366.34999999999997,7.66,87.91,0.0,8.0,1614.12,23.049999999999997,93.58,0.0,41.0,2384.4,12.13,16.75,0.0,0.0,332.96000000000004,6.210000000000001,72.46,0.0,8.0,1364.27,21.14
United States,Colorado,Barley,2021,spring,140.88,0.0,43.0,1942.17,20.51,28.110000000000003,0.0,0.0,349.57,15.76,120.22,0.0,2.0,1679.28,26.289999999999996,168.81,0.0,43.0,2234.18,20.51,44.76,0.0,0.0,358.7,25.95,75.63999999999999,0.0,2.0,1378.14,26.29
United States,Colorado,Barley,2022,spring,104.16,0.0,52.0,2029.79,28.79,33.279999999999994,0.0,0.0,308.65,13.510000000000002,181.14,0.0,0.0,1596.18,37.97,137.44000000000003,0.0,52.0,2338.4399999999996,28.79,37.19,0.0,0.0,308.6499999999999,21.28,143.95000000000002,0.0,0.0,1287.53,33.72
United States,Colorado,Barley,2023,spring,192.96,0.0,35.0,1831.48,52.95,12.43,0.0,0.0,353.87,4.5,133.91,0.0,2.0,1719.54,28.599999999999998,206.4,0.0,35.0,2299.2000000000003,52.95,14.44,0.0,0.0,311.43,6.92,118.45999999999998,0.0,2.0,1294.2599999999998,28.599999999999998
United States,Colorado,Barley,2024,spring,113.32,0.0,51.0,2058.11,28.939999999999998,20.06,0.0,0.0,375.45,17.119999999999997,118.35,0.0,0.0,1649.89,13.98,133.38,0.0,51.0,2403.3,28.939999999999998,32.52,0.0,0.0,331.21999999999997,13.98,85.83,0.0,0.0,1348.93,13.75
United States,Colorado,Barley,2025,spring,127.95000000000002,0.0,43.0,1967.09,30.909999999999997,12.89,0.0,0.0,338.2,4.66,146.9,0.0,0.0,1508.76,27.98,136.57999999999998,0.0,43.0,2210.4,30.909999999999997,34.03,0.0,0.0,313.55,17.2,117.13,0.0,0.0,1290.1,27.98
United States,Colorado,Oats,1990,spring,101.67000000000002,0.0,54.0,1649.24,20.9,1.4000000000000001,0.0,0.0,206.45,1.3800000000000001,198.52,0.0,0.0,2088.0600000000004,21.87,104.47999999999999,0.0,54.0,2013.0099999999998,20.9,74.59,0.0,0.0,518.34,21.87,122.52,0.0,0.0,1412.4,15.819999999999999
United States,Colorado,Oats,1991,spring,126.28,0.0,45.0,1621.25,16.59,2.72,0.0,0.0,172.33,1.7,178.78,0.0,6.0,2119.96,26.75,131.52,0.0,45.0,2063.58,16.59,79.07,0.0,0.0,525.4200000000001,26.75,97.18999999999998,0.0,6.0,1324.54,20.9
United States,Colorado,Oats,1992,spring,86.64,0.0,34.0,1616.1899999999998,15.32,5.39,0.0,0.0,175.84,5.22,167.53000000000003,0.0,5.0,2066.61,50.550000000000004,101.46,0.0,34.0,1865.79,15.32,38.199999999999996,0.0,0.0,617.08,8.76,119.9,0.0,5.0,1375.7699999999998,50.550000000000004
United States,Colorado,Oats,1993,spring,93.37,0.0,49.0,1668.2400000000002,12.749999999999998,16.8,0.0,1.0,160.35000000000002,15.66,128.27999999999997,0.0,11.0,2204.629999999999,12.68,115.16999999999999,0.0,51.0,2207.85,15.659999999999997,24.66,0.0,0.0,633.66,7.42,98.62,0.0,10.0,1191.7099999999998,12.68
United States,Colorado,Oats,1994,spring,134.67,0.0,30.0,1662.4,25.349999999999998,17.479999999999997,0.0,0.0,173.14,14.919999999999998,130.17,0.0,4.0,2120.98,16.86,153.64,0.0,30.0,1912.24,25.349999999999998,8.71,0.0,0.0,599.7,2.81,119.96999999999998,0.0,4.0,1444.5800000000002,16.86
United States,Colorado,Oats,1995,spring,213.25999999999996,0.0,61.0,1561.3399999999997,40.21,15.049999999999999,0.0,1.0,172.22,13.77,185.69000000000003,0.0,6.0,2141.57,27.740000000000002,289.00000000000006,0.0,62.0,2273.35,40.21,22.560000000000002,0.0,0.0,619.83,11.05,102.44,0.0,6.0,981.95,16.599999999999998
United States,Colorado,Oats,1996,spring,110.25999999999999,0.0,42.0,1733.3700000000001,44.02,18.82,0.0,0.0,171.70000000000002,9.69,176.34,0.0,7.0,2140.1699999999996,15.480000000000002,134.79000000000002,0.0,42.0,2038.9300000000003,44.02,44.25,0.0,0.0,557.9,15.480000000000002,126.38,0.0,7.0,1448.4099999999999,12.66
United States,Colorado,Oats,1997,spring,151.89000000000001,0.0,46.0,1646.8499999999997,29.520000000000003,5.55,0.0,0.0,186.43,3.74,195.51999999999998,0.0,2.0,2186.43,26.54,163.92,0.0,46.0,2136.72,29.520000000000003,24.21,0.0,0.0,592.1300000000001,10.52,164.82999999999998,0.0,2.0,1290.86,26.54
United States,Colorado,Oats,1998,spring,86.48999999999998,0.0,54.0,1734.5100000000002,13.559999999999999,5.23,0.0,1.0,165.76,3.86,194.20000000000002,0.0,0.0,2255.3099999999995,25.259999999999998,100.13,0.0,55.0,2267.83,13.559999999999999,74.21000000000001,0.0,0.0,539.7099999999999,25.259999999999998,111.58,0.0,0.0,1348.0400000000002,20.24
United States,Colorado,Oats,1999,spring,195.72999999999996,0.0,52.0,1653.79,51.36,12.760000000000002,0.0,0.0,135.95999999999998,9.14,180.80000000000007,0.0,6.0,2170.35,21.72,218.07999999999998,0.0,52.0,2212.46,51.36,71.92,0.0,0.0,557.3100000000001,19.54,99.28999999999999,0.0,6.0,1190.3300000000002,21.72
United States,Colorado,Oats,2000,spring,72.1,0.0,45.0,1717.3300000000002,16.53,7.569999999999999,0.0,0.0,175.5,5.779999999999999,182.73000000000002,0.0,5.0,2116.3699999999994,23.24,79.53,0.0,45.0,1859.16,16.53,47.31999999999999,0.0,0.0,567.33,19.7,135.55,0.0,5.0,1582.71,23.240000000000002
United States,Colorado,Oats,2001,spring,116.69000000000001,0.0,39.0,1653.4599999999998,39.28,2.65,0.0,1.0,205.09,2.36,145.99,0.0,2.0,2092.9500000000003,15.350000000000001,121.4,0.0,40.0,1926.74,39.28,43.4,0.0,0.0,507.14000000000004,15.350000000000001,100.52999999999997,0.0,2.0,1517.62,11.93
United States,Colorado,Oats,2002,spring,41.929999999999986,0.0,46.0,1786.8999999999999,9.89,3.11,0.0,0.0,177.7,2.8599999999999994,116.66000000000001,0.0,4.0,2195.47,21.61,42.96,0.0,46.0,1919.29,9.89,27.179999999999996,0.0,0.0,510.00999999999993,10.35,91.56,0.0,4.0,1730.77,21.610000000000003
United States,Colorado,Oats,2003,spring,86.73,0.0,46.0,1612.0600000000002,14.29,17.09,0.0,0.0,142.14999999999998,12.45,122.4,0.0,7.0,2233.5899999999997,14.27,106.49,0.0,46.0,1928.2,14.29,8.879999999999999,0.0,0.0,558.64,3.54,110.85000000000001,0.0,7.0,1500.9599999999998,14.27
United States,Colorado,Oats,2004,spring,109.71000000000001,0.0,41.0,1675.1999999999998,25.63,20.549999999999997,0.0,0.0,124.08,10.01,191.94999999999996,0.0,4.0,2082.85,26.36,152.1,0.0,41.0,1938.1999999999998,25.63,71.44,0.0,0.0,561.23,26.36,98.66999999999999,0.0,4.0,1382.7000000000003,22.959999999999997
United States,Colorado,Oats,2005,spring,92.45000000000002,0.0,49.0,1702.5100000000002,18.509999999999998,5.0,0.0,0.0,183.89000000000001,3.77,142.76,0.0,2.0,2196.9100000000003,28.610000000000003,107.17999999999999,0.0,49.0,2056.15,18.509999999999998,15.98,0.0,0.0,565.7300000000001,10.790000000000001,117.05,0.0,2.0,1461.4299999999998,28.610000000000003
United States,Colorado,Oats,2006,spring,48.24,0.0,41.0,1774.5100000000002,8.43,2.7800000000000002,0.0,0.0,177.22,1.57,243.07,0.0,11.0,2041.3099999999997,33.97,49.93,0.0,41.0,1877.2400000000002,8.43,87.21000000000001,0.0,0.0,581.4,33.97,156.95,0.0,11.0,1534.3999999999999,20.73
United States,Colorado,Oats,2007,spring,129.46,0.0,45.0,1562.9800000000002,24.07,1.84,0.0,0.0,195.34,1.34,201.52,0.0,4.0,2118.44,22.080000000000005,136.21000000000004,0.0,45.0,1923.3000000000002,24.07,54.339999999999996,0.0,0.0,530.17,19.040000000000003,142.27000000000004,0.0,4.0,1423.2900000000002,22.08
United States,Colorado,Oats,2008,spring,73.24,0.0,55.0,1766.83,15.64,0.96,0.0,0.0,184.89000000000001,0.65,148.55999999999997,0.0,1.0,2162.54,34.660000000000004,81.55,0.0,55.0,2239.4600000000005,15.64,25.830000000000005,0.0,0.0,545.3400000000001,9.81,115.38,0.0,1.0,1329.4599999999998,34.660000000000004
United States,Colorado,Oats,2009,spring,146.26,0.0,43.0,1554.1499999999999,30.369999999999997,6.1,0.0,0.0,161.36,5.2299999999999995,171.78999999999996,0.0,7.0,2143.7599999999998,19.33,173.25,0.0,43.0,1973.0100000000004,30.369999999999997,47.1,0.0,0.0,590.3399999999999,12.15,103.80000000000001,0.0,7.0,1295.92,19.33
United States,Colorado,Oats,2010,spring,102.95,0.0,50.0,1648.0800000000002,24.259999999999998,0.14,0.0,1.0,213.94,0.09,142.16000000000003,0.0,0.0,2314.8899999999994,21.39,111.19,0.0,51.0,2117.73,24.259999999999998,35.449999999999996,0.0,0.0,553.6400000000001,13.700000000000001,98.61,0.0,0.0,1505.5400000000002,21.39
United States,Colorado,Oats,2011,spring,88.32999999999998,0.0,57.0,1668.84,19.96,13.549999999999999,0.0,0.0,166.05,11.96,166.89000000000001,0.0,3.0,2201.3199999999997,24.630000000000003,109.17,0.0,57.0,2190.5099999999998,19.96,54.410000000000004,0.0,0.0,507.63000000000017,16.9,105.19000000000001,0.0,3.0,1338.0700000000002,24.630000000000003
United States,Colorado,Oats,2012,spring,76.31000000000002,0.0,37.0,1793.98,15.090000000000002,1.39,0.0,0.0,203.20000000000002,1.39,171.42,0.0,0.0,2089.370000000001,33.21,77.70000000000002,0.0,37.0,1904.1499999999999,15.090000000000002,47.77000000000001,0.0,0.0,521.2300000000001,33.21,123.65,0.0,0.0,1661.1699999999998,26.43
United States,Colorado,Oats,2013,spring,103.21,0.0,52.0,1605.97,29.05,4.4399999999999995,0.0,0.0,182.94000000000003,4.36,264.58,0.0,5.0,2045.0600000000002,54.22,112.25000000000001,0.0,52.0,2001.07,29.05,53.79,0.0,0.0,566.2600000000001,16.34,206.19000000000003,0.0,5.0,1266.64,54.22
United States,Colorado,Oats,2014,spring,114.42999999999999,0.0,48.0,1609.4,22.490000000000002,0.78,0.0,1.0,196.39000000000001,0.66,213.07999999999998,0.0,2.0,2068.52,30.25,119.39000000000001,0.0,49.0,2097.84,22.490000000000002,57.900000000000006,0.0,0.0,514.21,20.580000000000002,150.99999999999997,0.0,2.0,1262.26,30.25
United States,Colorado,Oats,2015,spring,223.07999999999998,0.0,50.0,1471.61,35.51,13.319999999999999,0.0,0.0,186.12,12.98,120.36,0.0,0.0,2145.0799999999995,21.06,249.32999999999998,0.0,50.0,1930.06,35.51,56.74,0.0,0.0,591.97,21.06,50.69,0.0,0.0,1280.78,12.090000000000002
United States,Colorado,Oats,2016,spring,130.32,0.0,49.0,1565.2800000000002,29.93,11.129999999999999,0.0,0.0,205.32,11.059999999999999,123.03,0.0,3.0,2160.8199999999997,16.6,151.47,0.0,49.0,1945.77,29.93,32.73,0.0,0.0,559.12,16.6,80.28,0.0,3.0,1426.53,16.36
United States,Colorado,Oats,2017,spring,116.54999999999998,0.0,45.0,1663.09,25.43,0.36,0.0,0.0,200.89,0.36,202.95999999999998,0.0,3.0,2026.0500000000002,23.04,118.31999999999996,0.0,45.0,1993.6500000000003,25.43,40.31999999999999,0.0,0.0,522.41,21.72,161.23,0.0,3.0,1373.9700000000003,23.040000000000003
United States,Colorado,Oats,2018,spring,63.370000000000005,0.0,33.0,1709.2299999999998,13.999999999999998,9.99,0.0,0.0,160.69,9.760000000000002,116.96000000000001,0.0,3.0,2212.42,20.31,73.16,0.0,33.0,1787.5299999999997,13.999999999999998,17.87,0.0,0.0,611.5799999999999,13.58,99.28999999999999,0.0,3.0,1683.23,20.31
United States,Illinois,Wheat,1990,winter,460.64,0.0,135.0,2526.3500000000004,58.379999999999995,139.41,0.0,0.0,403.13,59.230000000000004,260.58,0.0,0.0,929.46,70.28,625.4,0.0,135.0,2941.3199999999997,59.230000000000004,72.79,0.0,0.0,428.86999999999995,30.54,162.44000000000003,0.0,0.0,488.75000000000006,70.28
United States,Illinois,Wheat,1991,winter,630.0799999999999,1.0,121.0,2524.17,75.67,110.19,0.0,0.0,409.80999999999995,62.33,96.11999999999999,0.0,0.0,1037.98,28.76,724.35,1.0,121.0,2795.35,75.67,55.13,0.0,0.0,337.54999999999995,28.76,56.910000000000004,0.0,0.0,839.06,17.94
United States,Illinois,Wheat,1992,winter,566.73,0.0,129.0,2321.1099999999997,88.75999999999999,20.79,0.0,2.0,435.9200000000001,6.180000000000001,80.55000000000001,0.0,0.0,961.51,28.879999999999995,587.52,0.0,131.0,2757.03,88.75999999999999,44.0,0.0,0.0,459.15999999999997,24.810000000000002,36.55000000000001,0.0,0.0,502.34999999999997,28.880000000000003
United States,Illinois,Wheat,1993,winter,696.1400000000001,0.0,137.0,2210.41,59.78,60.349999999999994,0.0,0.0,412.78000000000003,27.259999999999998,211.49,0.0,0.0,904.28,61.19,774.82,0.0,137.0,2887.38,59.78,100.17999999999999,0.0,0.0,379.5300000000001,41.41,92.97999999999999,0.0,0.0,260.56,61.19
United States,Illinois,Wheat,1994,winter,674.24,0.0,133.0,2348.8099999999995,96.77,103.94,0.0,0.0,443.9599999999999,44.269999999999996,116.39999999999999,0.0,0.0,1105.2399999999998,29.47,817.0500000000001,0.0,133.0,3312.73,96.77,51.01,0.0,0.0,397.08,29.47,26.52,0.0,0.0,188.2,18.509999999999998
United States,Illinois,Wheat,1995,winter,557.26,0.0,116.0,2442.5600000000004,52.69,95.82,0.0,0.0,360.24000000000007,56.77,255.64999999999998,0.0,0.0,933.38,94.67,621.2699999999999,0.0,116.0,2685.8799999999997,52.69,202.37,0.0,0.0,391.48,94.67,85.09,0.0,0.0,658.8199999999998,22.86
United States,Illinois,Wheat,1996,winter,382.21,0.0,143.0,2558.79,32.29,157.57999999999998,0.0,0.0,295.56,56.010000000000005,170.41,0.0,0.0,923.17,59.69,556.39,0.0,143.0,3027.56,56.010000000000005,130.66,0.0,0.0,379.50000000000006,59.69,23.15,0.0,0.0,370.46,13.579999999999998
United States,Illinois,Wheat,1997,winter,463.48999999999995,0.0,137.0,2445.8599999999997,50.76,38.22,0.0,0.0,445.42999999999995,21.14,141.35,0.0,0.0,930.7099999999999,26.87,530.75,0.0,137.0,3119.2500000000005,50.76,71.57000000000001,0.0,0.0,371.44,22.65,40.74,0.0,0.0,331.31,26.87
United States,Illinois,Wheat,1998,winter,593.39,0.0,114.0,2397.34,51.26,128.35,0.0,0.0,397.28,45.209999999999994,271.06,0.0,0.0,952.0799999999999,37.57,704.6099999999999,0.0,114.0,2650.32,51.26,76.13000000000001,0.0,0.0,428.96999999999997,37.379999999999995,212.06,0.0,0.0,667.41,37.57
United States,Illinois,Wheat,1999,winter,497.8,0.0,111.0,2493.3600000000006,50.27,93.89999999999999,0.0,0.0,421.52000000000004,34.22,166.43999999999997,0.0,0.0,1019.91,49.02,531.63,0.0,111.0,2604.5699999999997,50.27,86.35000000000001,0.0,0.0,442.78,34.22,140.16000000000003,0.0,0.0,887.44,49.02
United States,Illinois,Wheat,2000,winter,349.54,0.0,110.0,2662.9399999999996,36.92,31.74000000000001,0.0,0.0,464.16,13.14,210.23000000000002,0.0,0.0,879.8,61.49999999999999,351.19000000000005,0.0,110.0,2683.3199999999997,36.92,30.590000000000003,0.0,0.0,457.04,13.14,209.73,0.0,0.0,866.54,61.49999999999999
United States,Illinois,Wheat,2001,winter,522.56,1.0,143.0,2585.0,52.260000000000005,33.8,0.0,0.0,468.70000000000005,12.61,162.35,0.0,0.0,960.8500000000001,59.3,553.75,1.0,143.0,3015.08,52.260000000000005,141.21,0.0,0.0,390.34000000000003,57.39,23.749999999999996,0.0,0.0,609.1300000000001,15.55
United States,Illinois,Wheat,2002,winter,614.51,0.0,112.0,2577.54,68.33000000000001,226.92999999999995,0.0,0.0,403.53,88.33999999999999,156.80999999999997,0.0,2.0,972.6899999999999,71.95,691.5899999999999,0.0,112.0,2785.9,68.33000000000001,193.79999999999998,0.0,2.0,486.80999999999995,88.33999999999999,112.86,0.0,0.0,681.05,71.95
United States,Illinois,Wheat,2003,winter,347.90999999999997,0.0,129.0,2583.68,33.230000000000004,118.74,0.0,0.0,399.63,48.510000000000005,119.03,0.0,0.0,976.52,32.17,458.77000000000004,0.0,129.0,2955.2099999999996,48.510000000000005,47.51,0.0,0.0,438.18,11.59,79.4,0.0,0.0,566.44,32.17
United States,Illinois,Wheat,2004,winter,468.1,0.0,120.0,2653.2700000000004,68.13999999999999,98.30999999999999,0.0,0.0,409.05,42.68,168.21,0.0,0.0,1010.8300000000002,43.709999999999994,512.29,0.0,120.0,2940.93,68.13999999999999,113.86000000000001,0.0,0.0,328.64000000000004,43.709999999999994,108.47,0.0,0.0,803.5800000000002,31.73
United States,Illinois,Wheat,2005,winter,601.8599999999999,0.0,108.0,2578.38,72.74,28.2,0.0,2.0,444.61000000000007,16.43,68.68,1.0,0.0,1075.36,24.239999999999995,607.94,0.0,110.0,2826.15,72.74,44.470000000000006,0.0,0.0,480.8400000000001,21.96,46.330000000000005,1.0,0.0,791.36,24.240000000000002
United States,Illinois,Wheat,2006,winter,520.28,1.0,116.0,2605.2599999999998,48.34,65.96,0.0,0.0,366.15000000000003,35.52,84.35000000000001,0.0,0.0,1063.24,26.29,520.21,1.0,116.0,2578.14,48.34,70.8,0.0,0.0,508.42999999999995,35.52,79.58000000000001,0.0,0.0,948.08,26.29
United States,Illinois,Wheat,2007,winter,571.81,0.0,125.0,2435.4799999999996,81.3,72.82,0.0,0.0,427.64,41.160000000000004,145.24000000000004,0.0,0.0,1001.1,57.129999999999995,630.27,0.0,125.0,2684.1099999999997,81.3,35.809999999999995,0.0,0.0,443.33,19.9,123.78999999999999,0.0,0.0,736.7800000000001,57.129999999999995
United States,Illinois,Wheat,2008,winter,635.98,1.0,128.0,2529.23,69.11,88.94,0.0,0.0,365.59,33.33,241.66000000000003,0.0,0.0,1021.89,88.35000000000001,663.26,1.0,128.0,2765.23,69.11,128.86,0.0,0.0,479.24999999999994,35.67,174.46,0.0,0.0,672.23,88.35000000000001
United States,Illinois,Wheat,2009,winter,724.3599999999999,0.0,131.0,2551.2700000000004,136.1,163.44,0.0,0.0,370.39000000000004,75.04,185.44,0.0,0.0,992.8799999999999,51.6,896.49,0.0,131.0,2997.14,136.1,62.26,0.0,0.0,447.07,22.86,114.49,0.0,0.0,470.3300000000001,51.6
United States,Illinois,Wheat,2010,winter,706.73,0.0,109.0,2447.45,70.25,97.55,0.0,0.0,417.86,37.870000000000005,312.27,0.0,0.0,1002.8399999999999,66.97999999999999,806.3599999999999,0.0,109.0,2876.92,70.25,99.97,0.0,0.0,387.20000000000005,35.449999999999996,210.21999999999997,0.0,0.0,604.0300000000001,66.97999999999999
United States,Illinois,Wheat,2011,winter,558.4300000000001,0.0,124.0,2538.27,64.14,77.77000000000001,0.0,0.0,360.13,31.720000000000002,220.60999999999999,0.0,0.0,900.91,44.53,604.48,0.0,124.0,2869.5,64.14,110.74000000000001,0.0,0.0,378.47,44.53,141.58999999999997,0.0,0.0,551.3399999999999,40.81
United States,Illinois,Wheat,2012,winter,431.78,3.0,99.0,2649.48,37.5,64.24999999999999,0.0,0.0,421.09000000000003,38.95,55.699999999999996,4.0,0.0,1170.06,15.57,392.95,3.0,99.0,2472.21,31.830000000000002,103.03,0.0,0.0,419.3500000000001,38.95,55.75,4.0,0.0,1349.07,15.57
United States,Illinois,Wheat,2013,winter,660.39,0.0,138.0,2482.99,69.91999999999999,83.35,0.0,0.0,433.94,42.61,244.07999999999998,0.0,0.0,902.64,64.29,773.22,0.0,138.0,3016.91,69.91999999999999,136.75,0.0,0.0,383.86,64.29,77.84999999999998,0.0,0.0,418.8,22.04
United States,Illinois,Wheat,2014,winter,437.35999999999996,3.0,141.0,2605.82,55.36,85.93,0.0,0.0,405.45,29.55,187.24,0.0,0.0,1032.08,39.34,525.78,3.0,141.0,3119.3599999999997,55.36,47.7,0.0,0.0,395.03000000000003,36.96,137.05,0.0,0.0,528.96,39.34
United States,Illinois,Wheat,2015,winter,523.49,0.0,132.0,2509.74,79.29,83.07,0.0,0.0,446.8400000000001,34.4,281.17999999999995,0.0,0.0,921.6199999999999,56.87,618.0999999999999,0.0,132.0,3075.38,79.29,107.29,0.0,0.0,406.6499999999999,56.87,162.35,0.0,0.0,396.16999999999996,53.16
United States,Illinois,Wheat,2016,winter,634.1700000000001,0.0,100.0,2595.7300000000005,132.38,98.78000000000002,0.0,0.0,368.46,28.42,130.38,0.0,0.0,1123.1100000000001,28.150000000000002,616.32,0.0,100.0,2492.76,132.38,107.36,0.0,0.0,394.84999999999997,28.42,139.65,0.0,0.0,1199.6899999999998,28.150000000000002
United States,Illinois,Wheat,2017,winter,470.41,0.0,102.0,2505.61,54.99,169.97000000000003,0.0,0.0,411.10999999999996,74.11,132.19000000000003,0.0,0.0,1091.99,44.28,453.28000000000003,0.0,102.0,2296.8500000000004,54.99,171.95000000000002,0.0,0.0,475.3,74.11,147.34,0.0,0.0,1236.56,44.28
United States,Illinois,Wheat,2018,winter,599.37,0.0,134.0,2511.98,151.76,29.5,0.0,1.0,485.15999999999997,11.85,231.89,0.0,0.0,1018.3800000000001,89.83,622.73,0.0,135.0,2885.44,151.76,29.72,0.0,0.0,386.93,15.860000000000001,208.30999999999997,0.0,0.0,743.1500000000001,89.83
United States,Illinois,Wheat,2019,winter,662.6500000000001,0.0,133.0,2480.8900000000003,73.25999999999999,92.09,0.0,1.0,356.92999999999995,34.0,211.66,0.0,0.0,940.68,42.22999999999999,757.23,0.0,134.0,2858.37,73.25999999999999,80.62,0.0,0.0,379.2300000000001,39.41,128.54999999999998,0.0,0.0,540.9,42.22999999999999
United States,Illinois,Wheat,2020,winter,581.96,0.0,126.0,2421.48,83.5,117.51,0.0,0.0,381.07,46.269999999999996,195.47000000000003,0.0,0.0,1032.83,54.27,686.3299999999999,0.0,126.0,2740.5600000000004,83.5,99.7,0.0,0.0,393.64,54.27,108.91,0.0,0.0,701.18,39.34
United States,Illinois,Wheat,2021,winter,477.43,0.0,121.0,2602.8900000000003,41.129999999999995,71.24000000000001,0.0,0.0,433.99999999999994,28.65,271.33,0.0,0.0,960.76,89.57,531.15,0.0,121.0,2883.75,41.129999999999995,81.92999999999999,0.0,0.0,451.99000000000007,35.029999999999994,206.92000000000002,0.0,0.0,661.9099999999999,89.57
United States,Illinois,Wheat,2022,winter,632.11,0.0,123.0,2509.7799999999997,55.63,65.71999999999998,0.0,1.0,373.71,26.18,84.48,0.0,0.0,1033.0400000000002,21.25,686.2,0.0,124.0,2671.3599999999997,55.63,45.56000000000001,0.0,0.0,408.16,21.25,50.55,0.0,0.0,837.0100000000001,16.990000000000002
United States,Illinois,Wheat,2023,winter,496.49000000000007,0.0,116.0,2534.8899999999994,42.24,58.279999999999994,0.0,1.0,449.7299999999999,41.339999999999996,67.06,0.0,0.0,1087.71,34.019999999999996,505.21000000000004,0.0,117.0,2769.5599999999995,42.24,55.32,0.0,0.0,434.63,41.339999999999996,61.3,0.0,0.0,868.14,34.019999999999996
United States,Illinois,Wheat,2024,winter,554.56,0.0,103.0,2589.1,53.43000000000001,86.52,0.0,1.0,416.13,38.349999999999994,116.55,0.0,0.0,1070.3999999999999,43.55,526.32,0.0,102.0,2422.1000000000004,53.43000000000001,92.64,0.0,2.0,450.06,38.349999999999994,138.67000000000002,0.0,0.0,1203.47,43.55
United States,Illinois,Wheat,2025,winter,498.38,0.0,100.0,2654.1,83.92,48.88,0.0,0.0,448.58,13.36,155.35,0.0,0.0,984.4800000000001,40.480000000000004,496.71000000000004,0.0,100.0,2595.67,83.92,48.31,0.0,0.0,484.24,13.36,157.59,0.0,0.0,1007.2500000000001,40.480000000000004
United States,Illinois,Oats,1990,spring,316.6700000000001,0.0,9.0,1360.8799999999999,59.230000000000004,77.13000000000001,0.0,0.0,144.06,70.28,280.49000000000007,1.0,0.0,1909.7900000000002,58.51,238.45000000000002,0.0,9.0,1015.0,59.230000000000004,85.07000000000001,0.0,0.0,442.18,42.72,350.77,1.0,0.0,1957.55,70.28
United States,Illinois,Oats,1991,spring,242.68,0.0,2.0,1469.1599999999999,62.33,22.22,0.0,0.0,163.16000000000003,12.16,255.47999999999996,2.0,0.0,2018.8899999999999,69.83,210.40000000000003,0.0,2.0,889.0900000000001,62.33,24.83,0.0,0.0,416.90000000000003,13.540000000000001,285.15000000000003,2.0,0.0,2345.2200000000003,69.83
United States,Illinois,Oats,1992,spring,147.83,0.0,9.0,1379.2799999999997,24.810000000000002,13.450000000000001,0.0,0.0,140.73,12.66,376.01,0.0,0.0,1802.6100000000001,56.379999999999995,96.73000000000002,0.0,9.0,1031.04,22.490000000000002,63.809999999999995,0.0,0.0,416.96999999999997,28.879999999999995,376.75000000000006,0.0,0.0,1874.6100000000001,56.379999999999995
United States,Illinois,Oats,1993,spring,258.99,0.0,8.0,1283.98,54.349999999999994,32.68,0.0,0.0,165.98,28.049999999999997,586.7199999999998,0.0,0.0,1701.94,62.970000000000006,174.34000000000003,0.0,8.0,976.81,54.349999999999994,101.52000000000001,0.0,0.0,401.88000000000005,41.41,602.53,0.0,0.0,1773.21,62.970000000000006
United States,Illinois,Oats,1994,spring,347.1099999999999,0.0,7.0,1586.6699999999998,96.77000000000001,6.24,0.0,0.0,172.57,4.58,241.17999999999998,0.0,0.0,1890.1299999999999,30.87,282.99,0.0,7.0,1248.8300000000002,96.77000000000001,69.04999999999998,0.0,0.0,436.92,29.47,242.49,0.0,0.0,1963.62,30.87
United States,Illinois,Oats,1995,spring,371.72,0.0,4.0,1266.9900000000002,94.67,17.32,0.0,0.0,180.74,17.29,231.17,0.0,1.0,2027.46,35.94,346.78000000000003,0.0,4.0,916.0899999999999,94.67,24.97,0.0,0.0,456.52,13.250000000000002,248.46,0.0,1.0,2102.58,35.94
United States,Illinois,Oats,1996,spring,357.19,0.0,10.0,1258.44,59.69,14.81,0.0,0.0,141.52,13.579999999999998,201.42000000000002,2.0,0.0,2024.03,37.790000000000006,286.21999999999997,0.0,10.0,912.33,59.69,84.79999999999998,0.0,0.0,425.28000000000003,30.13,202.4,2.0,0.0,2086.38,37.790000000000006
United States,Illinois,Oats,1997,spring,171.73999999999998,0.0,12.0,1417.37,22.9,5.8999999999999995,0.0,0.0,153.82000000000002,4.6,260.43,6.0,0.0,1992.8899999999999,44.63,131.36,0.0,12.0,1208.4099999999999,22.9,46.28999999999999,0.0,0.0,384.46999999999997,22.65,260.42,6.0,0.0,1971.2,44.63
United States,Illinois,Oats,1998,spring,366.03999999999996,0.0,2.0,1351.1400000000003,45.209999999999994,52.089999999999996,0.0,0.0,143.20000000000002,29.46,288.80000000000007,0.0,0.0,2009.8500000000001,55.20000000000001,243.32,0.0,2.0,907.37,45.209999999999994,100.34,0.0,0.0,402.98999999999995,35.09,363.2700000000001,0.0,0.0,2193.83,55.2
United States,Illinois,Oats,1999,spring,340.15999999999997,0.0,0.0,1403.81,50.27,1.0,0.0,0.0,159.76,0.57,255.20000000000002,2.0,0.0,2105.61,69.30000000000001,224.57000000000002,0.0,0.0,863.8199999999999,50.27,66.57,0.0,0.0,465.54,36.9,305.22,2.0,0.0,2339.8199999999997,69.30000000000001
United States,Illinois,Oats,2000,spring,194.55,0.0,4.0,1352.79,37.550000000000004,67.95,0.0,0.0,139.28,61.49999999999999,319.62999999999994,3.0,0.0,1987.5200000000002,42.86999999999999,111.15,0.0,4.0,909.8400000000001,20.84,69.48,0.0,0.0,391.65000000000003,37.550000000000004,401.5,3.0,0.0,2178.1000000000004,61.49999999999999
United States,Illinois,Oats,2001,spring,240.94,0.0,4.0,1430.7000000000003,59.3,17.13,0.0,0.0,152.93,15.55,247.23,6.0,0.0,2080.92,46.379999999999995,100.72999999999999,0.0,4.0,888.4599999999998,33.76,136.72,0.0,0.0,412.35,59.3,267.85,6.0,0.0,2363.74,46.379999999999995
United States,Illinois,Oats,2002,spring,459.15999999999997,0.0,8.0,1352.1300000000003,88.34,4.549999999999999,0.0,0.0,177.19,4.47,286.08000000000004,0.0,0.0,2072.44,48.330000000000005,358.34999999999997,0.0,8.0,1024.79,88.34,105.26,0.0,0.0,384.96,71.95,286.18,0.0,0.0,2192.01,48.330000000000005
United States,Illinois,Oats,2003,spring,257.82,0.0,6.0,1345.8,48.510000000000005,5.2700000000000005,0.0,0.0,193.25,5.07,371.37,6.0,0.0,2079.09,107.78999999999999,177.49999999999997,0.0,6.0,926.2099999999999,48.510000000000005,80.32,0.0,0.0,446.7,32.17,376.63999999999993,6.0,0.0,2245.23,107.78999999999999
United States,Illinois,Oats,2004,spring,243.72,0.0,5.0,1508.7200000000003,43.709999999999994,33.480000000000004,0.0,0.0,136.18,29.17,248.32,0.0,0.0,2036.5900000000001,58.47,131.54,0.0,5.0,957.89,42.68,76.42999999999999,0.0,0.0,446.75000000000006,43.709999999999994,317.55,0.0,0.0,2276.85,58.47
United States,Illinois,Oats,2005,spring,139.54,0.0,2.0,1531.0100000000002,24.239999999999995,0.05,0.0,0.0,181.45000000000002,0.05,253.05,14.0,0.0,2052.46,28.07,95.47999999999999,0.0,2.0,1064.17,23.590000000000003,20.27,0.0,0.0,417.03,11.1,276.89,14.0,0.0,2283.72,28.07
United States,Illinois,Oats,2006,spring,212.04,0.0,3.0,1492.85,48.34,15.249999999999998,0.0,0.0,157.45,15.219999999999999,298.50999999999993,4.0,0.0,1883.1000000000001,53.02,163.98000000000002,0.0,3.0,1001.35,48.34,48.06,0.0,0.0,406.97999999999996,26.29,313.75999999999993,4.0,0.0,2125.07,53.02
United States,Illinois,Oats,2007,spring,153.18,0.0,13.0,1493.5400000000002,41.160000000000004,29.39,0.0,0.0,176.25000000000003,21.41,246.57,7.0,0.0,2063.79,41.82,113.27,0.0,13.0,1039.51,41.160000000000004,39.91,0.0,0.0,399.24999999999994,18.91,275.96,7.0,0.0,2294.8199999999997,57.129999999999995
United States,Illinois,Oats,2008,spring,341.21999999999997,0.0,5.0,1373.29,88.35000000000002,4.469999999999999,0.0,0.0,193.79999999999998,2.35,521.2,0.0,0.0,2017.1999999999998,136.1,203.69000000000003,0.0,5.0,1044.33,33.980000000000004,139.62,0.0,0.0,380.89,88.35000000000001,523.58,0.0,0.0,2159.07,136.1
United States,Illinois,Oats,2009,spring,362.3,0.0,8.0,1393.3399999999997,75.03999999999999,70.24,0.0,0.0,121.29999999999998,51.6,300.81,0.0,0.0,1932.75,35.550000000000004,297.20000000000005,0.0,8.0,1030.3799999999999,75.03999999999999,99.65,0.0,0.0,409.70000000000005,34.55,336.5,0.0,0.0,2007.31,35.550000000000004
United States,Illinois,Oats,2010,spring,326.91999999999996,0.0,0.0,1455.74,46.629999999999995,62.92,0.0,0.0,177.56000000000003,32.07,402.05,0.0,0.0,2115.7900000000004,69.52999999999999,189.94000000000003,0.0,0.0,943.12,40.64000000000001,74.21,0.0,0.0,405.16,31.369999999999997,527.74,0.0,0.0,2400.8100000000004,69.52999999999999
United States,Illinois,Oats,2011,spring,322.56,0.0,1.0,1294.82,44.53,59.92,0.0,0.0,122.14000000000001,34.92,172.83,5.0,0.0,2027.81,39.540000000000006,219.70000000000002,0.0,1.0,881.25,34.35,89.49000000000002,0.0,0.0,343.59,38.980000000000004,246.12,5.0,0.0,2219.9299999999994,40.81
United States,Illinois,Oats,2012,spring,151.01999999999998,0.0,1.0,1637.7,38.95,14.689999999999998,0.0,0.0,182.23000000000002,14.1,230.2,32.0,0.0,2096.13,79.66,112.33000000000001,0.0,1.0,989.41,38.95,32.1,0.0,0.0,488.8299999999999,15.57,251.48,32.0,0.0,2437.82,79.66
United States,Illinois,Oats,2013,spring,392.94,0.0,7.0,1374.4299999999998,69.92,30.86,0.0,0.0,154.16000000000003,21.0,180.18,4.0,0.0,2016.19,27.8,307.03999999999996,0.0,7.0,991.47,69.92,103.9,0.0,0.0,395.59000000000003,57.16,193.04,4.0,0.0,2157.72,27.8
United States,Illinois,Oats,2014,spring,252.07000000000002,0.0,6.0,1477.03,41.84,20.2,0.0,0.0,161.20999999999998,19.369999999999997,397.14,0.0,0.0,1955.95,79.29,150.40999999999997,0.0,6.0,1040.48,41.84,101.66,0.0,0.0,406.04,36.96,417.34,0.0,0.0,2147.67,79.29
United States,Illinois,Oats,2015,spring,292.66999999999996,0.0,3.0,1476.3200000000002,56.87,63.489999999999995,0.0,0.0,122.19,36.349999999999994,306.5399999999999,0.0,0.0,1942.31,53.16,155.29,0.0,3.0,966.9799999999999,34.4,107.47000000000001,0.0,0.0,430.92999999999995,56.87,399.94000000000005,0.0,0.0,2142.91,53.16
United States,Illinois,Oats,2016,spring,228.55,0.0,8.0,1485.8899999999999,28.42,12.93,0.0,0.0,196.67000000000002,8.81,427.80000000000007,0.0,0.0,1988.4600000000003,67.26,167.95,0.0,8.0,1036.31,28.42,48.40999999999999,0.0,0.0,428.0799999999999,24.689999999999998,452.92,0.0,0.0,2206.63,67.26
United States,Illinois,Oats,2017,spring,310.03999999999996,0.0,1.0,1523.06,74.11,29.400000000000002,0.0,0.0,175.07999999999998,17.89,185.99,1.0,0.0,2101.42,27.82,278.47,0.0,1.0,927.13,74.11,20.19,0.0,0.0,493.47999999999996,13.9,226.76999999999998,1.0,0.0,2378.95,27.82
United States,Illinois,Oats,2018,spring,259.27,0.0,17.0,1492.3600000000001,89.83,34.730000000000004,0.0,0.0,165.78,34.4,341.67999999999995,0.0,0.0,1978.97,73.25999999999999,120.63000000000001,0.0,17.0,1052.09,35.4,130.79,0.0,0.0,373.94,89.83,384.25999999999993,0.0,0.0,2211.0799999999995,73.25999999999999
United States,Illinois,Oats,2019,spring,273.27,0.0,4.0,1383.5100000000002,39.41,77.05,0.0,0.0,101.80999999999999,39.849999999999994,253.23000000000002,0.0,0.0,2037.8100000000002,34.190000000000005,219.76,0.0,4.0,914.7,39.41,50.82000000000001,0.0,0.0,413.46,21.950000000000003,332.96999999999997,0.0,0.0,2194.9700000000007,42.22999999999999
United States,Illinois,Oats,2020,spring,286.0,0.0,7.0,1463.46,54.269999999999996,11.23,0.0,0.0,178.09000000000003,11.23,288.79999999999995,0.0,0.0,2059.85,49.74,238.02000000000004,0.0,7.0,1071.98,54.269999999999996,47.980000000000004,0.0,0.0,478.14,39.34,300.03,0.0,0.0,2151.28,49.74
United States,Illinois,Oats,2021,spring,192.94,0.0,6.0,1507.6100000000001,35.03,36.83,0.0,0.0,159.54,36.08,427.32000000000005,0.0,0.0,1920.6499999999999,89.57,140.43,0.0,6.0,1041.9599999999998,35.03,52.51,0.0,0.0,436.2799999999999,26.939999999999998,464.1500000000001,0.0,0.0,2109.56,89.57
United States,Illinois,Oats,2022,spring,181.8,0.0,9.0,1336.7099999999998,26.18,2.6599999999999997,0.0,0.0,207.82999999999998,2.63,302.07000000000005,2.0,0.0,2006.54,50.67,152.1,0.0,9.0,937.5499999999998,26.18,29.679999999999996,0.0,0.0,370.67,12.54,304.75,2.0,0.0,2242.8599999999997,50.67
United States,Illinois,Oats,2023,spring,126.45,0.0,4.0,1588.27,41.339999999999996,0.14,0.0,0.0,179.62,0.14,284.49,9.0,0.0,1961.9700000000003,53.010000000000005,102.33999999999999,0.0,4.0,1026.21,41.339999999999996,24.040000000000003,0.0,0.0,528.5,16.21,284.70000000000005,9.0,0.0,2175.1499999999996,53.010000000000005
United States,Illinois,Oats,2024,spring,299.11,0.0,5.0,1492.41,53.43,0.49,0.0,0.0,179.96999999999997,0.49,387.4,4.0,0.0,2030.7899999999997,89.10999999999999,217.19,0.0,5.0,882.75,53.43,71.52000000000001,0.0,0.0,446.52000000000004,43.55,398.28999999999996,4.0,0.0,2373.9,89.10999999999999
United States,Illinois,Oats,2025,spring,263.19999999999993,0.0,3.0,1406.22,50.16,21.910000000000004,0.0,0.0,153.82,21.07,197.04999999999998,3.0,0.0,2104.6,29.49,183.02,0.0,3.0,937.0100000000001,50.16,76.78,0.0,0.0,451.54999999999995,40.480000000000004,222.35999999999999,3.0,0.0,2276.08,29.49
United States,Iowa,Wheat,1990,winter,371.31,0.0,157.0,2614.3,62.95,107.07,0.0,1.0,410.9000000000001,35.699999999999996,330.34999999999997,0.0,0.0,964.5,100.09,595.3599999999999,0.0,158.0,3561.3799999999997,62.95,209.92000000000002,0.0,0.0,375.05,100.09,3.45,0.0,0.0,53.269999999999996,3.45
United States,Iowa,Wheat,1991,winter,448.51,0.0,136.0,2607.7400000000007,53.83,124.03,0.0,0.0,382.94,38.84,214.37999999999997,0.0,0.0,957.0000000000001,46.75,614.49,0.0,136.0,3107.95,53.83,119.72,0.0,0.0,370.63,46.75000000000001,52.709999999999994,0.0,0.0,469.1,43.56999999999999
United States,Iowa,Wheat,1992,winter,508.76,0.0,153.0,2249.15,49.26000000000001,6.13,0.0,2.0,482.25,2.39,69.75999999999999,0.0,0.0,1045.68,20.75,552.3,0.0,155.0,3243.0,49.26000000000001,29.75,0.0,0.0,465.67999999999995,20.75,2.6,0.0,0.0,68.4,2.6
United States,Iowa,Wheat,1993,winter,526.28,0.0,157.0,2457.35,60.09,121.02000000000001,0.0,0.0,346.08000000000004,35.69,265.61999999999995,0.0,0.0,867.6399999999998,50.14,841.92,0.0,157.0,3417.2299999999996,60.09,71.0,0.0,0.0,253.84000000000003,50.019999999999996,0.0,0.0,0.0,0.0,0.0
United States,Iowa,Wheat,1994,winter,282.33000000000004,0.0,156.0,2562.8500000000004,37.4,51.040000000000006,0.0,3.0,420.88,21.66,189.74999999999994,0.0,0.0,1048.29,44.55,451.81000000000006,0.0,159.0,3771.16,37.4,71.31000000000003,0.0,0.0,260.85999999999996,44.55,0.0,0.0,0.0,0.0,0.0
United States,Iowa,Wheat,1995,winter,429.52000000000004,0.0,136.0,2420.18,47.269999999999996,118.58000000000001,0.0,1.0,332.52,53.06,160.59000000000003,0.0,0.0,952.6500000000001,38.57,611.3599999999999,0.0,137.0,3089.4800000000005,53.059999999999995,42.76,0.0,0.0,427.14,17.6,54.57,0.0,0.0,188.73,38.57
United States,Iowa,Wheat,1996,winter,281.07,0.0,161.0,2503.0299999999997,37.370000000000005,122.16999999999999,0.0,1.0,344.9999999999999,64.74,244.79999999999995,0.0,0.0,864.1600000000001,49.239999999999995,561.22,0.0,162.0,3394.08,64.74,86.82,0.0,0.0,318.10999999999996,36.13,0.0,0.0,0.0,0.0,0.0
United States,Iowa,Wheat,1997,winter,410.68,0.0,153.0,2503.46,42.18,77.83,0.0,3.0,462.45,51.7,149.76,0.0,0.0,1065.07,54.230000000000004,543.8900000000001,0.0,156.0,3655.2,51.7,94.38,0.0,0.0,375.78000000000003,54.230000000000004,0.0,0.0,0.0,0.0,0.0
United States,Iowa,Wheat,1998,winter,437.93,0.0,143.0,2432.1800000000003,45.2,50.099999999999994,0.0,0.0,442.47,16.49,325.73,0.0,0.0,939.2799999999999,50.39,538.68,0.0,143.0,3063.61,45.2,158.17,0.0,0.0,409.91,48.949999999999996,116.91,0.0,0.0,340.40999999999997,43.2
United States,Iowa,Wheat,1999,winter,336.07000000000005,0.0,129.0,2540.1899999999996,35.989999999999995,63.92,0.0,0.0,387.12000000000006,30.25,203.76000000000002,0.0,0.0,979.6400000000001,44.99,409.51,0.0,129.0,2934.05,35.989999999999995,75.37000000000002,0.0,0.0,448.33000000000004,24.520000000000003,118.87,0.0,0.0,524.57,44.99
United States,Iowa,Wheat,2000,winter,245.07999999999998,0.0,123.0,2635.16,16.83,21.849999999999998,1.0,0.0,485.57000000000005,10.370000000000001,173.58999999999997,1.0,0.0,960.2099999999999,36.9,262.21,0.0,123.0,3015.53,16.83,60.78,1.0,0.0,401.42,22.41,117.52999999999999,1.0,0.0,663.99,36.9
United States,Iowa,Wheat,2001,winter,374.73,2.0,155.0,2545.67,28.330000000000005,84.39,0.0,1.0,425.09999999999997,29.490000000000002,160.54000000000002,0.0,0.0,988.5800000000002,33.21000000000001,529.98,2.0,156.0,3253.7700000000004,29.49000000000001,74.41,0.0,0.0,401.84000000000003,33.21,15.27,0.0,0.0,303.73999999999995,6.4799999999999995
United States,Iowa,Wheat,2002,winter,360.19,0.0,136.0,2534.3100000000004,67.72,81.74,0.0,1.0,433.88,30.089999999999996,110.94,3.0,0.0,1088.25,38.849999999999994,459.43999999999994,0.0,137.0,3247.67,67.72,70.93,0.0,0.0,352.96999999999997,38.849999999999994,22.499999999999996,3.0,0.0,455.8,9.370000000000001
United States,Iowa,Wheat,2003,winter,302.84999999999997,0.0,156.0,2499.05,32.19,167.45999999999998,0.0,0.0,380.2800000000001,55.37,121.77000000000001,0.0,0.0,1055.0600000000002,42.94,505.4700000000001,0.0,156.0,3363.29,55.37,36.28999999999999,0.0,0.0,428.74000000000007,16.24,50.32,0.0,0.0,142.36,38.24
United States,Iowa,Wheat,2004,winter,369.84,0.0,145.0,2605.4799999999996,76.89,58.11,0.0,0.0,408.06000000000006,19.88,238.83,0.0,0.0,989.9500000000002,83.82000000000001,550.59,0.0,145.0,3169.63,83.82000000000001,64.37,0.0,0.0,412.18000000000006,28.060000000000002,51.82000000000001,0.0,0.0,421.67999999999995,24.04
United States,Iowa,Wheat,2005,winter,307.31000000000006,0.0,134.0,2559.35,40.830000000000005,84.63999999999999,0.0,5.0,417.02000000000004,69.23,139.48,1.0,0.0,999.8899999999999,47.06,399.58,0.0,139.0,3045.6499999999996,69.23,37.49,0.0,0.0,415.97,17.01,94.36000000000001,1.0,0.0,514.64,47.06
United States,Iowa,Wheat,2006,winter,266.02000000000004,1.0,132.0,2517.59,30.730000000000004,70.21,0.0,1.0,355.68,46.85,61.660000000000004,1.0,0.0,1051.3700000000001,14.03,336.23,1.0,133.0,2873.2700000000004,46.85,28.2,0.0,0.0,412.58,14.03,33.46,1.0,0.0,638.79,12.760000000000002
United States,Iowa,Wheat,2007,winter,435.06,0.0,141.0,2576.4699999999993,63.230000000000004,139.54999999999998,0.0,0.0,409.25,83.55,165.68,0.0,0.0,1083.6500000000003,56.519999999999996,638.1800000000001,0.0,141.0,3266.16,83.55,45.05,0.0,0.0,471.17,32.2,57.059999999999995,0.0,0.0,332.04,45.86
United States,Iowa,Wheat,2008,winter,424.74,0.0,152.0,2564.2699999999995,52.22,90.02000000000001,0.0,3.0,438.19,44.08,343.60999999999996,0.0,0.0,1007.2700000000001,72.58000000000001,686.05,0.0,155.0,3417.2099999999996,65.52000000000001,125.34000000000002,0.0,0.0,461.8500000000001,67.17999999999999,46.97999999999999,0.0,0.0,130.67000000000002,45.739999999999995
United States,Iowa,Wheat,2009,winter,423.26,0.0,154.0,2599.66,42.68999999999999,123.42999999999999,0.0,0.0,384.24999999999994,72.95,178.10000000000002,0.0,0.0,953.0899999999999,47.529999999999994,637.3,0.0,154.0,3478.3599999999997,72.94999999999999,87.15,0.0,0.0,305.97,28.369999999999997,0.34,0.0,0.0,152.67000000000002,0.33999999999999997
United States,Iowa,Wheat,2010,winter,448.76000000000005,0.0,125.0,2576.01,60.25,112.86000000000001,0.0,0.0,401.13,53.129999999999995,298.97,0.0,0.0,1047.1,72.93,576.3000000000001,0.0,125.0,3312.8600000000006,60.25,154.84,0.0,0.0,365.38000000000005,60.3,129.45,0.0,0.0,346.0,72.93
United States,Iowa,Wheat,2011,winter,319.43999999999994,0.0,148.0,2464.0700000000006,46.739999999999995,66.14,0.0,3.0,425.35999999999996,26.409999999999997,238.49,0.0,0.0,927.5400000000001,58.989999999999995,468.6,0.0,151.0,3315.7700000000004,46.739999999999995,129.29999999999998,0.0,0.0,352.84,58.989999999999995,26.169999999999998,0.0,0.0,148.35999999999999,26.08
United States,Iowa,Wheat,2012,winter,329.72,1.0,123.0,2671.55,57.95,60.56,0.0,0.0,469.69999999999993,22.63,93.88000000000001,3.0,0.0,1095.45,24.71,372.93000000000006,1.0,123.0,2872.96,57.95,27.669999999999998,0.0,0.0,496.5899999999999,17.27,83.55999999999999,3.0,0.0,867.15,24.71
United States,Iowa,Wheat,2013,winter,393.74,1.0,157.0,2531.24,56.669999999999995,75.31000000000002,0.0,4.0,454.68000000000006,35.81,246.46000000000004,0.0,0.0,896.5699999999999,79.56,642.42,1.0,161.0,3414.04,79.56,71.08999999999999,0.0,0.0,355.53,35.08999999999999,2.0,0.0,0.0,112.91999999999999,1.1400000000000001
United States,Iowa,Wheat,2014,winter,293.5,2.0,156.0,2625.4300000000003,50.37,112.88000000000001,0.0,0.0,343.94,45.769999999999996,275.24,0.0,0.0,964.1299999999999,68.27,443.04,2.0,156.0,3351.34,50.37,105.11000000000001,0.0,0.0,378.85999999999996,44.89,133.47,0.0,0.0,203.29999999999998,68.27
United States,Iowa,Wheat,2015,winter,334.55,0.0,141.0,2674.27,40.62,61.38,0.0,0.0,408.28,18.36,234.98,0.0,0.0,938.13,58.04999999999999,461.33,0.0,141.0,3389.11,44.480000000000004,88.2,0.0,0.0,378.64,37.879999999999995,81.38,0.0,0.0,252.92999999999998,58.05
United States,Iowa,Wheat,2016,winter,475.68000000000006,0.0,130.0,2629.0,87.71000000000001,72.64000000000001,0.0,0.0,369.5300000000001,29.270000000000003,128.99,0.0,0.0,1163.85,30.16,549.1500000000001,0.0,130.0,3043.34,87.71000000000001,70.47,0.0,0.0,478.38000000000005,30.16,57.690000000000005,0.0,0.0,640.6600000000001,16.96
United States,Iowa,Wheat,2017,winter,440.75,0.0,115.0,2408.58,51.03,67.78999999999999,0.0,0.0,430.6,36.35,139.19,0.0,0.0,1053.81,37.14,507.62,0.0,115.0,2709.02,51.03,69.91,0.0,0.0,484.76,37.14,70.2,0.0,0.0,699.21,25.59
United States,Iowa,Wheat,2018,winter,367.26,0.0,167.0,2544.27,60.739999999999995,72.88999999999999,0.0,0.0,447.80999999999995,52.089999999999996,264.11,2.0,0.0,1004.1000000000001,57.0,460.08,2.0,167.0,3285.67,60.739999999999995,62.33,0.0,0.0,383.39,21.07,181.85,0.0,0.0,327.11999999999995,57.0
United States,Iowa,Oats,1990,spring,285.00000000000006,0.0,13.0,1448.33,47.39,148.73999999999998,0.0,0.0,142.67,100.09,358.64000000000004,0.0,0.0,2015.0399999999997,58.41,232.26000000000002,0.0,13.0,1204.89,47.39,206.17000000000002,0.0,0.0,405.56,100.09,353.95,0.0,0.0,1995.59,58.41
United States,Iowa,Oats,1991,spring,465.31,0.0,2.0,1316.12,53.83,12.03,0.0,0.0,174.92999999999998,6.909999999999999,212.32,0.0,2.0,2019.3999999999999,52.77,317.82000000000005,0.0,2.0,890.7800000000001,53.83,110.80999999999999,0.0,0.0,397.96999999999997,46.75000000000001,261.03000000000003,0.0,2.0,2221.7,52.77
United States,Iowa,Oats,1992,spring,131.16,0.0,10.0,1426.56,47.84,23.069999999999997,0.0,0.0,175.79,20.75,440.18,0.0,0.0,1879.47,63.18,128.54999999999998,0.0,10.0,1129.21,47.84,25.679999999999996,0.0,0.0,473.14,20.75,440.18,0.0,0.0,1879.47,63.18
United States,Iowa,Oats,1993,spring,330.04,0.0,8.0,1243.88,37.99,60.5,0.0,0.0,130.84,50.14,732.1799999999998,0.0,0.0,1724.97,115.75,259.14,0.0,8.0,1016.88,35.69,135.08999999999997,0.0,0.0,406.84,50.14,728.49,0.0,0.0,1675.97,115.75
United States,Iowa,Oats,1994,spring,197.18999999999997,0.0,9.0,1592.36,34.71,31.810000000000002,0.0,0.0,149.20999999999998,18.83,341.61999999999995,0.0,0.0,1857.9800000000002,47.269999999999996,114.22,0.0,9.0,1277.42,22.060000000000002,104.29000000000002,0.0,0.0,425.05,34.71,352.11,0.0,0.0,1897.0800000000004,47.269999999999996
United States,Iowa,Oats,1995,spring,305.21999999999997,0.0,12.0,1286.4900000000002,53.059999999999995,4.46,0.0,0.0,193.07999999999998,3.9499999999999997,334.59,1.0,1.0,1941.38,38.57,273.06000000000006,0.0,12.0,1085.06,53.059999999999995,46.53,0.0,0.0,465.34999999999997,17.6,324.67999999999995,1.0,1.0,1870.5400000000002,38.57
United States,Iowa,Oats,1996,spring,285.39,0.0,14.0,1289.46,64.74,74.52000000000001,0.0,0.0,108.22,44.24,304.99999999999994,0.0,0.0,2020.6100000000001,58.15,264.9,0.0,14.0,1079.5900000000001,64.74,112.16999999999999,0.0,0.0,381.90999999999997,44.24,287.84,0.0,0.0,1956.7900000000002,58.15
United States,Iowa,Oats,1997,spring,180.05000000000004,0.0,14.0,1505.68,51.7,57.59,0.0,0.0,171.04,54.230000000000004,230.61,7.0,0.0,1998.6100000000001,30.370000000000005,166.24,0.0,14.0,1330.0400000000002,51.7,89.95,0.0,0.0,442.09999999999997,54.230000000000004,212.06,7.0,0.0,1903.19,30.370000000000005
United States,Iowa,Oats,1998,spring,317.19,0.0,5.0,1404.81,45.66,62.06999999999999,0.0,0.0,137.70000000000002,43.2,307.26,0.0,0.0,2032.4300000000003,41.56,163.29999999999998,0.0,5.0,1008.4600000000002,34.239999999999995,159.66,0.0,0.0,434.27000000000004,50.39,363.55999999999995,0.0,0.0,2132.21,43.2
United States,Iowa,Oats,1999,spring,318.84,0.0,3.0,1366.3300000000002,44.989999999999995,13.57,0.0,0.0,133.5,10.28,336.84,5.0,0.0,2095.7499999999995,26.91,218.93,0.0,3.0,975.64,30.25,103.07000000000001,0.0,0.0,415.23999999999995,44.99,347.25,5.0,0.0,2204.6999999999994,26.91
United States,Iowa,Oats,2000,spring,174.0,2.0,5.0,1444.14,36.9,18.67,0.0,0.0,165.98000000000002,12.08,285.7200000000001,6.0,0.0,1922.73,26.12,71.96999999999998,1.0,5.0,1028.7099999999998,15.25,68.78999999999999,1.0,0.0,377.72,22.41,337.63000000000017,6.0,0.0,2126.4199999999996,33.24
United States,Iowa,Oats,2001,spring,283.40999999999997,0.0,8.0,1344.2500000000002,33.21000000000001,11.13,0.0,0.0,176.99,7.550000000000001,317.74000000000007,7.0,0.0,2009.93,67.72,174.62,0.0,8.0,943.2599999999999,29.490000000000002,110.07000000000001,0.0,0.0,460.94000000000005,33.21000000000001,327.59000000000003,7.0,0.0,2126.9700000000003,67.72
United States,Iowa,Oats,2002,spring,212.51,0.0,9.0,1501.0799999999997,38.849999999999994,9.56,0.0,0.0,153.57999999999998,4.9399999999999995,357.5100000000001,11.0,0.0,2079.4700000000003,50.97,151.48,0.0,9.0,1187.9399999999998,30.089999999999996,65.07000000000001,0.0,0.0,378.56,38.849999999999994,363.03,11.0,0.0,2167.63,50.97
United States,Iowa,Oats,2003,spring,271.75999999999993,0.0,7.0,1418.0500000000002,55.37,5.66,0.0,0.0,184.84,5.3,252.13000000000002,10.0,0.0,2112.5,54.28000000000001,217.83999999999997,0.0,7.0,1064.24,55.37,59.46000000000001,0.0,0.0,483.82000000000005,26.08,252.25000000000003,10.0,0.0,2167.33,54.28000000000001
United States,Iowa,Oats,2004,spring,286.19999999999993,0.0,8.0,1506.1200000000001,83.82000000000001,34.26,0.0,0.0,135.67,20.59,258.01,0.0,0.0,2044.52,52.400000000000006,214.54000000000002,0.0,8.0,1057.5700000000002,83.82000000000001,71.66,0.0,0.0,448.55,28.060000000000002,292.27000000000004,0.0,0.0,2180.19,52.400000000000006
United States,Iowa,Oats,2005,spring,237.66000000000003,0.0,6.0,1446.4399999999998,69.23,5.98,0.0,0.0,192.16,5.98,296.9000000000001,12.0,0.0,2098.8700000000003,47.06,177.36999999999998,0.0,6.0,1017.2900000000001,69.23,59.14,0.0,0.0,411.78,24.52,304.03000000000003,12.0,0.0,2308.4,47.06
United States,Iowa,Oats,2006,spring,145.17000000000002,0.0,4.0,1465.38,46.85,14.58,1.0,0.0,147.61,12.71,373.16,11.0,0.0,1939.6100000000001,63.23,121.61,0.0,4.0,996.7000000000003,46.85,23.0,0.0,0.0,385.93,10.68,388.3,12.0,0.0,2169.97,63.23
United States,Iowa,Oats,2007,spring,295.17999999999995,0.0,13.0,1581.03,83.55,16.54,0.0,0.0,164.57,10.57,414.5799999999999,1.0,0.0,2053.0199999999995,64.14,250.35999999999999,0.0,13.0,1157.99,83.55,47.14999999999999,0.0,0.0,470.78000000000003,32.2,428.78999999999996,1.0,0.0,2169.85,64.14
United States,Iowa,Oats,2008,spring,457.27,0.0,14.0,1390.8000000000002,72.58000000000001,5.470000000000001,0.0,0.0,190.49,4.79,362.85999999999996,0.0,0.0,2014.0699999999997,72.13,292.32,0.0,14.0,1154.8200000000002,65.52000000000001,171.0,0.0,0.0,455.64000000000004,72.58,362.28,0.0,0.0,1984.8999999999999,72.13
United States,Iowa,Oats,2009,spring,258.24999999999994,0.0,14.0,1441.69,72.95,51.589999999999996,0.0,0.0,117.50999999999999,28.369999999999997,269.48999999999995,0.0,0.0,1997.5500000000002,39.35,205.89000000000001,0.0,14.0,1191.3600000000001,72.95,103.94999999999999,0.0,0.0,367.84,29.41,269.48999999999995,0.0,0.0,1997.5500000000002,39.35
United States,Iowa,Oats,2010,spring,338.77000000000004,0.0,1.0,1446.96,60.3,41.61,0.0,0.0,147.66999999999996,28.56,622.3599999999999,0.0,0.0,2076.0000000000005,120.98999999999998,175.93,0.0,1.0,988.8300000000002,53.129999999999995,138.36,0.0,0.0,438.62999999999994,60.3,688.45,0.0,0.0,2243.1699999999996,120.99
United States,Iowa,Oats,2011,spring,295.81,0.0,11.0,1346.75,58.989999999999995,44.06,0.0,0.0,143.85999999999999,40.13,201.89000000000001,1.0,0.0,1999.7200000000003,26.08,210.32,0.0,11.0,1073.4099999999999,41.46000000000001,102.85999999999999,0.0,0.0,382.94,58.989999999999995,228.58,1.0,0.0,2033.9800000000005,28.4
United States,Iowa,Oats,2012,spring,181.84,0.0,3.0,1634.4199999999998,57.95,46.99000000000001,1.0,0.0,161.36,24.589999999999996,140.82,34.0,0.0,2148.6800000000003,18.09,144.49,0.0,3.0,1033.45,57.95,29.680000000000003,0.0,0.0,465.96000000000004,15.030000000000001,195.48,35.0,0.0,2445.0499999999997,24.71
United States,Iowa,Oats,2013,spring,402.96999999999997,0.0,19.0,1330.1699999999998,79.56,17.770000000000003,0.0,0.0,167.17,17.15,134.26,8.0,0.0,2082.77,35.089999999999996,378.52,0.0,19.0,1145.4699999999998,79.56,53.79,0.0,0.0,390.99999999999994,24.299999999999997,122.68999999999998,8.0,0.0,2043.64,33.93
United States,Iowa,Oats,2014,spring,256.33,0.0,10.0,1413.32,50.37,70.63,0.0,0.0,144.91,44.89,457.6000000000001,0.0,0.0,1836.0100000000002,68.27,209.4,0.0,10.0,1080.83,50.37,92.36,0.0,0.0,413.0200000000001,44.89,482.8,0.0,0.0,1900.3899999999999,68.27
United States,Iowa,Oats,2015,spring,256.38,0.0,5.0,1426.1399999999999,44.480000000000004,29.13,0.0,0.0,151.23000000000002,23.34,501.10999999999996,0.0,0.0,1977.34,70.37,186.85999999999999,0.0,5.0,1020.81,44.480000000000004,90.22000000000001,0.0,0.0,415.58,37.879999999999995,509.53999999999996,0.0,0.0,2118.32,70.37
United States,Iowa,Oats,2016,spring,201.57000000000002,0.0,10.0,1524.3999999999999,30.159999999999997,2.86,0.0,0.0,205.89999999999998,2.38,464.61,0.0,0.0,1963.05,65.31,146.52,0.0,10.0,1088.4799999999998,30.159999999999997,55.53,0.0,0.0,497.26000000000005,16.96,466.99,0.0,0.0,2107.6099999999997,65.31
United States,Iowa,Oats,2017,spring,216.39,0.0,1.0,1460.24,37.13999999999999,17.45,0.0,0.0,162.67999999999998,11.88,214.24999999999997,6.0,0.0,2061.86,39.7,186.26999999999998,0.0,1.0,966.3499999999999,37.13999999999999,30.12,0.0,0.0,493.89,19.89,231.70000000000002,6.0,0.0,2224.5400000000004,39.7
United States,Iowa,Oats,2018,spring,239.59000000000003,2.0,18.0,1527.51,52.089999999999996,63.18,0.0,0.0,130.84,57.0,456.24999999999994,0.0,0.0,1920.9800000000002,71.13,131.59,2.0,18.0,1131.2099999999998,52.089999999999996,108.14,0.0,0.0,424.16,47.690000000000005,519.29,0.0,0.0,2023.96,71.13
United States,Iowa,Oats,2019,spring,251.35,0.0,8.0,1359.7700000000002,45.76,63.81,0.0,0.0,111.84,26.43,311.84,0.0,0.0,1909.12,46.769999999999996,242.25000000000003,0.0,8.0,1029.25,45.76,72.91,0.0,0.0,442.36,26.43,311.84,0.0,0.0,1909.12,46.769999999999996
United States,Iowa,Oats,2020,spring,197.80000000000004,0.0,13.0,1479.4800000000002,38.42,24.020000000000003,0.0,0.0,160.66,21.76,208.09000000000003,7.0,0.0,2005.7900000000004,57.53,158.60000000000002,0.0,13.0,1143.57,38.42,59.84,0.0,0.0,456.57,26.64,211.47000000000003,7.0,0.0,2045.7900000000004,57.53
United States,Iowa,Oats,2021,spring,104.64,1.0,7.0,1546.6599999999999,22.380000000000003,20.71,2.0,0.0,188.66000000000003,19.11,255.61,6.0,0.0,1989.79,38.36,86.13999999999999,0.0,7.0,1047.3899999999999,22.380000000000003,18.49,1.0,0.0,470.78,15.459999999999999,276.33000000000004,8.0,0.0,2206.94,38.36
United States,Iowa,Oats,2022,spring,247.26,0.0,14.0,1326.5,46.660000000000004,15.079999999999998,0.0,0.0,188.49,14.75,218.56999999999996,8.0,0.0,2135.7300000000005,50.699999999999996,165.91,0.0,14.0,1031.8300000000002,35.849999999999994,96.14,0.0,0.0,397.40999999999997,46.660000000000004,218.85999999999999,8.0,0.0,2221.4799999999996,50.699999999999996
United States,Iowa,Oats,2023,spring,149.28,0.0,8.0,1564.9899999999998,30.34,27.67,0.0,0.0,179.17000000000002,27.549999999999997,208.80000000000004,13.0,0.0,1973.88,40.150000000000006,111.49999999999999,0.0,8.0,1108.77,30.34,37.760000000000005,0.0,0.0,430.15,28.18,236.49000000000004,13.0,0.0,2179.1200000000003,40.150000000000006
United States,Iowa,Oats,2024,spring,299.41,0.0,4.0,1513.8200000000002,82.37,44.629999999999995,0.0,0.0,128.07999999999998,29.5,280.83000000000004,2.0,0.0,2017.28,54.949999999999996,250.49,0.0,4.0,970.1,82.37,48.870000000000005,0.0,0.0,490.82,21.39,325.51,2.0,0.0,2198.2599999999993,54.949999999999996
United States,Iowa,Oats,2025,spring,236.71,0.0,7.0,1469.8500000000001,63.47,47.1,0.0,0.0,150.3,26.16,427.71,0.0,0.0,1966.0900000000001,63.6,165.03,0.0,7.0,1094.7299999999998,63.47,77.7,0.0,0.0,395.7,46.58,468.78999999999996,0.0,0.0,2095.81,63.599999999999994
United States,Kansas,Wheat,1990,winter,251.16000000000003,0.0,121.0,2944.1200000000003,37.21000000000001,100.10000000000001,0.0,0.0,427.89000000000004,38.7,136.17000000000002,13.0,0.0,1089.05,33.49,253.21000000000004,0.0,121.0,2968.2900000000004,37.21000000000001,117.55999999999999,0.0,0.0,479.2199999999999,38.7,116.65999999999998,13.0,0.0,1013.5500000000001,33.49
United States,Kansas,Wheat,1991,winter,237.44000000000003,9.0,110.0,2995.58,36.6,45.35,0.0,0.0,448.37,20.34,143.88999999999996,9.0,0.0,1086.8000000000002,41.61,193.58,9.0,110.0,2666.2,36.6,52.91,0.0,0.0,458.89,20.25,180.18999999999997,9.0,0.0,1405.66,41.61
United States,Kansas,Wheat,1992,winter,255.63,2.0,111.0,2819.67,27.27,51.17000000000001,1.0,0.0,562.92,26.18,257.43,0.0,0.0,891.2299999999999,72.78,239.19,2.0,111.0,2663.8799999999997,27.27,22.45,1.0,0.0,442.76,10.31,302.59,0.0,0.0,1167.18,72.78
United States,Kansas,Wheat,1993,winter,396.99,0.0,129.0,2575.0199999999995,56.95,123.30999999999999,0.0,0.0,350.45,47.71,198.66,0.0,0.0,1052.3999999999999,62.669999999999995,525.1199999999999,0.0,129.0,2952.7799999999997,56.95,60.84,0.0,0.0,432.49000000000007,18.46,133.0,0.0,0.0,592.6,62.669999999999995
United States,Kansas,Wheat,1994,winter,222.2,0.0,132.0,2853.0,39.489999999999995,58.53,0.0,2.0,434.1699999999999,34.0,56.99999999999999,13.0,0.0,1198.18,21.189999999999998,274.42,0.0,134.0,3255.7700000000004,39.489999999999995,11.459999999999999,0.0,0.0,440.35,6.3100000000000005,51.849999999999994,13.0,0.0,789.23,21.19
United States,Kansas,Wheat,1995,winter,282.74,1.0,106.0,2777.4300000000003,29.9,114.35,0.0,1.0,371.5799999999999,59.699999999999996,275.10999999999996,0.0,0.0,936.46,56.57,240.89,1.0,103.0,2550.59,29.9,138.22,0.0,4.0,500.96999999999997,59.699999999999996,293.09000000000003,0.0,0.0,1033.9099999999999,56.57
United States,Kansas,Wheat,1996,winter,158.37,4.0,124.0,2991.51,38.370000000000005,90.84000000000002,0.0,0.0,389.8,30.450000000000003,183.44000000000005,13.0,0.0,1120.32,79.71000000000001,158.64000000000001,4.0,124.0,3079.91,38.370000000000005,90.78999999999999,1.0,0.0,354.18,30.450000000000003,183.22000000000006,12.0,0.0,1067.5400000000002,79.71000000000001
United States,Kansas,Wheat,1997,winter,313.6,0.0,120.0,2925.2200000000003,69.78,26.460000000000004,0.0,0.0,524.32,17.71,179.29999999999998,4.0,0.0,1111.6000000000001,51.480000000000004,335.9,0.0,120.0,3216.41,69.78,42.61,1.0,0.0,517.4599999999999,15.48,140.85,3.0,0.0,827.27,51.480000000000004
United States,Kansas,Wheat,1998,winter,412.58000000000004,1.0,122.0,2788.27,55.97,50.92000000000001,0.0,0.0,484.6700000000001,24.46,96.61999999999999,12.0,0.0,1173.0500000000002,39.86,438.65,1.0,122.0,2938.95,55.97,34.41,0.0,0.0,478.94000000000005,12.3,87.05999999999999,12.0,0.0,1028.1000000000001,39.86
United States,Kansas,Wheat,1999,winter,447.51,8.0,103.0,2912.1000000000004,98.80000000000001,70.17,0.0,0.0,399.00000000000006,18.509999999999998,212.59,0.0,0.0,1009.5,27.830000000000005,363.74,8.0,102.0,2455.84,98.80000000000001,113.67,0.0,1.0,532.0199999999999,50.22,252.86,0.0,0.0,1332.74,27.830000000000002
United States,Kansas,Wheat,2000,winter,354.38,2.0,100.0,2985.42,61.91,54.4,0.0,0.0,452.46000000000004,32.72,163.31000000000003,0.0,0.0,1083.95,41.78,345.92,2.0,95.0,2601.2400000000002,61.91,55.17,0.0,5.0,573.1800000000002,32.72,171.0,0.0,0.0,1347.41,41.78
United States,Kansas,Wheat,2001,winter,366.02,12.0,139.0,2853.33,62.510000000000005,68.55000000000001,0.0,0.0,547.3699999999999,51.760000000000005,188.48999999999998,0.0,0.0,1094.3300000000002,54.37,375.94,12.0,139.0,2942.7799999999997,62.510000000000005,58.64,0.0,0.0,486.73999999999995,51.760000000000005,188.48,0.0,0.0,1065.5100000000002,54.37
United States,Kansas,Wheat,2002,winter,251.09999999999997,1.0,115.0,3059.7200000000003,71.16,53.39,0.0,0.0,469.19000000000005,19.630000000000003,147.33999999999997,13.0,0.0,1116.4199999999998,41.44,216.06,1.0,115.0,2836.99,71.16,49.18,0.0,0.0,485.65,25.39,186.59,13.0,0.0,1322.69,41.440000000000005
United States,Kansas,Wheat,2003,winter,372.65999999999997,7.0,123.0,2885.96,89.74000000000001,66.19,0.0,0.0,459.4,38.72,143.03000000000003,1.0,0.0,1060.81,31.939999999999998,411.40999999999997,7.0,123.0,2957.26,89.74000000000001,60.709999999999994,0.0,0.0,455.90999999999997,30.980000000000004,109.76,1.0,0.0,993.0,31.939999999999998
United States,Kansas,Wheat,2004,winter,306.24,0.0,113.0,2988.17,55.54,70.57,0.0,0.0,473.19000000000005,19.36,170.94,3.0,0.0,1111.5299999999997,51.599999999999994,297.77,0.0,113.0,2934.91,55.54,62.51,0.0,0.0,473.49999999999994,19.36,187.47,3.0,0.0,1164.4799999999998,51.599999999999994
United States,Kansas,Wheat,2005,winter,338.41,1.0,104.0,2842.7,39.809999999999995,43.36,0.0,2.0,491.51000000000005,30.54,179.47999999999996,6.0,0.0,1164.98,52.419999999999995,293.35,1.0,104.0,2545.95,39.809999999999995,54.88999999999999,0.0,2.0,600.9799999999999,25.14,213.01,6.0,0.0,1352.26,52.419999999999995
United States,Kansas,Wheat,2006,winter,185.44,1.0,94.0,3125.5699999999997,29.62,79.08999999999999,1.0,0.0,424.69999999999993,28.19,129.67,12.0,0.0,1207.6200000000001,30.86,155.93,1.0,93.0,2553.85,29.62,29.51,0.0,1.0,489.82000000000005,18.91,208.76,13.0,0.0,1714.22,30.86
United States,Kansas,Wheat,2007,winter,403.66999999999996,1.0,110.0,2906.7299999999996,48.69,138.54,0.0,0.0,421.16999999999996,85.17999999999999,242.19999999999996,0.0,0.0,1007.9499999999999,96.41,403.15999999999997,1.0,110.0,2858.4900000000002,48.69,131.33999999999997,0.0,0.0,383.05,85.17999999999999,249.91000000000003,0.0,0.0,1094.3099999999997,96.41
United States,Kansas,Wheat,2008,winter,339.65999999999997,0.0,123.0,2966.8599999999997,47.93,76.4,0.0,0.0,486.62,46.92,186.86,2.0,0.0,1144.81,45.480000000000004,356.78999999999996,0.0,123.0,3045.12,47.93,59.51,0.0,0.0,579.03,46.92,186.61999999999998,2.0,0.0,974.14,45.480000000000004
United States,Kansas,Wheat,2009,winter,368.65,0.0,119.0,2990.3599999999997,66.42000000000002,96.03,0.0,0.0,407.62000000000006,42.4,149.95,7.0,0.0,1150.6899999999998,46.93,416.91,0.0,119.0,3117.87,66.42000000000002,49.599999999999994,0.0,0.0,465.51000000000005,27.06,148.12,7.0,0.0,965.2900000000001,46.93
United States,Kansas,Wheat,2010,winter,285.27,0.0,115.0,2645.2999999999997,29.38,62.55999999999999,0.0,0.0,527.37,31.669999999999998,186.05,6.0,0.0,1088.1200000000001,68.74,330.80999999999995,0.0,115.0,2955.91,34.25,90.87,0.0,0.0,434.05999999999995,37.529999999999994,112.19999999999999,6.0,0.0,870.8199999999999,68.74000000000001
United States,Kansas,Wheat,2011,winter,210.88,2.0,124.0,2961.05,55.580000000000005,16.84,3.0,0.0,488.96,9.22,155.22,16.0,0.0,1121.25,44.61,201.89,2.0,123.0,2841.24,55.580000000000005,20.759999999999998,2.0,1.0,519.24,9.22,160.29000000000002,17.0,0.0,1210.7799999999997,44.61
United States,Kansas,Wheat,2012,winter,331.46999999999997,3.0,100.0,3073.3,37.54,14.350000000000001,1.0,0.0,508.01,8.59,91.2,12.0,0.0,1255.8200000000002,50.6,272.22,3.0,100.0,2655.6099999999997,37.54,59.25,0.0,0.0,473.8,29.14,105.55000000000001,13.0,0.0,1707.7200000000003,50.6
United States,Kansas,Wheat,2013,winter,219.12,5.0,120.0,2952.3199999999997,21.98,63.68000000000001,0.0,3.0,474.2200000000001,27.32,155.06,12.0,0.0,1143.72,58.0,219.12,5.0,120.0,2952.3199999999997,21.98,63.68999999999999,0.0,3.0,548.7199999999999,27.32,155.04999999999998,12.0,0.0,1069.22,58.0
United States,Kansas,Wheat,2014,winter,165.25,3.0,130.0,3049.1299999999997,21.07,47.75,3.0,0.0,523.7199999999999,25.95,258.27,1.0,0.0,1060.17,61.120000000000005,178.48,3.0,130.0,3150.8799999999997,21.07,35.83,3.0,0.0,506.1399999999999,25.95,256.96,1.0,0.0,975.9999999999999,61.120000000000005
United States,Kansas,Wheat,2015,winter,251.76999999999998,3.0,105.0,2999.83,37.42000000000001,94.12,0.0,0.0,447.67,36.8,218.52,6.0,0.0,1036.08,50.1,203.70999999999998,3.0,105.0,2824.3199999999997,28.640000000000004,92.75999999999999,0.0,0.0,469.24,37.42,267.94,6.0,0.0,1190.02,50.1
United States,Kansas,Wheat,2016,winter,356.96000000000004,7.0,93.0,3104.6299999999997,74.31,75.81000000000002,0.0,0.0,496.84999999999997,42.17,197.17999999999998,4.0,0.0,1082.5700000000002,61.1,277.51,7.0,85.0,2333.01,74.31,26.57,0.0,8.0,687.57,9.22,325.86999999999995,4.0,0.0,1663.47,61.1
United States,Kansas,Wheat,2017,winter,367.45,0.0,84.0,2975.7299999999996,64.46000000000001,87.08,0.0,0.0,493.96000000000004,41.28,140.1,1.0,0.0,1138.4799999999998,51.24,194.72,0.0,84.0,2477.3599999999997,33.4,143.39000000000001,0.0,0.0,441.42999999999995,64.46000000000001,256.52000000000004,1.0,0.0,1689.38,51.239999999999995
United States,Kansas,Wheat,2018,winter,213.57,5.0,119.0,2939.62,60.72999999999999,58.12000000000001,0.0,0.0,495.92999999999995,31.990000000000002,149.0,13.0,0.0,1193.52,30.789999999999996,196.42999999999998,5.0,116.0,2736.8199999999997,60.72999999999999,61.96000000000001,0.0,3.0,555.62,31.990000000000002,162.3,13.0,0.0,1336.6299999999999,30.789999999999996
United States,Kansas,Wheat,2019,winter,505.77000000000004,0.0,127.0,2768.87,114.85,180.97,0.0,0.0,429.27,100.49000000000001,314.29999999999995,0.0,0.0,1088.4199999999998,76.16999999999999,635.87,0.0,127.0,3054.23,114.85,228.85,0.0,0.0,424.31999999999994,76.16999999999999,136.32000000000002,0.0,0.0,808.01,68.48
United States,Kansas,Wheat,2020,winter,271.77,0.0,125.0,2941.71,36.03999999999999,70.19000000000001,0.0,0.0,434.14000000000004,24.75,154.18,4.0,0.0,1167.7400000000002,43.97,284.84,0.0,125.0,2972.8199999999997,36.03999999999999,61.120000000000005,0.0,0.0,519.15,24.75,150.18,4.0,0.0,1051.62,43.97
United States,Kansas,Wheat,2021,winter,344.21000000000004,5.0,115.0,2952.4500000000003,42.04,48.14,0.0,0.0,478.78,21.92,164.79000000000002,9.0,0.0,1014.83,38.98,344.21000000000004,5.0,114.0,2926.6900000000005,42.04,57.15,0.0,1.0,525.29,30.86,155.78,9.0,0.0,994.08,38.98
United States,Kansas,Wheat,2022,winter,255.07,5.0,102.0,3152.14,67.22999999999999,54.14,0.0,0.0,485.97,30.32,252.32999999999998,9.0,0.0,1111.0800000000002,93.58,241.31999999999996,5.0,97.0,2599.56,67.22999999999999,17.51,0.0,5.0,643.78,9.0,302.71,9.0,0.0,1505.8500000000001,93.58
United States,Kansas,Wheat,2023,winter,210.8,9.0,127.0,3166.25,38.24,33.760000000000005,1.0,0.0,501.08999999999986,16.66,180.00000000000003,2.0,0.0,1075.3600000000001,29.21,185.35000000000002,9.0,127.0,2887.63,38.24,33.35,0.0,0.0,573.5100000000001,17.61,205.86,3.0,0.0,1281.56,31.61
United States,Kansas,Wheat,2024,winter,259.59000000000003,7.0,91.0,3072.57,24.749999999999996,53.27000000000001,0.0,0.0,463.90000000000003,19.3,196.33999999999997,8.0,0.0,1121.68,40.09,247.5,7.0,84.0,2267.52,24.749999999999996,10.599999999999998,0.0,7.0,684.3599999999999,3.9099999999999997,251.10000000000002,8.0,0.0,1706.27,40.09
United States,Kansas,Wheat,2025,winter,294.66999999999996,3.0,95.0,3151.8199999999997,45.599999999999994,48.06999999999999,0.0,0.0,487.11,18.15,273.7,0.0,0.0,1064.7199999999998,58.14,248.26,3.0,94.0,2536.7,45.599999999999994,30.480000000000004,0.0,1.0,565.9,14.709999999999999,337.7,0.0,0.0,1601.0499999999997,58.14
United States,Kansas,Barley,1990,spring,258.96000000000004,11.0,7.0,1824.6799999999998,38.7,5.17,12.0,0.0,355.18,4.39,247.98999999999998,20.0,0.0,1708.3000000000002,41.42,203.65,0.0,7.0,1244.09,38.7,27.849999999999998,4.0,0.0,237.17000000000002,16.34,280.61999999999995,39.0,0.0,2406.9,41.419999999999995
United States,Kansas,Barley,1991,spring,238.79999999999998,7.0,0.0,1834.5300000000002,41.61,18.389999999999997,11.0,0.0,334.36,9.389999999999999,128.15,19.0,0.0,1689.77,20.53,166.82999999999998,0.0,0.0,1079.03,41.61,56.660000000000004,0.0,0.0,261.61,29.75,161.85,37.0,0.0,2518.02,20.53
United States,Kansas,Barley,1992,spring,325.88,1.0,3.0,1742.49,72.78,25.26,4.0,0.0,331.41,14.11,288.95,1.0,0.0,1634.5500000000002,46.980000000000004,181.01,1.0,3.0,1216.8600000000001,72.78,85.31,0.0,0.0,247.66000000000003,31.540000000000003,373.77,5.0,0.0,2243.93,46.980000000000004
United States,Kansas,Barley,1993,spring,339.16,0.0,4.0,1650.52,62.669999999999995,132.97,0.0,0.0,294.31,54.4,351.25,5.0,0.0,1587.87,79.58,219.89000000000004,0.0,4.0,1197.05,47.71,63.910000000000004,0.0,0.0,283.92,62.669999999999995,539.5799999999999,5.0,0.0,2051.7299999999996,79.58
United States,Kansas,Barley,1994,spring,153.92000000000002,11.0,6.0,1953.6299999999999,39.489999999999995,85.88000000000001,5.0,0.0,360.46000000000004,58.290000000000006,132.85000000000002,17.0,0.0,1687.54,38.11,120.6,2.0,6.0,1318.2,39.489999999999995,11.899999999999999,1.0,0.0,225.32000000000002,9.469999999999999,240.15,30.0,0.0,2458.1100000000006,58.290000000000006
United States,Kansas,Barley,1995,spring,426.77,0.0,4.0,1636.5600000000002,59.699999999999996,15.499999999999998,4.0,0.0,335.23999999999995,8.61,199.04000000000002,28.0,1.0,1626.4699999999998,38.370000000000005,390.77,0.0,4.0,1199.3499999999997,59.699999999999996,3.5700000000000003,0.0,0.0,333.07,3.39,246.96999999999997,32.0,1.0,2065.85,38.370000000000005
United States,Kansas,Barley,1996,spring,284.24,12.0,6.0,1921.84,79.71000000000001,25.950000000000003,8.0,0.0,320.39000000000004,19.25,308.08,8.0,0.0,1573.25,44.89,186.32,5.0,6.0,1210.0,79.71000000000001,64.22,0.0,0.0,310.06000000000006,44.290000000000006,367.72999999999996,23.0,0.0,2295.4199999999996,44.89000000000001
United States,Kansas,Barley,1997,spring,240.64000000000001,4.0,8.0,1968.45,51.480000000000004,38.17999999999999,2.0,0.0,338.98,14.909999999999998,296.24,13.0,0.0,1645.19,55.97,147.42,1.0,8.0,1476.06,31.990000000000002,36.529999999999994,1.0,0.0,270.83,25.589999999999996,391.1099999999999,17.0,0.0,2205.7300000000005,55.97
United States,Kansas,Barley,1998,spring,174.6,11.0,2.0,2035.6299999999999,39.86,95.1,3.0,0.0,320.88999999999993,48.72,192.65999999999997,28.0,0.0,1635.96,36.69,105.15,1.0,2.0,1355.2,24.46,12.600000000000001,1.0,0.0,298.28,10.190000000000001,344.61,40.0,0.0,2339.0,48.72
United States,Kansas,Barley,1999,spring,341.19000000000005,0.0,1.0,1787.6300000000003,50.22,41.21000000000001,0.0,0.0,332.81999999999994,28.96,253.90000000000003,18.0,0.0,1623.08,69.22,239.61,0.0,1.0,1322.9299999999998,50.22,38.66,0.0,0.0,243.69000000000003,21.0,358.03000000000003,18.0,0.0,2176.91,69.22
United States,Kansas,Barley,2000,spring,208.87,0.0,5.0,1928.51,41.78,35.470000000000006,8.0,0.0,363.74999999999994,19.16,141.95999999999998,42.0,0.0,1699.6100000000001,60.96000000000001,128.90000000000003,0.0,5.0,1287.1,41.78,13.440000000000001,0.0,0.0,296.24,11.370000000000001,243.96,50.0,0.0,2408.5299999999993,60.96000000000001
United States,Kansas,Barley,2001,spring,300.5,0.0,1.0,1961.06,54.37,6.41,8.0,0.0,369.91,3.86,243.36,29.0,0.0,1724.2,71.16,179.85999999999999,0.0,1.0,1241.1699999999998,51.760000000000005,89.21000000000001,0.0,0.0,257.17,35.07,281.2,37.0,0.0,2556.83,71.16
United States,Kansas,Barley,2002,spring,251.43999999999994,11.0,4.0,1908.99,41.44,12.390000000000002,6.0,0.0,324.07,7.15,184.96999999999997,30.0,0.0,1719.4,62.94,154.47,2.0,4.0,1259.51,25.39,53.89,3.0,0.0,251.25999999999996,41.23,240.44,42.0,0.0,2441.6899999999996,62.94
United States,Kansas,Barley,2003,spring,253.59,1.0,5.0,1889.13,38.72,8.37,9.0,0.0,380.13,3.9099999999999997,195.7,34.0,0.0,1690.33,61.54,209.88,0.0,5.0,1302.74,38.72,22.790000000000003,0.0,0.0,297.31000000000006,11.57,224.98999999999998,44.0,0.0,2359.5400000000004,61.54
United States,Kansas,Barley,2004,spring,250.05,3.0,2.0,1966.71,51.599999999999994,90.0,1.0,0.0,331.19,34.47,219.90999999999997,12.0,0.0,1718.93,68.02,119.00999999999999,2.0,2.0,1285.68,20.56,20.889999999999997,0.0,0.0,257.48,15.47,420.06,14.0,0.0,2473.67,68.02
United States,Kansas,Barley,2005,spring,269.03999999999996,4.0,2.0,2016.4199999999998,52.419999999999995,55.5,3.0,0.0,345.03999999999996,45.38,198.0,21.0,0.0,1678.06,35.18,135.35999999999999,1.0,2.0,1346.4700000000003,30.54,104.39999999999999,0.0,0.0,249.8,52.42,282.78,27.0,0.0,2443.2500000000005,45.38
United States,Kansas,Barley,2006,spring,235.07,11.0,0.0,2053.33,30.86,38.23,6.0,0.0,341.21999999999997,27.749999999999996,233.73,25.0,0.0,1691.4,60.519999999999996,122.71999999999998,2.0,0.0,1212.15,28.19,37.06,1.0,0.0,258.53,26.53,347.25,39.0,0.0,2615.2700000000004,60.519999999999996
United States,Kansas,Barley,2007,spring,429.89,0.0,8.0,1805.1599999999999,96.41,55.199999999999996,0.0,0.0,279.99,21.29,201.0,11.0,0.0,1682.8899999999999,43.41,357.90999999999997,0.0,8.0,1293.55,96.41,42.58000000000001,0.0,0.0,279.93,34.489999999999995,285.59999999999997,11.0,0.0,2194.56,43.41
United States,Kansas,Barley,2008,spring,324.52,2.0,6.0,1969.52,46.92,21.57,6.0,0.0,331.41,12.79,300.91999999999996,12.0,0.0,1552.22,54.269999999999996,226.56,0.0,6.0,1382.62,46.92,37.31,0.0,0.0,276.91,17.310000000000002,383.14000000000004,20.0,0.0,2193.6200000000003,54.26999999999999
United States,Kansas,Barley,2009,spring,302.04,6.0,5.0,1910.49,46.93,39.6,5.0,0.0,347.56999999999994,23.12,248.26,8.0,0.0,1566.7,44.029999999999994,191.44000000000003,0.0,5.0,1364.75,42.4,71.19,1.0,0.0,238.04999999999998,46.93,327.27,18.0,0.0,2221.9600000000005,44.029999999999994
United States,Kansas,Barley,2010,spring,268.28,6.0,0.0,1984.17,68.74000000000001,73.91,0.0,0.0,295.16,62.849999999999994,217.11,30.0,0.0,1758.1799999999998,50.27,158.35,0.0,0.0,1298.3600000000001,37.53,31.610000000000003,2.0,0.0,232.09000000000003,29.779999999999998,369.34000000000003,34.0,0.0,2507.06,68.74
United States,Kansas,Barley,2011,spring,186.79,17.0,1.0,1954.77,44.61,29.589999999999993,11.0,0.0,361.75000000000006,19.23,136.48,41.0,0.0,1753.84,39.150000000000006,147.92,4.0,1.0,1265.1,44.61,2.0100000000000002,6.0,0.0,212.71,1.9400000000000002,202.93,59.0,0.0,2592.55,39.150000000000006
United States,Kansas,Barley,2012,spring,164.8,11.0,0.0,2107.0699999999997,50.6,12.3,10.0,0.0,358.07000000000005,9.620000000000001,137.31,32.0,0.0,1713.57,55.739999999999995,75.85,2.0,0.0,1156.0800000000002,29.14,28.71,2.0,0.0,282.16999999999996,20.740000000000002,209.85,49.0,0.0,2740.4599999999996,55.739999999999995
United States,Kansas,Barley,2013,spring,258.76000000000005,12.0,11.0,1896.7700000000002,58.0,12.97,8.0,0.0,350.05,11.0,371.03,9.0,0.0,1552.31,71.91,200.05000000000004,2.0,11.0,1320.54,58.0,37.53,4.0,0.0,272.39,28.130000000000003,405.18,23.0,0.0,2206.2,71.91
United States,Kansas,Barley,2014,spring,302.1,4.0,4.0,1927.0,61.120000000000005,39.84,3.0,0.0,376.4599999999999,26.560000000000002,203.94,25.0,0.0,1647.31,42.3,87.9,4.0,4.0,1286.1699999999996,27.51,139.30999999999997,0.0,0.0,263.14,61.120000000000005,318.6700000000001,28.0,0.0,2401.4599999999996,42.3
United States,Kansas,Barley,2015,spring,374.11,5.0,0.0,1830.19,50.1,42.0,4.0,0.0,290.45000000000005,18.34,186.76999999999998,19.0,0.0,1689.5100000000002,37.61,290.18999999999994,0.0,0.0,1172.7700000000002,50.1,46.45,0.0,0.0,269.88,24.74,266.24,28.0,0.0,2367.5000000000005,37.61
United States,Kansas,Barley,2018,spring,222.92000000000002,12.0,12.0,2023.8700000000001,31.990000000000002,22.63,8.0,0.0,380.19000000000005,12.73,335.72,9.0,0.0,1563.3199999999997,70.85,140.86999999999998,1.0,12.0,1307.26,31.990000000000002,5.819999999999999,4.0,0.0,265.3,4.2,434.58000000000004,24.0,0.0,2394.8199999999997,70.85
United States,Kansas,Barley,2019,spring,511.26,0.0,4.0,1889.1600000000003,100.49000000000001,42.11,0.0,0.0,354.56,27.53,227.17000000000002,1.0,0.0,1631.79,50.53,375.35,0.0,4.0,1300.5,100.49000000000001,59.98,0.0,0.0,337.81,24.22,345.21000000000004,1.0,0.0,2237.2,68.48
United States,Kansas,Barley,2020,spring,238.57000000000002,3.0,11.0,1968.83,43.97,47.84,1.0,0.0,363.42999999999995,25.73,210.75,15.0,0.0,1633.49,43.75,155.85,1.0,11.0,1355.9199999999998,39.779999999999994,13.05,2.0,0.0,324.28000000000003,13.05,328.26000000000005,16.0,0.0,2285.5499999999997,43.97
United States,Kansas,Barley,2021,spring,243.11,9.0,4.0,1880.74,41.38,19.16,1.0,0.0,323.73,14.58,233.72000000000003,28.0,0.0,1685.21,67.23,196.92000000000002,0.0,4.0,1313.15,41.38,4.91,2.0,0.0,270.63,4.54,294.15999999999997,36.0,0.0,2305.8999999999996,67.22999999999999
United States,Kansas,Barley,2022,spring,316.11,8.0,3.0,1956.84,93.58,46.04,6.0,0.0,371.13,33.11,115.58000000000001,41.0,0.0,1748.5499999999997,31.96,207.60000000000002,0.0,3.0,1278.6000000000004,93.58,77.55999999999999,0.0,0.0,271.22999999999996,45.940000000000005,192.56999999999996,55.0,0.0,2526.69,33.11
United States,Kansas,Barley,2023,spring,231.42000000000002,2.0,2.0,2016.11,31.61,49.97,4.0,0.0,332.47999999999996,25.16,150.67000000000002,34.0,0.0,1717.06,31.93,100.74,1.0,2.0,1331.19,31.61,65.89,0.0,0.0,237.72000000000003,29.21,265.43,39.0,0.0,2496.74,31.93
United States,Kansas,Barley,2024,spring,239.11,8.0,0.0,2008.3800000000003,40.09,51.39000000000001,5.0,0.0,325.40000000000003,29.09,180.68,27.0,0.0,1673.4399999999998,47.20000000000001,110.28,0.0,0.0,1264.0499999999997,33.00000000000001,76.59,0.0,0.0,249.67000000000002,40.09,284.31000000000006,40.0,0.0,2493.5,47.20000000000001
United States,Kansas,Barley,2025,spring,351.30999999999995,0.0,1.0,1932.44,58.13999999999999,22.299999999999997,1.0,0.0,355.95000000000005,13.219999999999999,331.04,14.0,0.0,1555.9499999999998,41.440000000000005,199.13,0.0,1.0,1266.53,53.809999999999995,46.2,0.0,0.0,297.65,23.28,459.32000000000005,15.0,0.0,2280.16,58.13999999999999
United States,Kansas,Oats,1990,spring,227.28,3.0,7.0,1457.9899999999998,38.7,31.490000000000002,4.0,0.0,175.85000000000002,23.75,253.35000000000002,36.0,0.0,2254.32,41.42,145.48,0.0,7.0,988.3499999999998,38.7,69.68,0.0,0.0,401.15000000000003,33.49,296.9599999999999,43.0,0.0,2498.6600000000003,41.42
United States,Kansas,Oats,1991,spring,235.7,1.0,0.0,1485.16,41.61,2.71,2.0,0.0,187.4,1.44,146.93,34.0,0.0,2186.0999999999995,20.53,107.03999999999999,0.0,0.0,843.0300000000001,20.34,106.99,0.0,0.0,353.26,41.61,171.31,37.0,0.0,2662.37,20.53
United States,Kansas,Oats,1992,spring,262.13,1.0,3.0,1440.64,72.78,24.2,0.0,0.0,174.27999999999997,18.33,353.76,5.0,0.0,2093.5299999999997,46.980000000000004,69.82999999999998,1.0,3.0,957.6800000000001,26.31,156.95,0.0,0.0,391.34,72.78,413.31,5.0,0.0,2359.4300000000003,46.980000000000004
United States,Kansas,Oats,1993,spring,220.62000000000003,0.0,4.0,1321.68,47.71,63.18,0.0,0.0,159.29,62.669999999999995,539.5799999999999,5.0,0.0,2051.7299999999996,79.58,190.44,0.0,4.0,899.38,47.71,30.18,0.0,0.0,450.1700000000001,18.459999999999997,602.76,5.0,0.0,2183.15,79.58
United States,Kansas,Oats,1994,spring,132.54,5.0,6.0,1596.21,39.489999999999995,8.41,3.0,0.0,162.45,8.41,231.70000000000002,25.0,0.0,2242.9700000000007,58.290000000000006,103.63,0.0,6.0,1005.26,39.489999999999995,27.960000000000004,2.0,0.0,428.32,12.889999999999999,241.06,31.0,0.0,2568.0500000000006,58.290000000000006
United States,Kansas,Oats,1995,spring,390.9500000000001,0.0,4.0,1316.45,59.699999999999996,0.02,0.0,0.0,192.31000000000003,0.02,250.33999999999997,32.0,1.0,2089.5099999999998,38.370000000000005,330.89,0.0,4.0,930.97,59.699999999999996,60.06,0.0,0.0,441.4599999999999,44.03,250.36,32.0,1.0,2225.84,38.370000000000005
United States,Kansas,Oats,1996,spring,254.27000000000004,5.0,6.0,1572.0,79.71000000000001,18.73,4.0,0.0,186.29999999999998,12.2,345.27,19.0,0.0,2057.1800000000003,44.89,103.83,3.0,6.0,959.56,30.450000000000003,145.16,2.0,0.0,404.02,79.71000000000001,369.28,23.0,0.0,2451.899999999999,44.89
United States,Kansas,Oats,1997,spring,173.39,1.0,8.0,1614.0600000000002,31.990000000000002,11.6,3.0,0.0,186.79000000000002,9.44,390.06999999999994,15.0,0.0,2151.77,55.97,112.03,1.0,8.0,1161.09,31.990000000000002,61.35999999999999,0.0,0.0,452.97,27.67,401.66999999999996,18.0,0.0,2338.560000000001,55.97
United States,Kansas,Oats,1998,spring,117.74999999999999,2.0,2.0,1653.4799999999998,24.46,28.68,3.0,0.0,186.73999999999998,27.549999999999997,315.93000000000006,37.0,0.0,2152.2600000000007,48.72,93.59,0.0,2.0,1072.25,24.46,23.000000000000004,1.0,0.0,446.0799999999999,11.18,345.77,41.0,0.0,2474.15,48.72
United States,Kansas,Oats,1999,spring,269.44999999999993,0.0,1.0,1543.73,50.22,40.290000000000006,0.0,0.0,106.75999999999999,27.830000000000002,326.56,18.0,0.0,2093.04,69.22,197.48000000000002,0.0,1.0,971.31,50.22,50.19,0.0,0.0,469.14,17.5,388.63,18.0,0.0,2303.08,69.22
United States,Kansas,Oats,2000,spring,144.3,0.0,5.0,1612.24,41.78,11.67,0.0,0.0,153.74,8.89,230.33,50.0,0.0,2225.89,60.96000000000001,76.32,0.0,5.0,1004.4,32.72,53.37000000000001,0.0,0.0,472.17,41.78,256.61000000000007,50.0,0.0,2515.2999999999993,60.96000000000001
United States,Kansas,Oats,2001,spring,276.33,0.0,1.0,1573.2200000000003,54.37,23.0,0.0,0.0,184.13,19.630000000000003,250.94,37.0,0.0,2297.8199999999997,71.16,112.14999999999999,0.0,1.0,917.3499999999999,51.760000000000005,124.42,0.0,0.0,437.7200000000001,54.37,313.7,37.0,0.0,2700.1,71.16
United States,Kansas,Oats,2002,spring,212.81,5.0,4.0,1559.2399999999996,41.44,37.05999999999999,0.0,0.0,158.03,35.6,198.93,42.0,0.0,2235.1899999999996,62.94,126.11999999999999,0.0,4.0,964.19,25.39,40.45,4.0,0.0,427.6,21.060000000000002,282.23,43.0,0.0,2560.6699999999996,62.94
United States,Kansas,Oats,2003,spring,232.24000000000004,0.0,5.0,1547.3100000000002,38.72,13.15,0.0,0.0,165.24,11.96,212.27,44.0,0.0,2247.0400000000004,61.54,147.76000000000002,0.0,5.0,963.7499999999999,38.72,72.82000000000001,0.0,0.0,491.62,31.939999999999998,237.08,44.0,0.0,2504.2200000000003,61.540000000000006
United States,Kansas,Oats,2004,spring,160.53,3.0,2.0,1655.3500000000004,20.59,78.93,0.0,0.0,139.67000000000002,51.599999999999994,320.5,13.0,0.0,2221.81,68.02,110.60000000000001,0.0,2.0,981.9200000000001,20.56,25.080000000000002,2.0,0.0,457.31,15.129999999999999,424.28000000000003,14.0,0.0,2577.6000000000004,68.02
United States,Kansas,Oats,2005,spring,239.75999999999996,1.0,2.0,1627.66,52.419999999999995,28.24,0.0,0.0,190.85999999999999,25.62,254.54000000000002,27.0,0.0,2221.0,45.38,92.42,0.0,2.0,1035.15,30.54,79.10999999999999,1.0,0.0,442.89,35.98,351.01,27.0,0.0,2561.48,52.42
United States,Kansas,Oats,2006,spring,175.54000000000002,7.0,0.0,1678.45,28.19,50.18,3.0,0.0,178.96,27.799999999999997,281.31,32.0,0.0,2228.5400000000004,60.519999999999996,105.99000000000001,1.0,0.0,924.83,28.19,43.260000000000005,2.0,0.0,403.8,26.53,357.78,39.0,0.0,2757.3199999999997,60.519999999999996
United States,Kansas,Oats,2007,spring,399.14,0.0,8.0,1498.6399999999999,96.41,4.54,0.0,0.0,164.92000000000002,3.29,282.4099999999999,11.0,0.0,2104.4800000000005,43.41,219.93,0.0,8.0,1007.31,85.17999999999999,144.71999999999997,0.0,0.0,444.87,83.83,321.43999999999994,11.0,0.0,2315.86,43.41
United States,Kansas,Oats,2008,spring,248.9,0.0,6.0,1622.9,46.92,36.449999999999996,0.0,0.0,168.56000000000003,34.14,361.65999999999997,20.0,0.0,2061.69,54.26999999999999,162.0,0.0,6.0,1128.39,46.92,69.59,0.0,0.0,383.88000000000005,44.16,415.41999999999996,20.0,0.0,2340.88,54.26999999999999
United States,Kansas,Oats,2009,spring,230.76999999999998,1.0,5.0,1549.16,42.4,68.44,0.0,0.0,162.50000000000003,36.510000000000005,290.69,18.0,0.0,2113.1,44.029999999999994,155.41,0.0,5.0,1058.56,42.4,55.05999999999999,1.0,0.0,421.78999999999996,22.81,379.42999999999995,18.0,0.0,2344.4100000000003,46.93
United States,Kansas,Oats,2010,spring,260.11,2.0,0.0,1596.56,68.74000000000001,7.8100000000000005,0.0,0.0,194.15,6.06,291.38,34.0,0.0,2246.7999999999993,62.849999999999994,124.96,0.0,0.0,1024.66,35.57,33.69,2.0,0.0,409.72,28.28,400.65000000000003,34.0,0.0,2603.129999999999,68.74000000000001
United States,Kansas,Oats,2011,spring,165.43000000000004,11.0,1.0,1578.55,44.61,21.220000000000002,3.0,0.0,177.92999999999998,20.900000000000002,166.20999999999998,55.0,0.0,2313.88,39.150000000000006,36.870000000000005,3.0,1.0,971.23,9.22,111.12,3.0,0.0,383.80999999999995,40.11,204.86999999999998,63.0,0.0,2715.3200000000006,39.150000000000006
United States,Kansas,Oats,2012,spring,131.9,5.0,0.0,1715.2700000000002,29.14,32.82,0.0,0.0,184.71000000000004,23.92,149.69,48.0,0.0,2278.73,55.739999999999995,73.46,1.0,0.0,832.7699999999999,29.14,8.73,2.0,0.0,438.0199999999999,6.34,232.22,50.0,0.0,2907.92,55.739999999999995
United States,Kansas,Oats,2013,spring,209.45,6.0,11.0,1549.7300000000002,58.0,39.74000000000001,0.0,0.0,175.08999999999997,33.78,393.57000000000005,23.0,0.0,2074.31,71.91,120.16,0.0,11.0,1060.52,27.32,89.28,4.0,0.0,400.78,58.0,433.31999999999994,25.0,0.0,2337.8300000000004,71.91
United States,Kansas,Oats,2014,spring,241.59,4.0,4.0,1607.14,61.120000000000005,5.17,0.0,0.0,187.89,3.88,299.12,28.0,0.0,2155.74,42.3,57.739999999999995,4.0,4.0,1018.9100000000001,25.95,83.33,0.0,0.0,388.08,27.69,404.81000000000006,28.0,0.0,2543.7799999999997,61.120000000000005
United States,Kansas,Oats,2015,spring,366.14,0.0,0.0,1472.63,50.1,3.3299999999999996,1.0,0.0,161.94,2.76,233.41000000000003,27.0,0.0,2175.58,37.61,190.93000000000004,0.0,0.0,873.7900000000001,39.02,119.75,0.0,0.0,415.59,50.1,292.2,28.0,0.0,2520.77,44.87
United States,Kansas,Oats,2016,spring,277.53999999999996,0.0,1.0,1631.72,61.1,34.79,2.0,0.0,190.29000000000002,23.72,412.61,12.0,0.0,2101.2499999999995,66.53999999999999,165.66,0.0,1.0,1025.68,51.07,111.54,0.0,0.0,447.05,61.1,447.73999999999995,14.0,0.0,2450.5299999999997,66.53999999999999
United States,Kansas,Oats,2017,spring,265.54999999999995,0.0,0.0,1616.11,51.239999999999995,16.86,1.0,0.0,182.4,14.01,191.13999999999996,23.0,0.0,2147.8,39.38,229.85999999999999,0.0,0.0,974.5899999999999,51.239999999999995,33.519999999999996,0.0,0.0,504.03,10.23,210.17,24.0,0.0,2467.6899999999996,39.379999999999995
United States,Kansas,Oats,2018,spring,152.53,7.0,12.0,1671.2100000000003,31.990000000000002,30.36,3.0,0.0,179.79,30.349999999999998,398.38,19.0,0.0,2116.3799999999997,70.85,96.35999999999997,0.0,12.0,1013.6299999999999,31.990000000000002,45.82,2.0,0.0,433.01,27.65,439.09000000000003,27.0,0.0,2520.74,70.85
United States,Kansas,Oats,2019,spring,417.53999999999996,0.0,4.0,1551.2000000000003,100.49000000000001,24.89,0.0,0.0,160.58,15.5,338.11,1.0,0.0,2163.7300000000005,62.650000000000006,314.53000000000003,0.0,4.0,1029.7699999999998,100.49000000000001,92.15,0.0,0.0,440.21000000000004,48.22,373.86,1.0,0.0,2405.53,68.48
United States,Kansas,Oats,2020,spring,168.9,3.0,11.0,1622.8899999999999,39.779999999999994,53.38,0.0,0.0,161.7,43.97,274.88000000000005,16.0,0.0,2181.1600000000003,43.75,138.31,0.0,11.0,1070.86,30.11,30.589999999999996,2.0,0.0,463.79,14.44,328.26000000000005,17.0,0.0,2431.1,43.97
United States,Kansas,Oats,2021,spring,201.83,0.0,4.0,1524.4699999999998,41.38,2.06,6.0,0.0,196.15,2.06,292.09999999999997,32.0,0.0,2169.06,67.22999999999999,126.63,0.0,4.0,1031.1599999999999,41.38,75.2,0.0,0.0,401.88999999999993,38.98,294.15999999999997,38.0,0.0,2456.629999999999,67.22999999999999
United States,Kansas,Oats,2022,spring,285.15999999999997,2.0,3.0,1607.68,93.58,10.86,5.0,0.0,202.61,10.86,181.71,48.0,0.0,2266.2299999999996,33.11,66.33000000000001,0.0,3.0,960.8300000000002,30.32,195.82,0.0,0.0,454.18,93.58,215.57999999999996,55.0,0.0,2661.5099999999998,33.11
United States,Kansas,Oats,2023,spring,181.5,1.0,2.0,1662.77,31.61,44.09,0.0,0.0,169.20000000000002,21.43,206.47,39.0,0.0,2233.68,31.93,82.07,1.0,2.0,1043.12,31.61,56.64000000000001,0.0,0.0,404.71000000000004,29.21,293.35,39.0,0.0,2617.8199999999997,31.93
United States,Kansas,Oats,2024,spring,193.70000000000002,1.0,0.0,1653.43,40.09,40.3,1.0,0.0,160.89000000000004,34.83,237.18,38.0,0.0,2192.9,47.20000000000001,69.19000000000001,0.0,0.0,934.17,19.3,65.16,0.0,0.0,433.65999999999997,33.00000000000001,336.83,40.0,0.0,2639.39,47.20000000000001
United States,Kansas,Oats,2025,spring,258.04999999999995,0.0,1.0,1578.8100000000002,53.809999999999995,59.019999999999996,0.0,0.0,172.95999999999998,58.13999999999999,387.58000000000004,15.0,0.0,2092.57,41.440000000000005,90.83,0.0,1.0,969.69,18.15,151.36000000000004,0.0,0.0,437.56,53.81,462.46000000000004,15.0,0.0,2437.0900000000006,58.13999999999999
United States,Kansas,Canola,2016,spring,337.04,4.0,1.0,2023.1499999999999,61.1,132.82,6.0,0.0,654.3800000000001,66.53999999999999,255.07999999999998,4.0,0.0,1245.73,35.89,139.68000000000004,0.0,1.0,861.6899999999998,51.07,137.51999999999998,0.0,0.0,582.0,61.1,447.73999999999995,14.0,0.0,2479.5699999999997,66.53999999999999
United States,Kansas,Canola,2017,spring,314.96999999999997,1.0,0.0,2003.57,51.239999999999995,38.709999999999994,16.0,0.0,715.4899999999999,13.620000000000001,119.87,7.0,0.0,1227.25,39.38,174.86999999999998,0.0,0.0,865.09,41.28,88.46,0.0,0.0,584.06,51.24,210.22,24.0,0.0,2497.16,39.379999999999995
United States,Kansas,Canola,2018,spring,227.75000000000003,13.0,12.0,2077.9600000000005,31.990000000000002,79.5,11.0,0.0,701.17,26.89,274.02,5.0,0.0,1188.25,70.85,76.17999999999999,0.0,12.0,865.2000000000002,31.990000000000002,65.87,1.0,0.0,499.3,27.65,439.22,28.0,0.0,2602.8799999999997,70.85
United States,Kansas,Canola,2019,spring,511.26,0.0,4.0,1949.4900000000002,100.49000000000001,47.57,0.0,0.0,727.0699999999999,27.53,221.70999999999998,1.0,0.0,1198.9500000000003,50.53,196.95999999999998,0.0,4.0,917.2400000000001,100.49000000000001,209.72,0.0,0.0,552.74,76.16999999999999,373.86,1.0,0.0,2405.53,68.48
United States,Kansas,Canola,2020,spring,238.57000000000002,4.0,11.0,2024.2,43.97,136.47,1.0,0.0,679.9800000000001,36.07,122.12,14.0,0.0,1261.57,42.04,88.39,0.0,11.0,972.5799999999999,24.75,80.47999999999999,2.0,0.0,532.71,39.779999999999994,328.29,17.0,0.0,2460.46,43.97
United States,Kansas,Canola,2021,spring,253.12000000000003,9.0,4.0,1914.57,41.38,59.29,7.0,0.0,652.0699999999999,25.44,183.57999999999998,22.0,0.0,1323.04,67.23,122.44,0.0,4.0,960.1499999999999,41.38,79.02,0.0,0.0,454.94000000000005,38.98,294.53,38.0,0.0,2474.59,67.22999999999999
United States,Kansas,Canola,2022,spring,316.12,9.0,3.0,2018.18,93.58,84.54999999999998,17.0,0.0,691.5300000000001,33.11,77.06,29.0,0.0,1366.8100000000002,27.03,60.68000000000001,0.0,3.0,830.25,30.32,198.01999999999998,0.0,0.0,557.83,93.58,219.02999999999994,55.0,0.0,2688.44,33.11
United States,Kansas,Canola,2023,spring,239.41000000000003,3.0,2.0,2068.52,31.61,78.51,13.0,0.0,651.4399999999999,25.16,114.13999999999999,24.0,0.0,1345.69,31.93,50.32,1.0,2.0,909.13,17.61,81.77,0.0,0.0,488.90000000000003,31.61,299.97,39.0,0.0,2667.62,31.93
United States,Kansas,Canola,2024,spring,258.01,8.0,0.0,2040.6100000000004,40.09,47.93,13.0,0.0,675.6099999999999,29.09,165.24,19.0,0.0,1291.0,47.20000000000001,50.46,0.0,0.0,754.7600000000001,19.3,71.29,0.0,0.0,559.31,33.00000000000001,349.43,40.0,0.0,2693.15,47.20000000000001
United States,Kansas,Canola,2025,spring,364.53,0.0,1.0,1977.1599999999999,58.13999999999999,99.55000000000001,7.0,0.0,687.2399999999998,37.01,240.57,8.0,0.0,1179.94,41.440000000000005,90.82,0.0,1.0,795.5799999999999,18.15,132.45000000000002,0.0,0.0,566.52,53.81,481.38000000000005,15.0,0.0,2482.24,58.13999999999999
United States,Minnesota,Wheat,1990,spring,338.96000000000004,0.0,23.0,1655.0,71.58000000000001,48.65,0.0,0.0,311.07,31.4,256.38,0.0,0.0,1436.69,51.78,323.76,0.0,23.0,1630.6400000000003,71.58000000000001,37.160000000000004,0.0,0.0,225.69,20.439999999999998,283.06999999999994,0.0,0.0,1546.43,51.78
United States,Minnesota,Wheat,1991,spring,348.04,0.0,16.0,1653.8700000000001,51.92,81.06,0.0,0.0,241.04999999999995,31.810000000000002,239.12,0.0,1.0,1478.22,63.910000000000004,295.12000000000006,0.0,16.0,1456.94,51.92,73.57,0.0,0.0,216.67999999999995,31.55,299.53000000000003,0.0,1.0,1699.52,63.910000000000004
United States,Minnesota,Wheat,1992,spring,195.23999999999998,0.0,19.0,1682.6199999999997,49.04,93.75,0.0,0.0,248.76999999999998,52.78,163.07,0.0,0.0,1312.54,36.239999999999995,194.94000000000003,0.0,19.0,1629.75,49.04,78.08,0.0,0.0,262.98,52.78,179.04,0.0,0.0,1351.1999999999998,36.239999999999995
United States,Minnesota,Wheat,1993,spring,328.3399999999999,0.0,18.0,1593.3700000000001,53.589999999999996,91.94000000000001,0.0,0.0,259.43,32.94,221.43,0.0,1.0,1283.48,30.83,339.5199999999999,0.0,18.0,1620.57,53.589999999999996,90.44,0.0,0.0,240.20999999999998,32.94,211.75,0.0,1.0,1275.4999999999998,30.83
United States,Minnesota,Wheat,1994,spring,267.33,0.0,23.0,1797.76,46.96,62.38999999999999,0.0,0.0,281.87,41.03,239.73999999999998,0.0,0.0,1339.63,41.17999999999999,247.57,0.0,23.0,1701.18,46.96,41.13,0.0,0.0,232.95000000000002,18.97,280.75999999999993,0.0,0.0,1485.13,41.17999999999999
United States,Minnesota,Wheat,1995,spring,199.6,0.0,23.0,1715.9199999999998,27.19,84.77000000000001,0.0,0.0,250.93,49.75,307.5,0.0,1.0,1343.4299999999998,75.21,199.6,0.0,23.0,1715.9199999999998,27.19,79.09,0.0,0.0,228.04,49.75,313.18,0.0,1.0,1366.3200000000002,75.21
United States,Minnesota,Wheat,1996,spring,209.15,0.0,29.0,1748.0600000000002,39.91,51.09,0.0,0.0,321.27,21.799999999999997,143.7,0.0,0.0,1406.04,23.86,217.41000000000003,0.0,29.0,1841.5000000000002,39.91,49.32000000000001,0.0,0.0,262.37,24.46,137.21000000000004,0.0,0.0,1371.5,23.86
United States,Minnesota,Wheat,1997,spring,149.88,0.0,23.0,1825.68,32.76,74.61999999999999,0.0,0.0,276.58,30.929999999999993,255.42000000000002,0.0,0.0,1368.1100000000001,33.68,149.88,0.0,23.0,1825.68,32.76,74.61999999999999,0.0,0.0,276.58,30.929999999999993,255.42000000000002,0.0,0.0,1368.1100000000001,33.68
United States,Minnesota,Wheat,1998,spring,260.51000000000005,0.0,10.0,1830.94,39.09,29.9,0.0,0.0,305.27000000000004,20.82,161.61,0.0,0.0,1545.5800000000002,33.52,207.61000000000004,0.0,10.0,1638.7900000000004,39.09,54.339999999999996,0.0,0.0,236.85,36.51,190.07000000000002,0.0,0.0,1806.15,33.52
United States,Minnesota,Wheat,1999,spring,343.15000000000003,0.0,9.0,1665.3600000000001,82.64,56.85999999999999,0.0,0.0,294.77,20.96,257.88,0.0,0.0,1393.89,34.38,291.6,0.0,9.0,1521.5,82.64,76.09,0.0,0.0,248.33999999999997,35.23,290.19999999999993,0.0,0.0,1584.18,34.38
United States,Minnesota,Wheat,2000,spring,200.34,0.0,23.0,1659.2,27.47,73.6,0.0,0.0,294.84999999999997,36.71,132.58999999999997,0.0,1.0,1403.7200000000003,40.78,189.33,0.0,23.0,1574.9299999999998,27.47,39.19,0.0,0.0,266.46999999999997,16.03,178.01,0.0,1.0,1516.3700000000003,40.78
United States,Minnesota,Wheat,2001,spring,435.98,0.0,15.0,1595.1,83.10000000000001,4.359999999999999,0.0,0.0,355.58,1.87,193.60000000000002,0.0,0.0,1432.7600000000002,30.379999999999995,433.93,0.0,15.0,1485.55,83.10000000000001,6.250000000000001,0.0,0.0,330.54999999999995,2.0700000000000003,193.76,0.0,0.0,1567.34,30.379999999999995
United States,Minnesota,Wheat,2002,spring,249.08999999999997,0.0,28.0,1689.22,53.660000000000004,112.00999999999999,0.0,0.0,324.69,66.11,313.09999999999997,0.0,0.0,1404.5300000000002,49.06,249.08999999999997,0.0,28.0,1689.22,53.660000000000004,63.379999999999995,0.0,0.0,235.16,58.910000000000004,361.73,0.0,0.0,1494.06,49.06
United States,Minnesota,Wheat,2003,spring,325.19,0.0,15.0,1758.1399999999999,65.73,65.28999999999999,0.0,0.0,333.56999999999994,34.0,139.35999999999999,1.0,1.0,1448.62,64.02,316.13,0.0,15.0,1706.9600000000003,65.73,51.27,0.0,0.0,319.47999999999996,34.0,162.43999999999997,1.0,1.0,1513.8899999999999,64.02
United States,Minnesota,Wheat,2004,spring,263.41,0.0,17.0,1648.84,39.97,59.370000000000005,0.0,0.0,281.98,36.34,184.15000000000003,0.0,0.0,1383.02,39.7,263.41,0.0,17.0,1648.84,39.97,57.56,0.0,0.0,258.79,34.86,185.95999999999998,0.0,0.0,1406.21,39.7
United States,Minnesota,Wheat,2005,spring,225.81,0.0,16.0,1592.06,27.38,26.519999999999996,0.0,0.0,314.1,20.139999999999997,139.77,5.0,0.0,1455.76,25.990000000000002,193.90999999999997,0.0,16.0,1390.0900000000001,27.38,52.03,0.0,0.0,222.61,25.82,146.15999999999997,5.0,0.0,1749.2199999999998,25.990000000000002
United States,Minnesota,Wheat,2006,spring,125.0,0.0,8.0,1779.6499999999999,26.36,6.35,0.0,0.0,363.36999999999995,3.24,137.42,8.0,0.0,1429.88,24.38,101.74,0.0,8.0,1467.63,26.36,22.58,0.0,0.0,268.46,13.549999999999999,144.45,8.0,0.0,1836.81,24.38
United States,Minnesota,Wheat,2007,spring,148.38,0.0,16.0,1834.6799999999998,27.669999999999998,31.95,1.0,0.0,327.66999999999996,23.45,224.49,2.0,0.0,1409.32,54.12,136.20999999999998,0.0,16.0,1547.2699999999998,27.669999999999998,12.169999999999998,0.0,0.0,266.31,8.629999999999999,256.44,3.0,0.0,1758.09,54.12
United States,Minnesota,Wheat,2008,spring,308.67999999999995,0.0,18.0,1656.5100000000002,50.24,40.75,0.0,0.0,335.39,35.089999999999996,197.74,0.0,0.0,1447.21,38.660000000000004,308.7699999999999,0.0,18.0,1711.2400000000002,50.24,40.75000000000001,0.0,0.0,307.35999999999996,35.089999999999996,197.65,0.0,0.0,1420.5099999999998,38.660000000000004
United States,Minnesota,Wheat,2009,spring,144.9,0.0,17.0,1815.5,22.470000000000002,4.2,0.0,0.0,322.49,1.65,233.66,0.0,0.0,1371.29,47.129999999999995,144.74,0.0,17.0,1791.67,22.470000000000002,3.5700000000000003,0.0,0.0,288.58,1.65,234.45,0.0,0.0,1429.0300000000002,47.129999999999995
United States,Minnesota,Wheat,2010,spring,259.83,0.0,6.0,1654.91,32.93,42.47,0.0,0.0,361.48999999999995,27.290000000000003,382.85,0.0,0.0,1369.27,49.86999999999999,217.89,0.0,6.0,1464.1499999999996,32.93,47.900000000000006,0.0,0.0,248.03,22.7,419.36,0.0,0.0,1673.4900000000002,49.86999999999999
United States,Minnesota,Wheat,2011,spring,311.23,0.0,21.0,1561.31,56.370000000000005,49.95,0.0,0.0,359.57000000000005,24.660000000000004,224.01999999999998,0.0,0.0,1409.52,32.23,311.23,0.0,21.0,1589.58,56.370000000000005,47.410000000000004,0.0,0.0,284.22,24.660000000000004,226.56,0.0,0.0,1456.6000000000001,32.23
United States,Minnesota,Wheat,2012,spring,438.71000000000004,0.0,10.0,1713.7599999999998,73.60999999999999,43.37,0.0,0.0,358.22999999999996,31.349999999999998,139.78,0.0,0.0,1530.6599999999999,26.61,376.18999999999994,0.0,10.0,1494.2599999999998,73.60999999999999,62.559999999999995,0.0,0.0,271.88,60.97,183.10999999999999,0.0,0.0,1836.5100000000002,31.35
United States,Minnesota,Wheat,2013,spring,325.12,0.0,29.0,1537.6999999999998,71.18,23.97,0.0,0.0,334.85,16.27,152.26,1.0,0.0,1418.38,24.87,327.35,0.0,29.0,1612.4299999999996,71.18,21.740000000000002,0.0,0.0,260.12,16.27,152.26,1.0,0.0,1418.38,24.87
United States,Minnesota,Wheat,2014,spring,421.90999999999997,0.0,20.0,1652.2099999999998,68.09,44.14,0.0,0.0,310.21999999999997,29.119999999999997,240.08,0.0,0.0,1357.83,47.620000000000005,421.90999999999997,0.0,20.0,1652.2099999999998,68.09,42.8,0.0,0.0,296.21999999999997,27.79,241.42000000000002,0.0,0.0,1371.8300000000002,47.620000000000005
United States,Minnesota,Wheat,2015,spring,259.41999999999996,0.0,14.0,1752.35,41.82,62.57,0.0,0.0,305.45000000000005,36.34,238.22000000000003,0.0,0.0,1422.3199999999997,57.66,247.15,0.0,14.0,1631.2699999999998,41.82,23.35,0.0,0.0,274.81,12.97,289.71,0.0,0.0,1574.0399999999997,57.66
United States,Minnesota,Wheat,2016,spring,198.4,0.0,17.0,1714.4499999999998,42.629999999999995,125.42,0.0,0.0,299.38,108.13000000000001,312.8,0.0,0.0,1363.4,61.39,181.49,0.0,17.0,1544.38,42.629999999999995,18.97,0.0,0.0,322.92,14.690000000000001,436.15999999999997,0.0,0.0,1509.9300000000003,108.13000000000001
United States,Minnesota,Wheat,2017,spring,264.81,0.0,10.0,1685.1100000000001,39.95,47.4,0.0,0.0,315.06,19.869999999999997,295.2,0.0,0.0,1358.35,44.41,245.35999999999999,0.0,10.0,1587.0900000000001,39.95,41.57,0.0,0.0,289.97,33.43,320.48,0.0,0.0,1481.46,44.41
United States,Minnesota,Wheat,2018,spring,207.64000000000001,0.0,23.0,1841.45,46.45,99.3,0.0,0.0,299.84999999999997,35.83,234.51999999999998,0.0,2.0,1314.7199999999998,39.17999999999999,193.64,0.0,23.0,1695.03,46.45,57.64,0.0,0.0,230.53,33.33,290.18000000000006,0.0,2.0,1530.4599999999998,39.17999999999999
United States,Minnesota,Wheat,2019,spring,280.17,0.0,16.0,1650.13,43.55,62.06,0.0,0.0,299.35,35.04,327.25,0.0,0.0,1346.3500000000001,44.06999999999999,308.92,0.0,16.0,1681.9900000000002,43.55,33.22,0.0,0.0,241.02999999999997,13.95,327.34000000000003,0.0,0.0,1372.81,44.06999999999999
United States,Minnesota,Wheat,2020,spring,139.23999999999998,0.0,23.0,1891.4000000000003,18.759999999999998,75.10000000000001,0.0,0.0,311.82000000000005,36.95,242.55,0.0,0.0,1393.5,56.16,134.12000000000006,0.0,23.0,1833.8099999999997,18.759999999999998,45.339999999999996,0.0,0.0,230.18999999999997,41.27,277.43,0.0,0.0,1532.7200000000005,56.16
United States,Minnesota,Wheat,2021,spring,171.51,0.0,13.0,1803.25,50.96,27.900000000000002,1.0,0.0,341.88,25.91,232.11,1.0,0.0,1433.3200000000002,52.56,136.02,0.0,13.0,1588.1900000000003,50.96,37.43,0.0,0.0,266.01000000000005,18.85,258.07,2.0,0.0,1724.2499999999998,52.56
United States,Minnesota,Wheat,2022,spring,322.42,0.0,25.0,1636.9099999999996,61.27,35.12,0.0,0.0,289.34,20.13,210.71,0.0,0.0,1413.4600000000003,37.199999999999996,322.42,0.0,25.0,1636.9099999999996,61.27,21.799999999999997,0.0,0.0,239.23999999999998,20.13,224.03000000000003,0.0,0.0,1463.5600000000002,37.199999999999996
United States,Minnesota,Wheat,2023,spring,210.46,0.0,19.0,1791.58,45.17000000000001,8.239999999999998,0.0,0.0,317.40999999999997,3.8899999999999997,193.20999999999998,3.0,0.0,1298.79,49.76,157.55,0.0,19.0,1669.2900000000002,43.050000000000004,53.730000000000004,0.0,0.0,225.82,45.17,200.63000000000002,3.0,0.0,1512.6699999999998,49.76
United States,Minnesota,Wheat,2024,spring,447.34999999999997,0.0,11.0,1661.59,66.94,38.71,0.0,0.0,318.72999999999996,21.73,221.13,0.0,0.0,1420.3899999999999,48.779999999999994,404.01,0.0,11.0,1527.37,66.94,66.13000000000001,0.0,0.0,288.0,32.43,237.04999999999998,0.0,0.0,1585.3400000000001,48.779999999999994
United States,Minnesota,Wheat,2025,spring,279.85,0.0,14.0,1662.6,43.18000000000001,52.60999999999999,0.0,0.0,334.36,24.54,208.65,0.0,0.0,1264.65,42.88,233.31000000000003,0.0,14.0,1560.8199999999997,43.18000000000001,64.39,0.0,0.0,229.95999999999998,38.28,243.40999999999997,0.0,0.0,1470.83,42.88
United States,Minnesota,Barley,1990,spring,338.96000000000004,0.0,23.0,1655.0,71.58000000000001,48.65,0.0,0.0,311.07,31.4,256.38,0.0,0.0,1436.69,51.78,323.76,0.0,23.0,1630.6400000000003,71.58000000000001,48.13,0.0,0.0,276.23,31.4,272.09999999999997,0.0,0.0,1495.89,51.78
United States,Minnesota,Barley,1991,spring,348.04,0.0,16.0,1653.8700000000001,51.92,81.06,0.0,0.0,241.04999999999995,31.810000000000002,239.12,0.0,1.0,1478.22,63.910000000000004,295.12000000000006,0.0,16.0,1456.94,51.92,86.52999999999999,0.0,0.0,251.17999999999995,31.81,286.57,0.0,1.0,1665.02,63.910000000000004
United States,Minnesota,Barley,1992,spring,195.23999999999998,0.0,19.0,1682.6199999999997,49.04,93.75,0.0,0.0,248.76999999999998,52.78,163.07,0.0,0.0,1312.54,36.239999999999995,194.94000000000003,0.0,19.0,1629.75,49.04,84.75,0.0,0.0,278.55,52.78,172.37,0.0,0.0,1335.6299999999999,36.239999999999995
United States,Minnesota,Barley,1993,spring,328.3399999999999,0.0,18.0,1593.3700000000001,53.589999999999996,91.94000000000001,0.0,0.0,259.43,32.94,221.43,0.0,1.0,1283.48,30.83,339.5199999999999,0.0,18.0,1620.57,53.589999999999996,90.47,0.0,0.0,286.42999999999995,32.94,211.72,0.0,1.0,1229.28,30.83
United States,Minnesota,Barley,1994,spring,267.33,0.0,23.0,1797.76,46.96,62.38999999999999,0.0,0.0,281.87,41.03,239.73999999999998,0.0,0.0,1339.63,41.17999999999999,247.57,0.0,23.0,1701.18,46.96,75.98,0.0,0.0,272.67,41.03,245.90999999999997,0.0,0.0,1445.41,41.17999999999999
United States,Minnesota,Barley,1995,spring,199.6,0.0,23.0,1715.9199999999998,27.19,84.77000000000001,0.0,0.0,250.93,49.75,307.5,0.0,1.0,1343.4299999999998,75.21,199.6,0.0,23.0,1715.9199999999998,27.19,84.77000000000001,0.0,0.0,250.93,49.75,307.5,0.0,1.0,1343.4299999999998,75.21
United States,Minnesota,Barley,1996,spring,209.15,0.0,29.0,1748.0600000000002,39.91,51.09,0.0,0.0,321.27,21.799999999999997,143.7,0.0,0.0,1406.04,23.86,217.41000000000003,0.0,29.0,1841.5000000000002,39.91,49.620000000000005,0.0,0.0,288.47,24.46,136.91000000000003,0.0,0.0,1345.4,23.86
United States,Minnesota,Barley,1997,spring,149.88,0.0,23.0,1825.68,32.76,74.61999999999999,0.0,0.0,276.58,30.929999999999993,255.42000000000002,0.0,0.0,1368.1100000000001,33.68,149.88,0.0,23.0,1825.68,32.76,97.71,0.0,0.0,299.21999999999997,36.97,232.33,0.0,0.0,1345.47,32.09
United States,Minnesota,Barley,1998,spring,260.51000000000005,0.0,10.0,1830.94,39.09,29.9,0.0,0.0,305.27000000000004,20.82,161.61,0.0,0.0,1545.5800000000002,33.52,207.61000000000004,0.0,10.0,1638.7900000000004,39.09,54.919999999999995,0.0,0.0,262.42,36.51,189.49,0.0,0.0,1780.5800000000002,33.52
United States,Minnesota,Barley,1999,spring,343.15000000000003,0.0,9.0,1665.3600000000001,82.64,56.85999999999999,0.0,0.0,294.77,20.96,257.88,0.0,0.0,1393.89,34.38,291.6,0.0,9.0,1521.5,82.64,81.21000000000001,0.0,0.0,260.2,35.23,285.08000000000004,0.0,0.0,1572.3200000000002,34.38
United States,Minnesota,Barley,2000,spring,200.34,0.0,23.0,1659.2,27.47,73.6,0.0,0.0,294.84999999999997,36.71,132.58999999999997,0.0,1.0,1403.7200000000003,40.78,189.33,0.0,23.0,1574.9299999999998,27.47,49.379999999999995,0.0,0.0,272.23999999999995,21.63,167.81999999999996,0.0,1.0,1510.6000000000001,40.78
United States,Minnesota,Barley,2001,spring,435.98,0.0,15.0,1595.1,83.10000000000001,4.359999999999999,0.0,0.0,355.58,1.87,193.60000000000002,0.0,0.0,1432.7600000000002,30.379999999999995,433.93,0.0,15.0,1485.55,83.10000000000001,6.2700000000000005,0.0,0.0,360.17999999999995,2.0700000000000003,193.74,0.0,0.0,1537.71,30.379999999999995
United States,Minnesota,Barley,2002,spring,249.08999999999997,0.0,28.0,1689.22,53.660000000000004,112.00999999999999,0.0,0.0,324.69,66.11,313.09999999999997,0.0,0.0,1404.5300000000002,49.06,249.08999999999997,0.0,28.0,1689.22,53.660000000000004,63.53999999999999,0.0,0.0,260.09,58.910000000000004,361.57,0.0,0.0,1469.1299999999999,49.06
United States,Minnesota,Barley,2003,spring,325.19,0.0,15.0,1758.1399999999999,65.73,65.28999999999999,0.0,0.0,333.56999999999994,34.0,139.35999999999999,1.0,1.0,1448.62,64.02,316.13,0.0,15.0,1706.9600000000003,65.73,70.08,0.0,0.0,325.46999999999997,34.0,143.63,1.0,1.0,1507.9,64.02
United States,Minnesota,Barley,2004,spring,263.41,0.0,17.0,1648.84,39.97,59.370000000000005,0.0,0.0,281.98,36.34,184.15000000000003,0.0,0.0,1383.02,39.7,263.41,0.0,17.0,1648.84,39.97,59.370000000000005,0.0,0.0,281.98,36.34,184.15000000000003,0.0,0.0,1383.02,39.7
United States,Minnesota,Barley,2005,spring,225.81,0.0,16.0,1592.06,27.38,26.519999999999996,0.0,0.0,314.1,20.139999999999997,139.77,5.0,0.0,1455.76,25.990000000000002,193.90999999999997,0.0,16.0,1390.0900000000001,27.38,53.94,0.0,0.0,280.64000000000004,25.82,144.25,5.0,0.0,1691.1899999999998,25.990000000000002
United States,Minnesota,Barley,2006,spring,125.0,0.0,8.0,1779.6499999999999,26.36,6.35,0.0,0.0,363.36999999999995,3.24,137.42,8.0,0.0,1429.88,24.38,101.74,0.0,8.0,1467.63,26.36,23.259999999999998,0.0,0.0,287.35999999999996,13.549999999999999,143.77,8.0,0.0,1817.9099999999999,24.38
United States,Minnesota,Barley,2007,spring,148.38,0.0,16.0,1834.6799999999998,27.669999999999998,31.95,1.0,0.0,327.66999999999996,23.45,224.49,2.0,0.0,1409.32,54.12,136.20999999999998,0.0,16.0,1547.2699999999998,27.669999999999998,12.169999999999998,0.0,0.0,287.41,8.629999999999999,256.44,3.0,0.0,1736.9899999999998,54.12
United States,Minnesota,Barley,2008,spring,308.67999999999995,0.0,18.0,1656.5100000000002,50.24,40.75,0.0,0.0,335.39,35.089999999999996,197.74,0.0,0.0,1447.21,38.660000000000004,308.7699999999999,0.0,18.0,1711.2400000000002,50.24,42.56000000000001,0.0,0.0,336.28999999999996,35.089999999999996,195.84,0.0,0.0,1391.58,38.660000000000004
United States,Minnesota,Barley,2009,spring,144.9,0.0,17.0,1815.5,22.470000000000002,4.2,0.0,0.0,322.49,1.65,233.66,0.0,0.0,1371.29,47.129999999999995,144.74,0.0,17.0,1791.67,22.470000000000002,3.5700000000000003,0.0,0.0,319.43,1.65,234.45,0.0,0.0,1398.18,47.129999999999995
United States,Minnesota,Barley,2010,spring,259.83,0.0,6.0,1654.91,32.93,42.47,0.0,0.0,361.48999999999995,27.290000000000003,382.85,0.0,0.0,1369.27,49.86999999999999,217.89,0.0,6.0,1464.1499999999996,32.93,48.11000000000001,0.0,0.0,277.48,22.7,419.1500000000001,0.0,0.0,1644.0400000000002,49.86999999999999
United States,Minnesota,Barley,2011,spring,311.23,0.0,21.0,1561.31,56.370000000000005,49.95,0.0,0.0,359.57000000000005,24.660000000000004,224.01999999999998,0.0,0.0,1409.52,32.23,311.23,0.0,21.0,1589.58,56.370000000000005,49.95,0.0,0.0,312.31,24.660000000000004,224.02,0.0,0.0,1428.51,32.23
United States,Minnesota,Barley,2012,spring,438.71000000000004,0.0,10.0,1713.7599999999998,73.60999999999999,43.37,0.0,0.0,358.22999999999996,31.349999999999998,139.78,0.0,0.0,1530.6599999999999,26.61,376.18999999999994,0.0,10.0,1494.2599999999998,73.60999999999999,62.709999999999994,0.0,0.0,299.12,60.97,182.95999999999998,0.0,0.0,1809.2700000000002,31.35
United States,Minnesota,Barley,2013,spring,325.12,0.0,29.0,1537.6999999999998,71.18,23.97,0.0,0.0,334.85,16.27,152.26,1.0,0.0,1418.38,24.87,327.35,0.0,29.0,1612.4299999999996,71.18,33.17,0.0,0.0,268.74,16.27,140.82999999999998,1.0,0.0,1409.76,24.87
United States,Minnesota,Barley,2014,spring,421.90999999999997,0.0,20.0,1652.2099999999998,68.09,44.14,0.0,0.0,310.21999999999997,29.119999999999997,240.08,0.0,0.0,1357.83,47.620000000000005,421.90999999999997,0.0,20.0,1652.2099999999998,68.09,44.14,0.0,0.0,310.21999999999997,29.119999999999997,240.08,0.0,0.0,1357.83,47.620000000000005
United States,Minnesota,Barley,2015,spring,259.41999999999996,0.0,14.0,1752.35,41.82,62.57,0.0,0.0,305.45000000000005,36.34,238.22000000000003,0.0,0.0,1422.3199999999997,57.66,247.15,0.0,14.0,1631.2699999999998,41.82,51.760000000000005,0.0,0.0,318.07,36.34,261.29999999999995,0.0,0.0,1530.7799999999997,57.66
United States,Minnesota,Barley,2016,spring,198.4,0.0,17.0,1714.4499999999998,42.629999999999995,125.42,0.0,0.0,299.38,108.13000000000001,312.8,0.0,0.0,1363.4,61.39,181.49,0.0,17.0,1544.38,42.629999999999995,24.919999999999998,0.0,0.0,339.78000000000003,14.690000000000001,430.21,0.0,0.0,1493.0700000000002,108.13000000000001
United States,Minnesota,Barley,2017,spring,264.81,0.0,10.0,1685.1100000000001,39.95,47.4,0.0,0.0,315.06,19.869999999999997,295.2,0.0,0.0,1358.35,44.41,245.35999999999999,0.0,10.0,1587.0900000000001,39.95,42.93,0.0,0.0,343.65,33.43,319.11999999999995,0.0,0.0,1427.78,44.41
United States,Minnesota,Barley,2018,spring,207.64000000000001,0.0,23.0,1841.45,46.45,99.3,0.0,0.0,299.84999999999997,35.83,234.51999999999998,0.0,2.0,1314.7199999999998,39.17999999999999,193.64,0.0,23.0,1695.03,46.45,62.47,0.0,0.0,247.16,33.33,285.35,0.0,2.0,1513.83,39.17999999999999
United States,Minnesota,Barley,2019,spring,280.17,0.0,16.0,1650.13,43.55,62.06,0.0,0.0,299.35,35.04,327.25,0.0,0.0,1346.3500000000001,44.06999999999999,308.92,0.0,16.0,1681.9900000000002,43.55,33.31,0.0,0.0,267.48999999999995,13.95,327.25,0.0,0.0,1346.3500000000001,44.06999999999999
United States,Minnesota,Barley,2020,spring,139.23999999999998,0.0,23.0,1891.4000000000003,18.759999999999998,75.10000000000001,0.0,0.0,311.82000000000005,36.95,242.55,0.0,0.0,1393.5,56.16,134.12000000000006,0.0,23.0,1833.8099999999997,18.759999999999998,46.41,0.0,0.0,256.86999999999995,41.27,276.35999999999996,0.0,0.0,1506.0400000000002,56.16
United States,Minnesota,Barley,2021,spring,171.51,0.0,13.0,1803.25,50.96,27.900000000000002,1.0,0.0,341.88,25.91,232.11,1.0,0.0,1433.3200000000002,52.56,136.02,0.0,13.0,1588.1900000000003,50.96,37.43,0.0,0.0,293.57000000000005,18.85,258.07,2.0,0.0,1696.6899999999998,52.56
United States,Minnesota,Barley,2022,spring,322.42,0.0,25.0,1636.9099999999996,61.27,35.12,0.0,0.0,289.34,20.13,210.71,0.0,0.0,1413.4600000000003,37.199999999999996,322.42,0.0,25.0,1636.9099999999996,61.27,25.819999999999997,0.0,0.0,249.55999999999997,20.13,220.01000000000002,0.0,0.0,1453.24,37.199999999999996
United States,Minnesota,Barley,2023,spring,210.46,0.0,19.0,1791.58,45.17000000000001,8.239999999999998,0.0,0.0,317.40999999999997,3.8899999999999997,193.20999999999998,3.0,0.0,1298.79,49.76,157.55,0.0,19.0,1669.2900000000002,43.050000000000004,54.17,0.0,0.0,249.14999999999998,45.17,200.19000000000003,3.0,0.0,1489.34,49.76
United States,Minnesota,Barley,2024,spring,447.34999999999997,0.0,11.0,1661.59,66.94,38.71,0.0,0.0,318.72999999999996,21.73,221.13,0.0,0.0,1420.3899999999999,48.779999999999994,404.01,0.0,11.0,1527.37,66.94,71.21000000000001,0.0,0.0,310.49,32.43,231.97,0.0,0.0,1562.8500000000001,48.779999999999994
United States,Minnesota,Barley,2025,spring,279.85,0.0,14.0,1662.6,43.18000000000001,52.60999999999999,0.0,0.0,334.36,24.54,208.65,0.0,0.0,1264.65,42.88,233.31000000000003,0.0,14.0,1560.8199999999997,43.18000000000001,66.25,0.0,0.0,256.33,38.28,241.54999999999998,0.0,0.0,1444.46,42.88
United States,Minnesota,Oats,1990,spring,267.52000000000004,0.0,23.0,1391.45,71.58000000000001,51.86,0.0,0.0,106.41,44.599999999999994,324.60999999999996,0.0,0.0,1904.9,51.78,262.3,0.0,23.0,1338.97,71.58000000000001,78.08999999999999,0.0,0.0,413.07,44.599999999999994,303.6,0.0,0.0,1650.72,51.78
United States,Minnesota,Oats,1991,spring,286.81000000000006,0.0,16.0,1365.5,51.92,39.86,0.0,0.0,137.73,31.550000000000004,341.55,0.0,1.0,1869.91,63.91,256.03,0.0,16.0,1128.95,51.92,72.55,0.0,0.0,476.48,31.550000000000004,339.64,0.0,1.0,1767.7099999999998,63.91
United States,Minnesota,Oats,1992,spring,124.73,0.0,19.0,1433.2,31.950000000000003,63.88,0.0,0.0,108.28999999999999,49.04,263.45,0.0,0.0,1702.4399999999998,52.78,115.62,0.0,19.0,1311.42,31.950000000000003,132.95000000000002,0.0,0.0,457.53999999999996,52.78,203.49,0.0,0.0,1474.97,36.239999999999995
United States,Minnesota,Oats,1993,spring,230.98999999999995,0.0,18.0,1323.3400000000001,53.589999999999996,49.08,0.0,0.0,124.55000000000001,32.2,361.63999999999993,0.0,1.0,1688.3899999999996,48.08,230.88999999999996,0.0,18.0,1308.41,53.589999999999996,174.58,0.0,0.0,428.58,48.08,236.23999999999998,0.0,1.0,1399.2899999999997,30.83
United States,Minnesota,Oats,1994,spring,179.84,0.0,23.0,1540.5999999999997,46.96,62.13999999999999,0.0,0.0,122.88999999999999,42.379999999999995,327.4799999999999,0.0,0.0,1755.77,41.17999999999999,166.67,0.0,23.0,1453.1000000000001,46.96,103.06000000000003,0.0,0.0,374.35999999999996,42.38,299.7299999999999,0.0,0.0,1591.8000000000002,41.17999999999999
United States,Minnesota,Oats,1995,spring,185.32000000000002,0.0,23.0,1378.79,27.19,1.4700000000000002,0.0,0.0,197.03999999999996,1.17,405.08,0.0,1.0,1734.45,75.21,185.48000000000002,0.0,23.0,1433.59,27.19,82.60000000000001,0.0,0.0,389.81,49.75,323.79,0.0,1.0,1486.8799999999999,75.21
United States,Minnesota,Oats,1996,spring,144.16,0.0,29.0,1523.02,39.91,32.44,0.0,0.0,92.77000000000001,16.09,227.34000000000003,0.0,0.0,1859.58,24.46,161.05,0.0,29.0,1562.31,39.91,76.61,0.0,0.0,413.53000000000003,24.47,166.28,0.0,0.0,1499.53,24.46
United States,Minnesota,Oats,1997,spring,68.08000000000001,0.0,23.0,1536.0800000000002,16.16,20.319999999999997,0.0,0.0,136.5,17.59,391.5199999999999,0.0,0.0,1797.7900000000002,44.839999999999996,82.17000000000002,0.0,23.0,1548.89,16.16,110.87000000000002,0.0,0.0,406.2099999999999,32.76,286.87999999999994,0.0,0.0,1515.2700000000002,44.84
United States,Minnesota,Oats,1998,spring,163.23000000000002,0.0,10.0,1568.1300000000003,39.09,49.34,0.0,0.0,119.66,38.010000000000005,239.45000000000002,0.0,0.0,1994.0,36.51,121.81000000000002,0.0,10.0,1307.43,34.99,114.14,0.0,0.0,449.19,38.010000000000005,216.07,0.0,0.0,1925.17,33.52
United States,Minnesota,Oats,1999,spring,273.54999999999995,0.0,9.0,1377.22,82.64,18.05,0.0,0.0,144.28,17.0,366.28999999999996,0.0,0.0,1832.5200000000002,35.23,251.5,0.0,9.0,1182.76,82.64,77.65999999999998,0.0,0.0,473.68,27.459999999999997,328.72999999999996,0.0,0.0,1697.58,34.38
United States,Minnesota,Oats,2000,spring,144.81000000000003,0.0,23.0,1405.7000000000003,23.1,40.08,0.0,0.0,110.27000000000001,19.28,221.64,0.0,1.0,1841.8000000000002,40.78,124.88,0.0,23.0,1291.49,23.1,80.19,0.0,0.0,456.15999999999997,27.47,201.46,0.0,1.0,1610.12,40.78
United States,Minnesota,Oats,2001,spring,407.88,0.0,15.0,1254.1799999999996,83.10000000000001,25.909999999999997,0.0,0.0,157.72,17.1,200.14999999999998,0.0,0.0,1971.54,30.38,341.4299999999999,0.0,15.0,1194.21,83.10000000000001,96.42,0.0,0.0,482.62,57.97,196.08999999999997,0.0,0.0,1706.61,30.38
United States,Minnesota,Oats,2002,spring,154.86,0.0,28.0,1392.0600000000002,32.64,52.42,0.0,0.0,149.37,33.43,466.92,0.0,0.0,1877.0099999999998,66.11,154.87,0.0,28.0,1419.9700000000003,32.64,96.02,0.0,0.0,403.01,53.660000000000004,423.31000000000006,0.0,0.0,1595.46,66.11
United States,Minnesota,Oats,2003,spring,224.07000000000002,0.0,15.0,1448.8200000000002,47.419999999999995,11.139999999999999,0.0,0.0,199.98000000000002,8.459999999999999,294.62999999999994,1.0,1.0,1891.53,65.73,221.66000000000003,0.0,15.0,1379.6100000000001,47.419999999999995,135.17,0.0,0.0,481.32000000000005,65.73,173.01,1.0,1.0,1679.4,64.02
United States,Minnesota,Oats,2004,spring,238.13,0.0,17.0,1338.1100000000001,39.97,11.129999999999999,0.0,0.0,166.84999999999997,10.83,257.67,0.0,0.0,1808.8799999999999,39.7,232.24,0.0,17.0,1258.92,39.97,40.51,0.0,0.0,538.67,13.529999999999998,234.17999999999998,0.0,0.0,1516.25,39.7
United States,Minnesota,Oats,2005,spring,193.58,0.0,16.0,1238.78,27.290000000000003,26.15,0.0,0.0,189.92,26.0,172.36999999999998,5.0,0.0,1933.2199999999998,25.990000000000002,138.47,0.0,16.0,1085.3300000000002,26.04,83.02,0.0,0.0,452.43,27.38,170.60999999999999,5.0,0.0,1824.1599999999996,25.990000000000002
United States,Minnesota,Oats,2006,spring,101.74,0.0,8.0,1467.63,26.36,13.809999999999999,0.0,0.0,142.48999999999998,13.549999999999999,153.22,8.0,0.0,1962.7799999999997,24.38,87.46000000000001,0.0,8.0,1117.93,26.36,28.05,0.0,0.0,467.81000000000006,13.549999999999999,153.26000000000002,8.0,0.0,1987.1599999999999,24.38
United States,Minnesota,Oats,2007,spring,130.23999999999998,0.0,16.0,1499.8799999999999,27.669999999999998,15.19,0.0,0.0,167.25,10.21,259.39,3.0,0.0,1904.54,54.12,114.36,0.0,16.0,1215.2300000000002,27.669999999999998,31.369999999999997,0.0,0.0,479.18000000000006,10.21,259.09000000000003,3.0,0.0,1877.26,54.12
United States,Minnesota,Oats,2008,spring,281.33,0.0,18.0,1323.79,50.24,2.57,0.0,0.0,178.48999999999998,1.77,263.27,0.0,0.0,1936.8300000000002,38.660000000000004,282.09999999999997,0.0,18.0,1368.74,50.24,31.47,0.0,0.0,515.49,24.16,233.6,0.0,0.0,1554.88,38.660000000000004
United States,Minnesota,Oats,2009,spring,88.85000000000001,0.0,17.0,1517.4699999999998,19.19,33.120000000000005,0.0,0.0,132.97,22.47,260.78999999999996,0.0,0.0,1858.8400000000001,47.129999999999995,89.48,0.0,17.0,1541.4599999999998,19.19,57.120000000000005,0.0,0.0,385.72,22.47,236.16,0.0,0.0,1582.1000000000001,47.129999999999995
United States,Minnesota,Oats,2010,spring,191.69,0.0,6.0,1385.4099999999996,32.93,31.9,0.0,0.0,136.42999999999998,26.11,461.56000000000006,0.0,0.0,1863.8300000000004,49.86999999999999,115.53999999999999,0.0,6.0,1188.9899999999998,32.93,121.65,0.0,0.0,389.9,29.35,447.96000000000004,0.0,0.0,1806.7800000000002,49.86999999999999
United States,Minnesota,Oats,2011,spring,228.14999999999998,0.0,21.0,1354.6200000000001,56.370000000000005,60.86,0.0,0.0,80.38,30.509999999999998,296.19000000000005,0.0,0.0,1895.4,32.23,217.15999999999997,0.0,21.0,1330.2900000000002,56.370000000000005,126.05999999999999,0.0,0.0,416.43000000000006,32.21,241.98,0.0,0.0,1583.6799999999998,32.23
United States,Minnesota,Oats,2012,spring,345.13,0.0,10.0,1419.11,73.60999999999999,92.03,0.0,0.0,118.08000000000001,67.54,184.7,0.0,0.0,2065.46,31.349999999999998,296.31000000000006,0.0,10.0,1171.62,73.60999999999999,142.39,0.0,0.0,435.42999999999995,67.54,183.15999999999997,0.0,0.0,1995.6000000000004,31.349999999999998
United States,Minnesota,Oats,2013,spring,231.21,0.0,29.0,1236.04,49.769999999999996,57.72,0.0,0.0,152.01000000000002,55.29,212.42,1.0,0.0,1902.8799999999999,24.87,233.64,0.0,29.0,1333.1599999999999,49.769999999999996,100.69999999999999,0.0,0.0,421.86,71.18,167.01,1.0,0.0,1535.91,24.87
United States,Minnesota,Oats,2014,spring,358.69,0.0,20.0,1386.7,68.09,42.97,0.0,0.0,141.22,24.069999999999997,304.47,0.0,0.0,1792.3400000000001,47.62,358.69,0.0,20.0,1386.7,68.09,69.81,0.0,0.0,433.19,24.069999999999997,277.63,0.0,0.0,1500.3700000000003,47.620000000000005
United States,Minnesota,Oats,2015,spring,205.72,0.0,14.0,1435.7099999999998,41.82,38.03999999999999,0.0,0.0,147.76,24.9,316.45,0.0,0.0,1896.6499999999999,57.66,203.88,0.0,14.0,1287.3499999999997,41.82,58.37,0.0,0.0,485.86999999999995,24.9,297.96000000000004,0.0,0.0,1706.8999999999999,57.66
United States,Minnesota,Oats,2016,spring,161.8,0.0,17.0,1386.5600000000002,42.629999999999995,19.69,0.0,0.0,157.82,16.85,455.12999999999994,0.0,0.0,1832.8500000000001,108.13000000000001,135.29000000000002,0.0,17.0,1281.0799999999997,42.629999999999995,63.11,0.0,0.0,433.37,21.82,438.21999999999997,0.0,0.0,1662.7800000000002,108.13000000000001
United States,Minnesota,Oats,2017,spring,232.84999999999997,0.0,10.0,1388.3600000000001,39.95,8.7,0.0,0.0,157.58,7.109999999999999,365.85999999999996,0.0,0.0,1812.58,44.41,191.67999999999998,0.0,10.0,1296.0199999999998,39.95,90.13,0.0,0.0,443.49,33.839999999999996,325.59999999999997,0.0,0.0,1619.0100000000002,44.41
United States,Minnesota,Oats,2018,spring,144.38,0.0,23.0,1559.5900000000001,29.23,49.26,0.0,0.0,135.44,46.449999999999996,347.82,0.0,2.0,1760.9899999999998,39.17999999999999,112.10999999999999,0.0,23.0,1417.6599999999999,24.36,95.52999999999999,0.0,0.0,423.78999999999996,46.45,333.82000000000005,0.0,2.0,1614.57,39.17999999999999
United States,Minnesota,Oats,2019,spring,224.73000000000002,0.0,16.0,1374.2799999999997,43.55,9.530000000000001,0.0,0.0,145.07000000000002,4.71,435.22,0.0,0.0,1776.4799999999998,44.06999999999999,225.64000000000001,0.0,16.0,1397.7899999999997,43.55,104.19999999999999,0.0,0.0,411.60999999999996,35.040000000000006,339.64000000000004,0.0,0.0,1486.43,44.06999999999999
United States,Minnesota,Oats,2020,spring,112.41,0.0,23.0,1556.0800000000004,18.759999999999998,20.299999999999997,0.0,0.0,151.83,14.75,324.18,0.0,0.0,1888.8100000000002,56.16,111.36999999999999,0.0,23.0,1525.9300000000003,18.759999999999998,64.88000000000001,0.0,0.0,451.58,41.27,280.64,0.0,0.0,1619.21,56.16
United States,Minnesota,Oats,2021,spring,135.78,0.0,13.0,1477.3200000000002,50.96,19.09,0.0,0.0,162.57,18.860000000000003,276.65,2.0,0.0,1938.5600000000002,52.56,130.5,0.0,13.0,1258.7,50.96,25.98,0.0,0.0,493.0200000000001,18.860000000000003,275.04,2.0,0.0,1826.73,52.56
United States,Minnesota,Oats,2022,spring,252.42,0.0,25.0,1307.0200000000002,61.27,26.169999999999998,0.0,0.0,168.64000000000001,21.29,289.66,0.0,0.0,1864.05,40.12,256.62,0.0,25.0,1320.88,61.27,86.72,0.0,0.0,441.05,40.12,224.91000000000003,0.0,0.0,1577.7800000000002,37.199999999999996
United States,Minnesota,Oats,2023,spring,154.51,0.0,19.0,1497.67,43.050000000000004,3.04,0.0,0.0,171.62,3.02,254.36,3.0,0.0,1738.4899999999998,49.760000000000005,148.15000000000003,0.0,19.0,1326.62,43.050000000000004,56.94,0.0,0.0,459.25,45.17,206.82000000000002,3.0,0.0,1621.9099999999999,49.76
United States,Minnesota,Oats,2024,spring,337.15,0.0,11.0,1428.1599999999999,66.94,66.86,0.0,0.0,99.20999999999998,43.35,303.18,0.0,0.0,1873.34,48.78,321.03000000000003,0.0,11.0,1227.7000000000003,66.94,126.32,0.0,0.0,433.88999999999993,43.349999999999994,259.84000000000003,0.0,0.0,1739.12,48.78
United States,Minnesota,Oats,2025,spring,208.29000000000005,0.0,14.0,1394.9399999999998,43.18000000000001,22.419999999999998,0.0,0.0,145.03,13.98,310.4,0.0,0.0,1721.6399999999999,42.88,182.79,0.0,14.0,1300.56,43.18000000000001,113.65,0.0,0.0,386.36999999999995,38.28,244.67,0.0,0.0,1574.6799999999998,42.88
United States,Minnesota,Canola,1997,spring,156.82,0.0,23.0,1865.04,32.76,171.0,0.0,0.0,566.43,44.84,152.10000000000002,0.0,0.0,1038.8999999999999,32.09,68.08000000000001,0.0,23.0,1536.0800000000002,16.16,144.75000000000003,0.0,0.0,551.28,32.76,267.09,0.0,0.0,1383.01,44.84
United States,Minnesota,Canola,1998,spring,261.95000000000005,0.0,10.0,1875.6399999999999,39.09,69.09,0.0,0.0,650.2900000000001,33.52,120.98,0.0,0.0,1155.8600000000001,24.33,85.81,0.0,10.0,1216.99,20.270000000000003,174.7,0.0,0.0,613.9499999999999,39.089999999999996,191.51,0.0,0.0,1850.85,33.52
United States,Minnesota,Canola,1999,spring,349.36000000000007,0.0,9.0,1706.38,82.64,112.62999999999998,0.0,0.0,634.83,32.25,195.89999999999998,0.0,0.0,1012.81,34.38,236.09,0.0,9.0,1164.45,82.64,126.94,0.0,0.0,584.03,35.23,294.85999999999996,0.0,0.0,1605.5399999999997,34.38
United States,Minnesota,Canola,2000,spring,201.64000000000001,0.0,23.0,1719.72,27.47,118.47999999999999,0.0,0.0,596.17,40.78,86.41,0.0,1.0,1041.88,21.58,124.3,0.0,23.0,1248.95,23.1,92.78000000000002,0.0,0.0,557.94,27.47,189.45000000000002,0.0,1.0,1550.88,40.78
United States,Minnesota,Canola,2001,spring,437.84,0.0,15.0,1644.5399999999997,83.10000000000001,66.77,0.0,0.0,632.22,30.38,129.33,0.0,0.0,1106.6799999999998,24.72,333.4899999999999,0.0,15.0,1170.55,83.10000000000001,106.63,0.0,0.0,618.66,57.97,193.81999999999996,0.0,0.0,1594.23,30.379999999999995
United States,Minnesota,Canola,2002,spring,249.13999999999996,0.0,28.0,1744.6599999999999,53.660000000000004,165.59000000000003,0.0,0.0,602.6800000000001,66.11,259.46999999999997,0.0,0.0,1071.1,49.06,154.86,0.0,28.0,1392.0600000000002,32.64,112.85,0.0,0.0,501.87,53.660000000000004,406.49,0.0,0.0,1524.5099999999998,66.11
United States,Minnesota,Canola,2003,spring,325.71,0.0,15.0,1809.49,65.73,88.63000000000001,0.0,0.0,634.6,34.0,115.5,1.0,1.0,1096.24,64.02,201.28000000000003,0.0,15.0,1340.3999999999999,47.419999999999995,158.56,0.0,0.0,604.45,65.73,170.0,1.0,1.0,1595.48,64.02
United States,Minnesota,Canola,2004,spring,264.20000000000005,0.0,17.0,1702.6799999999998,39.97,79.78,0.0,0.0,598.75,36.34,162.95,0.0,0.0,1012.4100000000001,39.7,232.24,0.0,17.0,1258.92,39.97,88.72999999999999,0.0,0.0,648.7100000000002,34.86,185.95999999999998,0.0,0.0,1406.21,39.7
United States,Minnesota,Canola,2005,spring,245.94,0.0,16.0,1612.6999999999998,27.38,30.69,2.0,0.0,643.72,16.810000000000002,115.47,3.0,0.0,1105.5,25.990000000000002,117.35,0.0,16.0,1061.51,26.04,108.35,0.0,0.0,508.32,27.38,166.39999999999998,5.0,0.0,1792.09,25.990000000000002
United States,Minnesota,Canola,2006,spring,126.98,0.0,8.0,1830.2799999999997,26.36,16.45,5.0,0.0,698.59,4.0200000000000005,125.34,3.0,0.0,1044.03,24.38,86.45,0.0,8.0,1066.69,26.36,29.1,0.0,0.0,573.5699999999999,13.549999999999999,153.22,8.0,0.0,1932.6399999999999,24.38
United States,Minnesota,Canola,2007,spring,148.38,0.0,16.0,1892.0199999999998,27.669999999999998,57.300000000000004,2.0,0.0,642.8099999999998,23.45,199.14,1.0,0.0,1036.8400000000001,54.12,83.94,0.0,16.0,1117.43,27.669999999999998,61.78999999999999,0.0,0.0,576.98,19.369999999999997,259.09000000000003,3.0,0.0,1877.26,54.12
United States,Minnesota,Canola,2008,spring,308.7699999999999,0.0,18.0,1711.2400000000002,50.24,69.35000000000001,0.0,0.0,630.47,35.089999999999996,169.05,0.0,0.0,1097.4,38.660000000000004,282.09999999999997,0.0,18.0,1368.74,50.24,67.32999999999998,0.0,0.0,623.16,35.089999999999996,197.74,0.0,0.0,1447.21,38.660000000000004
United States,Minnesota,Canola,2009,spring,145.62,0.0,17.0,1838.81,22.470000000000002,96.24,0.0,0.0,591.5799999999999,46.43,140.89999999999998,0.0,0.0,1078.8899999999999,47.129999999999995,89.48,0.0,17.0,1541.4599999999998,19.19,58.34,0.0,0.0,514.8800000000001,22.47,234.94,0.0,0.0,1452.94,47.129999999999995
United States,Minnesota,Canola,2010,spring,265.78999999999996,0.0,6.0,1712.18,32.93,129.19,0.0,0.0,631.1299999999999,32.78,290.16999999999996,0.0,0.0,1042.36,49.87,114.08,0.0,6.0,1137.7399999999998,32.93,145.75,0.0,0.0,517.17,29.35,425.32000000000005,0.0,0.0,1730.7600000000004,49.86999999999999
United States,Minnesota,Canola,2011,spring,311.51,0.0,21.0,1608.21,56.370000000000005,134.5,0.0,0.0,624.47,32.23,139.19,0.0,0.0,1097.72,31.57,217.10999999999996,0.0,21.0,1309.88,56.370000000000005,131.91,0.0,0.0,536.0699999999999,32.21,236.18,0.0,0.0,1484.45,32.23
United States,Minnesota,Canola,2012,spring,438.75000000000006,0.0,10.0,1766.1399999999999,73.60999999999999,109.07000000000001,0.0,0.0,639.9399999999999,31.35,74.04,0.0,0.0,1196.5700000000002,16.049999999999997,296.29,0.0,10.0,1126.6399999999999,73.60999999999999,142.42,0.0,0.0,558.5,67.54,183.14999999999998,0.0,0.0,1917.51,31.349999999999998
United States,Minnesota,Canola,2013,spring,327.35,0.0,29.0,1584.3599999999997,71.18,57.769999999999996,0.0,0.0,611.12,18.24,116.22999999999999,1.0,0.0,1095.4499999999998,24.87,231.21,0.0,29.0,1236.04,49.769999999999996,103.16999999999999,0.0,0.0,540.81,71.18,166.97000000000003,1.0,0.0,1514.0800000000002,24.87
United States,Minnesota,Canola,2014,spring,422.87999999999994,0.0,20.0,1705.7299999999998,68.09,71.4,0.0,0.0,593.5,29.64,211.85,0.0,0.0,1021.03,47.620000000000005,332.36,0.0,20.0,1377.92,68.09,105.42,0.0,0.0,561.12,44.48,268.35,0.0,0.0,1381.2200000000003,47.620000000000005
United States,Minnesota,Canola,2015,spring,262.4599999999999,0.0,14.0,1795.4799999999998,41.82,116.66,0.0,0.0,619.1899999999999,36.34,181.09,0.0,0.0,1065.45,57.66,197.45,0.0,14.0,1241.9999999999998,41.82,65.11999999999999,0.0,0.0,618.64,24.9,297.64000000000004,0.0,0.0,1619.4799999999998,57.66
United States,Minnesota,Canola,2016,spring,200.33,0.0,17.0,1765.3599999999997,42.629999999999995,185.25,0.0,0.0,589.1,108.13000000000001,251.04000000000002,0.0,0.0,1022.77,61.39,133.81,0.0,17.0,1180.2299999999998,42.629999999999995,66.52,0.0,0.0,585.1300000000001,21.82,436.29,0.0,0.0,1611.8700000000001,108.13000000000001
United States,Minnesota,Canola,2017,spring,281.34000000000003,0.0,10.0,1718.88,39.95,70.83000000000001,0.0,0.0,633.1999999999999,22.83,255.24,0.0,0.0,1006.44,44.41,190.83999999999997,0.0,10.0,1268.5999999999997,39.95,96.09,0.0,0.0,608.4599999999999,33.839999999999996,320.48,0.0,0.0,1481.46,44.41
United States,Minnesota,Canola,2018,spring,218.58,0.0,23.0,1879.73,46.45,119.89,0.0,0.0,607.0199999999999,37.699999999999996,202.98999999999998,0.0,2.0,969.27,39.17999999999999,84.58999999999999,0.0,23.0,1296.13,24.36,122.7,0.0,0.0,521.6899999999999,46.45,334.1700000000001,0.0,2.0,1638.2,39.17999999999999
United States,Minnesota,Canola,2019,spring,308.92,0.0,16.0,1681.9900000000002,43.55,107.18,0.0,0.0,605.0,35.07,253.38,0.0,0.0,1008.8400000000001,44.06999999999999,225.64000000000001,0.0,16.0,1397.7899999999997,43.55,116.50000000000001,0.0,0.0,495.65000000000003,35.040000000000006,327.34,0.0,0.0,1402.3899999999999,44.06999999999999
United States,Minnesota,Canola,2020,spring,175.39,0.0,23.0,1927.6300000000003,41.27,124.38999999999999,0.0,0.0,630.01,42.87,157.11,0.0,0.0,1039.08,56.16,104.10000000000001,0.0,23.0,1425.4799999999996,18.759999999999998,72.25,0.0,0.0,576.1800000000001,41.27,280.53999999999996,0.0,0.0,1595.06,56.16
United States,Minnesota,Canola,2021,spring,173.45,0.0,13.0,1854.2,50.96,50.440000000000005,2.0,0.0,598.9800000000001,25.91,207.63,0.0,0.0,1125.27,52.56,130.45,0.0,13.0,1230.76,50.96,34.29,0.0,0.0,552.78,18.860000000000003,266.78000000000003,2.0,0.0,1794.9099999999999,52.56
United States,Minnesota,Canola,2022,spring,323.21,0.0,25.0,1682.4399999999996,61.27,78.69999999999999,0.0,0.0,587.75,20.13,166.34,0.0,0.0,1069.52,37.2,252.03,0.0,25.0,1288.9400000000003,61.27,91.54,0.0,0.0,513.73,40.12,224.68,0.0,0.0,1537.0400000000002,37.199999999999996
United States,Minnesota,Canola,2023,spring,210.92000000000002,0.0,19.0,1844.32,45.17000000000001,37.61,0.0,0.0,582.34,17.930000000000003,163.38,3.0,0.0,981.12,49.760000000000005,145.37,0.0,19.0,1207.4299999999998,43.050000000000004,59.72,0.0,0.0,578.44,45.17,206.82000000000002,3.0,0.0,1621.9099999999999,49.76
United States,Minnesota,Canola,2024,spring,447.46999999999997,0.0,11.0,1710.51,66.94,80.52000000000001,0.0,0.0,619.7400000000001,21.73,179.20000000000002,0.0,0.0,1070.46,48.779999999999994,318.07,0.0,11.0,1193.3700000000001,66.94,135.42000000000002,0.0,0.0,581.7600000000001,43.349999999999994,253.70000000000002,0.0,0.0,1625.58,48.779999999999994
United States,Minnesota,Canola,2025,spring,297.3,0.0,14.0,1709.82,43.18000000000001,110.74,0.0,0.0,578.63,42.88,133.07,0.0,0.0,973.1600000000001,21.14,172.36,0.0,14.0,1262.58,43.18000000000001,124.94,0.0,0.0,474.82,38.28,243.81,0.0,0.0,1524.2099999999998,42.88
United States,Montana,Wheat,1990,spring,176.38,0.0,28.0,1866.19,33.879999999999995,9.309999999999999,1.0,0.0,384.12,6.4,96.64999999999998,0.0,0.0,1687.11,32.65,185.39999999999998,1.0,28.0,2112.29,33.879999999999995,3.49,0.0,0.0,344.64,2.25,93.44999999999999,0.0,0.0,1480.49,32.65
United States,Montana,Wheat,1991,spring,291.67,0.0,28.0,1763.81,39.25,14.209999999999999,0.0,0.0,358.5799999999999,8.21,78.78,0.0,2.0,1692.54,17.02,305.84999999999997,0.0,28.0,2092.56,39.25,13.07,0.0,0.0,320.92,9.51,65.74000000000001,0.0,2.0,1401.45,17.02
United States,Montana,Wheat,1992,spring,186.09,0.0,15.0,1853.57,59.51,60.03,0.0,0.0,268.40999999999997,22.92,92.88,0.0,5.0,1574.26,22.590000000000003,174.36,0.0,15.0,1817.6100000000001,59.51,71.88999999999999,0.0,0.0,331.9,29.83,92.75,0.0,5.0,1546.73,22.590000000000003
United States,Montana,Wheat,1993,spring,212.33,0.0,27.0,1831.0700000000002,24.870000000000005,94.80000000000001,0.0,0.0,251.13,39.040000000000006,213.84000000000003,0.0,5.0,1458.66,34.57,285.28999999999996,0.0,27.0,2051.58,39.040000000000006,98.84,0.0,0.0,322.56,34.24,136.84,0.0,5.0,1166.7200000000003,34.57
United States,Montana,Wheat,1994,spring,177.07,0.0,21.0,1823.35,34.84,27.45,0.0,0.0,354.87000000000006,20.86,34.93,0.0,0.0,1589.08,6.2,177.95000000000002,0.0,21.0,1909.41,34.84,30.53,0.0,0.0,364.68,20.86,30.970000000000002,0.0,0.0,1493.21,6.2
United States,Montana,Wheat,1995,spring,267.41,0.0,38.0,1741.79,46.85,59.309999999999995,0.0,0.0,324.59000000000003,24.33,111.58000000000001,0.0,4.0,1614.1399999999999,17.47,333.4,0.0,38.0,2114.26,46.85,21.47,0.0,0.0,312.29999999999995,15.93,83.43,0.0,4.0,1253.96,17.47
United States,Montana,Wheat,1996,spring,170.8,0.0,31.0,1685.07,30.849999999999994,5.78,0.0,0.0,406.61,4.05,85.03,0.0,5.0,1620.78,30.78,176.19,0.0,31.0,2007.87,30.849999999999994,8.39,0.0,0.0,333.04999999999995,6.83,77.03,0.0,5.0,1371.54,30.78
United States,Montana,Wheat,1997,spring,269.74,0.0,30.0,1881.97,46.67999999999999,54.75000000000001,0.0,0.0,302.64,29.72,125.07,0.0,1.0,1661.56,24.29,314.57,0.0,30.0,2127.5099999999998,46.67999999999999,46.07000000000001,0.0,0.0,296.0,24.29,88.92,0.0,1.0,1422.6599999999999,17.39
United States,Montana,Wheat,1998,spring,207.22000000000003,0.0,20.0,1860.1200000000001,35.31,43.30999999999998,0.0,0.0,372.42,22.23,102.78,0.0,0.0,1635.17,28.52,243.0,0.0,20.0,2096.02,35.31,7.829999999999999,0.0,0.0,310.4,5.9799999999999995,102.48000000000002,0.0,0.0,1461.29,28.52
United States,Montana,Wheat,1999,spring,182.73000000000002,0.0,32.0,1848.87,30.36,25.46,0.0,0.0,319.82,13.99,115.9,0.0,3.0,1560.01,23.779999999999998,208.19,0.0,32.0,2168.6899999999996,30.36,7.779999999999999,0.0,0.0,326.86,3.75,108.11999999999998,0.0,3.0,1233.1499999999999,23.779999999999998
United States,Montana,Wheat,2000,spring,167.21,0.0,24.0,1848.2100000000003,24.79,50.67,0.0,0.0,356.4,29.440000000000005,63.53999999999999,4.0,5.0,1609.27,20.25,203.62,0.0,24.0,1991.8000000000004,29.440000000000005,15.22,1.0,0.0,325.06,10.39,62.580000000000005,3.0,5.0,1497.02,20.25
United States,Montana,Wheat,2001,spring,163.48,0.0,28.0,1936.74,38.14,15.899999999999999,0.0,0.0,357.44,9.55,98.65,1.0,0.0,1698.26,33.98,165.26999999999998,0.0,28.0,2042.1599999999999,38.14,20.939999999999998,0.0,0.0,274.38,13.98,91.81999999999998,1.0,0.0,1675.9000000000003,33.98
United States,Montana,Wheat,2002,spring,172.73000000000002,1.0,40.0,1825.49,29.84,16.81,2.0,0.0,380.86,11.43,154.49,2.0,4.0,1563.76,33.62,189.32000000000002,1.0,40.0,2114.96,29.84,21.91,4.0,0.0,241.68,20.49,132.8,0.0,4.0,1413.4699999999998,33.62
United States,Montana,Wheat,2003,spring,206.23,0.0,25.0,1813.02,26.32,3.3,0.0,0.0,398.41,1.99,67.83,10.0,3.0,1609.6899999999998,20.130000000000003,207.20000000000002,0.0,25.0,1983.4499999999998,26.32,3.29,1.0,0.0,343.33,1.99,66.87,9.0,3.0,1494.3400000000004,20.130000000000003
United States,Montana,Wheat,2004,spring,212.32999999999998,0.0,23.0,1810.98,41.63,34.66,0.0,0.0,342.64000000000004,15.98,96.57000000000002,0.0,1.0,1572.07,17.299999999999997,242.81,0.0,23.0,2069.2,41.63,16.77,0.0,0.0,315.43,9.92,83.97999999999998,0.0,1.0,1341.06,17.299999999999997
United States,Montana,Wheat,2005,spring,228.14,0.0,27.0,1798.6299999999999,36.91,16.080000000000002,0.0,0.0,368.35,11.609999999999998,99.25,1.0,2.0,1604.7,16.43,232.23,0.0,27.0,2039.9600000000003,36.91,19.84,1.0,0.0,312.62,11.61,91.4,0.0,2.0,1419.1000000000001,16.43
United States,Montana,Wheat,2006,spring,237.26999999999998,0.0,18.0,1943.07,43.870000000000005,33.55,0.0,0.0,362.07,15.9,101.11000000000001,2.0,3.0,1643.5900000000001,29.990000000000002,237.26999999999998,0.0,18.0,1943.07,43.870000000000005,23.58,0.0,0.0,315.28,15.9,111.08,2.0,3.0,1690.38,29.990000000000002
United States,Montana,Wheat,2007,spring,273.31,0.0,23.0,1862.8700000000001,47.980000000000004,18.05,1.0,0.0,368.11999999999995,13.67,83.50999999999999,4.0,1.0,1585.84,10.530000000000001,276.99,0.0,23.0,1962.73,47.980000000000004,14.369999999999997,1.0,0.0,296.21999999999997,13.67,83.51,4.0,1.0,1557.88,10.530000000000001
United States,Montana,Wheat,2008,spring,261.48,0.0,35.0,1749.43,76.96000000000001,15.269999999999998,0.0,0.0,361.21,12.56,96.27000000000001,0.0,0.0,1626.8300000000002,22.78,276.75,0.0,35.0,2110.640000000001,76.96000000000001,7.59,0.0,0.0,327.95000000000005,4.32,88.68,0.0,0.0,1298.8799999999999,22.78
United States,Montana,Wheat,2009,spring,194.1,0.0,33.0,1867.1,24.439999999999998,41.239999999999995,0.0,0.0,347.64,24.47,126.46999999999998,0.0,1.0,1626.63,27.150000000000006,231.17999999999998,0.0,33.0,2190.1,24.47,15.730000000000002,0.0,0.0,328.55,13.43,114.89999999999999,0.0,1.0,1322.72,27.15
United States,Montana,Wheat,2010,spring,299.31,0.0,36.0,1777.7600000000002,45.39,38.63,0.0,0.0,337.1700000000001,15.18,172.85000000000002,0.0,0.0,1538.58,38.75,338.30999999999995,0.0,36.0,2228.3400000000006,45.39,22.38,0.0,0.0,301.97,13.360000000000001,150.10000000000002,0.0,0.0,1123.2,38.75
United States,Montana,Wheat,2011,spring,361.08000000000004,0.0,36.0,1690.1299999999999,46.31,11.74,0.0,0.0,399.45,6.68,59.03,0.0,0.0,1728.89,12.08,384.03000000000003,0.0,36.0,2253.4700000000003,46.31,8.02,0.0,0.0,318.52,4.14,39.800000000000004,0.0,0.0,1246.48,12.08
United States,Montana,Wheat,2012,spring,207.41000000000003,0.0,27.0,1888.74,34.71,9.31,0.0,0.0,372.74999999999994,7.58,53.830000000000005,0.0,0.0,1670.6999999999998,10.73,214.99,0.0,27.0,2061.27,34.71,8.809999999999999,0.0,0.0,254.62,7.08,46.75,0.0,0.0,1616.3,10.73
United States,Montana,Wheat,2013,spring,275.28,0.0,27.0,1824.49,52.760000000000005,20.530000000000005,0.0,0.0,369.54,12.38,128.24,0.0,2.0,1599.78,24.0,284.03999999999996,0.0,27.0,2014.8000000000004,52.760000000000005,24.52,0.0,0.0,306.68,12.350000000000001,115.49,0.0,2.0,1472.33,24.0
United States,Montana,Wheat,2014,spring,182.48000000000002,0.0,29.0,1798.45,26.689999999999998,5.489999999999999,0.0,0.0,361.45000000000005,3.71,221.66000000000003,0.0,3.0,1510.03,111.55,187.73,0.0,29.0,2049.48,26.689999999999998,11.26,0.0,0.0,309.34000000000003,10.22,210.64000000000001,0.0,3.0,1311.11,111.55
United States,Montana,Wheat,2015,spring,209.39000000000001,0.0,28.0,1878.9599999999998,38.290000000000006,19.49,0.0,0.0,325.48999999999995,8.49,104.77000000000001,0.0,0.0,1533.9299999999998,25.66,213.10000000000002,0.0,28.0,1957.6499999999999,38.290000000000006,19.23,0.0,0.0,300.3,8.49,101.32000000000001,0.0,0.0,1480.4299999999996,25.66
United States,Montana,Wheat,2016,spring,183.29,0.0,16.0,1913.01,36.309999999999995,49.25,0.0,0.0,338.44,37.96,136.94,0.0,2.0,1572.25,34.56,183.82,0.0,16.0,1941.3799999999999,36.309999999999995,50.51,0.0,0.0,331.86,37.96,135.15,0.0,2.0,1550.4599999999998,34.56
United States,Montana,Wheat,2017,spring,177.67,0.0,20.0,1956.1499999999999,33.36,16.900000000000002,1.0,0.0,374.45,14.19,89.1,0.0,4.0,1607.2800000000002,50.47,179.42,0.0,20.0,2060.5899999999997,33.36,15.15,1.0,0.0,270.01,14.19,89.1,0.0,4.0,1607.2800000000002,50.47
United States,Montana,Wheat,2018,spring,306.28999999999996,0.0,23.0,1804.19,47.47,26.810000000000002,0.0,0.0,356.13000000000005,14.43,110.32,2.0,3.0,1487.23,23.01,322.04999999999995,0.0,23.0,1896.34,47.47,11.059999999999999,0.0,0.0,313.96,7.140000000000001,110.30999999999999,2.0,3.0,1437.25,23.01
United States,Montana,Wheat,2019,spring,213.85999999999999,0.0,27.0,1701.22,29.810000000000002,54.669999999999995,0.0,0.0,313.5,22.590000000000003,160.62,0.0,4.0,1554.9499999999998,30.759999999999998,266.42999999999995,0.0,27.0,1960.2100000000003,29.810000000000002,20.75,0.0,0.0,346.46,13.86,141.97,0.0,4.0,1262.9999999999998,30.759999999999998
United States,Montana,Wheat,2020,spring,227.42999999999998,0.0,26.0,1895.66,31.65,56.239999999999995,0.0,0.0,335.56000000000006,36.87,64.25999999999999,0.0,2.0,1597.6,18.799999999999997,282.34,0.0,26.0,2097.68,60.17,7.88,0.0,0.0,373.03999999999996,5.19,57.709999999999994,0.0,2.0,1358.1,18.799999999999997
United States,Montana,Wheat,2021,spring,152.4,2.0,31.0,1870.8,26.68,17.61,0.0,0.0,376.5,9.09,106.2,1.0,0.0,1418.72,35.52,152.65,2.0,31.0,1964.3,26.68,17.36,0.0,0.0,283.0,9.09,106.2,1.0,0.0,1418.72,35.52
United States,Montana,Wheat,2022,spring,179.5,0.0,37.0,1736.7200000000003,22.18,51.209999999999994,0.0,0.0,355.77000000000004,24.759999999999998,99.57,5.0,0.0,1655.68,23.35,230.71000000000004,0.0,37.0,2061.85,24.759999999999998,5.720000000000001,1.0,0.0,267.02000000000004,4.78,93.85,4.0,0.0,1419.3000000000004,23.35
United States,Montana,Wheat,2023,spring,332.34,0.0,22.0,1774.1399999999999,70.05,13.81,0.0,0.0,362.80999999999995,5.25,132.67,1.0,0.0,1563.73,40.879999999999995,334.54999999999995,0.0,22.0,1830.79,70.05,12.4,0.0,0.0,349.48,5.25,131.87,1.0,0.0,1520.4100000000003,40.879999999999995
United States,Montana,Wheat,2024,spring,218.73000000000002,0.0,21.0,1869.7999999999997,53.980000000000004,24.12,0.0,0.0,342.93000000000006,13.879999999999999,155.82,2.0,0.0,1519.13,80.62,241.63000000000002,0.0,21.0,2070.4300000000003,53.980000000000004,2.75,0.0,0.0,275.56,1.46,154.29,2.0,0.0,1385.8700000000001,80.62
United States,Montana,Wheat,2025,spring,193.75,0.0,18.0,1867.5100000000002,29.64,11.309999999999999,0.0,0.0,368.70000000000005,5.77,145.51,0.0,0.0,1568.97,22.020000000000003,193.75,0.0,18.0,1925.3600000000001,29.64,11.309999999999999,0.0,0.0,310.85,5.77,145.51,0.0,0.0,1568.97,22.020000000000003
United States,Montana,Barley,1990,spring,176.38,0.0,28.0,1866.19,33.879999999999995,9.309999999999999,1.0,0.0,384.12,6.4,96.64999999999998,0.0,0.0,1687.11,32.65,185.39999999999998,1.0,28.0,2112.29,33.879999999999995,3.62,0.0,0.0,367.90999999999997,2.37,93.32,0.0,0.0,1457.2199999999998,32.65
United States,Montana,Barley,1991,spring,291.67,0.0,28.0,1763.81,39.25,14.209999999999999,0.0,0.0,358.5799999999999,8.21,78.78,0.0,2.0,1692.54,17.02,305.84999999999997,0.0,28.0,2092.56,39.25,13.08,0.0,0.0,349.5,9.51,65.73,0.0,2.0,1372.87,17.02
United States,Montana,Barley,1992,spring,186.09,0.0,15.0,1853.57,59.51,60.03,0.0,0.0,268.40999999999997,22.92,92.88,0.0,5.0,1574.26,22.590000000000003,174.36,0.0,15.0,1817.6100000000001,59.51,72.03999999999999,0.0,0.0,385.69,29.83,92.6,0.0,5.0,1492.9399999999998,22.590000000000003
United States,Montana,Barley,1993,spring,212.33,0.0,27.0,1831.0700000000002,24.870000000000005,94.80000000000001,0.0,0.0,251.13,39.040000000000006,213.84000000000003,0.0,5.0,1458.66,34.57,285.28999999999996,0.0,27.0,2051.58,39.040000000000006,99.34,0.0,0.0,346.17,34.24,136.34,0.0,5.0,1143.1100000000001,34.57
United States,Montana,Barley,1994,spring,177.07,0.0,21.0,1823.35,34.84,27.45,0.0,0.0,354.87000000000006,20.86,34.93,0.0,0.0,1589.08,6.2,177.95000000000002,0.0,21.0,1909.41,34.84,30.59,0.0,0.0,393.54999999999995,20.86,30.91,0.0,0.0,1464.34,6.2
United States,Montana,Barley,1995,spring,267.41,0.0,38.0,1741.79,46.85,59.309999999999995,0.0,0.0,324.59000000000003,24.33,111.58000000000001,0.0,4.0,1614.1399999999999,17.47,333.4,0.0,38.0,2114.26,46.85,29.259999999999998,0.0,0.0,358.7699999999999,15.93,75.64,0.0,4.0,1207.49,17.47
United States,Montana,Barley,1996,spring,170.8,0.0,31.0,1685.07,30.849999999999994,5.78,0.0,0.0,406.61,4.05,85.03,0.0,5.0,1620.78,30.78,176.19,0.0,31.0,2007.87,30.849999999999994,8.56,0.0,0.0,355.52,6.83,76.86000000000001,0.0,5.0,1349.0700000000002,30.78
United States,Montana,Barley,1997,spring,269.74,0.0,30.0,1881.97,46.67999999999999,54.75000000000001,0.0,0.0,302.64,29.72,125.07,0.0,1.0,1661.56,24.29,314.57,0.0,30.0,2127.5099999999998,46.67999999999999,46.870000000000005,0.0,0.0,325.27,24.29,88.12,0.0,1.0,1393.3899999999999,17.39
United States,Montana,Barley,1998,spring,207.22000000000003,0.0,20.0,1860.1200000000001,35.31,43.30999999999998,0.0,0.0,372.42,22.23,102.78,0.0,0.0,1635.17,28.52,243.0,0.0,20.0,2096.02,35.31,8.489999999999998,0.0,0.0,338.29999999999995,5.9799999999999995,101.82000000000001,0.0,0.0,1433.39,28.52
United States,Montana,Barley,1999,spring,182.73000000000002,0.0,32.0,1848.87,30.36,25.46,0.0,0.0,319.82,13.99,115.9,0.0,3.0,1560.01,23.779999999999998,208.19,0.0,32.0,2168.6899999999996,30.36,7.779999999999999,0.0,0.0,355.43,3.75,108.11999999999999,0.0,3.0,1204.58,23.779999999999998
United States,Montana,Barley,2000,spring,167.21,0.0,24.0,1848.2100000000003,24.79,50.67,0.0,0.0,356.4,29.440000000000005,63.53999999999999,4.0,5.0,1609.27,20.25,203.62,0.0,24.0,1991.8000000000004,29.440000000000005,17.11,1.0,0.0,337.84,10.39,60.690000000000005,3.0,5.0,1484.24,20.25
United States,Montana,Barley,2001,spring,163.48,0.0,28.0,1936.74,38.14,15.899999999999999,0.0,0.0,357.44,9.55,98.65,1.0,0.0,1698.26,33.98,165.26999999999998,0.0,28.0,2042.1599999999999,38.14,24.319999999999997,0.0,0.0,300.18,17.009999999999998,88.44,1.0,0.0,1650.1000000000004,33.98
United States,Montana,Barley,2002,spring,172.73000000000002,1.0,40.0,1825.49,29.84,16.81,2.0,0.0,380.86,11.43,154.49,2.0,4.0,1563.76,33.62,189.32000000000002,1.0,40.0,2114.96,29.84,22.63,4.0,0.0,259.56,20.49,132.08,0.0,4.0,1395.59,33.62
United States,Montana,Barley,2003,spring,206.23,0.0,25.0,1813.02,26.32,3.3,0.0,0.0,398.41,1.99,67.83,10.0,3.0,1609.6899999999998,20.130000000000003,207.20000000000002,0.0,25.0,1983.4499999999998,26.32,3.58,2.0,0.0,371.40999999999997,1.99,66.58,8.0,3.0,1466.2600000000002,20.130000000000003
United States,Montana,Barley,2004,spring,212.32999999999998,0.0,23.0,1810.98,41.63,34.66,0.0,0.0,342.64000000000004,15.98,96.57000000000002,0.0,1.0,1572.07,17.299999999999997,242.81,0.0,23.0,2069.2,41.63,18.29,0.0,0.0,341.19,9.92,82.45999999999998,0.0,1.0,1315.3,17.299999999999997
United States,Montana,Barley,2005,spring,228.14,0.0,27.0,1798.6299999999999,36.91,16.080000000000002,0.0,0.0,368.35,11.609999999999998,99.25,1.0,2.0,1604.7,16.43,232.23,0.0,27.0,2039.9600000000003,36.91,20.0,1.0,0.0,341.34000000000003,11.61,91.24,0.0,2.0,1390.38,16.43
United States,Montana,Barley,2006,spring,237.26999999999998,0.0,18.0,1943.07,43.870000000000005,33.55,0.0,0.0,362.07,15.9,101.11000000000001,2.0,3.0,1643.5900000000001,29.990000000000002,237.26999999999998,0.0,18.0,1943.07,43.870000000000005,24.75,0.0,0.0,345.14,15.9,109.91,2.0,3.0,1660.52,29.990000000000002
United States,Montana,Barley,2007,spring,273.31,0.0,23.0,1862.8700000000001,47.980000000000004,18.05,1.0,0.0,368.11999999999995,13.67,83.50999999999999,4.0,1.0,1585.84,10.530000000000001,276.99,0.0,23.0,1962.73,47.980000000000004,14.859999999999998,1.0,0.0,321.46999999999997,13.67,83.02000000000001,4.0,1.0,1532.63,10.530000000000001
United States,Montana,Barley,2008,spring,261.48,0.0,35.0,1749.43,76.96000000000001,15.269999999999998,0.0,0.0,361.21,12.56,96.27000000000001,0.0,0.0,1626.8300000000002,22.78,276.75,0.0,35.0,2110.640000000001,76.96000000000001,7.75,0.0,0.0,353.54,4.32,88.52,0.0,0.0,1273.29,22.78
United States,Montana,Barley,2009,spring,194.1,0.0,33.0,1867.1,24.439999999999998,41.239999999999995,0.0,0.0,347.64,24.47,126.46999999999998,0.0,1.0,1626.63,27.150000000000006,231.17999999999998,0.0,33.0,2190.1,24.47,16.85,0.0,0.0,355.3,13.43,113.78,0.0,1.0,1295.97,27.15
United States,Montana,Barley,2010,spring,299.31,0.0,36.0,1777.7600000000002,45.39,38.63,0.0,0.0,337.1700000000001,15.18,172.85000000000002,0.0,0.0,1538.58,38.75,338.30999999999995,0.0,36.0,2228.3400000000006,45.39,22.439999999999998,0.0,0.0,329.93,13.360000000000001,150.04000000000002,0.0,0.0,1095.24,38.75
United States,Montana,Barley,2011,spring,361.08000000000004,0.0,36.0,1690.1299999999999,46.31,11.74,0.0,0.0,399.45,6.68,59.03,0.0,0.0,1728.89,12.08,384.03000000000003,0.0,36.0,2253.4700000000003,46.31,8.299999999999999,0.0,0.0,360.15999999999997,4.14,39.52,0.0,0.0,1204.84,12.08
United States,Montana,Barley,2012,spring,207.41000000000003,0.0,27.0,1888.74,34.71,9.31,0.0,0.0,372.74999999999994,7.58,53.830000000000005,0.0,0.0,1670.6999999999998,10.73,214.99,0.0,27.0,2061.27,34.71,11.259999999999998,0.0,0.0,282.44,7.08,44.300000000000004,0.0,0.0,1588.48,10.73
United States,Montana,Barley,2013,spring,275.28,0.0,27.0,1824.49,52.760000000000005,20.530000000000005,0.0,0.0,369.54,12.38,128.24,0.0,2.0,1599.78,24.0,284.03999999999996,0.0,27.0,2014.8000000000004,52.760000000000005,24.54,0.0,0.0,336.63,12.370000000000001,115.47,0.0,2.0,1442.3799999999999,24.0
United States,Montana,Barley,2014,spring,182.48000000000002,0.0,29.0,1798.45,26.689999999999998,5.489999999999999,0.0,0.0,361.45000000000005,3.71,221.66000000000003,0.0,3.0,1510.03,111.55,187.73,0.0,29.0,2049.48,26.689999999999998,16.97,0.0,0.0,324.70000000000005,10.22,204.93000000000004,0.0,3.0,1295.75,111.55
United States,Montana,Barley,2015,spring,209.39000000000001,0.0,28.0,1878.9599999999998,38.290000000000006,19.49,0.0,0.0,325.48999999999995,8.49,104.77000000000001,0.0,0.0,1533.9299999999998,25.66,213.10000000000002,0.0,28.0,1957.6499999999999,38.290000000000006,20.96,0.0,0.0,338.82,8.49,99.59000000000002,0.0,0.0,1441.9099999999996,25.66
United States,Montana,Barley,2016,spring,183.29,0.0,16.0,1913.01,36.309999999999995,49.25,0.0,0.0,338.44,37.96,136.94,0.0,2.0,1572.25,34.56,183.82,0.0,16.0,1941.3799999999999,36.309999999999995,50.589999999999996,0.0,0.0,358.81,37.96,135.07,0.0,2.0,1523.5099999999995,34.56
United States,Montana,Barley,2017,spring,177.67,0.0,20.0,1956.1499999999999,33.36,16.900000000000002,1.0,0.0,374.45,14.19,89.1,0.0,4.0,1607.2800000000002,50.47,179.42,0.0,20.0,2060.5899999999997,33.36,15.18,1.0,0.0,298.52,14.19,89.07,0.0,4.0,1578.77,50.47
United States,Montana,Barley,2018,spring,306.28999999999996,0.0,23.0,1804.19,47.47,26.810000000000002,0.0,0.0,356.13000000000005,14.43,110.32,2.0,3.0,1487.23,23.01,322.04999999999995,0.0,23.0,1896.34,47.47,11.059999999999999,0.0,0.0,343.66999999999996,7.140000000000001,110.30999999999999,2.0,3.0,1407.54,23.01
United States,Montana,Barley,2019,spring,213.85999999999999,0.0,27.0,1701.22,29.810000000000002,54.669999999999995,0.0,0.0,313.5,22.590000000000003,160.62,0.0,4.0,1554.9499999999998,30.759999999999998,266.42999999999995,0.0,27.0,1960.2100000000003,29.810000000000002,21.3,0.0,0.0,372.58,13.86,141.42000000000002,0.0,4.0,1236.8799999999999,30.759999999999998
United States,Montana,Barley,2020,spring,227.42999999999998,0.0,26.0,1895.66,31.65,56.239999999999995,0.0,0.0,335.56000000000006,36.87,64.25999999999999,0.0,2.0,1597.6,18.799999999999997,282.34,0.0,26.0,2097.68,60.17,8.15,0.0,0.0,401.73999999999995,5.19,57.44,0.0,2.0,1329.4,18.799999999999997
United States,Montana,Barley,2021,spring,152.4,2.0,31.0,1870.8,26.68,17.61,0.0,0.0,376.5,9.09,106.2,1.0,0.0,1418.72,35.52,152.65,2.0,31.0,1964.3,26.68,27.549999999999997,0.0,0.0,291.94,10.4,96.01000000000002,1.0,0.0,1409.7799999999997,35.52
United States,Montana,Barley,2022,spring,179.5,0.0,37.0,1736.7200000000003,22.18,51.209999999999994,0.0,0.0,355.77000000000004,24.759999999999998,99.57,5.0,0.0,1655.68,23.35,230.71000000000004,0.0,37.0,2061.85,24.759999999999998,5.9,1.0,0.0,293.74,4.78,93.67000000000002,4.0,0.0,1392.5800000000002,23.35
United States,Montana,Barley,2023,spring,332.34,0.0,22.0,1774.1399999999999,70.05,13.81,0.0,0.0,362.80999999999995,5.25,132.67,1.0,0.0,1563.73,40.879999999999995,334.54999999999995,0.0,22.0,1830.79,70.05,12.4,0.0,0.0,369.58000000000004,5.25,131.86999999999998,1.0,0.0,1500.3100000000002,40.879999999999995
United States,Montana,Barley,2024,spring,218.73000000000002,0.0,21.0,1869.7999999999997,53.980000000000004,24.12,0.0,0.0,342.93000000000006,13.879999999999999,155.82,2.0,0.0,1519.13,80.62,241.63000000000002,0.0,21.0,2070.4300000000003,53.980000000000004,3.92,0.0,0.0,296.7,2.63,153.11999999999998,2.0,0.0,1364.73,80.62
United States,Montana,Barley,2025,spring,193.75,0.0,18.0,1867.5100000000002,29.64,11.309999999999999,0.0,0.0,368.70000000000005,5.77,145.51,0.0,0.0,1568.97,22.020000000000003,193.75,0.0,18.0,1925.3600000000001,29.64,11.309999999999999,0.0,0.0,338.98,5.77,145.51,0.0,0.0,1540.8400000000001,22.020000000000003
United States,Montana,Oats,1990,spring,159.46,0.0,28.0,1496.3099999999997,33.879999999999995,9.65,0.0,0.0,170.44,4.88,113.22999999999999,1.0,0.0,2270.6699999999996,32.65,171.35000000000005,0.0,28.0,1756.8300000000002,33.879999999999995,14.93,1.0,0.0,542.3,6.4,96.05999999999999,0.0,0.0,1638.29,32.65
United States,Montana,Oats,1991,spring,231.24,0.0,28.0,1455.97,39.25,32.33,0.0,0.0,155.69,25.32,121.09,0.0,2.0,2203.2699999999995,17.02,274.97,0.0,28.0,1670.06,39.25,43.540000000000006,0.0,0.0,581.5899999999999,13.770000000000001,66.15,0.0,2.0,1563.28,17.02
United States,Montana,Oats,1992,spring,117.82,0.0,15.0,1538.6299999999999,19.119999999999997,55.029999999999994,0.0,0.0,138.89,54.39,166.15,0.0,5.0,2018.72,29.83,97.96,0.0,15.0,1476.9,18.069999999999997,126.01,0.0,0.0,497.89,59.510000000000005,115.03,0.0,5.0,1721.45,22.590000000000003
United States,Montana,Oats,1993,spring,161.63,0.0,27.0,1489.5400000000002,24.1,25.38,0.0,0.0,165.84,23.73,333.96,0.0,5.0,1885.4799999999998,39.040000000000006,185.5,0.0,27.0,1602.2600000000002,24.870000000000005,160.13,0.0,0.0,634.0,39.040000000000006,175.34,0.0,5.0,1304.6000000000001,34.57
United States,Montana,Oats,1994,spring,165.16000000000005,0.0,21.0,1470.31,34.84,6.950000000000001,0.0,0.0,164.10000000000002,4.42,67.34,0.0,0.0,2132.8899999999994,20.86,169.58000000000007,0.0,21.0,1530.51,34.84,32.78,0.0,0.0,570.3300000000002,20.86,37.08999999999999,0.0,0.0,1666.4599999999998,6.199999999999999
United States,Montana,Oats,1995,spring,221.94,0.0,38.0,1424.23,46.85,26.009999999999998,0.0,0.0,163.44,11.99,190.35,0.0,4.0,2092.85,24.689999999999998,267.41,0.0,38.0,1741.79,46.85,85.28,0.0,0.0,537.85,24.69,85.61,0.0,4.0,1400.8799999999999,17.47
United States,Montana,Oats,1996,spring,144.02999999999997,0.0,31.0,1350.79,30.849999999999994,12.57,0.0,0.0,179.57,7.28,105.01000000000002,0.0,5.0,2182.1,30.78,164.32000000000002,0.0,31.0,1585.7600000000002,30.849999999999994,15.02,0.0,0.0,602.77,5.33,82.27000000000001,0.0,5.0,1523.93,30.78
United States,Montana,Oats,1997,spring,234.22,0.0,30.0,1504.9199999999998,46.67999999999999,13.479999999999999,0.0,0.0,194.55,11.34,201.86,0.0,1.0,2146.7,29.72,247.69999999999996,0.0,30.0,1699.4700000000003,46.67999999999999,80.3,0.0,0.0,601.87,29.72,121.55999999999999,0.0,1.0,1544.83,24.29
United States,Montana,Oats,1998,spring,134.06,0.0,20.0,1597.01,20.439999999999998,52.03,0.0,0.0,120.4,34.339999999999996,167.22,0.0,0.0,2150.2999999999997,28.52,185.6,0.0,20.0,1693.6800000000003,35.31,65.14999999999999,0.0,0.0,567.73,22.23,102.56,0.0,0.0,1606.3,28.52
United States,Montana,Oats,1999,spring,152.60000000000002,0.0,32.0,1490.8700000000001,30.36,18.76,0.0,0.0,186.66,11.68,152.73000000000002,0.0,3.0,2051.17,23.779999999999998,172.48000000000002,0.0,32.0,1727.1499999999999,30.36,41.36,0.0,0.0,618.7,13.99,110.24999999999999,0.0,3.0,1382.85,23.779999999999998
United States,Montana,Oats,2000,spring,123.78999999999999,0.0,24.0,1520.4700000000003,24.79,34.04,0.0,0.0,157.60999999999999,18.8,123.58999999999997,4.0,5.0,2135.8,29.440000000000005,142.58999999999997,0.0,24.0,1586.3000000000004,24.79,74.61,0.0,0.0,590.01,29.440000000000005,64.22,4.0,5.0,1637.57,20.25
United States,Montana,Oats,2001,spring,134.21000000000004,0.0,28.0,1561.3500000000001,38.14,16.13,0.0,0.0,195.97999999999996,15.85,127.68999999999998,1.0,0.0,2235.1099999999997,33.98,150.21000000000004,0.0,28.0,1663.8000000000004,38.14,19.050000000000004,0.0,0.0,543.5600000000001,11.77,108.77,1.0,0.0,1785.0800000000002,33.98
United States,Montana,Oats,2002,spring,135.82999999999998,0.0,40.0,1464.93,29.84,17.61,0.0,0.0,180.52,11.490000000000002,190.59,5.0,4.0,2124.6600000000008,33.62,170.34,0.0,40.0,1772.17,29.84,22.13,5.0,0.0,489.4099999999999,11.43,151.56000000000003,0.0,4.0,1508.5299999999997,33.62
United States,Montana,Oats,2003,spring,191.05000000000004,0.0,25.0,1467.93,26.32,10.97,0.0,0.0,179.27,5.359999999999999,75.34,10.0,3.0,2173.9200000000005,20.130000000000003,196.78000000000006,0.0,25.0,1578.7500000000002,26.32,12.47,0.0,0.0,602.1999999999999,5.24,68.11,10.0,3.0,1640.17,20.130000000000003
United States,Montana,Oats,2004,spring,192.68,0.0,23.0,1475.0600000000002,41.63,5.489999999999999,0.0,0.0,162.33,4.119999999999999,145.39000000000001,0.0,1.0,2088.2999999999997,17.299999999999997,206.30999999999997,0.0,23.0,1685.07,41.63,43.34,0.0,0.0,580.1299999999999,15.98,93.90999999999998,0.0,1.0,1460.49,17.299999999999997
United States,Montana,Oats,2005,spring,184.51999999999998,0.0,27.0,1451.81,36.91,14.66,0.0,0.0,180.68,10.68,144.29000000000005,1.0,2.0,2139.1900000000005,24.599999999999998,199.65999999999997,0.0,27.0,1659.8300000000002,36.91,48.980000000000004,1.0,0.0,528.59,24.599999999999998,94.82999999999998,0.0,2.0,1583.2599999999998,16.43
United States,Montana,Oats,2006,spring,230.6,0.0,18.0,1551.8899999999999,43.870000000000005,5.24,0.0,0.0,181.49,3.37,136.09,2.0,3.0,2215.35,29.990000000000002,215.79,0.0,18.0,1510.61,43.870000000000005,42.4,0.0,0.0,602.39,16.200000000000003,113.74,2.0,3.0,1835.7300000000002,29.990000000000002
United States,Montana,Oats,2007,spring,245.07,0.0,23.0,1479.54,47.980000000000004,23.97,0.0,0.0,188.20999999999998,15.62,105.83,5.0,1.0,2149.0799999999995,13.67,261.34999999999997,0.0,23.0,1576.7799999999997,47.980000000000004,29.499999999999996,1.0,0.0,539.58,13.67,84.02,4.0,1.0,1700.4699999999998,10.530000000000001
United States,Montana,Oats,2008,spring,256.62,0.0,35.0,1341.4599999999998,76.96000000000001,2.87,0.0,0.0,212.06,2.55,113.52999999999999,0.0,0.0,2183.9499999999994,22.78,261.48,0.0,35.0,1749.43,76.96000000000001,18.25,0.0,0.0,542.53,12.56,93.28999999999999,0.0,0.0,1445.51,22.78
United States,Montana,Oats,2009,spring,151.23999999999998,0.0,33.0,1525.8199999999997,24.439999999999998,33.85,0.0,0.0,146.47,24.330000000000002,176.72000000000003,0.0,1.0,2169.0799999999995,27.15,192.71,0.0,33.0,1784.1899999999998,24.439999999999998,52.01,0.0,0.0,577.1399999999999,24.47,117.08999999999999,0.0,1.0,1480.04,27.15
United States,Montana,Oats,2010,spring,234.66,0.0,36.0,1454.85,37.43000000000001,57.45000000000001,0.0,0.0,129.01,45.39,218.68,0.0,0.0,2069.6499999999996,38.75,301.71,0.0,36.0,1798.9400000000003,45.39,53.349999999999994,0.0,0.0,592.22,15.18,155.73000000000002,0.0,0.0,1262.35,38.75
United States,Montana,Oats,2011,spring,338.33,0.0,36.0,1327.0,46.31,15.74,0.0,0.0,164.36,10.5,77.77999999999999,0.0,0.0,2327.11,12.9,362.48,0.0,36.0,1865.2,46.31,28.46,0.0,0.0,569.8,12.9,40.910000000000004,0.0,0.0,1383.47,12.08
United States,Montana,Oats,2012,spring,197.46000000000004,0.0,27.0,1527.7199999999998,34.71,9.63,0.0,0.0,178.68,8.120000000000001,63.46,0.0,0.0,2225.7900000000004,10.73,207.08,0.0,27.0,1677.1,34.71,9.389999999999999,0.0,0.0,528.37,7.58,54.080000000000005,0.0,0.0,1726.7199999999998,10.73
United States,Montana,Oats,2013,spring,248.26,0.0,27.0,1444.6999999999998,52.760000000000005,20.04,0.0,0.0,190.10999999999999,18.92,155.75,0.0,2.0,2159.0,24.0,272.67,0.0,27.0,1655.2100000000003,52.760000000000005,22.540000000000003,0.0,0.0,513.21,12.38,128.83999999999997,0.0,2.0,1625.3899999999999,24.0
United States,Montana,Oats,2014,spring,128.54,0.0,29.0,1477.8100000000002,14.62,39.29,0.0,0.0,151.92999999999998,26.69,241.79999999999998,0.0,3.0,2040.19,111.55,170.07,0.0,29.0,1689.25,26.689999999999998,19.390000000000004,0.0,0.0,529.38,10.26,220.17000000000002,0.0,3.0,1451.3,111.55
United States,Montana,Oats,2015,spring,195.66000000000003,0.0,28.0,1534.4499999999998,38.290000000000006,5.990000000000001,0.0,0.0,151.72,3.44,132.0,0.0,0.0,2052.2099999999996,25.66,199.52,0.0,28.0,1621.09,38.290000000000006,20.85,0.0,0.0,497.59000000000003,7.06,113.28000000000002,0.0,0.0,1619.6999999999996,25.66
United States,Montana,Oats,2016,spring,167.90000000000003,0.0,16.0,1523.29,36.309999999999995,9.910000000000002,0.0,0.0,197.71,9.55,191.67000000000002,0.0,2.0,2102.7,37.96,165.88000000000002,0.0,16.0,1472.6899999999998,36.309999999999995,25.049999999999997,0.0,0.0,652.82,10.04,178.55,0.0,2.0,1698.1899999999996,37.96
United States,Montana,Oats,2017,spring,170.54,0.0,20.0,1608.3899999999999,33.36,1.79,0.0,0.0,170.82999999999998,1.48,111.34,1.0,4.0,2158.6600000000003,50.47,171.85999999999999,0.0,20.0,1656.6699999999998,33.36,8.389999999999999,0.0,0.0,551.7499999999999,5.109999999999999,103.41999999999999,1.0,4.0,1729.46,50.47
United States,Montana,Oats,2018,spring,209.59,0.0,23.0,1524.22,41.15,71.58,0.0,0.0,103.5,47.47,162.24999999999997,2.0,3.0,2019.83,23.01,206.77,0.0,23.0,1505.79,41.15,124.62,0.0,0.0,579.7099999999999,47.47,112.02999999999999,2.0,3.0,1562.0499999999997,23.01
United States,Montana,Oats,2019,spring,168.07,0.0,27.0,1409.0900000000001,29.810000000000002,20.56,0.0,0.0,138.38,12.54,240.51999999999998,0.0,4.0,2022.2,30.760000000000005,196.62999999999997,0.0,27.0,1606.07,29.810000000000002,89.44999999999999,0.0,0.0,532.33,22.590000000000003,143.07,0.0,4.0,1431.2699999999998,30.759999999999998
United States,Montana,Oats,2020,spring,154.40999999999997,0.0,26.0,1576.97,31.65,30.629999999999995,0.0,0.0,137.03,25.380000000000003,162.89,0.0,2.0,2114.8200000000006,60.17,185.04000000000002,0.0,26.0,1714.0,31.65,98.94,0.0,0.0,603.9300000000001,60.17,63.95,0.0,2.0,1510.89,18.799999999999997
United States,Montana,Oats,2021,spring,144.23,1.0,31.0,1492.2,26.68,5.93,1.0,0.0,198.09000000000003,5.86,126.05000000000001,1.0,0.0,1975.7299999999998,35.52,144.29999999999998,2.0,31.0,1618.2799999999997,26.68,24.159999999999997,0.0,0.0,498.09000000000003,9.09,107.75000000000001,1.0,0.0,1549.6499999999996,35.52
United States,Montana,Oats,2022,spring,153.57999999999998,0.0,37.0,1397.14,22.18,17.479999999999997,0.0,0.0,148.28,14.95,159.22,5.0,0.0,2202.7499999999995,24.759999999999998,175.32,0.0,37.0,1709.7600000000002,22.18,60.24,0.0,0.0,484.20000000000005,24.759999999999998,94.72,5.0,0.0,1554.21,23.35
United States,Montana,Oats,2023,spring,286.41,0.0,22.0,1465.7999999999997,70.05,17.619999999999997,0.0,0.0,151.27999999999997,10.690000000000001,174.79,1.0,0.0,2083.5999999999995,40.879999999999995,281.72,0.0,22.0,1391.4099999999999,70.05,60.43,0.0,0.0,641.1700000000001,20.73,136.67,1.0,0.0,1668.1000000000001,40.879999999999995
United States,Montana,Oats,2024,spring,158.95,0.0,21.0,1550.4899999999998,53.980000000000004,44.26,0.0,0.0,146.10000000000002,29.77,195.45999999999998,2.0,0.0,2035.27,80.62,203.21,0.0,21.0,1696.5899999999997,53.980000000000004,39.64,0.0,0.0,516.1400000000001,15.67,155.82,2.0,0.0,1519.13,80.62
United States,Montana,Oats,2025,spring,154.42,0.0,18.0,1536.93,29.64,26.950000000000003,0.0,0.0,169.18,17.25,169.2,0.0,0.0,2099.0699999999997,22.020000000000003,151.41,0.0,18.0,1510.8100000000002,29.64,50.529999999999994,0.0,0.0,562.32,21.07,148.63,0.0,0.0,1732.05,22.020000000000003
United States,Montana,Canola,1999,spring,206.39,0.0,32.0,2014.0299999999997,30.36,9.58,0.0,0.0,564.7700000000001,3.75,108.11999999999999,0.0,3.0,1149.9,23.779999999999998,174.94000000000003,0.0,32.0,1778.76,30.36,41.03,0.0,0.0,745.3599999999999,13.99,108.11999999999999,0.0,3.0,1204.58,23.779999999999998
United States,Montana,Canola,2000,spring,205.72,0.0,24.0,2043.99,29.440000000000005,19.900000000000002,1.0,0.0,570.57,10.39,55.8,3.0,5.0,1199.3200000000002,20.25,154.68,0.0,24.0,1626.54,24.79,66.05000000000001,1.0,0.0,703.1,29.440000000000005,60.690000000000005,3.0,5.0,1484.24,20.25
United States,Montana,Canola,2001,spring,169.09,0.0,28.0,2147.21,38.14,49.02,0.0,0.0,546.13,17.009999999999998,59.92,1.0,0.0,1299.1,33.98,139.50000000000003,0.0,28.0,1648.3700000000003,38.14,33.08,0.0,0.0,621.76,11.77,105.44999999999999,1.0,0.0,1722.3100000000002,33.98
United States,Montana,Canola,2002,spring,180.65,1.0,40.0,2037.07,29.84,42.04,4.0,0.0,548.43,20.49,121.33999999999999,0.0,4.0,1184.61,33.62,170.34,0.0,40.0,1741.39,29.84,40.410000000000004,5.0,0.0,588.7,20.49,133.28000000000003,0.0,4.0,1440.02,33.62
United States,Montana,Canola,2003,spring,207.29,0.0,25.0,2043.92,26.32,17.69,6.0,0.0,595.11,13.04,52.379999999999995,4.0,3.0,1182.09,20.130000000000003,196.78000000000006,0.0,25.0,1578.7500000000002,26.32,13.71,1.0,0.0,748.0300000000001,5.24,66.87,9.0,3.0,1494.3400000000004,20.130000000000003
United States,Montana,Canola,2004,spring,240.48,0.0,23.0,1992.1899999999998,41.63,25.91,0.0,0.0,564.55,9.92,77.16999999999999,0.0,1.0,1168.95,17.299999999999997,212.32999999999998,0.0,23.0,1810.98,41.63,50.42999999999999,0.0,0.0,650.2,15.98,80.79999999999998,0.0,1.0,1264.51,17.299999999999997
United States,Montana,Canola,2005,spring,231.70999999999998,0.0,27.0,2014.0500000000002,36.91,28.179999999999996,1.0,0.0,555.59,11.61,83.58,0.0,2.0,1202.04,16.43,199.74999999999997,0.0,27.0,1690.69,36.91,52.48,1.0,0.0,690.6100000000001,24.599999999999998,91.24,0.0,2.0,1390.38,16.43
United States,Montana,Canola,2006,spring,258.53,0.0,18.0,2140.42,43.870000000000005,19.879999999999995,1.0,0.0,613.89,11.09,93.52000000000001,1.0,3.0,1194.42,29.990000000000002,215.79,0.0,18.0,1510.61,43.870000000000005,45.059999999999995,0.0,0.0,747.74,16.200000000000003,111.08,2.0,3.0,1690.38,29.990000000000002
United States,Montana,Canola,2007,spring,279.63999999999993,1.0,23.0,2076.59,47.980000000000004,27.800000000000004,3.0,0.0,550.6600000000001,11.329999999999998,67.43,1.0,1.0,1189.58,10.530000000000001,250.91,0.0,23.0,1528.62,47.980000000000004,40.45,1.0,0.0,702.3700000000001,13.67,83.50999999999999,4.0,1.0,1585.84,10.530000000000001
United States,Montana,Canola,2008,spring,276.72,0.0,35.0,1941.6000000000001,76.96000000000001,8.06,0.0,0.0,577.1600000000001,4.32,88.24,0.0,0.0,1218.71,22.78,261.48,0.0,35.0,1749.43,76.96000000000001,22.650000000000002,0.0,0.0,663.3099999999998,12.56,88.88999999999999,0.0,0.0,1324.73,22.78
United States,Montana,Canola,2009,spring,218.35999999999999,0.0,33.0,2063.04,24.439999999999998,43.28,0.0,0.0,538.2800000000001,13.610000000000001,100.17,0.0,1.0,1240.05,27.15,194.1,0.0,33.0,1803.7099999999998,24.439999999999998,52.809999999999995,0.0,0.0,714.9399999999998,24.47,114.89999999999999,0.0,1.0,1322.72,27.15
United States,Montana,Canola,2010,spring,329.99999999999994,0.0,36.0,1952.17,45.39,30.540000000000003,0.0,0.0,552.2800000000001,13.360000000000001,150.25000000000003,0.0,0.0,1149.06,38.75,308.60999999999996,0.0,36.0,1818.9700000000003,45.39,52.14,0.0,0.0,739.3000000000002,15.18,150.04000000000002,0.0,0.0,1095.24,38.75
United States,Montana,Canola,2011,spring,364.19,0.0,36.0,1923.0299999999997,46.31,27.71,0.0,0.0,591.73,12.9,39.95,0.0,0.0,1303.71,12.08,364.19,0.0,36.0,1923.0299999999997,46.31,28.14,0.0,0.0,690.6,12.9,39.52,0.0,0.0,1204.84,12.08
United States,Montana,Canola,2012,spring,215.46000000000004,0.0,27.0,2101.0499999999997,34.71,31.069999999999997,0.0,0.0,534.09,10.73,24.02,0.0,0.0,1297.0499999999997,6.000000000000001,207.1,0.0,27.0,1725.8799999999999,34.71,16.7,0.0,0.0,590.0100000000001,7.58,46.75,0.0,0.0,1616.3,10.73
United States,Montana,Canola,2013,spring,286.34999999999997,0.0,27.0,2043.9400000000005,52.760000000000005,26.990000000000002,0.0,0.0,578.23,12.370000000000001,110.71000000000001,0.0,2.0,1171.64,24.0,272.75,0.0,27.0,1685.5900000000004,52.760000000000005,26.76,0.0,0.0,614.6999999999999,12.38,124.53999999999999,0.0,2.0,1493.52,24.0
United States,Montana,Canola,2014,spring,187.39999999999998,0.0,29.0,1993.6000000000001,26.689999999999998,25.150000000000002,0.0,0.0,563.76,12.93,197.07999999999998,0.0,3.0,1112.57,111.55,173.8,0.0,29.0,1741.26,26.689999999999998,30.900000000000006,0.0,0.0,632.92,10.22,204.93000000000004,0.0,3.0,1295.75,111.55
United States,Montana,Canola,2015,spring,219.36,0.0,28.0,2072.17,38.290000000000006,48.44,0.0,0.0,480.88,25.66,65.85,0.0,0.0,1185.33,20.28,200.29,0.0,28.0,1641.4299999999998,38.290000000000006,32.04,0.0,0.0,616.5200000000001,8.49,101.32000000000001,0.0,0.0,1480.4299999999996,25.66
United States,Montana,Canola,2016,spring,190.92999999999998,0.0,16.0,2125.51,36.309999999999995,62.300000000000004,0.0,0.0,536.8900000000001,37.96,116.25,0.0,2.0,1161.3000000000002,34.56,167.07000000000002,0.0,16.0,1499.33,36.309999999999995,67.26,0.0,0.0,773.9100000000002,37.96,135.15,0.0,2.0,1550.4599999999998,34.56
United States,Montana,Canola,2017,spring,180.21999999999997,0.0,20.0,2177.99,33.36,17.19,1.0,0.0,589.5300000000001,14.19,86.26,0.0,4.0,1170.3600000000001,50.47,172.01999999999998,0.0,20.0,1676.9499999999998,33.36,22.549999999999997,1.0,0.0,653.6500000000001,14.19,89.1,0.0,4.0,1607.2800000000002,50.47
United States,Montana,Canola,2018,spring,329.28999999999996,0.0,23.0,2002.66,47.47,16.21,0.0,0.0,571.1400000000001,9.71,97.91999999999999,2.0,3.0,1073.75,23.009999999999998,206.37,0.0,23.0,1446.74,41.15,126.73000000000002,0.0,0.0,743.36,47.47,110.31999999999998,2.0,3.0,1457.4499999999998,23.01
United States,Montana,Canola,2019,spring,240.42,0.0,27.0,1874.3300000000002,29.810000000000002,47.589999999999996,0.0,0.0,568.4800000000001,22.59,141.14,0.0,4.0,1126.8600000000001,30.759999999999998,207.64,0.0,27.0,1679.63,29.810000000000002,80.09,0.0,0.0,682.49,22.590000000000003,141.42000000000002,0.0,4.0,1207.55,30.759999999999998
United States,Montana,Canola,2020,spring,274.88,0.0,26.0,2087.66,60.17,21.970000000000002,0.0,0.0,558.2599999999999,7.47,51.08,0.0,2.0,1182.9,18.799999999999997,185.37000000000003,0.0,26.0,1741.82,31.65,105.11999999999998,0.0,0.0,757.6,60.17,57.44,0.0,2.0,1329.4,18.799999999999997
United States,Montana,Canola,2021,spring,161.11,2.0,31.0,2095.0099999999998,26.68,30.999999999999996,1.0,0.0,501.75,10.64,84.10000000000001,0.0,0.0,1069.26,35.52,144.29999999999998,2.0,31.0,1556.07,26.68,25.499999999999996,0.0,0.0,606.97,9.09,106.41000000000001,1.0,0.0,1502.98,35.52
United States,Montana,Canola,2022,spring,212.02,0.0,37.0,1927.39,24.759999999999998,34.73000000000001,1.0,0.0,577.0500000000001,18.08,83.53,4.0,0.0,1243.73,23.35,179.5,0.0,37.0,1736.7200000000003,22.18,56.93000000000001,1.0,0.0,592.15,24.759999999999998,93.85,4.0,0.0,1419.3000000000004,23.35
United States,Montana,Canola,2023,spring,341.58,0.0,22.0,1982.0399999999997,70.05,18.89,1.0,0.0,547.8100000000001,11.54,118.35000000000001,0.0,0.0,1170.83,40.879999999999995,268.56,0.0,22.0,1334.4799999999998,70.05,77.58999999999999,0.0,0.0,802.47,20.73,132.67,1.0,0.0,1563.73,40.879999999999995
United States,Montana,Canola,2024,spring,241.57000000000002,0.0,21.0,2042.91,53.980000000000004,6.34,2.0,0.0,542.14,2.79,150.76,0.0,0.0,1146.81,80.62,203.42000000000002,0.0,21.0,1724.1899999999996,53.980000000000004,42.129999999999995,0.0,0.0,642.94,15.67,153.11999999999998,2.0,0.0,1364.73,80.62
United States,Montana,Canola,2025,spring,201.93999999999997,0.0,18.0,2073.13,29.64,71.28,0.0,0.0,514.15,22.020000000000003,77.35,0.0,0.0,1217.8999999999999,13.38,151.41,0.0,18.0,1510.8100000000002,29.64,53.64999999999999,0.0,0.0,697.4699999999999,21.07,145.51000000000002,0.0,0.0,1596.9,22.020000000000003
United States,Nebraska,Wheat,1990,winter,158.65000000000003,0.0,147.0,2842.48,38.9,71.65,0.0,2.0,423.71000000000004,27.53,129.32,7.0,0.0,1098.8999999999999,26.169999999999998,274.36,0.0,149.0,3510.47,38.9,61.75999999999999,1.0,0.0,455.22999999999996,21.79,23.500000000000004,6.0,0.0,399.38999999999993,16.36
United States,Nebraska,Wheat,1991,winter,187.7,4.0,141.0,2859.63,25.14,81.13000000000001,0.0,1.0,431.5,37.67,179.95999999999995,5.0,0.0,996.27,35.22,259.82,4.0,142.0,3274.79,37.67,128.19,0.0,0.0,345.98999999999995,44.05,60.78,5.0,0.0,666.62,17.47
United States,Nebraska,Wheat,1992,winter,278.01,0.0,149.0,2799.1000000000004,40.7,14.54,0.0,1.0,548.41,10.8,118.66000000000001,0.0,0.0,946.3800000000001,25.009999999999998,303.24,0.0,150.0,3451.5600000000004,40.7,48.730000000000004,0.0,0.0,449.84,17.65,59.24000000000001,0.0,0.0,392.49,25.009999999999998
United States,Nebraska,Wheat,1993,winter,206.76,0.0,158.0,2614.4900000000007,29.78,65.80999999999999,0.0,0.0,403.5600000000001,31.299999999999997,198.31999999999996,0.0,0.0,1038.9099999999999,48.65,339.31,0.0,158.0,3491.4300000000003,31.299999999999997,124.23,0.0,0.0,496.88000000000005,48.65,7.35,0.0,0.0,68.65,7.35
United States,Nebraska,Wheat,1994,winter,183.78,0.0,160.0,2806.3899999999994,28.929999999999996,36.61,0.0,6.0,437.91999999999996,16.87,134.26,1.0,0.0,1191.7400000000002,42.83,248.33,0.0,166.0,3712.5299999999997,28.929999999999996,78.17999999999999,1.0,0.0,418.01,42.83,28.14,0.0,0.0,305.51,18.830000000000002
United States,Nebraska,Wheat,1995,winter,282.43,0.0,137.0,2710.28,36.64,80.81,0.0,3.0,340.87999999999994,30.01,200.48,0.0,0.0,952.5600000000001,81.05000000000001,469.83000000000004,0.0,140.0,3231.12,81.05,51.06999999999999,0.0,0.0,490.17,24.19,42.82,0.0,0.0,282.43,36.68
United States,Nebraska,Wheat,1996,winter,195.31,1.0,149.0,2865.45,40.55,51.17,0.0,1.0,396.85,16.599999999999998,176.43999999999997,0.0,0.0,1040.91,75.03999999999999,359.95000000000005,1.0,150.0,3600.82,75.03999999999999,54.059999999999995,0.0,0.0,468.03000000000003,27.9,8.91,0.0,0.0,234.35999999999999,5.090000000000001
United States,Nebraska,Wheat,1997,winter,232.08999999999997,0.0,154.0,2779.7,71.35,17.709999999999997,0.0,1.0,493.18,10.379999999999999,135.80999999999997,2.0,0.0,1061.27,39.61,320.07000000000005,0.0,155.0,3774.9700000000003,71.35,45.55999999999999,1.0,0.0,414.54,19.84,19.98,1.0,0.0,144.64,19.93
United States,Nebraska,Wheat,1998,winter,283.76,0.0,150.0,2713.9799999999996,53.61999999999999,38.12,0.0,1.0,456.42999999999995,18.23,182.59,1.0,0.0,1126.5300000000002,59.47,361.68999999999994,0.0,151.0,3438.6,53.61999999999999,115.16,0.0,0.0,468.11,59.47,27.62,1.0,0.0,390.23,21.310000000000002
United States,Nebraska,Wheat,1999,winter,264.38,6.0,133.0,2797.3999999999996,33.23,62.81999999999999,0.0,0.0,385.28,29.39,196.55,0.0,0.0,1038.6399999999999,42.08,316.96,6.0,133.0,3157.8599999999997,33.23,66.26,0.0,0.0,489.90000000000003,18.78,140.53,0.0,0.0,573.56,42.08
United States,Nebraska,Wheat,2000,winter,112.58,0.0,128.0,2950.9399999999996,20.1,45.42,0.0,0.0,479.08000000000004,19.2,123.72999999999999,6.0,0.0,1084.53,28.04,157.8,0.0,128.0,3259.04,20.1,52.529999999999994,1.0,0.0,473.13000000000005,28.04,71.4,5.0,0.0,782.38,24.189999999999998
United States,Nebraska,Wheat,2001,winter,345.23999999999995,4.0,159.0,2727.95,51.67999999999999,77.91999999999999,0.0,0.0,519.25,51.36,59.67999999999999,7.0,0.0,1076.2100000000003,14.829999999999998,438.34999999999997,4.0,159.0,3539.14,51.67999999999999,37.6,0.0,0.0,439.80999999999995,13.930000000000001,6.89,7.0,0.0,344.46,2.85
United States,Nebraska,Wheat,2002,winter,173.67999999999998,2.0,140.0,2932.45,38.4,45.94,0.0,2.0,442.04999999999995,21.21,70.27999999999999,15.0,0.0,1173.8399999999997,17.72,222.36,2.0,142.0,3475.58,38.4,40.16,2.0,0.0,466.13000000000005,17.72,27.380000000000006,13.0,0.0,606.63,8.209999999999999
United States,Nebraska,Wheat,2003,winter,227.57,2.0,143.0,2796.16,30.259999999999998,84.49000000000001,0.0,0.0,419.64,24.82,128.13,1.0,0.0,1071.33,31.5,335.94000000000005,2.0,143.0,3470.39,37.41,47.30999999999999,1.0,0.0,467.4899999999999,14.21,56.94,0.0,0.0,349.25,31.5
United States,Nebraska,Wheat,2004,winter,196.25,0.0,137.0,2936.21,33.620000000000005,38.36,2.0,1.0,513.62,16.52,130.33,1.0,0.0,1024.24,32.18000000000001,230.2,2.0,138.0,3426.96,33.620000000000005,59.839999999999996,0.0,0.0,494.15000000000003,22.31,74.9,1.0,0.0,552.9599999999999,32.18000000000001
United States,Nebraska,Wheat,2005,winter,289.9,2.0,132.0,2777.8599999999997,57.51,48.41000000000001,0.0,7.0,478.57,37.660000000000004,159.05,1.0,0.0,1110.7300000000002,66.1,338.39000000000004,2.0,139.0,3277.8599999999997,57.51,105.09,0.0,0.0,497.38000000000005,66.1,53.879999999999995,1.0,0.0,591.9200000000001,25.889999999999997
United States,Nebraska,Wheat,2006,winter,151.39,1.0,127.0,2965.96,29.58,20.05,0.0,3.0,438.68,15.67,82.27,9.0,0.0,1212.46,38.16,169.66,1.0,130.0,3118.1800000000003,29.58,6.290000000000001,0.0,0.0,507.7599999999999,4.39,77.75999999999998,9.0,0.0,991.1600000000002,38.16
United States,Nebraska,Wheat,2007,winter,374.27,0.0,144.0,2769.59,42.150000000000006,115.80999999999997,0.0,0.0,467.65,66.69,228.77,0.0,0.0,1106.1200000000001,89.82,530.71,0.0,144.0,3505.99,79.11,171.25,0.0,0.0,446.14,89.82000000000001,16.89,0.0,0.0,391.22999999999996,9.83
United States,Nebraska,Wheat,2008,winter,240.76,0.0,147.0,2958.3199999999997,45.970000000000006,82.58,0.0,5.0,448.46000000000004,35.89,242.26999999999998,0.0,0.0,1117.83,106.13000000000001,471.72999999999996,0.0,152.0,3746.75,106.13000000000001,72.74000000000002,0.0,0.0,506.8200000000001,28.240000000000002,21.14,0.0,0.0,271.04,10.95
United States,Nebraska,Wheat,2009,winter,344.26,0.0,150.0,2825.56,64.26,48.4,0.0,1.0,424.49000000000007,16.96,186.04999999999998,0.0,0.0,1015.3099999999998,33.7,444.1,0.0,151.0,3652.6500000000005,64.26,118.69,0.0,0.0,417.03,33.7,15.92,0.0,0.0,195.68,15.33
United States,Nebraska,Wheat,2010,winter,312.39,0.0,154.0,2572.0899999999997,39.72,24.36,0.0,2.0,461.79999999999995,7.41,303.38,0.0,0.0,1099.1599999999999,114.55000000000001,465.1,0.0,156.0,3606.8500000000004,40.81,175.03,0.0,0.0,437.33,114.55,0.0,0.0,0.0,88.87,0.0
United States,Nebraska,Wheat,2011,winter,217.11,0.0,141.0,2778.41,35.5,30.47,0.0,2.0,461.09000000000003,27.87,176.47999999999996,0.0,0.0,1006.26,45.15,331.0,0.0,143.0,3560.82,45.15,51.74,0.0,0.0,426.08,23.61,41.32,0.0,0.0,258.86,25.12
United States,Nebraska,Wheat,2012,winter,242.56,2.0,125.0,2996.83,60.769999999999996,46.11,0.0,0.0,502.34,30.98,40.959999999999994,12.0,0.0,1173.4899999999998,11.620000000000001,277.99,2.0,125.0,3227.5800000000004,60.769999999999996,32.04,0.0,0.0,528.4399999999999,11.620000000000001,19.6,12.0,0.0,916.64,5.76
United States,Nebraska,Wheat,2013,winter,125.64,7.0,150.0,2845.5099999999998,43.35,31.169999999999998,0.0,7.0,517.2099999999999,20.509999999999998,148.87999999999997,2.0,0.0,1092.51,45.94,208.18,7.0,157.0,3621.05,43.35,62.86,0.0,0.0,488.4,29.94,34.65,2.0,0.0,345.78000000000003,30.42
United States,Nebraska,Wheat,2014,winter,179.25,7.0,156.0,2854.21,29.900000000000002,33.410000000000004,0.0,0.0,451.10000000000014,17.419999999999998,219.96999999999997,0.0,0.0,1079.68,64.48,229.36,7.0,156.0,3629.97,29.900000000000002,129.62,0.0,0.0,427.43,64.48,73.64999999999999,0.0,0.0,327.59000000000003,29.92
United States,Nebraska,Wheat,2015,winter,190.63000000000002,0.0,125.0,2985.34,38.99000000000001,67.06,0.0,0.0,428.74,26.54,163.16,1.0,0.0,1012.48,35.81,247.4,0.0,125.0,3393.93,38.99000000000001,88.65,0.0,0.0,470.46,23.28,84.80000000000001,1.0,0.0,562.1700000000001,35.81
United States,Nebraska,Wheat,2016,winter,299.34000000000003,5.0,122.0,2806.4300000000003,77.45,132.15,0.0,2.0,445.3099999999999,56.65,139.82000000000002,2.0,0.0,1199.27,35.04,395.90999999999997,5.0,124.0,3048.02,77.45,102.19,0.0,0.0,584.9499999999999,35.04,73.21,2.0,0.0,818.04,30.839999999999996
United States,Nebraska,Wheat,2017,winter,215.64,0.0,111.0,2778.61,34.25,66.48,0.0,2.0,452.40000000000003,32.449999999999996,87.29,3.0,0.0,1127.7500000000002,32.78,267.83,0.0,113.0,3007.12,34.25,78.60000000000001,0.0,0.0,561.57,32.78,22.98,3.0,0.0,790.0699999999998,9.420000000000002
United States,Nebraska,Wheat,2018,winter,285.62,1.0,159.0,2800.9300000000003,80.47000000000001,64.79,0.0,0.0,435.69,29.03,254.30000000000004,2.0,0.0,1082.58,79.21000000000001,465.27,1.0,159.0,3555.2799999999997,80.47000000000001,35.55,1.0,0.0,442.92999999999995,25.15,103.89,1.0,0.0,320.98999999999995,40.379999999999995
United States,Nebraska,Wheat,2019,winter,330.90999999999997,0.0,151.0,2667.92,40.94,52.93999999999999,0.0,1.0,420.65999999999997,25.310000000000002,227.74000000000004,0.0,0.0,1067.06,63.67,566.6099999999999,0.0,152.0,3721.6599999999994,63.67,44.980000000000004,0.0,0.0,433.98,17.47,0.0,0.0,0.0,0.0,0.0
United States,Nebraska,Wheat,2020,winter,243.18,0.0,161.0,2845.07,28.05,54.53,0.0,1.0,443.23,31.38,124.96000000000001,0.0,0.0,1124.6200000000001,49.85000000000001,382.63,0.0,162.0,3744.56,49.85000000000001,30.75,0.0,0.0,425.03,17.03,9.29,0.0,0.0,243.33,6.1899999999999995
United States,Nebraska,Wheat,2021,winter,227.36,1.0,152.0,2840.3600000000006,79.24999999999999,37.82,0.0,1.0,471.0999999999999,21.11,95.8,5.0,0.0,1054.8799999999999,23.28,303.40999999999997,1.0,153.0,3442.0299999999997,79.24999999999999,29.639999999999997,0.0,0.0,491.09999999999997,16.450000000000003,27.929999999999996,5.0,0.0,433.21,13.93
United States,Nebraska,Wheat,2022,winter,126.46000000000001,1.0,133.0,3008.02,30.01,98.3,0.0,1.0,436.15,43.449999999999996,79.13,8.0,0.0,1132.07,29.44,221.70999999999998,1.0,134.0,3299.9,43.449999999999996,33.88000000000001,0.0,0.0,511.4800000000001,14.79,48.300000000000004,8.0,0.0,764.86,29.44
United States,Nebraska,Wheat,2023,winter,120.64,5.0,155.0,3011.69,20.85,132.29999999999998,0.0,3.0,466.37,63.870000000000005,112.79999999999998,0.0,0.0,1124.66,23.619999999999997,256.36,5.0,158.0,3615.66,63.870000000000005,47.49999999999999,0.0,0.0,420.51000000000005,23.150000000000002,61.88000000000001,0.0,0.0,566.5500000000001,23.619999999999997
United States,Nebraska,Wheat,2024,winter,269.25,4.0,126.0,2954.25,50.300000000000004,92.91000000000001,0.0,0.0,443.72999999999996,39.06,177.28,4.0,0.0,1134.6799999999998,38.53,355.39,4.0,126.0,3183.68,50.300000000000004,59.05,0.0,0.0,575.1800000000001,38.53,125.0,4.0,0.0,773.8,34.28
United States,Nebraska,Wheat,2025,winter,114.89,2.0,128.0,2992.22,23.97,34.43,0.0,0.0,484.56999999999994,16.32,261.74,3.0,0.0,1025.05,62.83,121.55000000000001,2.0,128.0,3076.2,23.97,61.89,0.0,0.0,562.4,32.52,227.62000000000003,3.0,0.0,863.24,62.83
United States,Nebraska,Barley,1990,spring,213.88,5.0,11.0,1916.62,27.53,12.07,7.0,0.0,322.06,8.95,142.47,13.0,0.0,1653.78,36.769999999999996,173.87,1.0,11.0,1545.82,27.53,38.25,2.0,0.0,284.22999999999996,20.49,156.30000000000004,22.0,0.0,2062.4100000000003,36.769999999999996
United States,Nebraska,Barley,1991,spring,298.04,3.0,5.0,1789.4299999999998,44.050000000000004,8.52,4.0,0.0,338.52,7.16,114.80000000000001,13.0,1.0,1669.8899999999999,40.699999999999996,248.07,0.0,5.0,1306.9399999999998,44.050000000000004,41.08,0.0,0.0,321.41999999999996,17.47,132.20999999999998,20.0,1.0,2169.4800000000005,40.699999999999996
United States,Nebraska,Barley,1992,spring,137.49,0.0,8.0,1838.3899999999999,25.009999999999998,50.78999999999999,0.0,0.0,298.50000000000006,19.340000000000003,217.14000000000001,1.0,0.0,1550.76,74.27000000000001,80.53,0.0,8.0,1446.2299999999998,17.65,49.91,0.0,0.0,306.5,25.009999999999998,274.98,1.0,0.0,1934.92,74.27000000000001
United States,Nebraska,Barley,1993,spring,305.35999999999996,0.0,13.0,1765.1699999999998,48.65,71.42999999999999,0.0,0.0,330.57,36.41,258.93,0.0,0.0,1513.0,42.849999999999994,242.3,0.0,13.0,1496.5600000000002,40.43,70.13,0.0,0.0,309.98,48.65,323.29,0.0,0.0,1802.1999999999998,42.849999999999994
United States,Nebraska,Barley,1994,spring,192.27,1.0,17.0,1991.4099999999999,42.82999999999999,100.77999999999999,0.0,0.0,357.72999999999996,37.69,130.07,3.0,0.0,1630.28,25.51,140.02,0.0,17.0,1512.43,42.82999999999999,42.2,1.0,0.0,258.86,23.79,240.89999999999995,3.0,0.0,2208.1299999999997,38.599999999999994
United States,Nebraska,Barley,1995,spring,350.21,0.0,16.0,1640.86,81.05,5.239999999999999,3.0,0.0,362.92999999999995,4.54,167.68,20.0,2.0,1633.2,40.55,344.23,0.0,16.0,1529.37,81.05,11.209999999999999,0.0,0.0,327.48,5.57,167.69,23.0,2.0,1780.1399999999999,40.55
United States,Nebraska,Barley,1996,spring,239.63,0.0,12.0,1850.09,75.03999999999999,20.42,1.0,0.0,331.21999999999997,14.049999999999999,276.82,2.0,0.0,1451.9,71.35,221.83999999999997,0.0,12.0,1522.3200000000004,75.03999999999999,13.68,0.0,0.0,301.91,5.52,301.34999999999997,3.0,0.0,1808.9799999999996,71.35
United States,Nebraska,Barley,1997,spring,182.82,2.0,14.0,1869.78,39.61,65.97,0.0,0.0,367.04,40.72,194.09,11.0,0.0,1565.61,44.56999999999999,157.57,0.0,14.0,1601.9800000000005,39.61,32.83,2.0,0.0,294.34000000000003,19.84,252.48000000000002,11.0,0.0,1906.11,44.56999999999999
United States,Nebraska,Barley,1998,spring,245.38999999999996,1.0,10.0,1970.83,59.47,31.130000000000003,0.0,0.0,339.62999999999994,18.29,153.02,15.0,0.0,1614.58,26.68,202.35,0.0,10.0,1564.32,59.47,43.029999999999994,1.0,0.0,354.34,21.310000000000002,184.16,15.0,0.0,2006.38,26.68
United States,Nebraska,Barley,1999,spring,311.72999999999996,0.0,10.0,1780.46,42.080000000000005,17.74,0.0,0.0,344.89,13.18,140.98000000000002,12.0,0.0,1658.7199999999998,20.100000000000005,255.06,0.0,10.0,1497.3899999999999,42.080000000000005,56.67000000000001,0.0,0.0,283.07000000000005,36.71000000000001,158.72000000000003,12.0,0.0,2003.61,20.100000000000005
United States,Nebraska,Barley,2000,spring,167.10999999999999,6.0,10.0,1955.53,28.04,55.58,2.0,0.0,351.9000000000001,23.89,106.32,26.0,0.0,1618.0700000000002,18.12,109.00999999999998,3.0,10.0,1448.95,28.04,38.82,2.0,0.0,327.67,24.189999999999998,181.18,29.0,0.0,2148.88,23.89
United States,Nebraska,Barley,2001,spring,268.03000000000003,5.0,7.0,1946.8899999999999,51.68,46.720000000000006,5.0,0.0,337.33,29.78,180.88,16.0,0.0,1689.2800000000002,29.79,252.99000000000004,0.0,7.0,1488.29,51.68,13.59,2.0,0.0,322.96000000000004,10.51,229.05,24.0,0.0,2162.250000000001,29.79
United States,Nebraska,Barley,2002,spring,127.76,13.0,8.0,2022.92,21.21,5.76,8.0,0.0,350.91999999999996,5.12,120.54,24.0,0.0,1681.57,29.72,106.41000000000001,3.0,8.0,1555.3000000000004,21.21,14.65,3.0,0.0,268.32,8.209999999999999,133.00000000000003,39.0,0.0,2231.79,29.72
United States,Nebraska,Barley,2003,spring,292.46999999999997,1.0,7.0,1841.8100000000002,37.41,22.69,4.0,0.0,387.22999999999996,16.519999999999996,60.339999999999996,20.0,0.0,1759.24,14.600000000000001,235.89000000000001,1.0,7.0,1495.32,37.41,56.120000000000005,0.0,0.0,259.1499999999999,31.5,83.49000000000001,24.0,0.0,2233.81,16.519999999999996
United States,Nebraska,Barley,2004,spring,210.11,3.0,5.0,1963.2399999999998,32.18000000000001,67.8,1.0,0.0,329.33000000000004,26.360000000000003,218.64,9.0,0.0,1689.1999999999998,57.51,138.33,3.0,5.0,1515.7099999999998,29.89,69.23000000000002,0.0,0.0,318.54,32.18,288.99,10.0,0.0,2147.5200000000004,57.51
United States,Nebraska,Oats,1990,spring,173.87,1.0,11.0,1545.82,27.53,36.92,0.0,0.0,166.73,20.49,157.63,24.0,0.0,2179.91,36.769999999999996,157.73,0.0,11.0,1192.8700000000001,27.53,37.339999999999996,1.0,0.0,483.34000000000003,22.24,173.35,24.0,0.0,2216.25,36.769999999999996
United States,Nebraska,Oats,1991,spring,267.58,0.0,5.0,1460.83,44.050000000000004,27.64,0.0,0.0,181.04999999999998,17.47,126.13999999999999,20.0,1.0,2155.96,40.699999999999996,197.29999999999998,0.0,5.0,1050.68,44.050000000000004,70.28,0.0,0.0,410.1499999999999,26.810000000000002,153.78000000000003,20.0,1.0,2337.01,40.699999999999996
United States,Nebraska,Oats,1992,spring,104.66999999999999,0.0,8.0,1531.32,24.139999999999997,24.52,0.0,0.0,141.05,21.27,276.23,1.0,0.0,2015.28,74.27000000000001,35.79,0.0,8.0,1126.6199999999997,17.209999999999997,70.91,0.0,0.0,466.86,25.009999999999998,298.72,1.0,0.0,2094.17,74.27000000000001
United States,Nebraska,Oats,1993,spring,201.85,0.0,13.0,1422.63,31.299999999999997,46.95,0.0,0.0,151.55,40.43000000000001,386.9200000000001,0.0,0.0,2034.5600000000002,48.65,175.88,0.0,13.0,1164.09,31.299999999999997,121.57,0.0,0.0,494.96000000000004,48.65,338.27000000000004,0.0,0.0,1949.6899999999998,42.849999999999994
United States,Nebraska,Oats,1994,spring,149.18,1.0,17.0,1646.3899999999999,42.82999999999999,36.25,0.0,0.0,149.91,23.79,237.68999999999997,3.0,0.0,2183.12,38.599999999999994,80.22999999999999,0.0,17.0,1183.77,28.93,69.00999999999999,1.0,0.0,482.2,42.83,273.88,3.0,0.0,2313.4500000000003,38.599999999999994
United States,Nebraska,Oats,1995,spring,306.28,0.0,16.0,1293.5299999999997,81.05,8.63,0.0,0.0,197.84,7.48,208.22000000000003,23.0,2.0,2145.6200000000003,40.55,305.95,0.0,16.0,1206.33,81.05,44.8,0.0,0.0,497.68,36.68,172.38,23.0,2.0,1932.98,40.55
United States,Nebraska,Oats,1996,spring,204.52999999999997,0.0,12.0,1515.4300000000003,75.03999999999999,26.990000000000002,0.0,0.0,150.73000000000002,22.29,305.34999999999997,3.0,0.0,1967.0499999999997,71.35,177.36999999999998,0.0,12.0,1171.93,75.03999999999999,54.15,0.0,0.0,494.23,27.9,305.34999999999997,3.0,0.0,1967.0499999999997,71.35
United States,Nebraska,Oats,1997,spring,148.07999999999998,0.0,14.0,1497.8200000000004,39.61,29.33,1.0,0.0,182.29999999999998,19.84,265.46999999999997,12.0,0.0,2122.31,44.57000000000001,135.32999999999998,0.0,14.0,1289.45,39.61,42.550000000000004,1.0,0.0,441.78,19.84,265.0,12.0,0.0,2071.2,44.57000000000001
United States,Nebraska,Oats,1998,spring,214.68,0.0,10.0,1581.4299999999998,59.47,16.46,0.0,0.0,192.37,8.94,198.39999999999998,16.0,0.0,2151.24,26.68,106.17999999999998,0.0,10.0,1224.25,31.060000000000002,117.63,0.0,0.0,522.1300000000001,59.47,205.73000000000002,16.0,0.0,2178.6599999999994,26.68
United States,Nebraska,Oats,1999,spring,230.45,0.0,10.0,1492.2099999999998,42.080000000000005,27.32,0.0,0.0,125.60000000000001,25.59,212.68,12.0,0.0,2166.26,36.71000000000001,178.76,0.0,10.0,1180.8,29.39,79.01,0.0,0.0,437.01,42.08,212.68,12.0,0.0,2166.26,36.71000000000001
United States,Nebraska,Oats,2000,spring,135.07,5.0,10.0,1613.04,28.04,12.760000000000002,0.0,0.0,163.57999999999998,10.89,181.18,29.0,0.0,2148.88,23.89,99.29,0.0,10.0,1121.9699999999998,28.04,35.78,5.0,0.0,491.07000000000005,24.189999999999998,193.94,29.0,0.0,2312.4600000000005,23.89
United States,Nebraska,Oats,2001,spring,263.50000000000006,0.0,7.0,1561.55,51.68,3.08,1.0,0.0,186.6,2.85,229.05,25.0,0.0,2225.3500000000004,29.79,215.01,0.0,7.0,1184.6499999999999,51.68,48.71999999999999,0.0,0.0,469.43,14.829999999999998,231.89999999999998,26.0,0.0,2319.42,29.79
United States,Nebraska,Oats,2002,spring,109.25,3.0,8.0,1665.55,21.21,11.81,3.0,0.0,158.07,8.209999999999999,133.00000000000003,39.0,0.0,2231.79,29.72,81.49,0.0,8.0,1272.3600000000001,21.21,35.82,3.0,0.0,433.45,12.870000000000001,136.75,42.0,0.0,2349.6,29.72
United States,Nebraska,Oats,2003,spring,236.07000000000002,1.0,7.0,1516.79,37.41,21.599999999999998,0.0,0.0,152.17999999999998,13.77,117.83000000000001,24.0,0.0,2319.31,31.5,189.44000000000003,1.0,7.0,1160.03,37.41,60.99999999999999,0.0,0.0,470.71999999999997,14.21,125.06,24.0,0.0,2357.5299999999997,31.5
United States,Nebraska,Oats,2004,spring,164.61999999999998,3.0,5.0,1693.4999999999998,29.89,42.940000000000005,0.0,0.0,109.35,32.18,288.98999999999995,10.0,0.0,2178.9200000000005,57.51,119.52999999999999,2.0,5.0,1164.7100000000003,29.89,45.0,1.0,0.0,497.95000000000005,24.89,332.02,10.0,0.0,2319.11,57.51
United States,Nebraska,Oats,2005,spring,243.13,0.0,9.0,1577.56,66.1,6.920000000000001,0.0,0.0,173.88,5.48,157.38,19.0,0.0,2248.580000000001,50.53999999999999,117.61,0.0,9.0,1228.43,37.660000000000004,126.96000000000001,0.0,0.0,445.23,66.10000000000001,162.86,19.0,0.0,2326.36,50.53999999999999
United States,Nebraska,Oats,2006,spring,72.71,6.0,5.0,1727.42,15.83,38.60999999999999,1.0,0.0,149.6,38.16,229.06,21.0,0.0,2147.5799999999995,42.15,43.63000000000001,0.0,5.0,1109.9,15.83,16.64,3.0,0.0,435.02,9.16,280.11,25.0,0.0,2479.68,42.15
United States,Nebraska,Oats,2007,spring,384.0799999999999,0.0,11.0,1537.1799999999998,89.82000000000001,14.160000000000002,0.0,0.0,192.67000000000002,9.83,212.48,3.0,0.0,2121.9600000000005,26.54,235.57999999999998,0.0,11.0,1180.7,79.11,158.42000000000002,0.0,0.0,491.62000000000006,81.87,216.71999999999994,3.0,0.0,2179.4900000000002,26.54
United States,Nebraska,Oats,2008,spring,368.17999999999995,0.0,19.0,1595.76,106.13,15.330000000000002,0.0,0.0,174.23,9.22,239.73,4.0,0.0,2216.08,34.34,359.36999999999995,0.0,19.0,1333.6899999999998,106.13,34.72,0.0,0.0,541.1799999999998,10.52,229.15,4.0,0.0,2111.1999999999994,34.34
United States,Nebraska,Oats,2009,spring,228.13,0.0,12.0,1450.8200000000004,33.7,31.310000000000002,0.0,0.0,160.88,14.32,268.07,1.0,0.0,2154.1999999999994,32.39,149.51,0.0,12.0,1240.81,24.510000000000005,121.74,0.0,0.0,428.75,33.7,256.26,1.0,0.0,2096.3399999999997,32.39
United States,Nebraska,Oats,2010,spring,356.9599999999999,0.0,6.0,1549.8899999999999,114.55000000000001,25.72,0.0,0.0,187.73999999999998,19.96,276.15999999999997,0.0,0.0,2260.44,41.0,153.77999999999997,0.0,6.0,1274.2499999999998,26.35,223.38000000000002,0.0,0.0,434.86999999999995,114.55000000000001,281.68,0.0,0.0,2288.9500000000007,41.0
United States,Nebraska,Oats,2011,spring,182.53999999999996,0.0,9.0,1467.6299999999999,45.15,65.14,0.0,0.0,151.64,38.720000000000006,188.84,15.0,0.0,2178.6600000000003,36.370000000000005,171.76,0.0,9.0,1214.13,45.15,75.96000000000001,0.0,0.0,464.73,38.720000000000006,188.79999999999998,15.0,0.0,2119.07,36.370000000000005
United States,Nebraska,Oats,2012,spring,157.88999999999996,1.0,0.0,1658.93,48.63,3.6999999999999997,3.0,0.0,187.05,2.2199999999999998,60.55,49.0,0.0,2325.3799999999997,12.15,136.45000000000002,0.0,0.0,1064.9699999999998,48.63,18.79,1.0,0.0,478.2900000000001,11.62,66.9,52.0,0.0,2628.1,12.15
United States,Nebraska,Oats,2013,spring,191.17,0.0,23.0,1550.28,45.94,25.79,1.0,0.0,179.55,13.09,248.06,26.0,0.0,2118.46,34.06,174.3,0.0,23.0,1275.6999999999998,45.94,54.36,1.0,0.0,473.6700000000001,24.179999999999996,236.36,26.0,0.0,2098.92,34.06
United States,Nebraska,Oats,2014,spring,197.09000000000003,0.0,11.0,1557.99,64.48,38.95,0.0,0.0,186.59000000000003,29.92,239.76000000000002,7.0,0.0,2176.54,37.85,70.38999999999999,0.0,11.0,1236.72,17.419999999999998,158.9,0.0,0.0,480.28,64.48,246.51000000000002,7.0,0.0,2204.1199999999994,37.85
United States,Nebraska,Oats,2015,spring,245.29,0.0,3.0,1442.76,38.989999999999995,39.24,0.0,0.0,175.14,35.81,207.46000000000004,13.0,0.0,2139.0999999999995,43.550000000000004,176.73999999999998,0.0,3.0,1122.6,38.989999999999995,105.19,0.0,0.0,437.38,35.81,210.06000000000003,13.0,0.0,2197.0199999999995,43.550000000000004
United States,Nebraska,Oats,2016,spring,320.53000000000003,0.0,5.0,1654.5099999999998,77.45,11.76,2.0,0.0,201.47,11.44,213.88,4.0,0.0,2081.64,24.53,285.51000000000005,0.0,5.0,1247.1799999999998,77.45,46.46,1.0,0.0,523.2800000000001,30.839999999999996,214.2,5.0,0.0,2167.16,24.53
United States,Nebraska,Oats,2017,spring,158.52999999999997,0.0,3.0,1602.18,32.78,1.25,3.0,0.0,183.87,1.01,355.95000000000005,11.0,0.0,2148.7500000000005,84.93,149.45000000000002,0.0,3.0,1216.54,32.78,9.080000000000002,1.0,0.0,439.96000000000004,3.2,357.20000000000005,13.0,0.0,2278.3,84.93
United States,Nebraska,Oats,2018,spring,250.07999999999998,1.0,17.0,1591.5800000000002,79.21000000000001,40.34,1.0,0.0,137.01999999999998,30.39,291.19,0.0,0.0,2073.48,40.379999999999995,215.43,0.0,17.0,1202.9100000000003,79.21000000000001,47.629999999999995,2.0,0.0,454.54999999999995,25.15,318.54999999999995,0.0,0.0,2144.62,40.379999999999995
United States,Nebraska,Oats,2019,spring,273.93,0.0,8.0,1546.01,63.67,29.18,0.0,0.0,151.19,17.47,376.67,2.0,0.0,2085.7599999999998,49.150000000000006,248.81999999999996,0.0,8.0,1245.0900000000001,63.67,62.97,0.0,0.0,529.5400000000001,18.200000000000003,367.99,2.0,0.0,2008.3300000000002,49.150000000000006
United States,Nebraska,Oats,2020,spring,173.49,0.0,14.0,1643.6,49.85000000000001,10.25,0.0,0.0,167.19,8.190000000000001,153.48000000000002,12.0,0.0,2234.0000000000005,37.879999999999995,147.27,0.0,14.0,1327.3499999999997,49.85000000000001,32.43,0.0,0.0,465.35999999999996,17.03,157.52,12.0,0.0,2252.0800000000004,37.879999999999995
United States,Nebraska,Oats,2021,spring,128.3,1.0,15.0,1594.54,23.28,1.97,3.0,0.0,183.34999999999997,1.5,233.73999999999998,13.0,0.0,2130.03,30.369999999999997,123.9,0.0,15.0,1216.6699999999996,23.28,4.73,4.0,0.0,462.28000000000003,2.16,235.38,13.0,0.0,2228.9700000000003,30.369999999999997
United States,Nebraska,Oats,2022,spring,170.12,1.0,14.0,1638.1100000000004,43.449999999999996,1.9500000000000002,4.0,0.0,193.27999999999997,1.1,147.44,35.0,0.0,2261.21,31.92,132.79999999999998,0.0,14.0,1270.05,43.449999999999996,38.17,2.0,0.0,457.48,29.44,148.54000000000002,38.0,0.0,2365.0699999999997,31.92
United States,Nebraska,Oats,2023,spring,200.73,0.0,12.0,1683.37,63.870000000000005,14.48,0.0,0.0,166.95,8.83,236.80999999999997,18.0,0.0,2191.1699999999996,33.74,147.63,0.0,12.0,1228.1100000000001,63.870000000000005,55.25,0.0,0.0,482.45000000000005,23.150000000000006,249.14,18.0,0.0,2330.93,33.739999999999995
United States,Nebraska,Oats,2024,spring,251.42,1.0,7.0,1674.01,39.06,44.32,0.0,0.0,141.52,33.349999999999994,126.26,19.0,0.0,2158.24,30.759999999999998,178.82999999999998,0.0,7.0,1254.72,39.06,80.50999999999999,1.0,0.0,472.49000000000007,26.209999999999997,162.66,19.0,0.0,2246.56,34.28
United States,Nebraska,Oats,2025,spring,200.03000000000003,0.0,8.0,1568.9000000000003,47.47,26.05,2.0,0.0,189.39000000000001,23.1,338.99,12.0,0.0,2024.0999999999997,62.83,123.38999999999999,0.0,8.0,1142.52,37.08,85.59,0.0,0.0,482.44999999999993,47.47,356.09000000000003,14.0,0.0,2157.42,62.83
United States,North Dakota,Wheat,1990,spring,218.46,0.0,25.0,1852.5200000000002,34.199999999999996,54.32,0.0,0.0,355.32,21.9,92.21000000000001,0.0,0.0,1589.28,17.16,189.38000000000002,0.0,25.0,1771.7499999999998,34.199999999999996,58.169999999999995,0.0,0.0,288.4,29.08,117.44,0.0,0.0,1736.97,21.9
United States,North Dakota,Wheat,1991,spring,207.25,0.0,19.0,1675.7800000000002,27.88,34.620000000000005,0.0,0.0,300.65000000000003,18.13,130.72,5.0,2.0,1553.5100000000002,30.36,163.24999999999997,0.0,19.0,1406.24,27.88,44.00000000000001,0.0,0.0,269.54,24.58,165.34,5.0,2.0,1854.1599999999999,30.36
United States,North Dakota,Wheat,1992,spring,125.94,0.0,21.0,1842.5900000000001,28.580000000000002,55.52,0.0,0.0,266.76,23.060000000000002,83.71000000000001,1.0,2.0,1445.8500000000001,19.75,121.14,0.0,21.0,1694.18,28.580000000000002,37.39,0.0,0.0,281.39,23.060000000000002,106.64000000000001,1.0,2.0,1579.63,19.75
United States,North Dakota,Wheat,1993,spring,214.34,0.0,20.0,1740.02,46.53,90.62,0.0,0.0,261.37,46.07,259.49,0.0,1.0,1385.11,58.72999999999999,214.34,0.0,20.0,1740.02,46.53,96.18,0.0,0.0,276.75,46.07,253.92999999999998,0.0,1.0,1369.73,58.73
United States,North Dakota,Wheat,1994,spring,177.26999999999998,0.0,23.0,1844.98,34.46000000000001,38.9,0.0,0.0,337.97,23.349999999999998,115.38999999999999,0.0,0.0,1492.6,43.6,165.57999999999998,0.0,23.0,1699.69,34.46000000000001,17.77,0.0,0.0,307.70000000000005,10.14,148.21,0.0,0.0,1668.1599999999999,43.599999999999994
United States,North Dakota,Wheat,1995,spring,174.49,0.0,24.0,1718.76,41.95,43.769999999999996,0.0,0.0,299.75,23.629999999999995,130.8,3.0,3.0,1554.43,30.57,176.24,0.0,24.0,1748.84,41.95,42.019999999999996,0.0,0.0,269.67,23.63,130.8,3.0,3.0,1554.43,30.57
United States,North Dakota,Wheat,1996,spring,150.83999999999997,0.0,30.0,1693.5400000000002,22.89,27.029999999999998,0.0,0.0,330.22999999999996,11.01,139.03,3.0,1.0,1498.3599999999997,28.75,156.79999999999998,0.0,30.0,1749.5100000000002,22.89,21.069999999999997,0.0,0.0,274.26,11.01,139.03,3.0,1.0,1498.3599999999997,28.75
United States,North Dakota,Wheat,1997,spring,135.45,0.0,22.0,1925.92,63.24,92.81,0.0,0.0,327.13,51.06,66.8,2.0,0.0,1534.1299999999999,12.940000000000001,133.53000000000003,0.0,22.0,1840.8900000000003,63.24,69.08,0.0,0.0,311.82,51.059999999999995,92.44999999999999,2.0,0.0,1634.47,25.54
United States,North Dakota,Wheat,1998,spring,177.22000000000003,0.0,11.0,1795.9000000000003,33.01,69.76,0.0,0.0,353.40999999999997,51.5,108.27999999999999,2.0,0.0,1621.6399999999999,28.1,143.54000000000005,0.0,11.0,1645.82,33.01,38.95000000000001,0.0,0.0,266.09000000000003,20.46,172.76999999999995,2.0,0.0,1859.04,51.5
United States,North Dakota,Wheat,1999,spring,266.93,0.0,14.0,1812.7899999999997,59.99,31.780000000000005,0.0,0.0,339.69,11.64,195.31,3.0,2.0,1477.16,72.05000000000001,263.39,0.0,14.0,1742.4499999999998,59.99,34.51,0.0,0.0,327.36,11.64,196.12,3.0,2.0,1559.8299999999997,72.05000000000001
United States,North Dakota,Wheat,2000,spring,250.30999999999997,0.0,21.0,1780.19,79.42999999999999,53.81999999999999,0.0,0.0,303.17,23.68,136.07,3.0,1.0,1502.86,22.32,249.92,0.0,21.0,1726.5000000000005,79.42999999999999,30.319999999999997,0.0,0.0,265.02,22.439999999999998,159.95999999999998,3.0,1.0,1594.6999999999998,23.68
United States,North Dakota,Wheat,2001,spring,197.64999999999998,0.0,19.0,1812.7399999999998,40.019999999999996,17.380000000000003,0.0,0.0,349.63,9.200000000000001,132.24,6.0,1.0,1567.3400000000001,36.27,193.79000000000002,0.0,19.0,1696.8,40.019999999999996,7.98,0.0,0.0,295.46999999999997,4.529999999999999,145.5,6.0,1.0,1737.4399999999996,36.27
United States,North Dakota,Wheat,2002,spring,149.98,1.0,33.0,1803.1000000000001,38.78,31.69,2.0,0.0,356.0300000000001,21.98,117.27,7.0,2.0,1479.6100000000001,19.740000000000002,150.56,2.0,33.0,1829.4800000000002,38.78,30.3,1.0,0.0,256.71000000000004,21.98,118.08,7.0,2.0,1552.55,19.740000000000002
United States,North Dakota,Wheat,2003,spring,240.76999999999998,0.0,11.0,1674.7299999999998,30.939999999999998,45.67,0.0,0.0,355.44,33.81,88.53,10.0,1.0,1540.7600000000002,35.290000000000006,227.51,0.0,11.0,1581.74,30.939999999999998,23.82,0.0,0.0,287.17,11.479999999999999,123.63999999999999,10.0,1.0,1702.02,35.290000000000006
United States,North Dakota,Wheat,2004,spring,193.87,0.0,26.0,1829.11,47.27,45.69,0.0,0.0,302.2,15.100000000000001,131.63,1.0,0.0,1439.43,23.200000000000003,193.88,0.0,26.0,1886.9899999999998,47.27,45.68,0.0,0.0,273.31,15.099999999999998,131.63000000000002,1.0,0.0,1410.4400000000003,23.200000000000003
United States,North Dakota,Wheat,2005,spring,262.87,0.0,16.0,1777.8899999999999,55.34,77.23,0.0,0.0,345.58,54.2,102.77000000000001,2.0,0.0,1526.35,21.4,214.38,0.0,16.0,1621.0699999999997,55.34,111.14,0.0,0.0,264.85999999999996,61.620000000000005,117.35,2.0,0.0,1763.89,21.4
United States,North Dakota,Wheat,2006,spring,135.04000000000002,0.0,14.0,1859.09,23.65,17.96,3.0,0.0,370.13,15.49,131.61,7.0,1.0,1529.23,27.78,109.49000000000002,0.0,14.0,1504.93,23.65,25.55,0.0,0.0,324.67,14.340000000000002,149.57000000000002,10.0,1.0,1928.8500000000001,27.78
United States,North Dakota,Wheat,2007,spring,331.4,0.0,16.0,1806.78,59.44,21.64,1.0,0.0,350.21999999999997,14.110000000000001,114.84,5.0,0.0,1520.03,29.71,324.06,0.0,16.0,1626.12,59.44,14.629999999999999,0.0,0.0,279.93,7.29,129.18999999999997,6.0,0.0,1770.9799999999996,29.71
United States,North Dakota,Wheat,2008,spring,192.34,0.0,26.0,1812.3700000000001,54.36,13.629999999999999,0.0,0.0,366.5,9.29,191.84000000000003,0.0,0.0,1557.46,25.43,192.34,0.0,26.0,1870.9000000000003,54.36,13.239999999999998,0.0,0.0,283.90999999999997,9.29,192.23000000000002,0.0,0.0,1581.52,25.43
United States,North Dakota,Wheat,2009,spring,178.35000000000002,0.0,24.0,1854.53,35.39,40.61999999999999,0.0,0.0,343.62,29.119999999999997,94.18,1.0,0.0,1490.04,28.5,179.18,0.0,24.0,1965.8600000000001,35.39,53.68000000000001,0.0,0.0,316.98999999999995,29.119999999999997,80.29000000000002,1.0,0.0,1405.3400000000001,28.5
United States,North Dakota,Wheat,2010,spring,287.13,0.0,15.0,1746.7000000000003,39.910000000000004,11.5,0.0,0.0,350.51,5.49,229.91000000000003,3.0,1.0,1493.5,57.05,263.79,0.0,15.0,1657.66,39.910000000000004,28.880000000000006,0.0,0.0,262.15,23.28,235.86999999999998,3.0,1.0,1670.9,57.05
United States,North Dakota,Wheat,2011,spring,277.86,0.0,20.0,1624.51,54.41,43.63000000000001,0.0,0.0,352.55,26.990000000000002,191.74,0.0,0.0,1553.42,35.29,281.89000000000004,0.0,20.0,1725.54,54.41,42.07,0.0,0.0,267.08,26.990000000000002,189.26999999999998,0.0,0.0,1537.8600000000001,35.29
United States,North Dakota,Wheat,2012,spring,185.8,0.0,11.0,1781.56,26.87,29.619999999999997,1.0,0.0,356.2300000000001,24.43,70.15,4.0,1.0,1494.3600000000001,16.09,183.26999999999998,0.0,11.0,1557.9599999999998,26.87,6.06,0.0,0.0,276.33,3.53,96.24000000000001,5.0,1.0,1797.8600000000001,24.43
United States,North Dakota,Wheat,2013,spring,317.17999999999995,0.0,32.0,1745.98,68.52,26.259999999999998,0.0,0.0,358.96000000000004,12.69,138.56,1.0,0.0,1497.57,47.76,317.40999999999997,0.0,32.0,1826.85,68.52,26.03,0.0,0.0,278.09,12.69,138.56,1.0,0.0,1497.57,47.76
United States,North Dakota,Wheat,2014,spring,237.09,0.0,27.0,1689.22,51.81,12.819999999999997,0.0,0.0,332.9700000000001,5.83,189.86,0.0,1.0,1460.13,49.75,241.60000000000002,0.0,27.0,1724.93,51.81,8.309999999999997,0.0,0.0,297.26,5.83,189.86,0.0,1.0,1460.13,49.75
United States,North Dakota,Wheat,2015,spring,207.32999999999998,0.0,18.0,1837.52,33.57000000000001,22.96,0.0,0.0,310.36,9.65,107.44999999999999,6.0,0.0,1571.95,29.419999999999998,202.77,0.0,18.0,1732.29,33.57000000000001,20.59,0.0,0.0,258.38,9.65,114.38000000000001,6.0,0.0,1729.1599999999999,29.419999999999998
United States,North Dakota,Wheat,2016,spring,177.22999999999996,0.0,16.0,1926.63,33.35,47.669999999999995,0.0,0.0,330.39,23.82,155.24,2.0,0.0,1471.81,23.990000000000002,168.73999999999998,0.0,16.0,1715.45,33.35,12.370000000000001,0.0,0.0,307.78000000000003,7.0,199.03,2.0,0.0,1705.6000000000001,23.99
United States,North Dakota,Wheat,2017,spring,100.96999999999998,1.0,14.0,1964.29,33.21,7.45,2.0,0.0,354.87,3.56,175.91,4.0,0.0,1494.0700000000002,26.89,90.46000000000001,1.0,14.0,1708.29,33.21,14.2,0.0,0.0,341.5,11.399999999999999,179.67,6.0,0.0,1763.44,26.89
United States,North Dakota,Wheat,2018,spring,190.59,0.0,21.0,1875.8799999999999,41.05,54.53999999999999,0.0,0.0,369.89000000000004,23.1,99.37,5.0,2.0,1484.73,19.770000000000003,162.49,0.0,21.0,1666.02,41.05,41.83,0.0,0.0,256.57000000000005,26.77,140.17999999999995,5.0,2.0,1807.9099999999999,23.1
United States,North Dakota,Wheat,2019,spring,179.69000000000003,0.0,23.0,1752.8899999999999,32.230000000000004,61.96,0.0,0.0,297.29999999999995,38.4,301.28999999999996,0.0,0.0,1448.53,46.25,176.08,0.0,23.0,1732.4299999999998,32.230000000000004,55.84,0.0,0.0,237.6,30.69,311.02,0.0,0.0,1528.6900000000003,46.25
United States,North Dakota,Wheat,2020,spring,85.93,0.0,27.0,1944.07,19.75,75.16,0.0,0.0,343.1,48.11,83.65,3.0,0.0,1591.67,15.840000000000002,78.64000000000001,0.0,27.0,1891.09,19.75,65.05999999999999,0.0,0.0,237.42999999999998,54.779999999999994,101.03999999999999,3.0,0.0,1750.32,16.490000000000002
United States,North Dakota,Wheat,2021,spring,123.81,2.0,20.0,1901.3500000000001,30.55,30.01,2.0,0.0,344.44,20.69,115.06,11.0,0.0,1412.69,46.13,92.92000000000002,1.0,20.0,1669.7900000000002,30.55,30.890000000000004,1.0,0.0,291.67999999999995,18.48,145.07000000000002,13.0,0.0,1697.01,46.13000000000001
United States,North Dakota,Wheat,2022,spring,248.68999999999994,1.0,29.0,1735.08,47.36,49.809999999999995,0.0,0.0,350.23999999999995,21.43,84.42999999999999,4.0,0.0,1566.5100000000002,17.939999999999998,250.31999999999994,1.0,29.0,1819.1599999999999,47.36,48.18,0.0,0.0,266.16,21.43,84.42999999999999,4.0,0.0,1566.5100000000002,17.939999999999998
United States,North Dakota,Wheat,2023,spring,220.12,0.0,20.0,1799.72,54.23,24.609999999999992,0.0,0.0,328.42,12.55,164.61,3.0,0.0,1426.3600000000001,30.410000000000004,156.15,0.0,20.0,1544.3999999999999,54.23,63.96999999999999,0.0,0.0,255.32000000000002,46.28,189.22000000000003,3.0,0.0,1754.7800000000002,30.410000000000004
United States,North Dakota,Wheat,2024,spring,251.58999999999997,0.0,14.0,1818.1899999999998,35.519999999999996,23.439999999999994,0.0,0.0,327.07,11.879999999999999,108.55,3.0,0.0,1448.6200000000001,31.05,222.73000000000002,0.0,14.0,1703.0599999999997,35.519999999999996,49.55,0.0,0.0,290.34000000000003,14.95,111.30000000000001,3.0,0.0,1600.4800000000002,31.05
United States,North Dakota,Wheat,2025,spring,244.38999999999996,2.0,17.0,1752.88,91.25,17.759999999999998,1.0,0.0,356.53999999999996,6.640000000000001,163.53,1.0,0.0,1418.95,35.97,237.30999999999997,2.0,17.0,1613.2299999999998,91.25,10.83,0.0,0.0,281.69,4.79,177.54000000000002,2.0,0.0,1633.45,35.97
United States,North Dakota,Barley,1990,spring,218.46,0.0,25.0,1852.5200000000002,34.199999999999996,54.32,0.0,0.0,355.32,21.9,92.21000000000001,0.0,0.0,1589.28,17.16,189.38000000000002,0.0,25.0,1771.7499999999998,34.199999999999996,61.49999999999999,0.0,0.0,309.03999999999996,29.08,114.11,0.0,0.0,1716.33,21.9
United States,North Dakota,Barley,1991,spring,207.25,0.0,19.0,1675.7800000000002,27.88,34.620000000000005,0.0,0.0,300.65000000000003,18.13,130.72,5.0,2.0,1553.5100000000002,30.36,163.24999999999997,0.0,19.0,1406.24,27.88,51.63000000000001,0.0,0.0,296.23,24.58,157.71,5.0,2.0,1827.47,30.36
United States,North Dakota,Barley,1992,spring,125.94,0.0,21.0,1842.5900000000001,28.580000000000002,55.52,0.0,0.0,266.76,23.060000000000002,83.71000000000001,1.0,2.0,1445.8500000000001,19.75,121.14,0.0,21.0,1694.18,28.580000000000002,42.72,0.0,0.0,332.09000000000003,23.060000000000002,101.31,1.0,2.0,1528.93,19.75
United States,North Dakota,Barley,1993,spring,214.34,0.0,20.0,1740.02,46.53,90.62,0.0,0.0,261.37,46.07,259.49,0.0,1.0,1385.11,58.72999999999999,214.34,0.0,20.0,1740.02,46.53,105.0,0.0,0.0,300.8,46.07,245.10999999999999,0.0,1.0,1345.68,56.63
United States,North Dakota,Barley,1994,spring,177.26999999999998,0.0,23.0,1844.98,34.46000000000001,38.9,0.0,0.0,337.97,23.349999999999998,115.38999999999999,0.0,0.0,1492.6,43.6,165.57999999999998,0.0,23.0,1699.69,34.46000000000001,21.45,0.0,0.0,344.30000000000007,10.14,144.53000000000003,0.0,0.0,1631.5600000000002,43.599999999999994
United States,North Dakota,Barley,1995,spring,174.49,0.0,24.0,1718.76,41.95,43.769999999999996,0.0,0.0,299.75,23.629999999999995,130.8,3.0,3.0,1554.43,30.57,176.24,0.0,24.0,1748.84,41.95,60.75999999999999,0.0,0.0,291.53000000000003,30.909999999999997,112.06,3.0,3.0,1532.57,30.57
United States,North Dakota,Barley,1996,spring,150.83999999999997,0.0,30.0,1693.5400000000002,22.89,27.029999999999998,0.0,0.0,330.22999999999996,11.01,139.03,3.0,1.0,1498.3599999999997,28.75,156.79999999999998,0.0,30.0,1749.5100000000002,22.89,23.299999999999997,0.0,0.0,298.32,11.01,136.8,3.0,1.0,1474.2999999999997,28.75
United States,North Dakota,Barley,1997,spring,135.45,0.0,22.0,1925.92,63.24,92.81,0.0,0.0,327.13,51.06,66.8,2.0,0.0,1534.1299999999999,12.940000000000001,133.53000000000003,0.0,22.0,1840.8900000000003,63.24,69.19,0.0,0.0,340.68,51.059999999999995,92.33999999999999,2.0,0.0,1605.61,25.54
United States,North Dakota,Barley,1998,spring,177.22000000000003,0.0,11.0,1795.9000000000003,33.01,69.76,0.0,0.0,353.40999999999997,51.5,108.27999999999999,2.0,0.0,1621.6399999999999,28.1,143.54000000000005,0.0,11.0,1645.82,33.01,56.390000000000015,0.0,0.0,291.78000000000003,20.46,155.32999999999998,2.0,0.0,1833.35,34.59
United States,North Dakota,Barley,1999,spring,266.93,0.0,14.0,1812.7899999999997,59.99,31.780000000000005,0.0,0.0,339.69,11.64,195.31,3.0,2.0,1477.16,72.05000000000001,263.39,0.0,14.0,1742.4499999999998,59.99,34.519999999999996,0.0,0.0,353.37,11.64,196.11,3.0,2.0,1533.82,72.05000000000001
United States,North Dakota,Barley,2000,spring,250.30999999999997,0.0,21.0,1780.19,79.42999999999999,53.81999999999999,0.0,0.0,303.17,23.68,136.07,3.0,1.0,1502.86,22.32,249.92,0.0,21.0,1726.5000000000005,79.42999999999999,31.449999999999996,0.0,0.0,277.83,22.439999999999998,158.82999999999998,3.0,1.0,1581.8899999999999,22.759999999999998
United States,North Dakota,Barley,2001,spring,197.64999999999998,0.0,19.0,1812.7399999999998,40.019999999999996,17.380000000000003,0.0,0.0,349.63,9.200000000000001,132.24,6.0,1.0,1567.3400000000001,36.27,193.79000000000002,0.0,19.0,1696.8,40.019999999999996,11.76,0.0,0.0,323.68999999999994,4.529999999999999,141.72,6.0,1.0,1709.2199999999996,36.27
United States,North Dakota,Barley,2002,spring,149.98,1.0,33.0,1803.1000000000001,38.78,31.69,2.0,0.0,356.0300000000001,21.98,117.27,7.0,2.0,1479.6100000000001,19.740000000000002,150.56,2.0,33.0,1829.4800000000002,38.78,31.11,1.0,0.0,276.06000000000006,21.98,117.27000000000001,7.0,2.0,1533.2000000000003,19.740000000000002
United States,North Dakota,Barley,2003,spring,240.76999999999998,0.0,11.0,1674.7299999999998,30.939999999999998,45.67,0.0,0.0,355.44,33.81,88.53,10.0,1.0,1540.7600000000002,35.290000000000006,227.51,0.0,11.0,1581.74,30.939999999999998,24.88,0.0,0.0,308.48,11.479999999999999,122.58,10.0,1.0,1680.71,35.290000000000006
United States,North Dakota,Barley,2004,spring,193.87,0.0,26.0,1829.11,47.27,45.69,0.0,0.0,302.2,15.100000000000001,131.63,1.0,0.0,1439.43,23.200000000000003,193.88,0.0,26.0,1886.9899999999998,47.27,49.79,0.0,0.0,300.07,15.099999999999998,127.52,1.0,0.0,1383.68,23.200000000000003
United States,North Dakota,Barley,2005,spring,262.87,0.0,16.0,1777.8899999999999,55.34,77.23,0.0,0.0,345.58,54.2,102.77000000000001,2.0,0.0,1526.35,21.4,214.38,0.0,16.0,1621.0699999999997,55.34,111.89,0.0,0.0,314.13999999999993,61.620000000000005,116.60000000000002,2.0,0.0,1714.61,21.4
United States,North Dakota,Barley,2006,spring,135.04000000000002,0.0,14.0,1859.09,23.65,17.96,3.0,0.0,370.13,15.49,131.61,7.0,1.0,1529.23,27.78,109.49000000000002,0.0,14.0,1504.93,23.65,25.55,0.0,0.0,354.16,14.340000000000002,149.57000000000002,10.0,1.0,1899.3600000000004,27.78
United States,North Dakota,Barley,2007,spring,331.4,0.0,16.0,1806.78,59.44,21.64,1.0,0.0,350.21999999999997,14.110000000000001,114.84,5.0,0.0,1520.03,29.71,324.06,0.0,16.0,1626.12,59.44,14.729999999999999,0.0,0.0,307.03000000000003,7.37,129.08999999999997,6.0,0.0,1743.8799999999999,29.71
United States,North Dakota,Barley,2008,spring,192.34,0.0,26.0,1812.3700000000001,54.36,13.629999999999999,0.0,0.0,366.5,9.29,191.84000000000003,0.0,0.0,1557.46,25.43,192.34,0.0,26.0,1870.9000000000003,54.36,13.629999999999999,0.0,0.0,307.96999999999997,9.29,191.84000000000003,0.0,0.0,1557.46,25.43
United States,North Dakota,Barley,2009,spring,178.35000000000002,0.0,24.0,1854.53,35.39,40.61999999999999,0.0,0.0,343.62,29.119999999999997,94.18,1.0,0.0,1490.04,28.5,179.18,0.0,24.0,1965.8600000000001,35.39,53.68000000000001,0.0,0.0,347.16999999999996,29.119999999999997,80.29,1.0,0.0,1375.16,28.5
United States,North Dakota,Barley,2010,spring,287.13,0.0,15.0,1746.7000000000003,39.910000000000004,11.5,0.0,0.0,350.51,5.49,229.91000000000003,3.0,1.0,1493.5,57.05,263.79,0.0,15.0,1657.66,39.910000000000004,29.120000000000005,0.0,0.0,310.34999999999997,23.28,235.63,3.0,1.0,1622.7,57.05
United States,North Dakota,Barley,2011,spring,277.86,0.0,20.0,1624.51,54.41,43.63000000000001,0.0,0.0,352.55,26.990000000000002,191.74,0.0,0.0,1553.42,35.29,281.89000000000004,0.0,20.0,1725.54,54.41,50.75,0.0,0.0,277.21,26.990000000000002,180.59,0.0,0.0,1527.73,35.29
United States,North Dakota,Barley,2012,spring,185.8,0.0,11.0,1781.56,26.87,29.619999999999997,1.0,0.0,356.2300000000001,24.43,70.15,4.0,1.0,1494.3600000000001,16.09,183.26999999999998,0.0,11.0,1557.9599999999998,26.87,6.06,0.0,0.0,305.93,3.53,96.24000000000001,5.0,1.0,1768.26,24.43
United States,North Dakota,Barley,2013,spring,317.17999999999995,0.0,32.0,1745.98,68.52,26.259999999999998,0.0,0.0,358.96000000000004,12.69,138.56,1.0,0.0,1497.57,47.76,317.40999999999997,0.0,32.0,1826.85,68.52,27.849999999999998,0.0,0.0,323.18999999999994,12.69,136.73999999999998,1.0,0.0,1452.4700000000003,47.76
United States,North Dakota,Barley,2014,spring,237.09,0.0,27.0,1689.22,51.81,12.819999999999997,0.0,0.0,332.9700000000001,5.83,189.86,0.0,1.0,1460.13,49.75,241.60000000000002,0.0,27.0,1724.93,51.81,8.379999999999997,0.0,0.0,350.5,5.83,189.79,0.0,1.0,1406.89,49.75
United States,North Dakota,Barley,2015,spring,207.32999999999998,0.0,18.0,1837.52,33.57000000000001,22.96,0.0,0.0,310.36,9.65,107.44999999999999,6.0,0.0,1571.95,29.419999999999998,202.77,0.0,18.0,1732.29,33.57000000000001,23.759999999999998,0.0,0.0,281.65999999999997,9.65,111.21000000000002,6.0,0.0,1705.8799999999997,29.419999999999998
United States,North Dakota,Barley,2016,spring,177.22999999999996,0.0,16.0,1926.63,33.35,47.669999999999995,0.0,0.0,330.39,23.82,155.24,2.0,0.0,1471.81,23.990000000000002,168.73999999999998,0.0,16.0,1715.45,33.35,15.25,0.0,0.0,326.99,7.0,196.14999999999998,2.0,0.0,1686.39,23.99
United States,North Dakota,Barley,2017,spring,100.96999999999998,1.0,14.0,1964.29,33.21,7.45,2.0,0.0,354.87,3.56,175.91,4.0,0.0,1494.0700000000002,26.89,90.46000000000001,1.0,14.0,1708.29,33.21,14.62,0.0,0.0,370.38,11.399999999999999,179.25000000000003,6.0,0.0,1734.56,26.89
United States,North Dakota,Barley,2018,spring,190.59,0.0,21.0,1875.8799999999999,41.05,54.53999999999999,0.0,0.0,369.89000000000004,23.1,99.37,5.0,2.0,1484.73,19.770000000000003,162.49,0.0,21.0,1666.02,41.05,42.68,0.0,0.0,280.07000000000005,26.77,139.32999999999996,5.0,2.0,1784.4099999999996,23.1
United States,North Dakota,Barley,2019,spring,179.69000000000003,0.0,23.0,1752.8899999999999,32.230000000000004,61.96,0.0,0.0,297.29999999999995,38.4,301.28999999999996,0.0,0.0,1448.53,46.25,176.08,0.0,23.0,1732.4299999999998,32.230000000000004,63.64,0.0,0.0,264.98,38.4,303.21999999999997,0.0,0.0,1501.3100000000002,46.25
United States,North Dakota,Barley,2020,spring,85.93,0.0,27.0,1944.07,19.75,75.16,0.0,0.0,343.1,48.11,83.65,3.0,0.0,1591.67,15.840000000000002,78.64000000000001,0.0,27.0,1891.09,19.75,75.27999999999999,0.0,0.0,262.54999999999995,54.779999999999994,90.82,3.0,0.0,1725.2,15.840000000000002
United States,North Dakota,Barley,2021,spring,123.81,2.0,20.0,1901.3500000000001,30.55,30.01,2.0,0.0,344.44,20.69,115.06,11.0,0.0,1412.69,46.13,92.92000000000002,1.0,20.0,1669.7900000000002,30.55,30.890000000000004,1.0,0.0,320.84999999999997,18.48,145.07000000000002,13.0,0.0,1667.84,46.13000000000001
United States,North Dakota,Barley,2022,spring,248.68999999999994,1.0,29.0,1735.08,47.36,49.809999999999995,0.0,0.0,350.23999999999995,21.43,84.42999999999999,4.0,0.0,1566.5100000000002,17.939999999999998,250.31999999999994,1.0,29.0,1819.1599999999999,47.36,48.18,0.0,0.0,296.06,21.43,84.43,4.0,0.0,1536.61,17.939999999999998
United States,North Dakota,Barley,2023,spring,220.12,0.0,20.0,1799.72,54.23,24.609999999999992,0.0,0.0,328.42,12.55,164.61,3.0,0.0,1426.3600000000001,30.410000000000004,156.15,0.0,20.0,1544.3999999999999,54.23,63.989999999999995,0.0,0.0,284.82000000000005,46.28,189.20000000000002,3.0,0.0,1725.2800000000002,30.410000000000004
United States,North Dakota,Barley,2024,spring,251.58999999999997,0.0,14.0,1818.1899999999998,35.519999999999996,23.439999999999994,0.0,0.0,327.07,11.879999999999999,108.55,3.0,0.0,1448.6200000000001,31.05,222.73000000000002,0.0,14.0,1703.0599999999997,35.519999999999996,51.43,0.0,0.0,312.08000000000004,14.95,109.41999999999999,3.0,0.0,1578.7400000000002,31.05
United States,North Dakota,Barley,2025,spring,244.38999999999996,2.0,17.0,1752.88,91.25,17.759999999999998,1.0,0.0,356.53999999999996,6.640000000000001,163.53,1.0,0.0,1418.95,35.97,237.30999999999997,2.0,17.0,1613.2299999999998,91.25,13.83,0.0,0.0,296.67,6.640000000000001,174.54000000000002,2.0,0.0,1618.47,35.97
United States,North Dakota,Oats,1990,spring,131.64,0.0,25.0,1517.6100000000001,34.16,55.61,0.0,0.0,150.81,34.199999999999996,177.74,0.0,0.0,2128.7000000000007,29.08,128.42,0.0,25.0,1429.8600000000001,34.16,102.65,0.0,0.0,503.79999999999995,34.199999999999996,133.92,0.0,0.0,1863.4599999999998,21.9
United States,North Dakota,Oats,1991,spring,162.95999999999998,0.0,19.0,1375.94,27.88,24.889999999999997,0.0,0.0,165.17000000000002,24.58,184.73999999999998,5.0,2.0,1988.83,30.36,120.62000000000002,0.0,19.0,1107.0600000000002,27.88,70.24,0.0,0.0,476.78999999999996,24.58,181.73000000000002,5.0,2.0,1946.0900000000001,30.36
United States,North Dakota,Oats,1992,spring,92.15,0.0,21.0,1545.36,23.59,28.979999999999997,0.0,0.0,121.80000000000001,22.27,144.04,1.0,2.0,1888.04,23.060000000000002,77.12,0.0,21.0,1362.16,23.59,49.81999999999999,0.0,0.0,498.56,28.580000000000002,138.23,1.0,2.0,1694.4799999999998,22.66
United States,North Dakota,Oats,1993,spring,175.73999999999995,0.0,20.0,1419.0900000000001,46.53,13.16,0.0,0.0,174.98,9.8,375.55,0.0,1.0,1792.43,58.73,173.09999999999997,0.0,20.0,1357.88,46.53,109.47999999999999,0.0,0.0,523.67,46.07,281.87,0.0,1.0,1504.9500000000003,58.72999999999999
United States,North Dakota,Oats,1994,spring,149.32999999999998,0.0,23.0,1542.9100000000003,34.46000000000001,13.71,0.0,0.0,132.09,8.98,168.52000000000004,0.0,0.0,2000.55,43.6,90.11,0.0,23.0,1414.71,28.77,87.16,0.0,0.0,430.27000000000004,34.46,154.29000000000002,0.0,0.0,1830.5700000000002,43.599999999999994
United States,North Dakota,Oats,1995,spring,138.01000000000002,0.0,24.0,1420.81,41.95,20.41,0.0,0.0,160.98,20.01,190.64000000000001,3.0,3.0,1991.1499999999996,30.909999999999997,138.23000000000002,0.0,24.0,1479.22,41.95,65.8,0.0,0.0,410.7,25.31,145.03,3.0,3.0,1683.0199999999998,30.909999999999997
United States,North Dakota,Oats,1996,spring,105.65999999999998,0.0,30.0,1380.7000000000003,19.92,16.09,0.0,0.0,185.22999999999996,12.79,195.15000000000003,3.0,1.0,1956.2,28.75,107.53999999999998,0.0,30.0,1436.0300000000002,19.92,59.160000000000004,0.0,0.0,455.25,22.89,150.2,3.0,1.0,1630.85,28.75
United States,North Dakota,Oats,1997,spring,107.77000000000001,0.0,22.0,1603.28,63.24,8.19,0.0,0.0,152.76,6.97,179.10000000000002,2.0,0.0,2031.14,51.059999999999995,101.55,0.0,22.0,1528.62,63.24,94.87,0.0,0.0,463.62,51.059999999999995,98.64,2.0,0.0,1794.94,25.54
United States,North Dakota,Oats,1998,spring,109.06,0.0,11.0,1533.9399999999998,17.810000000000002,34.480000000000004,0.0,0.0,111.88000000000001,33.01,211.71999999999997,2.0,0.0,2125.1299999999997,51.5,82.96000000000001,0.0,11.0,1332.3600000000001,17.810000000000002,94.26,0.0,0.0,463.54,33.01,178.04,2.0,0.0,1975.0500000000002,51.5
United States,North Dakota,Oats,1999,spring,240.55,0.0,14.0,1493.84,59.99,14.240000000000002,0.0,0.0,150.54999999999998,11.77,239.23,3.0,2.0,1985.2499999999998,72.05000000000001,235.51,0.0,14.0,1379.8299999999997,59.99,48.080000000000005,0.0,0.0,536.1700000000001,11.77,210.43,3.0,2.0,1713.6399999999999,72.05000000000001
United States,North Dakota,Oats,2000,spring,221.26,0.0,21.0,1463.4999999999998,79.42999999999999,17.92,0.0,0.0,135.12,13.190000000000001,201.01999999999998,3.0,1.0,1987.6,23.68,134.80999999999997,0.0,21.0,1363.4000000000003,28.4,127.16,0.0,0.0,520.82,79.42999999999999,178.23,3.0,1.0,1702.0,23.68
United States,North Dakota,Oats,2001,spring,163.84,0.0,19.0,1492.03,40.019999999999996,29.56,0.0,0.0,159.23,25.799999999999997,153.87,6.0,1.0,2078.45,36.27,103.94000000000001,0.0,19.0,1356.9,16.46,95.47999999999999,0.0,0.0,481.30999999999995,40.019999999999996,147.85000000000002,6.0,1.0,1891.4999999999995,36.27
United States,North Dakota,Oats,2002,spring,125.19999999999999,0.0,33.0,1456.7299999999998,38.78,12.819999999999999,0.0,0.0,167.19,8.459999999999999,160.92,10.0,2.0,2014.8200000000002,21.98,130.01,0.0,33.0,1533.0599999999997,38.78,28.51,2.0,0.0,439.06999999999994,13.73,140.42,8.0,2.0,1666.6100000000001,21.98
United States,North Dakota,Oats,2003,spring,215.52,0.0,11.0,1360.5800000000002,30.939999999999998,9.889999999999999,0.0,0.0,184.91,5.53,149.56,10.0,1.0,2025.4399999999998,35.290000000000006,183.48,0.0,11.0,1236.6,30.939999999999998,57.40999999999999,0.0,0.0,498.18,28.589999999999996,134.08,10.0,1.0,1836.1499999999999,35.290000000000006
United States,North Dakota,Oats,2004,spring,184.20999999999998,0.0,26.0,1473.16,47.27,4.17,0.0,0.0,179.57,4.0200000000000005,182.81000000000003,1.0,0.0,1918.01,23.200000000000003,182.64999999999998,0.0,26.0,1425.02,47.27,33.959999999999994,0.0,0.0,592.95,13.67,154.58,1.0,0.0,1552.7700000000002,23.200000000000003
United States,North Dakota,Oats,2005,spring,201.56,0.0,16.0,1431.1800000000003,55.34,12.82,0.0,0.0,189.89000000000001,11.350000000000001,228.49,2.0,0.0,2028.7499999999998,61.620000000000005,173.58,0.0,16.0,1290.46,41.75,80.7,0.0,0.0,467.35999999999996,39.309999999999995,188.58999999999997,2.0,0.0,1891.9999999999998,61.620000000000005
United States,North Dakota,Oats,2006,spring,109.49000000000002,0.0,14.0,1504.93,23.65,11.02,0.0,0.0,173.45000000000002,8.59,164.10000000000005,10.0,1.0,2080.0699999999997,27.78,77.15,0.0,14.0,1204.65,23.65,43.36000000000001,0.0,0.0,473.73,17.98,164.10000000000005,10.0,1.0,2080.0699999999997,27.78
United States,North Dakota,Oats,2007,spring,302.7,0.0,16.0,1472.1799999999998,59.44,21.36,0.0,0.0,153.94,20.68,143.82,6.0,0.0,2050.9100000000003,29.71,280.57,0.0,16.0,1304.5700000000002,59.44,50.83,0.0,0.0,474.63999999999993,21.029999999999998,136.48000000000002,6.0,0.0,1897.82,29.71
United States,North Dakota,Oats,2008,spring,172.45,0.0,26.0,1446.9199999999998,54.36,9.109999999999998,0.0,0.0,187.96,8.84,216.25000000000003,0.0,0.0,2101.4500000000003,25.43,172.67999999999998,0.0,26.0,1466.07,54.36,20.889999999999997,0.0,0.0,558.79,8.84,204.24000000000004,0.0,0.0,1711.47,25.43
United States,North Dakota,Oats,2009,spring,117.85000000000001,0.0,24.0,1529.5800000000002,35.39,28.24,0.0,0.0,144.92000000000002,25.29,167.06,1.0,0.0,2013.69,29.400000000000002,145.66000000000003,0.0,24.0,1593.89,35.39,66.38,0.0,0.0,534.3,29.400000000000002,101.11000000000001,1.0,0.0,1560.0,28.5
United States,North Dakota,Oats,2010,spring,184.5,0.0,15.0,1415.1299999999999,35.8,62.699999999999996,0.0,0.0,158.62,39.91,281.34,3.0,1.0,2016.96,57.05,175.88000000000002,0.0,15.0,1313.67,35.8,116.01000000000002,0.0,0.0,489.48999999999995,39.91,236.65,3.0,1.0,1787.5500000000002,57.05
United States,North Dakota,Oats,2011,spring,223.59,0.0,20.0,1343.65,54.41,41.0,0.0,0.0,125.12000000000002,30.450000000000003,248.64,0.0,0.0,2061.71,35.29,224.3,0.0,20.0,1391.68,54.41,92.32,0.0,0.0,478.46000000000004,30.450000000000003,196.61,0.0,0.0,1660.34,35.29
United States,North Dakota,Oats,2012,spring,156.11999999999998,0.0,11.0,1459.4299999999998,26.87,28.61,0.0,0.0,149.35000000000002,18.63,100.84,5.0,1.0,2023.3700000000001,24.43,124.06,0.0,11.0,1226.6299999999997,26.87,61.71,0.0,0.0,494.98,20.79,99.80000000000001,5.0,1.0,1910.54,24.43
United States,North Dakota,Oats,2013,spring,259.85,0.0,32.0,1408.2700000000002,68.52,31.659999999999997,0.0,0.0,159.1,27.72,190.48999999999998,1.0,0.0,2035.1400000000003,47.76,263.79,0.0,32.0,1515.6000000000001,68.52,67.17,0.0,0.0,467.99,38.66,151.04,1.0,0.0,1618.9200000000003,47.76
United States,North Dakota,Oats,2014,spring,149.61999999999998,0.0,27.0,1424.3200000000002,36.02,21.7,0.0,0.0,148.41,20.31,268.45000000000005,0.0,1.0,1909.5900000000001,51.81,150.57999999999998,0.0,27.0,1445.3600000000001,36.02,99.07000000000001,0.0,0.0,456.01000000000005,51.81,190.11999999999998,0.0,1.0,1580.95,49.75
United States,North Dakota,Oats,2015,spring,159.91000000000003,0.0,18.0,1499.8300000000002,33.57000000000001,36.129999999999995,0.0,0.0,158.84000000000003,24.95,141.7,6.0,0.0,2061.16,29.419999999999998,150.73,0.0,18.0,1384.3100000000002,33.57000000000001,63.75999999999999,0.0,0.0,491.12000000000006,24.950000000000003,123.25000000000001,6.0,0.0,1844.3999999999999,29.419999999999998
United States,North Dakota,Oats,2016,spring,163.15999999999997,0.0,16.0,1535.87,33.35,11.75,0.0,0.0,207.17000000000002,6.22,205.23,2.0,0.0,1985.79,23.99,142.57999999999998,0.0,16.0,1366.7899999999995,33.35,34.62,0.0,0.0,507.73999999999995,15.450000000000001,202.94,2.0,0.0,1854.3,23.99
United States,North Dakota,Oats,2017,spring,83.2,1.0,14.0,1624.46,33.21,8.66,0.0,0.0,166.20999999999998,7.94,192.47,6.0,0.0,2022.5600000000002,26.89,47.27,0.0,14.0,1406.54,15.22,45.71999999999999,1.0,0.0,506.84,33.21,191.33999999999997,6.0,0.0,1899.85,26.89
United States,North Dakota,Oats,2018,spring,148.14999999999998,0.0,21.0,1569.72,41.05,14.37,0.0,0.0,139.64000000000001,14.01,181.97999999999996,5.0,2.0,2021.1399999999999,26.77,105.51,0.0,21.0,1325.6,41.05,69.64999999999999,0.0,0.0,467.21999999999997,38.370000000000005,169.33999999999997,5.0,2.0,1937.68,26.77
United States,North Dakota,Oats,2019,spring,125.9,0.0,23.0,1447.8600000000001,27.04,37.38,0.0,0.0,124.57,32.230000000000004,379.65999999999997,0.0,0.0,1926.2900000000006,46.25,119.34,0.0,23.0,1400.6200000000001,27.04,78.50999999999999,0.0,0.0,462.1699999999999,32.230000000000004,345.09000000000003,0.0,0.0,1635.93,46.25
United States,North Dakota,Oats,2020,spring,71.49,0.0,27.0,1590.0900000000001,19.75,3.8,0.0,0.0,169.13,2.7800000000000002,169.45000000000002,3.0,0.0,2119.62,54.78,71.25999999999999,0.0,27.0,1542.7,19.75,62.78,0.0,0.0,462.25000000000006,54.78,110.7,3.0,0.0,1873.8900000000003,16.95
United States,North Dakota,Oats,2021,spring,92.88000000000001,1.0,20.0,1549.8400000000001,30.55,18.52,0.0,0.0,197.28,18.48,157.48,14.0,0.0,1911.36,46.13,72.84,1.0,20.0,1346.68,30.55,39.8,1.0,0.0,481.12,18.48,156.24,13.0,0.0,1830.68,46.13
United States,North Dakota,Oats,2022,spring,226.07000000000002,0.0,29.0,1388.25,47.36,14.559999999999999,1.0,0.0,167.4,12.6,142.3,4.0,0.0,2096.18,21.43,228.03000000000003,0.0,29.0,1458.1200000000001,47.36,48.980000000000004,1.0,0.0,492.98999999999995,20.979999999999997,105.92000000000002,4.0,0.0,1700.7200000000003,21.43
United States,North Dakota,Oats,2023,spring,134.19,0.0,20.0,1516.2,54.23,33.87,0.0,0.0,151.32,21.97,241.28,3.0,0.0,1886.98,46.28,120.94000000000001,0.0,20.0,1235.5500000000002,54.23,55.98999999999999,0.0,0.0,448.4600000000001,21.97,232.41000000000003,3.0,0.0,1870.49,37.71
United States,North Dakota,Oats,2024,spring,180.62,0.0,14.0,1510.33,35.519999999999996,40.989999999999995,0.0,0.0,140.31,26.13,161.96999999999997,3.0,0.0,1943.24,31.05,166.64000000000001,0.0,14.0,1359.7900000000002,35.519999999999996,85.47999999999999,0.0,0.0,507.2300000000001,26.130000000000003,131.46,3.0,0.0,1726.8600000000001,31.05
United States,North Dakota,Oats,2025,spring,206.23999999999998,2.0,17.0,1449.2,91.25,31.07,0.0,0.0,164.03,23.19,188.37,2.0,0.0,1915.14,35.97,198.89,2.0,17.0,1313.6999999999998,91.25,45.49999999999999,0.0,0.0,439.18000000000006,23.19,181.29,2.0,0.0,1775.4900000000002,35.97
United States,North Dakota,Canola,1991,spring,232.04999999999998,0.0,19.0,1823.3700000000001,27.88,35.35,3.0,0.0,672.05,11.270000000000001,105.19,2.0,2.0,1034.52,30.36,117.66000000000001,0.0,19.0,1040.3600000000001,27.88,77.32,0.0,0.0,555.38,24.58,177.60999999999999,5.0,2.0,1934.2000000000003,30.36
United States,North Dakota,Canola,1992,spring,151.48000000000002,0.0,21.0,1961.92,28.580000000000002,57.050000000000004,0.0,0.0,603.9099999999999,16.09,56.64,1.0,2.0,989.37,19.75,75.86,0.0,21.0,1264.0900000000001,23.59,73.75999999999999,0.0,0.0,646.83,28.580000000000002,115.55000000000001,1.0,2.0,1644.2799999999997,19.75
United States,North Dakota,Canola,1993,spring,281.01,0.0,20.0,1862.74,46.53,232.57999999999996,0.0,0.0,525.14,58.73,50.86,0.0,1.0,998.62,12.71,173.09999999999997,0.0,20.0,1357.88,46.53,146.23999999999998,0.0,0.0,682.9399999999999,46.07,245.10999999999999,0.0,1.0,1345.68,56.63
United States,North Dakota,Canola,1994,spring,184.37,0.0,23.0,2033.08,34.46000000000001,53.06999999999999,0.0,0.0,653.75,23.349999999999998,94.12,0.0,0.0,988.72,43.6,84.32,0.0,23.0,1336.38,28.77,93.62,0.0,0.0,591.4200000000001,34.46,153.62,0.0,0.0,1747.75,43.599999999999994
United States,North Dakota,Canola,1995,spring,202.53,0.0,24.0,1834.99,41.95,76.56,0.0,0.0,693.8100000000001,30.909999999999997,69.97,3.0,3.0,1044.1399999999999,30.57,138.23000000000002,0.0,24.0,1479.22,41.95,71.23999999999998,0.0,0.0,513.0799999999999,25.31,139.59,3.0,3.0,1580.6399999999999,30.57
United States,North Dakota,Canola,1996,spring,161.99,0.0,30.0,1867.28,22.89,83.75,0.0,0.0,608.75,24.42,71.16,3.0,1.0,1046.1000000000001,28.75,105.65999999999998,0.0,30.0,1380.7000000000003,19.92,61.199999999999996,0.0,0.0,588.3699999999999,22.89,150.04000000000002,3.0,1.0,1553.06,28.75
United States,North Dakota,Canola,1997,spring,196.89,0.0,22.0,2072.5,63.24,55.27,2.0,0.0,652.7300000000001,25.54,42.900000000000006,0.0,0.0,1061.95,12.940000000000001,101.03,0.0,22.0,1476.13,63.24,96.14999999999999,0.0,0.0,624.6499999999999,51.059999999999995,97.88,2.0,0.0,1686.4,25.54
United States,North Dakota,Canola,1998,spring,223.65999999999997,0.0,11.0,1959.87,41.34,52.190000000000005,0.0,0.0,703.7800000000001,25.19,79.41,2.0,0.0,1107.3000000000002,20.66,79.38999999999999,0.0,11.0,1274.76,17.810000000000002,102.93,0.0,0.0,619.2,33.01,172.93999999999997,2.0,0.0,1876.99,51.5
United States,North Dakota,Canola,1999,spring,286.71000000000004,0.0,14.0,1966.79,59.99,49.870000000000005,3.0,0.0,683.2100000000002,14.8,157.44,0.0,2.0,979.64,72.05,235.12,0.0,14.0,1355.0799999999997,59.99,62.41,0.0,0.0,694.86,11.77,196.49,3.0,2.0,1579.6999999999998,72.05000000000001
United States,North Dakota,Canola,2000,spring,277.5,0.0,21.0,1919.92,79.42999999999999,61.67,1.0,0.0,660.4200000000001,23.68,101.03,2.0,1.0,1005.88,16.0,134.53999999999996,0.0,21.0,1312.6700000000003,28.4,145.04000000000002,0.0,0.0,625.3099999999997,79.42999999999999,160.62,3.0,1.0,1648.2399999999998,23.68
United States,North Dakota,Canola,2001,spring,201.76999999999998,0.0,19.0,1992.27,40.019999999999996,121.25,0.0,0.0,648.7999999999998,36.27,24.25,6.0,1.0,1088.6399999999996,7.209999999999999,87.28,0.0,19.0,1277.79,15.559999999999999,114.22999999999998,0.0,0.0,626.48,40.019999999999996,145.76000000000002,6.0,1.0,1825.4399999999998,36.27
United States,North Dakota,Canola,2002,spring,158.64,3.0,33.0,1998.82,38.78,60.92999999999999,6.0,0.0,643.6499999999999,21.98,79.37,1.0,2.0,996.27,19.740000000000002,126.18999999999998,0.0,33.0,1485.9499999999998,38.78,32.449999999999996,3.0,0.0,512.87,13.73,140.29999999999995,7.0,2.0,1639.9199999999998,21.98
United States,North Dakota,Canola,2003,spring,251.32999999999998,0.0,11.0,1868.9099999999999,30.939999999999998,47.58,2.0,0.0,655.2699999999999,33.81,76.06,8.0,1.0,1046.75,35.290000000000006,180.1,0.0,11.0,1204.1,30.939999999999998,70.08999999999999,0.0,0.0,604.4000000000001,28.589999999999996,124.77999999999999,10.0,1.0,1762.43,35.290000000000006
United States,North Dakota,Canola,2004,spring,215.67000000000002,0.0,26.0,1978.87,47.27,41.900000000000006,1.0,0.0,656.79,15.1,113.62000000000002,0.0,0.0,935.08,23.200000000000003,182.64999999999998,0.0,26.0,1425.02,47.27,56.90999999999999,0.0,0.0,735.28,15.100000000000001,131.63000000000002,1.0,0.0,1410.4400000000003,23.200000000000003
United States,North Dakota,Canola,2005,spring,326.27000000000004,0.0,16.0,1935.21,61.620000000000005,55.900000000000006,2.0,0.0,664.03,21.4,60.7,0.0,0.0,1050.58,19.82,132.13000000000002,0.0,16.0,1242.8500000000001,32.04,184.94,0.0,0.0,590.7700000000001,61.620000000000005,125.8,2.0,0.0,1816.1999999999998,21.4
United States,North Dakota,Canola,2006,spring,137.29,0.0,14.0,2043.13,23.65,38.28,9.0,0.0,686.5199999999999,15.95,109.03999999999999,1.0,1.0,1028.8,27.78,75.51,0.0,14.0,1129.6,23.65,59.34,0.0,0.0,617.06,17.98,149.76000000000002,10.0,1.0,2011.7900000000002,27.78
United States,North Dakota,Canola,2007,spring,338.8,0.0,16.0,1992.91,59.44,36.08,6.0,0.0,689.37,14.110000000000001,93.0,0.0,0.0,994.75,29.71,237.45999999999998,0.0,16.0,1191.81,59.44,93.94,0.0,0.0,643.8199999999999,41.72,136.48,6.0,0.0,1841.4,29.71
United States,North Dakota,Canola,2008,spring,192.33999999999997,0.0,26.0,1997.87,54.36,98.85,0.0,0.0,687.36,25.43,106.61999999999999,0.0,0.0,1051.1,20.89,172.67999999999998,0.0,26.0,1497.25,54.36,30.299999999999997,0.0,0.0,629.47,9.29,194.83,0.0,0.0,1609.61,25.43
United States,North Dakota,Canola,2009,spring,181.76,0.0,24.0,2032.3400000000001,35.39,61.129999999999995,0.0,0.0,642.9899999999999,29.12,70.26,1.0,0.0,1012.8600000000001,28.5,145.73999999999998,0.0,24.0,1623.03,35.39,87.11999999999999,0.0,0.0,659.82,29.400000000000002,80.29000000000002,1.0,0.0,1405.3400000000001,28.5
United States,North Dakota,Canola,2010,spring,292.67,0.0,15.0,1919.81,39.910000000000004,82.50000000000001,0.0,0.0,659.19,24.88,153.36999999999998,3.0,1.0,1011.71,57.05,175.88000000000002,0.0,15.0,1313.67,35.8,116.12,0.0,0.0,584.4300000000001,39.91,236.54,3.0,1.0,1692.6100000000001,57.05
United States,North Dakota,Canola,2011,spring,289.63,0.0,20.0,1814.4,54.41,109.25,0.0,0.0,626.23,28.08,114.35000000000001,0.0,0.0,1089.8500000000001,35.29,224.3,0.0,20.0,1391.68,54.41,97.19,0.0,0.0,585.3800000000001,30.450000000000003,191.74,0.0,0.0,1553.42,35.29
United States,North Dakota,Canola,2012,spring,194.11,0.0,11.0,1957.0699999999997,26.87,45.2,3.0,0.0,618.8299999999999,20.2,46.260000000000005,2.0,1.0,1056.25,16.09,124.06,0.0,11.0,1197.5399999999997,26.87,61.74,0.0,0.0,584.02,20.79,99.77000000000001,5.0,1.0,1850.59,24.43
United States,North Dakota,Canola,2013,spring,327.75,0.0,32.0,1937.3000000000002,68.52,37.489999999999995,0.0,0.0,636.8000000000002,11.59,116.75999999999999,1.0,0.0,1028.41,47.76,259.85,0.0,32.0,1408.2700000000002,68.52,76.83,0.0,0.0,602.02,38.66,145.32000000000002,1.0,0.0,1592.22,47.76
United States,North Dakota,Canola,2014,spring,243.94,0.0,27.0,1858.08,51.81,29.69,0.0,0.0,654.04,13.260000000000002,166.14,0.0,1.0,970.1999999999999,49.75,144.51999999999998,0.0,27.0,1416.63,36.02,105.36000000000001,0.0,0.0,578.67,51.81,189.89,0.0,1.0,1487.02,49.75
United States,North Dakota,Canola,2015,spring,223.31,0.0,18.0,1970.4899999999998,33.57000000000001,43.49000000000001,0.0,0.0,695.6600000000001,15.8,70.94,6.0,0.0,1053.68,29.419999999999998,150.72,0.0,18.0,1354.0900000000001,33.57000000000001,66.86000000000001,0.0,0.0,601.73,24.950000000000003,120.16,6.0,0.0,1764.01,29.419999999999998
United States,North Dakota,Canola,2016,spring,185.98,0.0,16.0,2095.16,33.35,91.45,1.0,0.0,635.3200000000002,23.82,102.71000000000001,1.0,0.0,998.35,23.990000000000002,142.57,0.0,16.0,1282.0299999999997,33.35,34.66,0.0,0.0,644.5999999999999,15.450000000000001,202.91,2.0,0.0,1802.2,23.99
United States,North Dakota,Canola,2017,spring,107.63,3.0,14.0,2131.69,33.21,64.08,3.0,0.0,686.2,26.53,112.62,1.0,0.0,995.34,26.05,47.27,0.0,14.0,1345.1399999999999,15.22,57.120000000000005,1.0,0.0,632.61,33.21,179.94000000000003,6.0,0.0,1835.48,26.89
United States,North Dakota,Canola,2018,spring,228.28,0.0,21.0,2061.17,41.05,32.720000000000006,1.0,0.0,691.96,15.23,83.5,4.0,2.0,977.37,19.770000000000003,67.42,0.0,21.0,1186.7499999999998,26.6,105.52999999999999,0.0,0.0,586.72,38.370000000000005,171.54999999999998,5.0,2.0,1957.0299999999997,26.77
United States,North Dakota,Canola,2019,spring,199.83999999999997,0.0,23.0,1896.39,32.230000000000004,71.92000000000002,0.0,0.0,674.0,38.4,271.18,0.0,0.0,928.3299999999999,46.25,119.16,0.0,23.0,1373.8600000000001,27.04,82.16000000000001,0.0,0.0,571.54,32.230000000000004,341.62,0.0,0.0,1553.3200000000004,46.25
United States,North Dakota,Canola,2020,spring,143.24,0.0,27.0,2103.06,54.78,37.23,0.0,0.0,704.72,16.950000000000003,64.27,3.0,0.0,1071.0600000000002,15.840000000000002,71.18,0.0,27.0,1457.3700000000003,19.75,63.99,0.0,0.0,570.1500000000001,54.78,109.57,3.0,0.0,1851.3200000000002,16.95
United States,North Dakota,Canola,2021,spring,128.39,4.0,20.0,2093.91,30.55,37.38,5.0,0.0,598.04,20.69,103.11,6.0,0.0,966.5300000000001,46.13,69.52,1.0,20.0,1290.18,30.55,51.599999999999994,1.0,0.0,544.8999999999999,18.48,147.76,13.0,0.0,1823.3999999999999,46.13
United States,North Dakota,Canola,2022,spring,273.67,1.0,29.0,1914.7199999999998,47.36,56.51000000000001,2.0,0.0,689.77,21.43,52.75,2.0,0.0,1047.3400000000001,10.110000000000001,228.03000000000003,0.0,29.0,1427.67,47.36,65.99,1.0,0.0,571.48,20.979999999999997,88.91,4.0,0.0,1652.68,17.939999999999998
United States,North Dakota,Canola,2023,spring,231.85,0.0,20.0,1973.9299999999998,54.23,52.809999999999995,1.0,0.0,625.0399999999998,19.88,124.67999999999999,2.0,0.0,955.53,30.410000000000004,117.42000000000002,0.0,20.0,1162.5900000000004,54.23,59.509999999999984,0.0,0.0,521.42,21.97,232.41000000000003,3.0,0.0,1870.49,37.71
United States,North Dakota,Canola,2024,spring,270.21,0.0,14.0,1968.22,35.519999999999996,30.259999999999998,3.0,0.0,642.89,11.229999999999999,83.11,0.0,0.0,982.7699999999999,31.05,166.64000000000001,0.0,14.0,1334.3200000000002,35.519999999999996,103.57,0.0,0.0,633.9,26.130000000000003,113.37,3.0,0.0,1625.66,31.05
United States,North Dakota,Canola,2025,spring,251.14,2.0,17.0,1936.3,91.25,75.06,1.0,0.0,597.5000000000001,35.97,99.47999999999999,1.0,0.0,994.57,32.77,197.91999999999996,2.0,17.0,1244.1299999999999,91.25,46.58,0.0,0.0,566.05,23.19,181.18,2.0,0.0,1718.19,35.97
United States,Oklahoma,Wheat,1990,winter,669.0500000000001,1.0,82.0,3200.8199999999997,87.71000000000001,123.96999999999998,0.0,0.0,418.86999999999995,79.17,79.10000000000001,4.0,0.0,1132.3300000000002,23.200000000000003,478.97,1.0,76.0,2515.16,87.71000000000001,126.37,0.0,6.0,575.33,48.21,266.78,4.0,0.0,1661.53,79.17
United States,Oklahoma,Wheat,1991,winter,353.75,9.0,78.0,3279.46,67.41,106.21000000000001,0.0,0.0,441.9400000000001,39.28,166.05999999999997,1.0,0.0,1037.2,44.26,272.51,9.0,71.0,2293.2999999999997,67.41,45.239999999999995,0.0,7.0,563.71,19.22,308.27,1.0,0.0,1901.59,44.26
United States,Oklahoma,Wheat,1992,winter,669.62,0.0,67.0,3097.54,82.32000000000001,49.300000000000004,0.0,0.0,544.2,37.809999999999995,271.28000000000003,0.0,0.0,843.8400000000001,39.230000000000004,571.08,0.0,60.0,2196.87,82.32000000000001,26.660000000000004,0.0,7.0,639.9499999999999,6.7700000000000005,392.4600000000001,0.0,0.0,1648.76,39.230000000000004
United States,Oklahoma,Wheat,1993,winter,587.29,0.0,95.0,2854.6800000000003,53.36,227.04999999999998,0.0,0.0,389.34999999999997,128.28,144.32,0.0,0.0,1008.77,34.74,521.76,0.0,94.0,2437.0699999999997,53.36,107.1,0.0,1.0,519.66,40.239999999999995,329.8,0.0,0.0,1296.07,128.28
United States,Oklahoma,Wheat,1994,winter,444.7,0.0,97.0,3251.73,60.69,110.05999999999997,0.0,0.0,382.3899999999999,64.25,113.89,8.0,0.0,1214.0599999999997,36.26,390.71,0.0,94.0,2757.49,60.69,56.25,0.0,3.0,515.26,48.87,221.69,8.0,0.0,1575.4299999999998,64.25
United States,Oklahoma,Wheat,1995,winter,534.9499999999999,0.0,70.0,2953.59,79.56,95.13,0.0,0.0,417.65999999999997,77.7,307.67,0.0,0.0,966.0100000000001,79.04,351.97,0.0,59.0,1990.17,79.56,91.63999999999999,0.0,10.0,495.83,57.769999999999996,494.14000000000004,0.0,1.0,1851.26,79.04
United States,Oklahoma,Wheat,1996,winter,348.45,6.0,85.0,3326.9500000000003,48.06,18.48,0.0,0.0,466.51,13.780000000000001,130.45000000000002,18.0,0.0,1152.99,49.71000000000001,256.58000000000004,6.0,75.0,2510.62,48.06,50.989999999999995,0.0,10.0,665.37,26.330000000000002,189.81,18.0,0.0,1770.46,49.71000000000001
United States,Oklahoma,Wheat,1997,winter,533.04,0.0,80.0,3128.47,69.9,82.51000000000002,0.0,0.0,483.81,40.050000000000004,163.96000000000004,0.0,0.0,1059.7,27.479999999999997,416.90999999999997,0.0,75.0,2413.7299999999996,69.9,111.56,0.0,5.0,574.08,45.88,251.04,0.0,0.0,1684.1699999999998,40.050000000000004
United States,Oklahoma,Wheat,1998,winter,578.3499999999999,8.0,79.0,3125.21,87.44999999999999,97.94000000000001,0.0,0.0,475.15,69.07,84.02,17.0,0.0,1153.04,33.73,437.9599999999999,8.0,76.0,2326.24,57.89999999999999,127.67,0.0,3.0,544.19,87.45,194.67999999999998,17.0,0.0,1882.9699999999998,69.07
United States,Oklahoma,Wheat,1999,winter,576.04,11.0,57.0,3169.3,82.44,170.05999999999997,0.0,0.0,478.33,105.42999999999999,227.27999999999997,0.0,0.0,939.5400000000002,54.60000000000001,364.76000000000005,11.0,31.0,1653.24,82.44,67.15,0.0,18.0,565.8399999999998,37.58,541.4699999999999,0.0,8.0,2368.09,105.42999999999999
United States,Oklahoma,Wheat,2000,winter,466.35,2.0,56.0,3314.2999999999997,59.5,83.8,0.0,0.0,456.5599999999999,61.08,219.85,5.0,0.0,950.5699999999999,46.27,276.84000000000003,2.0,31.0,1927.59,59.5,82.25999999999999,0.0,24.0,645.11,22.21,410.8999999999999,5.0,1.0,2148.7300000000005,61.08
United States,Oklahoma,Wheat,2001,winter,534.97,16.0,101.0,2972.4000000000005,100.22,41.53000000000001,0.0,0.0,508.04,30.76,186.86999999999998,0.0,0.0,1158.5000000000002,68.38,499.91999999999996,16.0,100.0,2421.7700000000004,100.22,28.06,0.0,1.0,406.37,15.69,235.38999999999996,0.0,0.0,1810.8,68.38
United States,Oklahoma,Wheat,2002,winter,453.41999999999996,0.0,74.0,3210.0,74.9,33.11,0.0,0.0,404.6599999999999,18.0,159.32999999999996,1.0,0.0,1098.0000000000005,35.29,315.56,0.0,54.0,2119.04,74.9,51.7,0.0,18.0,737.4699999999999,32.269999999999996,278.6,1.0,2.0,1856.15,45.540000000000006
United States,Oklahoma,Wheat,2003,winter,440.5,7.0,80.0,3084.86,38.57,32.53,0.0,0.0,491.5899999999999,16.79,169.26000000000002,1.0,0.0,1048.02,34.22,368.71999999999997,7.0,77.0,2368.08,38.57,47.86,0.0,3.0,573.96,15.5,225.71,1.0,0.0,1682.4299999999998,34.22
United States,Oklahoma,Wheat,2004,winter,425.5,0.0,66.0,3067.7699999999995,84.83,38.0,0.0,0.0,500.0,21.799999999999997,214.26999999999998,2.0,0.0,993.8299999999999,87.35,254.85999999999999,0.0,63.0,2105.2999999999997,46.15,117.78999999999998,0.0,3.0,436.70000000000005,84.83,305.11999999999995,2.0,0.0,2019.6,87.35
United States,Oklahoma,Wheat,2005,winter,426.71999999999997,2.0,56.0,3116.84,66.85,44.59000000000001,0.0,0.0,425.21000000000004,31.380000000000003,154.56000000000003,10.0,0.0,1103.6000000000001,46.02,375.85,2.0,50.0,1890.01,66.85,39.24,0.0,6.0,593.18,16.05,210.78,10.0,0.0,2162.4599999999996,46.02
United States,Oklahoma,Wheat,2006,winter,203.70999999999998,3.0,57.0,3482.8199999999997,50.46,113.91,0.0,0.0,438.34000000000003,59.910000000000004,96.66999999999999,21.0,0.0,1244.75,41.03,121.99,1.0,31.0,1925.4900000000002,50.46,11.04,0.0,21.0,647.44,6.029999999999999,281.26,23.0,5.0,2592.98,59.910000000000004
United States,Oklahoma,Wheat,2007,winter,490.94,0.0,75.0,3195.9800000000005,88.77000000000001,171.75,0.0,0.0,392.32,102.16999999999999,405.15999999999997,0.0,0.0,863.8799999999999,84.03999999999999,287.76,0.0,71.0,2406.44,46.74,69.0,0.0,0.0,337.71,27.509999999999998,711.0900000000001,0.0,4.0,1708.0300000000002,102.16999999999999
United States,Oklahoma,Wheat,2008,winter,511.23,0.0,94.0,3295.6000000000004,81.27,96.73000000000002,0.0,0.0,539.47,69.67,196.67999999999998,0.0,0.0,1139.5300000000002,74.13999999999999,331.73,0.0,92.0,2514.46,56.160000000000004,170.16,0.0,2.0,599.64,81.27,302.75000000000006,0.0,0.0,1860.5000000000002,74.13999999999999
United States,Oklahoma,Wheat,2009,winter,309.38,0.0,84.0,3371.3900000000003,35.72,152.06,0.0,0.0,291.59000000000003,56.86000000000001,64.33999999999999,12.0,0.0,1191.63,14.95,195.7,0.0,78.0,2486.07,29.56,64.32000000000001,0.0,4.0,476.19000000000005,23.83,265.76,12.0,2.0,1892.35,56.86000000000001
United States,Oklahoma,Wheat,2010,winter,499.28,0.0,86.0,2877.46,66.39,55.66,0.0,0.0,439.94,43.26,197.17,5.0,0.0,1128.06,91.88000000000001,427.03,0.0,86.0,2433.99,66.39,73.06,0.0,0.0,462.30999999999995,44.56,252.01999999999998,5.0,0.0,1549.1599999999999,91.88000000000001
United States,Oklahoma,Wheat,2011,winter,243.66000000000003,2.0,78.0,3403.08,53.79,75.96000000000002,3.0,0.0,466.30999999999995,31.490000000000002,131.81,29.0,0.0,1201.8799999999999,67.10000000000001,205.88,2.0,71.0,2358.0,53.79,25.95,0.0,7.0,471.84999999999997,17.689999999999998,219.6,32.0,0.0,2241.42,67.10000000000001
United States,Oklahoma,Wheat,2012,winter,546.08,5.0,57.0,3284.1600000000003,73.98,52.47,0.0,0.0,462.07000000000005,34.15,99.88,8.0,0.0,1140.1199999999997,21.09,349.47,5.0,51.0,2167.87,70.71,42.019999999999996,0.0,6.0,446.07000000000005,19.35,306.94,8.0,0.0,2272.41,73.98
United States,Oklahoma,Wheat,2013,winter,418.81,7.0,79.0,3242.29,64.97,56.190000000000005,0.0,1.0,477.71,22.74,250.2,3.0,0.0,1053.84,89.53,151.09,7.0,44.0,1906.2600000000002,39.81,108.61999999999999,0.0,32.0,843.7700000000001,35.95,465.49,3.0,4.0,2023.8100000000002,89.53
United States,Oklahoma,Wheat,2014,winter,267.38,6.0,97.0,3292.33,35.96,31.84,3.0,0.0,550.41,15.18,213.29,4.0,0.0,1041.71,61.44,239.68999999999997,6.0,92.0,2510.2200000000003,35.96,17.85,0.0,4.0,590.66,7.109999999999999,254.97000000000003,7.0,1.0,1783.5700000000004,61.44
United States,Oklahoma,Wheat,2015,winter,375.32000000000005,4.0,71.0,3122.37,41.54,233.8,0.0,0.0,404.9200000000001,93.45,311.78000000000003,0.0,0.0,1022.05,95.06000000000002,240.09,4.0,52.0,2033.4299999999998,41.54,55.79,0.0,19.0,643.3100000000001,11.0,625.0199999999999,0.0,0.0,1872.6000000000001,95.06000000000002
United States,Oklahoma,Wheat,2016,winter,538.6899999999999,3.0,61.0,3424.4,80.51,49.52,0.0,0.0,509.39,23.369999999999997,130.16,3.0,0.0,1050.29,26.09,362.37,3.0,48.0,1983.21,80.51,42.949999999999996,0.0,10.0,563.11,17.61,313.05,3.0,3.0,2437.7599999999998,75.07000000000001
United States,Oklahoma,Wheat,2017,winter,478.21,1.0,51.0,3278.56,62.69999999999999,101.36000000000001,0.0,0.0,509.61000000000007,60.7,91.27999999999999,8.0,0.0,1146.52,41.93,178.07999999999998,1.0,31.0,1735.3200000000002,28.179999999999996,119.04,0.0,17.0,569.62,44.370000000000005,373.73,8.0,3.0,2629.7499999999995,62.7
United States,Oklahoma,Wheat,2018,winter,372.39,2.0,72.0,3238.3199999999997,68.8,61.75,0.0,0.0,514.28,32.64,199.65,7.0,0.0,1156.03,82.8,232.85999999999996,2.0,55.0,2153.79,68.8,90.53999999999999,0.0,10.0,547.48,40.04,310.39,7.0,7.0,2207.3599999999997,82.8
United States,Oklahoma,Wheat,2019,winter,644.52,1.0,82.0,2900.0999999999995,74.15,147.11,0.0,0.0,412.12,57.58,332.22,0.0,0.0,1052.4,86.14,517.99,1.0,81.0,2303.29,74.15,96.49,0.0,1.0,501.37,41.8,509.37,0.0,0.0,1559.96,86.14
United States,Oklahoma,Wheat,2020,winter,522.16,2.0,68.0,3139.2200000000003,69.05,51.36,0.0,0.0,481.2100000000001,22.59,103.86,0.0,0.0,1172.24,42.73,332.96000000000004,2.0,59.0,2187.08,69.05,118.97,0.0,6.0,459.37,57.71,225.45,0.0,3.0,2146.22,42.73
United States,Oklahoma,Wheat,2021,winter,457.45000000000005,0.0,70.0,3179.92,74.49,55.37,0.0,0.0,436.21999999999997,28.7,294.87,3.0,0.0,947.77,101.87,338.21000000000004,0.0,69.0,2354.76,74.49,58.050000000000004,0.0,0.0,521.03,34.74,411.43,3.0,1.0,1688.12,101.87
United States,Oklahoma,Wheat,2022,winter,308.22,8.0,65.0,3488.4799999999996,41.89,116.87999999999998,1.0,0.0,491.75,78.91,193.06,12.0,0.0,1119.61,89.86,155.87,8.0,9.0,1680.13,39.3,54.82999999999999,0.0,48.0,853.0300000000001,17.88,407.46000000000004,13.0,8.0,2566.68,89.86
United States,Oklahoma,Wheat,2023,winter,351.58,6.0,67.0,3322.8800000000006,42.93000000000001,148.54,0.0,0.0,391.21000000000004,57.86,147.07000000000002,3.0,0.0,1056.6599999999999,27.73,213.63,6.0,39.0,1903.2700000000002,42.93000000000001,82.86000000000001,0.0,23.0,607.6199999999999,23.27,350.69999999999993,3.0,5.0,2259.86,57.86
United States,Oklahoma,Wheat,2024,winter,419.15,14.0,54.0,3291.1000000000004,53.56,149.49,0.0,0.0,444.12,43.150000000000006,99.97000000000003,10.0,0.0,1100.9099999999999,44.46,264.13,14.0,30.0,1720.64,53.56,73.85000000000001,0.0,22.0,618.8599999999999,23.619999999999994,330.63,10.0,2.0,2496.63,44.46
United States,Oklahoma,Wheat,2025,winter,495.51,5.0,60.0,3361.67,132.92,197.21,0.0,0.0,441.41,91.42,302.38,0.0,0.0,1038.6499999999999,57.39,289.12999999999994,5.0,13.0,1663.77,132.92,79.00999999999999,0.0,45.0,807.02,25.64,626.96,0.0,2.0,2370.9400000000005,91.42
United States,Oklahoma,Barley,1990,spring,312.57,3.0,2.0,1914.5399999999997,79.17,3.93,8.0,0.0,378.46,3.9000000000000004,244.58,21.0,0.0,1632.29,67.40999999999998,287.21,0.0,2.0,1193.2700000000002,79.17,12.38,0.0,0.0,270.84000000000003,10.98,261.49,32.0,0.0,2461.18,67.40999999999998
United States,Oklahoma,Barley,1991,spring,308.19,0.0,0.0,1845.47,44.26,44.589999999999996,9.0,0.0,361.08000000000004,41.56,276.56,22.0,0.0,1613.13,60.21,200.32,0.0,0.0,1016.9700000000001,40.61,56.34,0.0,0.0,223.07,42.25,372.68,31.0,0.0,2579.64,60.21
United States,Oklahoma,Barley,1992,spring,392.04,0.0,0.0,1756.31,37.809999999999995,6.829999999999999,0.0,0.0,374.15,3.89,315.83000000000004,0.0,0.0,1637.24,43.769999999999996,208.78000000000003,0.0,0.0,1146.99,37.809999999999995,77.10999999999999,0.0,0.0,235.52,36.24,428.81,0.0,0.0,2385.19,43.77000000000001
United States,Oklahoma,Barley,1993,spring,424.93999999999994,0.0,1.0,1739.02,128.27999999999997,30.22,0.0,0.0,332.77,21.43,226.36,23.0,0.0,1722.9299999999998,60.69,325.35999999999996,0.0,1.0,1173.03,128.27999999999997,27.6,0.0,0.0,228.86,23.41,328.55999999999995,23.0,0.0,2392.83,60.69
United States,Oklahoma,Barley,1994,spring,272.97,6.0,3.0,2009.51,64.25,31.03,9.0,0.0,365.40999999999997,19.51,190.24,23.0,0.0,1718.94,40.7,217.83,0.0,3.0,1186.06,64.25,43.61000000000001,1.0,0.0,308.82,21.75,232.8,37.0,0.0,2598.98,40.7
United States,Oklahoma,Barley,1995,spring,485.33000000000004,0.0,0.0,1782.2599999999998,79.04,13.89,5.0,0.0,368.93,8.469999999999999,280.32,25.0,0.0,1635.1899999999998,72.32,297.62999999999994,0.0,0.0,1107.41,77.7,177.52,0.0,0.0,216.83,79.03999999999999,304.39000000000004,30.0,0.0,2462.1399999999994,72.32
United States,Oklahoma,Barley,1996,spring,196.76000000000002,16.0,2.0,2056.3799999999997,49.71000000000001,97.55,10.0,0.0,288.91,84.43,397.59000000000003,5.0,0.0,1555.13,51.74,70.62,6.0,2.0,1143.0600000000002,40.85,74.41000000000001,2.0,0.0,270.09,49.71000000000001,546.8699999999999,23.0,0.0,2487.27,84.43
United States,Oklahoma,Barley,1997,spring,338.79,0.0,5.0,1913.06,45.88,39.31,4.0,0.0,367.09000000000003,16.65,249.44,25.0,0.0,1637.48,55.27,255.41000000000005,0.0,5.0,1316.9299999999998,45.88,48.620000000000005,0.0,0.0,222.04,27.479999999999997,323.51000000000005,29.0,0.0,2378.66,55.269999999999996
United States,Oklahoma,Barley,1998,spring,195.98000000000002,15.0,0.0,2100.54,69.07,21.089999999999996,12.0,0.0,366.75000000000006,9.74,104.61000000000001,52.0,0.0,1773.4499999999998,40.87,148.55,0.0,0.0,1277.8500000000004,69.07,12.309999999999999,3.0,0.0,269.47999999999996,12.29,160.82,76.0,0.0,2693.41,40.87
United States,Oklahoma,Barley,1999,spring,421.35,0.0,0.0,1863.38,105.42999999999999,63.98,0.0,0.0,328.1500000000001,37.95,136.68,35.0,0.0,1792.98,59.5,258.06,0.0,0.0,1209.2600000000002,105.42999999999999,26.500000000000004,0.0,0.0,246.33999999999997,12.69,337.45,35.0,0.0,2528.91,59.5
United States,Oklahoma,Oats,1990,spring,299.84999999999997,0.0,2.0,1545.7799999999997,79.17,7.760000000000001,0.0,0.0,184.43,6.210000000000001,253.46999999999997,32.0,0.0,2195.0799999999995,67.40999999999998,242.68,0.0,2.0,928.38,79.17,55.51,0.0,0.0,409.54,23.200000000000003,262.89,32.0,0.0,2587.37,67.40999999999998
United States,Oklahoma,Oats,1991,spring,284.74,0.0,0.0,1491.24,44.26,2.26,0.0,0.0,173.93,1.38,342.34000000000003,31.0,0.0,2154.5100000000007,60.21,139.82,0.0,0.0,775.41,39.28,66.42999999999999,0.0,0.0,366.71,44.26,423.09000000000003,31.0,0.0,2677.5600000000004,60.21
United States,Oklahoma,Oats,1992,spring,301.21,0.0,0.0,1444.08,37.809999999999995,25.590000000000003,0.0,0.0,153.01999999999998,23.450000000000003,387.9,0.0,0.0,2170.6,43.769999999999996,123.83,0.0,0.0,910.83,37.809999999999995,124.63000000000001,0.0,0.0,342.2900000000001,36.24,466.23999999999995,0.0,0.0,2514.5800000000004,43.77000000000001
United States,Oklahoma,Oats,1993,spring,353.99999999999994,0.0,1.0,1419.2,128.27999999999997,35.089999999999996,0.0,0.0,155.97999999999996,33.349999999999994,292.43,23.0,0.0,2219.54,60.69,294.80999999999995,0.0,1.0,891.39,128.27999999999997,42.459999999999994,0.0,0.0,405.36,19.97,344.25,23.0,0.0,2497.97,60.69
United States,Oklahoma,Oats,1994,spring,268.46999999999997,1.0,3.0,1637.2499999999998,64.25,3.16,0.0,0.0,173.92000000000002,3.14,222.61,37.0,0.0,2282.69,40.7,164.07000000000002,0.0,3.0,879.38,64.25,68.34,0.0,0.0,449.14,36.26,261.83,38.0,0.0,2765.34,40.7
United States,Oklahoma,Oats,1995,spring,475.18,0.0,0.0,1413.94,79.04,0.02,0.0,0.0,191.66,0.02,304.3400000000001,30.0,0.0,2180.78,72.32,186.92,0.0,0.0,856.2,77.7,206.38000000000002,0.0,0.0,358.02000000000004,79.04,386.24,30.0,0.0,2572.1600000000003,78.65
United States,Oklahoma,Oats,1996,spring,175.35,8.0,2.0,1680.4099999999999,49.71000000000001,19.11,4.0,0.0,195.38000000000002,11.459999999999999,497.44000000000005,19.0,0.0,2024.6299999999994,84.43,65.1,0.0,2.0,906.2500000000001,40.85,25.759999999999998,8.0,0.0,380.53999999999996,19.49,601.0399999999998,23.0,0.0,2613.63,84.43
United States,Oklahoma,Oats,1997,spring,304.1,0.0,5.0,1566.3599999999997,45.88,11.149999999999999,0.0,0.0,182.04,10.709999999999999,312.29,29.0,0.0,2169.2300000000005,55.269999999999996,209.54000000000002,0.0,5.0,1004.0699999999999,45.88,47.91,0.0,0.0,424.49,25.46,370.09,29.0,0.0,2489.0700000000006,55.269999999999996
United States,Oklahoma,Oats,1998,spring,193.63000000000002,3.0,0.0,1709.9899999999998,69.07,2.3,5.0,0.0,192.22,1.62,125.74999999999997,71.0,0.0,2338.5299999999997,40.87,116.27000000000001,0.0,0.0,1029.5200000000002,69.07,32.29,1.0,0.0,364.36,31.82,173.11999999999998,78.0,0.0,2846.8599999999997,40.87
United States,Oklahoma,Oats,1999,spring,316.1,0.0,0.0,1597.24,105.42999999999999,48.230000000000004,0.0,0.0,128.33,40.14,257.68,35.0,0.0,2258.9400000000005,59.5,216.44000000000003,0.0,0.0,926.5799999999999,105.42999999999999,60.15,0.0,0.0,425.19,17.089999999999996,345.42,35.0,0.0,2632.74,59.5
United States,Oklahoma,Oats,2000,spring,214.02999999999997,5.0,0.0,1590.8700000000001,61.08,72.79,0.0,0.0,96.63999999999999,46.27,162.2,58.0,0.0,2329.6100000000006,41.88,124.63000000000001,0.0,0.0,885.18,61.08,45.98,4.0,0.0,368.16999999999996,38.61,278.40999999999997,59.0,0.0,2763.77,46.27
United States,Oklahoma,Oats,2001,spring,219.7,0.0,0.0,1631.7500000000002,68.38,14.49,0.0,0.0,197.91,13.3,241.89000000000001,43.0,0.0,2309.0299999999993,74.9,64.94,0.0,0.0,780.4200000000001,30.76,132.62,0.0,0.0,450.85,68.38,278.52,43.0,0.0,2907.4199999999996,74.9
United States,Oklahoma,Oats,2002,spring,253.24000000000004,0.0,2.0,1462.6000000000004,45.540000000000006,23.730000000000004,0.0,0.0,190.16,23.7,264.33,34.0,0.0,2276.79,48.059999999999995,115.36000000000001,0.0,2.0,710.6,45.540000000000006,66.36000000000001,0.0,0.0,440.7899999999999,35.56,359.58000000000004,34.0,0.0,2778.16,48.059999999999995
United States,Oklahoma,Oats,2003,spring,224.9,1.0,1.0,1629.1899999999996,34.22,11.770000000000001,0.0,0.0,182.75,11.68,203.09,47.0,0.0,2223.32,67.94,68.97,0.0,1.0,894.8899999999999,15.78,62.07999999999999,1.0,0.0,399.62,32.26,308.71,47.0,0.0,2740.75,67.94
United States,Oklahoma,Oats,2004,spring,152.74,2.0,0.0,1588.58,44.1,96.58,0.0,0.0,141.10999999999999,87.35,259.66,16.0,0.0,2205.5400000000004,58.209999999999994,61.5,0.0,0.0,872.7400000000001,21.799999999999997,17.13,1.0,0.0,343.26,12.36,430.35,17.0,0.0,2719.23,87.35
United States,Oklahoma,Oats,2005,spring,156.25,4.0,0.0,1582.4,45.39,46.13,0.0,0.0,188.92,46.02,315.22999999999996,26.0,0.0,2343.52,63.920000000000016,53.13000000000001,0.0,0.0,902.2699999999999,31.380000000000003,22.619999999999997,4.0,0.0,354.76000000000005,11.75,441.86,26.0,0.0,2857.8100000000004,63.920000000000016
United States,Oklahoma,Oats,2006,spring,164.41000000000003,18.0,0.0,1789.4299999999998,59.910000000000004,42.6,2.0,0.0,183.95,41.03,220.12,41.0,0.0,2333.03,38.49,118.34,2.0,0.0,762.7100000000002,59.910000000000004,12.069999999999999,6.0,0.0,488.90000000000003,10.26,296.72,53.0,0.0,3054.8,41.03
United States,Oklahoma,Oats,2007,spring,396.50000000000006,0.0,4.0,1424.9,102.16999999999999,83.37,0.0,0.0,118.65,58.93,509.9000000000001,2.0,0.0,2095.75,136.45999999999998,221.86999999999998,0.0,4.0,841.8399999999999,102.16999999999999,101.73,0.0,0.0,343.14000000000004,37.330000000000005,666.1699999999998,2.0,0.0,2454.32,136.45999999999998
United States,Oklahoma,Oats,2008,spring,352.62999999999994,0.0,1.0,1744.62,81.27,43.92999999999999,0.0,0.0,169.34,42.14999999999999,238.53000000000003,20.0,0.0,2172.5099999999998,65.76,205.75,0.0,1.0,1061.03,81.27,43.95,0.0,0.0,394.61,28.04,385.39000000000004,20.0,0.0,2630.83,74.13999999999999
United States,Oklahoma,Oats,2009,spring,254.31,0.0,2.0,1505.64,56.86000000000001,3.58,4.0,0.0,193.50000000000003,3.4299999999999997,357.5199999999999,30.0,0.0,2215.8699999999994,60.69,201.45000000000005,0.0,2.0,758.2199999999998,56.86000000000001,34.239999999999995,0.0,0.0,490.72,14.95,379.7199999999999,34.0,0.0,2666.0699999999993,60.69
United States,Oklahoma,Oats,2010,spring,290.52000000000004,1.0,0.0,1577.4500000000003,86.72,6.35,1.0,0.0,194.98999999999998,6.35,281.70000000000005,36.0,0.0,2309.7299999999996,53.79,112.94000000000001,0.0,0.0,868.1899999999999,44.56,78.53,0.0,0.0,397.53000000000003,29.07,387.1,38.0,0.0,2816.45,91.88000000000001
United States,Oklahoma,Oats,2011,spring,205.35,16.0,0.0,1698.51,67.10000000000001,4.3100000000000005,7.0,0.0,204.96,2.4299999999999997,125.05,72.0,0.0,2369.1400000000003,38.17,59.46,3.0,0.0,842.72,38.78,119.64,1.0,0.0,437.6700000000001,67.10000000000001,155.60999999999999,91.0,0.0,2992.2200000000003,38.17
United States,Oklahoma,Oats,2012,spring,217.32999999999998,0.0,0.0,1610.8899999999999,41.019999999999996,12.5,0.0,0.0,157.09,8.51,156.53,62.0,0.0,2346.5499999999993,39.81,112.83,0.0,0.0,717.4899999999999,41.019999999999996,35.54,0.0,0.0,423.68,17.09,237.99,62.0,0.0,2973.3599999999997,39.81
United States,Oklahoma,Oats,2013,spring,412.08000000000004,0.0,4.0,1523.2299999999998,89.53,37.43,0.0,0.0,156.42,37.43,338.89,26.0,0.0,2276.4900000000002,63.16,217.13000000000002,0.0,4.0,937.7900000000001,64.97,187.35,0.0,0.0,358.95,89.53,383.9200000000001,26.0,0.0,2659.4,63.16
United States,Oklahoma,Oats,2014,spring,206.48999999999998,6.0,1.0,1697.01,61.44,16.28,0.0,0.0,167.01000000000002,15.850000000000001,247.0,40.0,0.0,2203.54,51.63,49.959999999999994,3.0,1.0,950.1700000000001,15.18,49.010000000000005,2.0,0.0,397.72999999999996,25.71,370.79999999999995,41.0,0.0,2719.6600000000003,61.44
United States,Oklahoma,Oats,2015,spring,548.5799999999998,0.0,0.0,1455.51,95.06000000000002,61.42,0.0,0.0,135.62,54.33,258.26,8.0,0.0,2253.2400000000002,59.94,270.73,0.0,0.0,778.34,93.45,213.98000000000002,0.0,0.0,364.25999999999993,95.06000000000002,383.54999999999995,8.0,0.0,2701.77,65.6
United States,Oklahoma,Oats,2016,spring,273.31,0.0,0.0,1605.5700000000002,75.07000000000001,7.780000000000001,2.0,0.0,190.0,7.390000000000001,277.92999999999995,18.0,0.0,2249.6,39.93,169.96,0.0,0.0,943.72,75.07000000000001,72.73,0.0,0.0,344.64000000000004,26.65,316.33,20.0,0.0,2756.81,39.93
United States,Oklahoma,Oats,2017,spring,288.85,0.0,0.0,1658.86,60.7,6.33,5.0,0.0,189.14,6.06,330.32,27.0,0.0,2189.66,68.8,211.96,0.0,0.0,878.6600000000001,60.7,54.63,0.0,0.0,464.15999999999997,41.93,358.91,32.0,0.0,2694.8399999999997,68.8
United States,Oklahoma,Oats,2018,spring,197.63,2.0,7.0,1743.7200000000003,39.05,2.67,2.0,0.0,179.36,2.67,446.77,28.0,0.0,2097.4100000000003,82.8,103.67,0.0,7.0,983.56,39.05,56.83,0.0,0.0,410.96000000000004,18.66,486.57,32.0,0.0,2625.9700000000003,82.8
United States,Oklahoma,Oats,2019,spring,530.7500000000001,0.0,0.0,1504.6100000000001,86.14,33.1,0.0,0.0,173.45,28.540000000000003,263.71,15.0,0.0,2295.2999999999997,38.05,254.66000000000003,0.0,0.0,837.35,57.58,199.33999999999997,0.0,0.0,359.56000000000006,86.14,373.55999999999995,15.0,0.0,2776.45,38.050000000000004
United States,Oklahoma,Oats,2020,spring,152.17,0.0,3.0,1659.4999999999998,30.189999999999998,43.19,0.0,0.0,166.72,42.73,309.05,24.0,0.0,2240.4399999999996,72.92,104.22999999999999,0.0,3.0,897.9799999999998,30.189999999999998,46.51,0.0,0.0,431.76000000000005,29.85,353.66999999999996,24.0,0.0,2736.9199999999996,72.92
United States,Oklahoma,Oats,2021,spring,255.3,0.0,1.0,1431.75,41.01,9.5,2.0,0.0,193.72,9.5,313.36,25.0,0.0,2261.4499999999994,101.87,140.92,0.0,1.0,895.3699999999999,28.7,98.79,0.0,0.0,323.75,41.01,338.45,27.0,0.0,2667.7999999999997,101.87
United States,Oklahoma,Oats,2022,spring,340.7,4.0,0.0,1619.93,89.86,0.12,4.0,0.0,199.73,0.12,196.08,60.0,0.0,2361.5,95.97,146.5,0.0,0.0,853.63,78.91,100.98,2.0,0.0,401.93,89.86,289.42,66.0,0.0,2925.6,95.97
United States,Oklahoma,Oats,2023,spring,265.71,0.0,0.0,1572.3800000000003,57.86,31.320000000000004,0.0,0.0,191.9,25.68,293.43,50.0,0.0,2311.5399999999995,98.88,133.35999999999999,0.0,0.0,908.5099999999999,54.04,76.71999999999998,0.0,0.0,359.51,36.35,380.38,50.0,0.0,2807.7999999999997,98.88
United States,Oklahoma,Canola,2009,spring,49.199999999999996,0.0,2.0,365.96000000000004,35.72,169.63999999999996,0.0,0.0,663.2099999999999,56.86000000000001,396.57000000000005,34.0,0.0,2885.84,60.69,157.45,0.0,2.0,631.28,56.86000000000001,64.13999999999999,0.0,0.0,585.63,27.380000000000003,393.82,34.0,0.0,2698.1,60.69
United States,Oklahoma,Canola,2010,spring,60.800000000000004,0.0,0.0,362.34000000000003,44.56,105.86000000000001,0.0,0.0,743.7800000000001,43.26,411.9100000000001,38.0,0.0,2976.0499999999997,91.88000000000001,77.44,0.0,0.0,704.54,44.56,90.96000000000001,0.0,0.0,478.99,43.26,410.17,38.0,0.0,2898.64,91.88000000000001
United States,Oklahoma,Canola,2011,spring,1.17,0.0,0.0,435.76,0.76,177.60000000000002,3.0,0.0,731.54,67.10000000000001,155.94,92.0,0.0,3105.31,38.17,58.949999999999996,0.0,0.0,629.6899999999999,38.78,119.82000000000001,3.0,0.0,537.61,67.10000000000001,155.94,92.0,0.0,3105.31,38.17
United States,Oklahoma,Canola,2012,spring,75.58,0.0,0.0,325.15,41.019999999999996,72.79,0.0,0.0,816.02,34.15,237.99,62.0,0.0,2973.3599999999997,39.81,102.33000000000001,0.0,0.0,554.2799999999999,41.019999999999996,44.14,0.0,0.0,480.09000000000003,17.09,239.89000000000004,62.0,0.0,3080.1600000000003,39.81
United States,Oklahoma,Canola,2013,spring,142.3,0.0,3.0,311.82,64.97,116.22,0.0,1.0,732.5000000000001,31.14,529.88,26.0,0.0,2911.82,89.53,189.32000000000002,0.0,4.0,832.9499999999999,64.97,209.25,0.0,0.0,419.8499999999999,89.53,389.83000000000004,26.0,0.0,2703.3400000000006,63.16
United States,Oklahoma,Canola,2014,spring,11.259999999999998,0.0,1.0,399.46000000000004,7.109999999999999,67.99000000000001,5.0,0.0,851.42,25.71,390.52,41.0,0.0,2816.6800000000003,61.44,34.42,1.0,1.0,762.7199999999999,9.76,55.849999999999994,4.0,0.0,502.11999999999995,25.71,379.5,41.0,0.0,2802.7200000000003,61.44
United States,Oklahoma,Canola,2015,spring,57.71999999999999,0.0,0.0,343.5300000000001,32.97,406.01,0.0,0.0,626.8499999999999,95.06000000000002,404.53,8.0,0.0,2873.9900000000002,65.6,115.62,0.0,0.0,625.7600000000001,45.9,369.06,0.0,0.0,421.0,95.06000000000002,383.58,8.0,0.0,2797.61,65.6
United States,Oklahoma,Canola,2016,spring,117.41,0.0,0.0,370.59000000000003,75.07000000000001,95.49999999999999,0.0,0.0,771.0799999999999,26.65,346.11,20.0,0.0,2903.5,39.93,159.95000000000002,0.0,0.0,744.0,75.07000000000001,65.9,0.0,0.0,492.71000000000004,26.65,333.17,20.0,0.0,2808.46,39.92999999999999
United States,Oklahoma,Canola,2017,spring,66.37,0.0,0.0,367.15999999999997,30.029999999999998,197.03000000000003,0.0,0.0,786.9399999999999,60.70000000000001,362.1,32.0,0.0,2883.5600000000004,68.8,190.34000000000003,0.0,0.0,678.85,60.7,75.31,0.0,0.0,588.73,41.93,359.85,32.0,0.0,2770.08,68.8
United States,Oklahoma,Canola,2018,spring,2.8699999999999997,0.0,7.0,396.84000000000003,1.92,140.87,0.0,0.0,828.78,39.05,503.33,32.0,0.0,2794.87,82.8,88.36000000000001,0.0,7.0,848.6899999999999,39.05,55.62,0.0,0.0,465.49,18.66,503.09,32.0,0.0,2706.3100000000004,82.8
United States,Oklahoma,Canola,2019,spring,77.52,0.0,0.0,386.72,41.8,350.07000000000005,0.0,0.0,668.3000000000002,86.14,399.96999999999997,15.0,0.0,2918.34,38.050000000000004,179.82,0.0,0.0,657.2900000000001,41.8,269.12,0.0,0.0,463.65999999999997,86.14,378.62,15.0,0.0,2852.41,38.050000000000004
United States,Oklahoma,Canola,2020,spring,19.970000000000002,0.0,3.0,329.12,17.200000000000003,126.13,0.0,0.0,779.73,30.189999999999998,358.31,24.0,0.0,2957.81,72.92,61.05,0.0,3.0,750.96,30.189999999999998,89.65,0.0,0.0,525.07,29.85,353.71,24.0,0.0,2790.6299999999997,72.92
United States,Oklahoma,Canola,2021,spring,36.580000000000005,0.0,0.0,380.20000000000005,26.810000000000002,126.55000000000003,0.0,1.0,620.88,32.41,415.03,27.0,0.0,2885.84,101.87,103.86,0.0,1.0,734.2300000000001,28.7,132.96,0.0,0.0,439.32000000000005,41.01,341.34000000000003,27.0,0.0,2713.3699999999994,101.87
United States,Oklahoma,Canola,2022,spring,21.169999999999998,0.0,0.0,404.15,17.26,226.23999999999998,2.0,0.0,742.1599999999999,89.86,289.49,66.0,0.0,3034.8500000000004,95.97,131.18,0.0,0.0,684.25,78.91,116.22999999999999,2.0,0.0,462.06,89.86,289.49,66.0,0.0,3034.8500000000004,95.97
United States,Oklahoma,Canola,2023,spring,15.43,0.0,0.0,450.53999999999996,10.95,179.34000000000003,0.0,0.0,675.5599999999998,57.86,395.68999999999994,50.0,0.0,2949.7200000000003,98.88,98.52,0.0,0.0,761.0500000000001,54.04,106.9,0.0,0.0,435.7,57.86,385.03999999999996,50.0,0.0,2879.0699999999997,98.88
United States,Oklahoma,Canola,2024,spring,32.74,0.0,0.0,388.90000000000003,16.84,175.93,0.0,0.0,774.6700000000001,43.150000000000006,306.46000000000004,52.0,0.0,2913.5,92.32999999999998,97.16,0.0,0.0,632.58,39.58,109.75000000000001,0.0,0.0,480.32000000000005,43.150000000000006,308.22,52.0,0.0,2964.17,92.32999999999998
United States,Oklahoma,Canola,2025,spring,90.86000000000001,0.0,0.0,358.38,45.1,280.39,0.0,0.0,742.92,91.42,440.71000000000004,12.0,0.0,2753.7,57.39,280.13,0.0,0.0,641.6600000000001,91.42,115.18,0.0,0.0,511.81,54.27,416.65,12.0,0.0,2701.53,57.39
United States,South Dakota,Wheat,1990,spring,215.57,3.0,22.0,1937.3100000000002,33.41,15.619999999999997,5.0,0.0,336.96999999999997,10.57,128.10000000000002,9.0,0.0,1605.52,18.919999999999998,190.89000000000001,0.0,22.0,1608.89,33.41,21.639999999999997,2.0,0.0,272.71,16.799999999999997,146.76000000000002,15.0,0.0,1998.1999999999998,18.919999999999998
United States,South Dakota,Wheat,1991,spring,345.65999999999997,1.0,10.0,1750.7099999999998,61.88,19.669999999999998,1.0,0.0,332.14,10.74,101.91,16.0,0.0,1644.7600000000002,26.58,310.3,0.0,10.0,1306.22,61.88,21.150000000000002,0.0,0.0,280.07,16.14,135.79,18.0,0.0,2141.32,26.58
United States,South Dakota,Wheat,1992,spring,154.06,2.0,11.0,1810.2200000000003,51.53,98.28,0.0,0.0,256.02000000000004,38.49,160.64999999999998,2.0,0.0,1457.5300000000002,36.14,68.31,2.0,11.0,1468.7,23.43,78.3,0.0,0.0,241.74,51.53,266.38,2.0,0.0,1813.33,40.59
United States,South Dakota,Wheat,1993,spring,254.64000000000004,0.0,14.0,1779.56,33.05,62.46000000000001,0.0,0.0,277.31,20.85,155.45,1.0,0.0,1481.24,36.91,231.2,0.0,14.0,1570.2400000000002,33.05,45.89,0.0,0.0,276.28000000000003,19.32,195.46,1.0,0.0,1691.5900000000001,36.91
United States,South Dakota,Wheat,1994,spring,153.69,0.0,17.0,1905.05,25.21,85.33000000000001,1.0,0.0,337.47,70.66,108.35,7.0,0.0,1561.5400000000002,18.570000000000004,121.75999999999999,0.0,17.0,1503.28,25.21,31.450000000000003,0.0,0.0,228.58,15.52,194.16,8.0,0.0,2072.2,70.66
United States,South Dakota,Wheat,1995,spring,338.54,0.0,19.0,1727.2,45.9,15.360000000000003,2.0,0.0,355.59,10.84,128.0,9.0,1.0,1605.04,23.1,338.34,0.0,19.0,1635.75,45.9,12.7,0.0,0.0,283.86,10.84,130.86,11.0,1.0,1768.2199999999998,23.1
United States,South Dakota,Wheat,1996,spring,196.12,2.0,21.0,1712.93,46.7,30.33,1.0,0.0,369.65,12.91,220.19,4.0,0.0,1595.61,92.31,186.53,0.0,21.0,1547.99,46.7,12.450000000000001,2.0,0.0,248.73,6.8100000000000005,247.66000000000003,5.0,0.0,1881.47,92.31
United States,South Dakota,Wheat,1997,spring,269.46999999999997,0.0,17.0,1861.9800000000002,47.6,55.72,0.0,0.0,344.20000000000005,31.22,159.89,2.0,0.0,1538.89,24.759999999999998,256.73999999999995,0.0,17.0,1702.02,47.6,44.339999999999996,0.0,0.0,261.2,31.22,184.0,2.0,0.0,1781.8500000000001,24.759999999999998
United States,South Dakota,Wheat,1998,spring,222.86,0.0,9.0,1873.05,44.75,41.10999999999999,0.0,0.0,350.95,17.29,96.16,16.0,0.0,1611.65,24.5,165.09,0.0,9.0,1520.69,44.75,57.730000000000004,0.0,0.0,300.77,32.129999999999995,137.31,16.0,0.0,2014.19,24.5
United States,South Dakota,Wheat,1999,spring,293.44,0.0,9.0,1816.8200000000002,54.989999999999995,19.66,0.0,0.0,335.40999999999997,12.01,219.34999999999997,16.0,0.0,1570.9,75.91,257.89000000000004,0.0,9.0,1560.8200000000002,54.989999999999995,35.55,0.0,0.0,256.0,23.8,239.01000000000002,16.0,0.0,1906.3100000000004,75.91
United States,South Dakota,Wheat,2000,spring,204.47,2.0,14.0,1860.0199999999998,36.6,23.39,3.0,0.0,347.57,8.709999999999999,85.72,16.0,0.0,1601.83,24.389999999999997,154.95000000000002,2.0,14.0,1499.05,36.6,40.82,0.0,0.0,276.12,23.35,117.81,19.0,0.0,2034.25,24.389999999999997
United States,South Dakota,Wheat,2001,spring,229.91,5.0,9.0,1856.9899999999998,43.400000000000006,26.529999999999998,3.0,0.0,314.90000000000003,16.16,126.78,25.0,0.0,1686.8600000000001,38.87,209.78,0.0,9.0,1470.6200000000001,43.400000000000006,17.59,3.0,0.0,318.60999999999996,8.94,155.85000000000002,30.0,0.0,2069.52,38.87
United States,South Dakota,Wheat,2002,spring,102.96000000000001,6.0,16.0,1941.2900000000002,28.709999999999997,29.810000000000002,6.0,0.0,330.6,26.189999999999998,155.99,22.0,0.0,1548.6799999999998,30.599999999999998,63.83999999999999,1.0,16.0,1651.51,16.37,39.11,3.0,0.0,201.62,28.71,185.81,30.0,0.0,1967.4399999999998,30.599999999999998
United States,South Dakota,Wheat,2003,spring,224.26,0.0,9.0,1723.22,43.220000000000006,30.88,4.0,0.0,388.09000000000003,17.58,68.82,20.0,0.0,1665.79,15.84,169.58000000000004,0.0,9.0,1398.1900000000003,35.839999999999996,52.29,0.0,0.0,251.48000000000002,43.220000000000006,102.09,24.0,0.0,2127.43,17.58
United States,South Dakota,Wheat,2004,spring,182.12,0.0,9.0,1933.9099999999999,47.980000000000004,66.83000000000001,0.0,0.0,312.15,30.5,224.01999999999998,10.0,0.0,1602.6100000000001,53.88999999999999,166.29999999999998,0.0,9.0,1536.3999999999999,47.980000000000004,12.080000000000002,0.0,0.0,346.95,5.53,294.59000000000003,10.0,0.0,1965.32,53.88999999999999
United States,South Dakota,Wheat,2005,spring,263.99,1.0,11.0,1850.27,51.25,18.360000000000003,5.0,0.0,389.63,5.69,98.99000000000001,21.0,0.0,1670.27,14.64,248.42999999999998,0.0,11.0,1487.07,51.25,12.519999999999998,1.0,0.0,262.53,10.719999999999999,120.38999999999999,26.0,0.0,2160.5700000000006,14.64
United States,South Dakota,Wheat,2006,spring,90.91000000000001,5.0,4.0,1954.4700000000003,12.67,13.03,7.0,0.0,361.8,5.07,185.29,22.0,0.0,1522.15,37.83,59.13999999999999,3.0,4.0,1405.71,12.67,12.050000000000002,2.0,0.0,209.78999999999996,8.44,218.04,29.0,0.0,2222.92,37.83
United States,South Dakota,Wheat,2007,spring,312.89,1.0,16.0,1932.3799999999999,52.779999999999994,18.22,1.0,0.0,371.05000000000007,12.479999999999999,142.93,13.0,0.0,1525.0,40.34,251.26999999999995,0.0,16.0,1524.67,52.779999999999994,61.480000000000004,0.0,0.0,259.12,28.99,161.29,15.0,0.0,2044.6399999999996,40.34
United States,South Dakota,Wheat,2008,spring,260.17,0.0,20.0,1824.4099999999999,50.519999999999996,3.4499999999999993,2.0,0.0,369.35,1.9600000000000002,188.42000000000002,5.0,0.0,1643.0600000000002,48.55,225.18,0.0,20.0,1653.16,50.519999999999996,35.94,0.0,0.0,299.15000000000003,25.099999999999998,190.92000000000002,7.0,0.0,1884.51,48.55
United States,South Dakota,Wheat,2009,spring,153.72,1.0,15.0,1916.62,22.590000000000003,45.94,0.0,0.0,347.97999999999996,22.52,151.7,3.0,0.0,1586.1,34.1,122.59000000000002,1.0,15.0,1704.48,22.590000000000003,34.43,0.0,0.0,271.77,21.61,194.33999999999997,3.0,0.0,1874.4499999999998,34.1
United States,South Dakota,Wheat,2010,spring,300.02,0.0,6.0,1867.83,51.3,26.54,3.0,0.0,354.42999999999995,14.200000000000001,186.12,10.0,0.0,1575.9699999999998,36.02,252.32,0.0,6.0,1475.37,51.3,47.67999999999999,0.0,0.0,331.28000000000003,33.44,212.68,13.0,0.0,1991.5800000000002,36.02
United States,South Dakota,Wheat,2011,spring,370.08000000000004,1.0,15.0,1708.15,109.72,48.04,0.0,0.0,345.9,16.77,125.56,11.0,0.0,1691.1399999999999,19.5,341.27,1.0,15.0,1546.44,109.72,45.58,0.0,0.0,251.81,28.46,156.82999999999998,11.0,0.0,1946.94,19.67
United States,South Dakota,Wheat,2012,spring,222.49,3.0,2.0,1943.5600000000002,42.14,8.239999999999998,5.0,0.0,328.94000000000005,3.33,44.83,28.0,0.0,1686.9799999999998,9.89,181.52,1.0,2.0,1385.4399999999996,42.14,20.55,1.0,0.0,305.7,7.72,73.49000000000001,34.0,0.0,2268.34,18.07
United States,South Dakota,Wheat,2013,spring,276.77,0.0,26.0,1782.5300000000002,44.51,34.00000000000001,2.0,0.0,346.74,30.919999999999998,125.03999999999999,11.0,0.0,1549.47,26.84,271.82,0.0,26.0,1621.78,44.51,5.09,0.0,0.0,264.74,4.08,158.9,13.0,0.0,1792.22,30.919999999999998
United States,South Dakota,Wheat,2014,spring,253.16000000000003,0.0,14.0,1845.69,49.559999999999995,13.260000000000002,1.0,0.0,352.23999999999995,11.290000000000001,145.61,3.0,0.0,1501.87,25.439999999999998,203.74999999999997,0.0,14.0,1596.4700000000003,49.559999999999995,49.41,0.0,0.0,280.82,22.68,158.86999999999998,4.0,0.0,1822.51,25.439999999999998
United States,South Dakota,Wheat,2015,spring,267.1,1.0,10.0,1816.89,52.32,31.520000000000003,2.0,0.0,316.14,17.27,151.99,11.0,0.0,1611.6100000000001,48.68000000000001,179.85999999999999,1.0,10.0,1466.22,52.32,86.86,0.0,0.0,266.64,33.910000000000004,183.89,13.0,0.0,2011.7800000000002,48.68000000000001
United States,South Dakota,Wheat,2016,spring,225.48999999999995,4.0,10.0,2045.83,51.81,26.58,3.0,0.0,337.69,19.47,158.11,12.0,0.0,1627.29,33.669999999999995,187.47999999999996,2.0,10.0,1597.5700000000002,51.81,36.84,1.0,0.0,276.14,26.36,185.86,16.0,0.0,2137.1000000000004,33.669999999999995
United States,South Dakota,Wheat,2017,spring,145.43,2.0,7.0,1989.4299999999998,40.739999999999995,5.41,5.0,0.0,372.59000000000003,2.87,175.05,10.0,0.0,1557.66,45.099999999999994,82.3,2.0,7.0,1519.58,21.86,49.29999999999999,0.0,0.0,270.91,40.739999999999995,194.29000000000002,15.0,0.0,2129.1900000000005,45.099999999999994
United States,South Dakota,Wheat,2018,spring,199.47,4.0,20.0,1894.37,26.730000000000004,21.28,5.0,0.0,351.55,10.969999999999999,141.43,9.0,0.0,1520.08,42.2,142.87,3.0,20.0,1570.4900000000002,26.04,36.79,1.0,0.0,209.75,26.730000000000004,182.52,14.0,0.0,1985.76,42.2
United States,South Dakota,Wheat,2019,spring,291.49999999999994,0.0,12.0,1743.56,44.1,81.74000000000001,1.0,0.0,338.32000000000005,46.239999999999995,268.85,0.0,0.0,1469.8899999999999,57.65,281.11999999999995,0.0,12.0,1571.76,44.1,36.2,1.0,0.0,266.15,25.7,324.77000000000004,0.0,0.0,1713.8600000000001,57.64999999999999
United States,South Dakota,Wheat,2020,spring,174.19,3.0,20.0,1910.2,39.69,45.96000000000001,0.0,0.0,363.91,25.02,100.31,9.0,0.0,1605.1800000000003,13.52,144.51,0.0,20.0,1588.4299999999998,39.69,27.72,2.0,0.0,265.47999999999996,14.25,148.23000000000002,10.0,0.0,2025.38,25.02
United States,South Dakota,Wheat,2021,spring,119.09000000000002,7.0,13.0,1931.6599999999999,28.33,36.260000000000005,4.0,0.0,325.72,31.870000000000005,182.76,17.0,0.0,1545.1399999999999,43.279999999999994,103.17000000000002,3.0,13.0,1507.54,28.33,6.93,3.0,0.0,257.21999999999997,3.7899999999999996,228.01000000000002,22.0,0.0,2037.7599999999998,43.279999999999994
United States,South Dakota,Wheat,2022,spring,251.83,4.0,21.0,1898.1799999999998,52.89,74.05000000000001,1.0,0.0,346.99999999999994,38.2,84.50999999999999,19.0,0.0,1670.62,30.06,238.16000000000003,2.0,21.0,1637.2199999999998,52.89,13.87,3.0,0.0,287.01,7.84,158.35999999999999,19.0,0.0,1991.57,38.2
United States,South Dakota,Wheat,2023,spring,195.57,3.0,15.0,1987.0,49.0,37.83,1.0,0.0,335.47,14.510000000000002,188.32999999999998,14.0,0.0,1509.3899999999999,56.97,102.75999999999999,1.0,15.0,1524.0200000000002,19.860000000000003,17.98,1.0,0.0,265.86,11.25,300.99,16.0,0.0,2041.98,56.97
United States,South Dakota,Wheat,2024,spring,254.51,0.0,9.0,1852.22,50.63000000000001,24.4,1.0,0.0,328.45,11.25,129.01,13.0,0.0,1553.6200000000001,39.99,165.86,0.0,9.0,1519.77,38.06,65.29,0.0,0.0,211.66,50.629999999999995,176.77,14.0,0.0,2002.86,39.99000000000001
United States,South Dakota,Wheat,2025,spring,253.51,5.0,9.0,1858.8799999999999,58.28,28.239999999999995,2.0,0.0,337.87000000000006,12.64,210.89000000000001,13.0,0.0,1468.12,66.66,195.06,3.0,9.0,1477.2099999999998,58.28,32.21,2.0,0.0,264.78,23.65,265.37,15.0,0.0,1922.88,66.66
United States,South Dakota,Barley,1990,spring,215.57,3.0,22.0,1937.3100000000002,33.41,15.619999999999997,5.0,0.0,336.96999999999997,10.57,128.10000000000002,9.0,0.0,1605.52,18.919999999999998,190.89000000000001,0.0,22.0,1608.89,33.41,23.049999999999997,3.0,0.0,299.95,16.799999999999997,145.35000000000002,14.0,0.0,1970.9599999999998,18.919999999999998
United States,South Dakota,Barley,1991,spring,345.65999999999997,1.0,10.0,1750.7099999999998,61.88,19.669999999999998,1.0,0.0,332.14,10.74,101.91,16.0,0.0,1644.7600000000002,26.58,310.3,0.0,10.0,1306.22,61.88,21.270000000000003,0.0,0.0,300.55,16.14,135.67000000000002,18.0,0.0,2120.84,26.58
United States,South Dakota,Barley,1992,spring,154.06,2.0,11.0,1810.2200000000003,51.53,98.28,0.0,0.0,256.02000000000004,38.49,160.64999999999998,2.0,0.0,1457.5300000000002,36.14,68.31,2.0,11.0,1468.7,23.43,78.32,0.0,0.0,270.67,51.53,266.36,2.0,0.0,1784.4,40.59
United States,South Dakota,Barley,1993,spring,254.64000000000004,0.0,14.0,1779.56,33.05,62.46000000000001,0.0,0.0,277.31,20.85,155.45,1.0,0.0,1481.24,36.91,231.2,0.0,14.0,1570.2400000000002,33.05,50.47,0.0,0.0,294.19000000000005,19.32,190.88000000000002,1.0,0.0,1673.68,36.91
United States,South Dakota,Barley,1994,spring,153.69,0.0,17.0,1905.05,25.21,85.33000000000001,1.0,0.0,337.47,70.66,108.35,7.0,0.0,1561.5400000000002,18.570000000000004,121.75999999999999,0.0,17.0,1503.28,25.21,31.67,0.0,0.0,256.08000000000004,15.52,193.94,8.0,0.0,2044.7000000000003,70.66
United States,South Dakota,Barley,1995,spring,338.54,0.0,19.0,1727.2,45.9,15.360000000000003,2.0,0.0,355.59,10.84,128.0,9.0,1.0,1605.04,23.1,338.34,0.0,19.0,1635.75,45.9,14.32,0.0,0.0,308.97,10.84,129.24,11.0,1.0,1743.11,23.1
United States,South Dakota,Barley,1996,spring,196.12,2.0,21.0,1712.93,46.7,30.33,1.0,0.0,369.65,12.91,220.19,4.0,0.0,1595.61,92.31,186.53,0.0,21.0,1547.99,46.7,13.940000000000001,2.0,0.0,278.77,6.8100000000000005,246.17000000000002,5.0,0.0,1851.4299999999998,92.31
United States,South Dakota,Barley,1997,spring,269.46999999999997,0.0,17.0,1861.9800000000002,47.6,55.72,0.0,0.0,344.20000000000005,31.22,159.89,2.0,0.0,1538.89,24.759999999999998,256.73999999999995,0.0,17.0,1702.02,47.6,44.339999999999996,0.0,0.0,291.53999999999996,31.22,184.0,2.0,0.0,1751.5100000000002,24.759999999999998
United States,South Dakota,Barley,1998,spring,222.86,0.0,9.0,1873.05,44.75,41.10999999999999,0.0,0.0,350.95,17.29,96.16,16.0,0.0,1611.65,24.5,165.09,0.0,9.0,1520.69,44.75,57.77,0.0,0.0,321.46999999999997,32.129999999999995,137.26999999999998,16.0,0.0,1993.4899999999998,24.5
United States,South Dakota,Barley,1999,spring,293.44,0.0,9.0,1816.8200000000002,54.989999999999995,19.66,0.0,0.0,335.40999999999997,12.01,219.34999999999997,16.0,0.0,1570.9,75.91,257.89000000000004,0.0,9.0,1560.8200000000002,54.989999999999995,43.76,0.0,0.0,287.5,29.11,230.79999999999998,16.0,0.0,1874.8100000000002,75.91
United States,South Dakota,Barley,2000,spring,204.47,2.0,14.0,1860.0199999999998,36.6,23.39,3.0,0.0,347.57,8.709999999999999,85.72,16.0,0.0,1601.83,24.389999999999997,154.95000000000002,2.0,14.0,1499.05,36.6,47.76,0.0,0.0,318.94,23.35,110.86999999999998,19.0,0.0,1991.43,24.389999999999997
United States,South Dakota,Barley,2001,spring,229.91,5.0,9.0,1856.9899999999998,43.400000000000006,26.529999999999998,3.0,0.0,314.90000000000003,16.16,126.78,25.0,0.0,1686.8600000000001,38.87,209.78,0.0,9.0,1470.6200000000001,43.400000000000006,18.55,3.0,0.0,333.35999999999996,8.94,154.89,30.0,0.0,2054.77,38.87
United States,South Dakota,Barley,2002,spring,102.96000000000001,6.0,16.0,1941.2900000000002,28.709999999999997,29.810000000000002,6.0,0.0,330.6,26.189999999999998,155.99,22.0,0.0,1548.6799999999998,30.599999999999998,63.83999999999999,1.0,16.0,1651.51,16.37,39.11,3.0,0.0,230.46,28.71,185.81,30.0,0.0,1938.6,30.599999999999998
United States,South Dakota,Barley,2003,spring,224.26,0.0,9.0,1723.22,43.220000000000006,30.88,4.0,0.0,388.09000000000003,17.58,68.82,20.0,0.0,1665.79,15.84,169.58000000000004,0.0,9.0,1398.1900000000003,35.839999999999996,52.3,0.0,0.0,281.85,43.220000000000006,102.08,24.0,0.0,2097.0600000000004,17.58
United States,South Dakota,Barley,2004,spring,182.12,0.0,9.0,1933.9099999999999,47.980000000000004,66.83000000000001,0.0,0.0,312.15,30.5,224.01999999999998,10.0,0.0,1602.6100000000001,53.88999999999999,166.29999999999998,0.0,9.0,1536.3999999999999,47.980000000000004,15.820000000000002,0.0,0.0,367.7,5.53,290.84999999999997,10.0,0.0,1944.57,53.88999999999999
United States,South Dakota,Barley,2005,spring,263.99,1.0,11.0,1850.27,51.25,18.360000000000003,5.0,0.0,389.63,5.69,98.99000000000001,21.0,0.0,1670.27,14.64,248.42999999999998,0.0,11.0,1487.07,51.25,12.599999999999998,1.0,0.0,286.82,10.719999999999999,120.30999999999999,26.0,0.0,2136.28,14.64
United States,South Dakota,Barley,2006,spring,90.91000000000001,5.0,4.0,1954.4700000000003,12.67,13.03,7.0,0.0,361.8,5.07,185.29,22.0,0.0,1522.15,37.83,59.13999999999999,3.0,4.0,1405.71,12.67,18.07,2.0,0.0,226.14999999999998,8.44,212.02,29.0,0.0,2206.5600000000004,37.83
United States,South Dakota,Barley,2007,spring,312.89,1.0,16.0,1932.3799999999999,52.779999999999994,18.22,1.0,0.0,371.05000000000007,12.479999999999999,142.93,13.0,0.0,1525.0,40.34,251.26999999999995,0.0,16.0,1524.67,52.779999999999994,61.480000000000004,0.0,0.0,289.41,28.99,161.29000000000002,15.0,0.0,2014.3499999999997,40.34
United States,South Dakota,Barley,2008,spring,260.17,0.0,20.0,1824.4099999999999,50.519999999999996,3.4499999999999993,2.0,0.0,369.35,1.9600000000000002,188.42000000000002,5.0,0.0,1643.0600000000002,48.55,225.18,0.0,20.0,1653.16,50.519999999999996,36.07,0.0,0.0,327.62,25.099999999999998,190.79000000000002,7.0,0.0,1856.04,48.55
United States,South Dakota,Barley,2009,spring,153.72,1.0,15.0,1916.62,22.590000000000003,45.94,0.0,0.0,347.97999999999996,22.52,151.7,3.0,0.0,1586.1,34.1,122.59000000000002,1.0,15.0,1704.48,22.590000000000003,34.54,0.0,0.0,299.46,21.61,194.23,3.0,0.0,1846.76,34.1
United States,South Dakota,Barley,2010,spring,300.02,0.0,6.0,1867.83,51.3,26.54,3.0,0.0,354.42999999999995,14.200000000000001,186.12,10.0,0.0,1575.9699999999998,36.02,252.32,0.0,6.0,1475.37,51.3,47.699999999999996,0.0,0.0,361.77000000000004,33.44,212.66,13.0,0.0,1961.0900000000001,36.02
United States,South Dakota,Barley,2011,spring,370.08000000000004,1.0,15.0,1708.15,109.72,48.04,0.0,0.0,345.9,16.77,125.56,11.0,0.0,1691.1399999999999,19.5,341.27,1.0,15.0,1546.44,109.72,45.68,0.0,0.0,279.96,28.46,156.73000000000002,11.0,0.0,1918.79,19.67
United States,South Dakota,Barley,2012,spring,222.49,3.0,2.0,1943.5600000000002,42.14,8.239999999999998,5.0,0.0,328.94000000000005,3.33,44.83,28.0,0.0,1686.9799999999998,9.89,181.52,1.0,2.0,1385.4399999999996,42.14,27.35,1.0,0.0,324.65999999999997,7.72,66.69000000000001,34.0,0.0,2249.38,11.92
United States,South Dakota,Barley,2013,spring,276.77,0.0,26.0,1782.5300000000002,44.51,34.00000000000001,2.0,0.0,346.74,30.919999999999998,125.03999999999999,11.0,0.0,1549.47,26.84,271.82,0.0,26.0,1621.78,44.51,5.09,0.0,0.0,294.0,4.08,158.89999999999998,13.0,0.0,1762.9599999999998,30.919999999999998
United States,South Dakota,Barley,2014,spring,253.16000000000003,0.0,14.0,1845.69,49.559999999999995,13.260000000000002,1.0,0.0,352.23999999999995,11.290000000000001,145.61,3.0,0.0,1501.87,25.439999999999998,203.74999999999997,0.0,14.0,1596.4700000000003,49.559999999999995,49.72,0.0,0.0,306.06,22.68,158.55999999999997,4.0,0.0,1797.27,25.439999999999998
United States,South Dakota,Barley,2015,spring,267.1,1.0,10.0,1816.89,52.32,31.520000000000003,2.0,0.0,316.14,17.27,151.99,11.0,0.0,1611.6100000000001,48.68000000000001,179.85999999999999,1.0,10.0,1466.22,52.32,86.94,0.0,0.0,293.8,33.910000000000004,183.81,13.0,0.0,1984.62,48.68000000000001
United States,South Dakota,Barley,2018,spring,199.47,4.0,20.0,1894.37,26.730000000000004,21.28,5.0,0.0,351.55,10.969999999999999,141.43,9.0,0.0,1520.08,42.2,142.87,3.0,20.0,1570.4900000000002,26.04,38.72,1.0,0.0,230.25,26.730000000000004,180.58999999999997,14.0,0.0,1965.2600000000002,42.2
United States,South Dakota,Barley,2019,spring,291.49999999999994,0.0,12.0,1743.56,44.1,81.74000000000001,1.0,0.0,338.32000000000005,46.239999999999995,268.85,0.0,0.0,1469.8899999999999,57.65,281.11999999999995,0.0,12.0,1571.76,44.1,44.57,1.0,0.0,294.28,30.369999999999997,316.40000000000003,0.0,0.0,1685.73,57.65
United States,South Dakota,Barley,2020,spring,174.19,3.0,20.0,1910.2,39.69,45.96000000000001,0.0,0.0,363.91,25.02,100.31,9.0,0.0,1605.1800000000003,13.52,144.51,0.0,20.0,1588.4299999999998,39.69,28.04,2.0,0.0,294.81999999999994,14.25,147.91,10.0,0.0,1996.0399999999997,25.02
United States,South Dakota,Barley,2021,spring,119.09000000000002,7.0,13.0,1931.6599999999999,28.33,36.260000000000005,4.0,0.0,325.72,31.870000000000005,182.76,17.0,0.0,1545.1399999999999,43.279999999999994,103.17000000000002,3.0,13.0,1507.54,28.33,6.93,3.0,0.0,288.41999999999996,3.7899999999999996,228.01000000000002,22.0,0.0,2006.56,43.279999999999994
United States,South Dakota,Barley,2022,spring,251.83,4.0,21.0,1898.1799999999998,52.89,74.05000000000001,1.0,0.0,346.99999999999994,38.2,84.50999999999999,19.0,0.0,1670.62,30.06,238.16000000000003,2.0,21.0,1637.2199999999998,52.89,14.1,3.0,0.0,313.59999999999997,7.84,158.12999999999997,19.0,0.0,1964.98,38.2
United States,South Dakota,Barley,2023,spring,195.57,3.0,15.0,1987.0,49.0,37.83,1.0,0.0,335.47,14.510000000000002,188.32999999999998,14.0,0.0,1509.3899999999999,56.97,102.75999999999999,1.0,15.0,1524.0200000000002,19.860000000000003,23.44,2.0,0.0,294.11,11.25,295.53,15.0,0.0,2013.7300000000002,56.97
United States,South Dakota,Barley,2024,spring,254.51,0.0,9.0,1852.22,50.63000000000001,24.4,1.0,0.0,328.45,11.25,129.01,13.0,0.0,1553.6200000000001,39.99,165.86,0.0,9.0,1519.77,38.06,65.49000000000001,0.0,0.0,240.32,50.629999999999995,176.57,14.0,0.0,1974.2,39.99000000000001
United States,South Dakota,Barley,2025,spring,253.51,5.0,9.0,1858.8799999999999,58.28,28.239999999999995,2.0,0.0,337.87000000000006,12.64,210.89000000000001,13.0,0.0,1468.12,66.66,195.06,3.0,9.0,1477.2099999999998,58.28,32.99,2.0,0.0,292.22999999999996,23.65,264.59000000000003,15.0,0.0,1895.43,66.66
United States,South Dakota,Oats,1990,spring,161.98000000000002,0.0,22.0,1592.7,33.41,49.029999999999994,0.0,0.0,145.94,31.22,148.28,17.0,0.0,2141.16,18.919999999999998,145.91999999999996,0.0,22.0,1285.79,33.41,65.1,0.0,0.0,482.05999999999995,32.7,148.27,17.0,0.0,2111.95,18.919999999999998
United States,South Dakota,Oats,1991,spring,326.43000000000006,0.0,10.0,1419.6299999999999,61.88,5.02,0.0,0.0,166.66,4.24,135.79,18.0,0.0,2141.32,26.58,196.59,0.0,10.0,1034.81,58.27,130.23000000000002,0.0,0.0,444.37,61.88,140.42000000000002,18.0,0.0,2248.43,26.58
United States,South Dakota,Oats,1992,spring,90.14,2.0,11.0,1501.8999999999999,23.43,53.84,0.0,0.0,120.88,50.23,269.01,2.0,0.0,1900.99,40.59,34.56,2.0,11.0,1126.22,14.68,106.02,0.0,0.0,437.63999999999993,51.53,272.40999999999997,2.0,0.0,1959.9099999999999,40.59
United States,South Dakota,Oats,1993,spring,186.33000000000004,0.0,14.0,1467.8400000000001,24.87,45.489999999999995,0.0,0.0,132.70000000000002,33.05,240.73,1.0,0.0,1937.57,36.91,155.23999999999998,0.0,14.0,1250.6599999999999,24.87,91.63000000000002,0.0,0.0,475.92,33.05,225.68,1.0,0.0,1811.5300000000002,36.91
United States,South Dakota,Oats,1994,spring,123.75,0.0,17.0,1570.9899999999998,25.21,26.45,0.0,0.0,148.96,15.52,197.17,8.0,0.0,2084.11,70.66,79.54999999999998,0.0,17.0,1188.0300000000002,21.76,62.53,0.0,0.0,449.5300000000001,25.21,205.29,8.0,0.0,2166.5,70.66
United States,South Dakota,Oats,1995,spring,289.57,0.0,19.0,1374.9299999999998,44.480000000000004,29.43,0.0,0.0,190.49,28.189999999999998,162.9,11.0,1.0,2122.4100000000003,23.1,288.61,0.0,19.0,1318.36,44.480000000000004,50.06000000000001,0.0,0.0,476.11,45.9,143.23000000000002,11.0,1.0,1893.36,23.1
United States,South Dakota,Oats,1996,spring,178.08,0.0,21.0,1386.12,46.7,8.45,0.0,0.0,161.87,3.7699999999999996,260.11,7.0,0.0,2130.2000000000003,92.31,164.15000000000003,0.0,21.0,1254.5900000000004,46.7,31.03,2.0,0.0,435.81999999999994,13.81,251.46000000000004,5.0,0.0,1987.7800000000002,92.31
United States,South Dakota,Oats,1997,spring,242.3,0.0,17.0,1491.7,47.6,12.57,0.0,0.0,184.85,10.28,230.21000000000004,2.0,0.0,2068.52,31.22,214.61999999999998,0.0,17.0,1356.62,47.6,47.97,0.0,0.0,478.97,26.79,222.49,2.0,0.0,1909.48,31.22
United States,South Dakota,Oats,1998,spring,165.09,0.0,9.0,1520.69,44.75,36.309999999999995,0.0,0.0,165.91000000000003,32.129999999999995,158.73,16.0,0.0,2149.0500000000006,24.5,99.69,0.0,9.0,1189.96,33.14,101.71,0.0,0.0,496.63999999999993,44.75,158.73,16.0,0.0,2149.0500000000006,24.5
United States,South Dakota,Oats,1999,spring,252.04000000000005,0.0,9.0,1487.76,54.989999999999995,14.860000000000001,0.0,0.0,159.27,8.32,265.55,16.0,0.0,2076.1000000000004,75.91,213.95000000000002,0.0,9.0,1230.1499999999999,54.989999999999995,54.940000000000005,0.0,0.0,462.09999999999997,28.860000000000003,263.56,16.0,0.0,2030.8799999999999,75.91
United States,South Dakota,Oats,2000,spring,170.57000000000002,2.0,14.0,1540.6399999999999,36.6,13.380000000000003,0.0,0.0,156.0,10.280000000000001,129.62999999999997,19.0,0.0,2112.7799999999993,24.389999999999997,139.88000000000002,0.0,14.0,1185.2500000000002,36.6,42.99999999999999,2.0,0.0,459.38,23.35,130.7,19.0,0.0,2164.7899999999995,24.389999999999997
United States,South Dakota,Oats,2001,spring,216.14000000000001,0.0,9.0,1487.0500000000002,43.400000000000006,10.83,0.0,0.0,185.49999999999997,8.94,156.25,33.0,0.0,2186.2,38.87,171.01000000000002,0.0,9.0,1158.7299999999998,43.400000000000006,55.96000000000001,0.0,0.0,513.82,20.830000000000002,156.25,33.0,0.0,2186.2,38.87
United States,South Dakota,Oats,2002,spring,63.22999999999999,1.0,16.0,1595.71,16.37,27.810000000000002,0.0,0.0,157.33,24.830000000000002,197.72000000000003,33.0,0.0,2067.53,30.599999999999998,58.57999999999999,0.0,16.0,1355.47,16.37,32.46,1.0,0.0,397.57,24.830000000000002,197.72000000000003,33.0,0.0,2067.53,30.599999999999998
United States,South Dakota,Oats,2003,spring,169.58000000000004,0.0,9.0,1398.1900000000003,35.839999999999996,7.49,0.0,0.0,187.60000000000002,5.84,146.89,24.0,0.0,2191.3099999999995,43.220000000000006,143.73,0.0,9.0,1114.8500000000001,35.839999999999996,30.099999999999994,0.0,0.0,448.39000000000004,9.690000000000001,150.13000000000002,24.0,0.0,2213.8599999999997,43.220000000000006
United States,South Dakota,Oats,2004,spring,171.06999999999996,0.0,9.0,1595.31,47.980000000000004,4.609999999999999,0.0,0.0,151.55,4.239999999999999,297.29,10.0,0.0,2101.810000000001,53.88999999999999,100.74,0.0,9.0,1237.1999999999998,27.819999999999997,74.69000000000001,0.0,0.0,458.86000000000007,47.980000000000004,297.53999999999996,10.0,0.0,2152.6100000000006,53.88999999999999
United States,South Dakota,Oats,2005,spring,248.42999999999998,0.0,11.0,1487.07,51.25,12.14,0.0,0.0,178.24,10.719999999999999,120.76999999999998,27.0,0.0,2244.8599999999997,14.64,142.34,0.0,11.0,1185.4399999999998,40.559999999999995,108.36999999999999,0.0,0.0,466.0,51.25,130.63,27.0,0.0,2258.73,14.64
United States,South Dakota,Oats,2006,spring,70.13000000000001,5.0,4.0,1590.8600000000001,12.67,18.12,0.0,0.0,171.85000000000002,10.77,200.98,29.0,0.0,2075.71,37.83,46.72,0.0,4.0,1076.13,12.67,21.66,3.0,0.0,437.61,8.52,220.85000000000002,31.0,0.0,2324.6800000000003,37.83
United States,South Dakota,Oats,2007,spring,277.7799999999999,0.0,16.0,1554.63,52.779999999999994,34.86,0.0,0.0,172.95,24.740000000000002,161.4,15.0,0.0,2100.8499999999995,40.34,167.25,0.0,16.0,1221.51,52.779999999999994,137.45000000000002,0.0,0.0,455.18999999999994,50.49,169.34,15.0,0.0,2151.7299999999996,40.34
United States,South Dakota,Oats,2008,spring,215.27,0.0,20.0,1462.96,50.519999999999996,9.91,0.0,0.0,190.20000000000002,5.6899999999999995,226.86,7.0,0.0,2183.6600000000003,48.55,208.11,0.0,20.0,1297.6200000000001,50.519999999999996,52.06,0.0,0.0,526.79,25.099999999999998,191.87,7.0,0.0,2012.4100000000003,48.55
United States,South Dakota,Oats,2009,spring,111.21000000000001,1.0,15.0,1561.9399999999998,22.590000000000003,16.119999999999997,0.0,0.0,157.07999999999998,10.26,224.03,3.0,0.0,2131.68,34.1,75.41999999999999,1.0,15.0,1385.41,14.190000000000001,57.89000000000001,0.0,0.0,447.49000000000007,22.59,218.04999999999998,3.0,0.0,2017.7999999999997,34.1
United States,South Dakota,Oats,2010,spring,252.32,0.0,6.0,1475.37,51.3,21.810000000000002,0.0,0.0,203.11,17.62,238.55,13.0,0.0,2119.7499999999995,36.02,176.44,0.0,6.0,1210.2,34.44,97.69000000000001,0.0,0.0,468.28000000000003,51.300000000000004,238.55,13.0,0.0,2119.7499999999995,36.02
United States,South Dakota,Oats,2011,spring,215.73,1.0,15.0,1400.01,39.92999999999999,125.54,0.0,0.0,146.43,109.72,202.41,11.0,0.0,2198.7499999999995,28.46,183.51,1.0,15.0,1238.47,39.92999999999999,186.57,0.0,0.0,439.93,109.72,173.6,11.0,0.0,2066.79,19.67
United States,South Dakota,Oats,2012,spring,194.55,1.0,2.0,1575.15,42.14,25.59,1.0,0.0,191.44,18.55,55.42,34.0,0.0,2192.8900000000003,9.89,139.39,1.0,2.0,1065.4099999999999,42.14,55.04,0.0,0.0,481.0100000000001,15.64,81.13000000000001,35.0,0.0,2413.06,18.55
United States,South Dakota,Oats,2013,spring,234.59,0.0,26.0,1438.8199999999997,44.51,21.67,0.0,0.0,157.31,15.020000000000001,179.55,13.0,0.0,2082.61,30.919999999999998,217.79000000000002,0.0,26.0,1311.3899999999999,44.51,58.98,0.0,0.0,441.72,32.03,159.04000000000002,13.0,0.0,1925.6299999999999,30.919999999999998
United States,South Dakota,Oats,2014,spring,187.41,0.0,14.0,1517.9900000000002,49.559999999999995,35.54,0.0,0.0,164.23999999999998,19.2,189.07999999999998,4.0,0.0,2017.5700000000002,25.439999999999998,139.98999999999998,0.0,14.0,1259.12,49.559999999999995,83.62999999999998,0.0,0.0,502.57,21.3,188.40999999999997,4.0,0.0,1938.1100000000001,25.439999999999998
United States,South Dakota,Oats,2015,spring,188.95999999999998,1.0,10.0,1487.71,52.32,55.43,0.0,0.0,155.45000000000002,33.910000000000004,206.22,13.0,0.0,2101.48,48.68000000000001,163.66,0.0,10.0,1154.4699999999998,52.32,76.41,1.0,0.0,429.3900000000001,32.52,210.54000000000002,13.0,0.0,2160.78,48.68000000000001
United States,South Dakota,Oats,2016,spring,213.83999999999997,2.0,10.0,1643.1600000000003,51.81,6.130000000000001,1.0,0.0,199.57,4.7700000000000005,190.21,16.0,0.0,2168.0800000000004,33.669999999999995,172.39,0.0,10.0,1256.4800000000002,51.81,46.220000000000006,2.0,0.0,499.51,29.25,191.57,17.0,0.0,2254.8199999999997,33.669999999999995
United States,South Dakota,Oats,2017,spring,123.03999999999999,2.0,7.0,1619.92,40.739999999999995,8.56,0.0,0.0,170.57,4.28,194.29000000000002,15.0,0.0,2129.1900000000005,45.099999999999994,80.42,0.0,7.0,1206.7400000000002,21.86,43.410000000000004,2.0,0.0,460.46,40.739999999999995,202.06000000000003,15.0,0.0,2252.4800000000005,45.1
United States,South Dakota,Oats,2018,spring,145.07,4.0,20.0,1614.66,26.04,30.86,0.0,0.0,116.14999999999999,26.729999999999997,186.25,14.0,0.0,2035.19,42.2,101.59,2.0,20.0,1245.77,26.04,63.989999999999995,2.0,0.0,425.9,21.7,196.6,14.0,0.0,2094.33,42.2
United States,South Dakota,Oats,2019,spring,243.69000000000003,0.0,12.0,1420.42,44.1,37.43,0.0,0.0,151.34,34.74,360.97,1.0,0.0,1980.0099999999998,57.65,235.98,0.0,12.0,1221.6300000000003,44.1,55.31,0.0,0.0,496.62,34.74,350.8,1.0,0.0,1833.5199999999998,57.65
United States,South Dakota,Oats,2020,spring,144.51,0.0,20.0,1561.2899999999997,39.69,17.01,2.0,0.0,172.01000000000002,14.25,158.94,10.0,0.0,2145.99,25.02,102.03,0.0,20.0,1319.72,29.860000000000003,59.49,2.0,0.0,413.58,39.69,158.94,10.0,0.0,2145.99,25.02
United States,South Dakota,Oats,2021,spring,106.96000000000002,4.0,13.0,1584.29,28.33,3.1399999999999997,2.0,0.0,180.46999999999997,3.03,228.01000000000002,22.0,0.0,2037.7599999999998,43.279999999999994,81.46999999999998,0.0,13.0,1222.0500000000002,28.33,25.560000000000002,6.0,0.0,417.84000000000003,19.5,231.07999999999998,22.0,0.0,2162.63,43.279999999999994
United States,South Dakota,Oats,2022,spring,237.34,0.0,21.0,1489.2099999999998,52.89,6.65,2.0,0.0,204.64,6.63,166.39999999999998,22.0,0.0,2221.95,38.2,189.04999999999998,0.0,21.0,1310.8099999999997,52.89,62.71,4.0,0.0,464.99000000000007,35.96,158.62999999999997,20.0,0.0,2140.0,38.2
United States,South Dakota,Oats,2023,spring,114.01000000000002,1.0,15.0,1670.98,19.860000000000003,16.720000000000002,2.0,0.0,162.71,9.99,290.99999999999994,15.0,0.0,1998.17,56.97,88.03999999999999,0.0,15.0,1268.47,19.860000000000003,30.869999999999997,1.0,0.0,427.28999999999996,13.98,302.82,17.0,0.0,2136.1000000000004,56.97
United States,South Dakota,Oats,2024,spring,168.67000000000002,0.0,9.0,1567.95,38.06,53.67,0.0,0.0,109.33,44.33,185.57999999999998,14.0,0.0,2057.0099999999998,39.99000000000001,150.14000000000001,0.0,9.0,1204.2500000000002,38.06,27.870000000000005,0.0,0.0,430.91999999999996,8.670000000000002,229.90999999999997,14.0,0.0,2099.12,50.629999999999995
United States,South Dakota,Oats,2025,spring,196.65,3.0,9.0,1496.7299999999998,58.28,28.640000000000004,2.0,0.0,188.57000000000002,23.65,267.35,15.0,0.0,1979.57,66.66,176.88,2.0,9.0,1174.6699999999996,58.28,47.25000000000001,1.0,0.0,422.19999999999993,23.650000000000002,268.51,17.0,0.0,2068.0,66.66
United States,Texas,Wheat,1990,winter,342.66999999999996,10.0,29.0,3446.88,37.71,148.09000000000003,0.0,0.0,457.53999999999996,67.19,51.58,31.0,0.0,1190.03,16.150000000000002,100.14999999999998,10.0,20.0,1823.5200000000002,25.759999999999998,44.08,0.0,5.0,382.1600000000001,15.18,398.1100000000001,31.0,4.0,2888.7699999999995,67.19
United States,Texas,Wheat,1991,winter,464.61,4.0,26.0,3438.37,42.120000000000005,110.38000000000001,0.0,0.0,446.24999999999994,47.57,166.16000000000003,4.0,0.0,1069.6000000000001,48.2,258.87,4.0,4.0,1574.55,42.120000000000005,108.87,0.0,21.0,461.22999999999996,33.64,373.40999999999997,4.0,1.0,2918.44,48.20000000000001
United States,Texas,Wheat,1992,winter,869.8199999999999,0.0,29.0,3371.76,179.98000000000002,48.41,0.0,0.0,498.65000000000003,24.5,258.14,0.0,0.0,1001.8000000000001,48.29,486.46,0.0,15.0,1596.1100000000004,179.98000000000002,187.46,0.0,11.0,474.74,89.83,502.45,0.0,3.0,2801.3599999999997,60.56
United States,Texas,Wheat,1993,winter,502.31,8.0,33.0,3295.4399999999996,79.65,82.85999999999999,0.0,0.0,453.95,43.39,155.93000000000004,3.0,0.0,1081.4,36.38,237.08,8.0,13.0,1609.77,79.65,58.4,0.0,12.0,353.94999999999993,16.660000000000004,445.62000000000006,3.0,8.0,2867.0700000000006,43.39
United States,Texas,Wheat,1994,winter,384.28,2.0,38.0,3450.74,51.26,145.33,1.0,0.0,375.28000000000003,61.36,90.73,13.0,0.0,1215.4699999999998,23.740000000000002,235.48999999999998,2.0,17.0,1671.6499999999999,51.26,53.489999999999995,0.0,17.0,529.4399999999999,23.07,331.36,14.0,4.0,2840.3999999999996,61.36
United States,Texas,Wheat,1995,winter,567.2599999999999,5.0,19.0,3208.1899999999996,52.1,55.440000000000005,2.0,0.0,474.4,42.52,177.72000000000003,5.0,0.0,1108.26,59.58,277.05,5.0,3.0,1397.8300000000004,40.15,89.41,0.0,8.0,426.15999999999997,50.42,433.96,7.0,8.0,2966.8599999999997,59.58
United States,Texas,Wheat,1996,winter,254.03,10.0,39.0,3704.72,27.06,56.94000000000001,2.0,0.0,511.37,30.37,118.14999999999999,30.0,0.0,1201.1899999999998,31.41,134.35,7.0,2.0,1587.18,27.06,26.939999999999998,0.0,21.0,473.31999999999994,19.599999999999998,267.83,35.0,16.0,3356.7799999999997,31.41
United States,Texas,Wheat,1997,winter,646.81,0.0,38.0,3286.99,62.139999999999986,113.17999999999999,0.0,0.0,456.1,63.06,224.62999999999997,0.0,0.0,1051.6299999999999,75.66000000000001,310.84999999999997,0.0,10.0,1586.6600000000003,58.66,36.6,0.0,20.0,496.69,26.080000000000002,637.1700000000001,0.0,8.0,2711.37,75.66
United States,Texas,Wheat,1998,winter,542.3699999999999,18.0,26.0,3616.9300000000003,72.09,11.809999999999999,7.0,0.0,568.9599999999999,10.85,73.64,32.0,0.0,1171.0800000000002,33.29,178.66999999999996,18.0,11.0,1604.37,35.89,133.32999999999998,0.0,8.0,404.73,68.67,315.82000000000005,39.0,7.0,3347.8699999999994,72.09
United States,Texas,Wheat,1999,winter,518.63,13.0,21.0,3429.8,80.19,80.02000000000001,0.0,0.0,476.95000000000005,48.11,127.48,8.0,0.0,1027.73,34.459999999999994,335.79999999999995,11.0,0.0,1352.5300000000002,80.19,54.510000000000005,0.0,19.0,479.14,42.410000000000004,335.82,10.0,2.0,3102.81,48.11
United States,Texas,Wheat,2000,winter,296.02,18.0,13.0,3735.57,35.040000000000006,51.32,4.0,0.0,527.72,40.58,159.90000000000003,16.0,0.0,1023.0300000000001,36.66,64.78,17.0,0.0,1547.22,27.670000000000005,39.51,0.0,5.0,404.77000000000004,26.130000000000003,402.94999999999993,21.0,8.0,3334.33,40.58
United States,Texas,Wheat,2001,winter,622.3399999999999,14.0,38.0,2997.2999999999997,97.00999999999999,64.7,0.0,0.0,497.89,45.08,68.66999999999999,12.0,0.0,1181.59,24.729999999999997,378.24,14.0,25.0,1547.0299999999997,97.00999999999999,79.97,0.0,11.0,471.84,29.25,297.5,12.0,2.0,2657.91,45.08
United States,Texas,Wheat,2002,winter,430.15000000000003,0.0,37.0,3503.89,92.36,7.23,9.0,0.0,464.11999999999995,3.9699999999999998,162.48000000000002,11.0,0.0,1095.8500000000001,65.08,270.62999999999994,0.0,4.0,1523.4699999999998,92.36,41.32000000000001,0.0,17.0,532.4000000000001,26.509999999999998,287.91,20.0,16.0,3007.9900000000002,65.08
United States,Texas,Wheat,2003,winter,446.82,3.0,25.0,3329.78,58.86,12.769999999999998,8.0,0.0,459.93000000000006,6.949999999999999,174.92000000000002,10.0,0.0,1082.1499999999996,72.53999999999999,291.08,3.0,3.0,1523.23,58.86,46.91,0.0,13.0,506.09000000000003,19.22,296.52,18.0,9.0,2842.54,72.53999999999999
United States,Texas,Wheat,2004,winter,508.62,1.0,24.0,3231.5000000000005,58.12,68.19000000000001,0.0,0.0,430.12,22.71,239.14000000000004,6.0,0.0,991.51,103.66000000000001,200.05,1.0,3.0,1442.32,49.919999999999995,25.32,0.0,9.0,387.02000000000004,16.869999999999997,590.58,6.0,12.0,2823.79,103.65999999999998
United States,Texas,Wheat,2005,winter,542.3199999999999,1.0,18.0,3349.14,85.21,55.419999999999995,0.0,0.0,442.44000000000005,34.32,86.57,21.0,0.0,1147.2800000000002,45.94,345.39,1.0,2.0,1360.88,85.21,22.24,0.0,11.0,406.27,11.22,316.67999999999995,21.0,5.0,3171.7100000000005,45.940000000000005
United States,Texas,Wheat,2006,winter,242.91,22.0,16.0,3687.25,34.760000000000005,125.66000000000001,0.0,0.0,493.0,56.42,67.94,16.0,0.0,1244.6299999999999,41.050000000000004,66.83,18.0,1.0,1457.44,15.75,2.89,0.0,9.0,428.72999999999996,2.02,366.79,20.0,6.0,3538.71,56.42000000000001
United States,Texas,Wheat,2007,winter,533.1400000000001,4.0,37.0,3380.83,74.57,99.2,0.0,0.0,417.48999999999995,54.489999999999995,390.57000000000005,0.0,0.0,940.92,106.44000000000003,171.24,4.0,7.0,1627.1999999999998,43.56,129.03999999999996,0.0,13.0,405.82,33.120000000000005,722.63,0.0,17.0,2706.2200000000003,106.44000000000003
United States,Texas,Wheat,2008,winter,283.14,0.0,33.0,3596.38,51.25000000000001,116.30999999999999,1.0,0.0,518.8,68.57000000000001,39.04,32.0,0.0,1219.7299999999998,14.84,136.15,0.0,3.0,1525.24,51.25000000000001,20.8,0.0,21.0,529.5699999999999,7.68,281.54,33.0,9.0,3280.1000000000004,68.57000000000001
United States,Texas,Wheat,2009,winter,287.29,2.0,23.0,3813.09,83.11,70.86,1.0,0.0,366.9599999999999,61.83,103.12000000000002,19.0,0.0,1163.1999999999998,25.66,93.00999999999999,2.0,5.0,1694.2500000000002,34.64,11.6,0.0,10.0,422.9199999999999,9.75,356.65999999999997,20.0,8.0,3226.08,83.11
United States,Texas,Wheat,2010,winter,717.34,2.0,52.0,3219.0299999999997,84.61,18.96,0.0,0.0,493.99,13.15,87.06,15.0,0.0,1099.3899999999999,33.05,458.90999999999997,2.0,28.0,1733.6799999999998,84.61,143.19,0.0,21.0,565.13,70.83,221.26,15.0,3.0,2513.6000000000004,33.589999999999996
United States,Texas,Wheat,2011,winter,296.37,8.0,33.0,3819.53,128.98,51.36,6.0,0.0,483.15,37.11,36.31999999999999,36.0,0.0,1256.91,21.93,187.44000000000003,1.0,2.0,1684.5899999999997,128.98,73.21000000000001,0.0,16.0,505.39,36.36,123.4,49.0,15.0,3369.6099999999997,37.11
United States,Texas,Wheat,2012,winter,494.21999999999997,17.0,16.0,3613.77,89.87,101.18999999999998,6.0,0.0,449.19000000000005,41.349999999999994,50.910000000000004,19.0,0.0,1191.88,25.740000000000002,162.96,17.0,1.0,1582.5500000000002,89.87,78.30000000000001,0.0,11.0,430.50999999999993,28.41,405.05999999999995,25.0,4.0,3241.78,69.91
United States,Texas,Wheat,2013,winter,323.44999999999993,8.0,30.0,3682.3599999999997,68.17,59.519999999999996,0.0,0.0,492.4699999999999,32.22,77.66,20.0,0.0,1102.8999999999999,38.03,132.15999999999997,8.0,0.0,1507.0599999999997,44.69,84.77000000000001,0.0,20.0,455.36999999999995,68.17,243.70000000000005,20.0,10.0,3315.2999999999993,38.03
United States,Texas,Wheat,2014,winter,362.84999999999997,8.0,53.0,3466.71,71.49,64.03,2.0,0.0,551.37,48.95,172.11000000000004,2.0,0.0,1046.39,87.44,314.09,8.0,21.0,1592.87,71.49,5.46,0.0,28.0,662.42,3.1399999999999997,279.44000000000005,4.0,4.0,2809.1800000000003,87.44
United States,Texas,Wheat,2015,winter,431.33,8.0,38.0,3214.7900000000004,51.05,105.45,0.0,0.0,417.15000000000003,47.55,246.83999999999997,0.0,0.0,1045.26,78.59,224.29999999999998,8.0,7.0,1522.15,51.05,75.55000000000001,0.0,15.0,448.63,35.29,483.77,0.0,16.0,2706.42,78.59
United States,Texas,Wheat,2016,winter,623.52,16.0,19.0,3602.3100000000004,140.35000000000002,76.29,0.0,0.0,504.53999999999996,31.76,183.99,2.0,0.0,1021.84,55.400000000000006,324.25,16.0,2.0,1399.86,140.35000000000002,52.419999999999995,0.0,6.0,391.56,27.45,507.13000000000005,2.0,11.0,3337.2699999999995,69.71
United States,Texas,Wheat,2017,winter,483.19000000000005,2.0,12.0,3491.55,66.84,5.619999999999999,0.0,0.0,548.67,3.77,165.77,12.0,0.0,1036.5,41.73,193.26000000000002,2.0,0.0,1439.1399999999996,66.84,49.69,0.0,11.0,352.44000000000005,29.61,411.63,12.0,1.0,3285.1400000000003,45.13
United States,Texas,Wheat,2018,winter,276.6,10.0,28.0,3529.92,64.62,70.5,0.0,0.0,515.0400000000001,53.24,60.21,35.0,0.0,1221.71,28.75,93.47,10.0,0.0,1486.89,33.08,42.48,0.0,19.0,460.64,19.980000000000004,271.36,35.0,9.0,3319.1400000000003,64.62
United States,Texas,Wheat,2019,winter,735.9699999999999,2.0,28.0,3202.25,170.88,148.68999999999997,0.0,0.0,413.58,58.459999999999994,123.39000000000001,3.0,0.0,1057.22,24.259999999999998,620.7799999999999,2.0,12.0,1549.37,170.88,16.62,0.0,10.0,403.24,5.57,370.65,3.0,6.0,2720.44,58.459999999999994
United States,Texas,Wheat,2020,winter,414.25,34.0,15.0,3311.52,62.239999999999995,57.599999999999994,2.0,0.0,566.9300000000001,31.229999999999997,115.01999999999998,7.0,0.0,1180.8800000000003,38.849999999999994,90.88999999999999,34.0,5.0,1473.67,16.99,14.840000000000002,0.0,4.0,378.73,8.969999999999999,481.14,9.0,6.0,3206.9299999999994,62.239999999999995
United States,Texas,Wheat,2021,winter,358.12,5.0,29.0,3452.07,59.080000000000005,100.80999999999999,0.0,0.0,391.87000000000006,69.35,187.49,7.0,0.0,1009.2000000000002,40.7,189.66999999999996,4.0,3.0,1538.02,59.080000000000005,81.48000000000002,0.0,15.0,458.5,47.0,375.2699999999999,8.0,11.0,2856.6200000000003,69.35
United States,Texas,Wheat,2022,winter,221.92,14.0,32.0,3810.54,49.59,22.23,9.0,0.0,477.68,12.43,90.63000000000001,36.0,0.0,1218.6700000000003,41.72,162.45,11.0,0.0,1545.3299999999997,49.59,5.46,0.0,1.0,263.96999999999997,5.12,166.87,48.0,31.0,3697.5900000000006,41.72
United States,Texas,Wheat,2023,winter,317.42,10.0,22.0,3479.33,58.620000000000005,90.34,1.0,0.0,448.11,30.57,90.02000000000001,22.0,0.0,1100.6200000000001,25.29,190.71,9.0,1.0,1526.65,58.620000000000005,12.16,0.0,7.0,333.52000000000004,5.55,294.90999999999997,24.0,14.0,3167.8900000000003,30.57
United States,Texas,Wheat,2024,winter,473.8,19.0,14.0,3526.830000000001,88.35,139.12,0.0,0.0,365.14000000000004,59.11,175.41000000000003,18.0,0.0,1107.2699999999998,44.34,225.48000000000002,18.0,0.0,1374.2599999999998,88.35,53.25,0.0,2.0,357.83000000000004,33.230000000000004,509.6,19.0,12.0,3267.15,59.11
United States,Texas,Wheat,2025,winter,260.58,18.0,28.0,3647.1800000000003,39.300000000000004,53.92999999999999,3.0,0.0,456.69,22.06,198.27000000000004,18.0,0.0,1134.23,59.43,88.80000000000001,17.0,0.0,1359.2,39.300000000000004,12.14,0.0,0.0,320.02,7.480000000000001,411.84,22.0,28.0,3558.8800000000006,59.43
United States,Texas,Barley,1990,spring,235.92000000000004,30.0,0.0,2005.0600000000002,67.19,5.84,11.0,0.0,363.51,3.24,234.05,21.0,0.0,1621.5700000000002,46.33,191.70000000000002,1.0,0.0,963.3000000000001,67.19,19.460000000000004,3.0,0.0,248.6,16.150000000000002,264.65000000000003,58.0,0.0,2778.24,46.33
United States,Texas,Barley,1991,spring,324.96,4.0,0.0,1931.4299999999998,48.20000000000001,21.339999999999996,5.0,0.0,357.12,13.64,209.77,29.0,0.0,1626.25,26.099999999999998,165.18999999999997,0.0,0.0,935.65,47.57,22.98,1.0,0.0,232.52,16.93,367.9,37.0,0.0,2746.6299999999997,48.2
United States,Texas,Barley,1992,spring,341.72999999999996,0.0,0.0,1909.2299999999998,48.29,7.990000000000001,0.0,0.0,370.3999999999999,7.3100000000000005,121.07000000000001,17.0,0.0,1757.0100000000002,23.979999999999997,176.14,0.0,0.0,1059.94,48.29,68.3,0.0,0.0,242.57,40.47,226.35,17.0,0.0,2734.1300000000006,29.149999999999995
United States,Texas,Barley,1993,spring,297.21999999999997,3.0,0.0,1964.25,43.39,0.08,6.0,0.0,387.49000000000007,0.08,95.71,46.0,0.0,1822.96,51.25999999999999,158.76,0.0,0.0,1116.58,43.39,13.29,2.0,0.0,291.99,12.08,220.96,53.0,0.0,2766.13,51.25999999999999
United States,Texas,Barley,1994,spring,254.96,12.0,0.0,2057.42,61.36,19.21,13.0,0.0,386.7099999999999,9.3,124.83999999999999,42.0,0.0,1763.6399999999999,20.28,172.24,1.0,0.0,959.33,61.36,44.449999999999996,0.0,0.0,311.58000000000004,23.740000000000002,182.32,66.0,0.0,2936.8600000000006,20.28
United States,Texas,Barley,1995,spring,318.98,7.0,0.0,2013.3700000000001,59.58,23.24,5.0,0.0,343.47,13.059999999999999,173.75,36.0,0.0,1686.86,50.64,150.12000000000003,3.0,0.0,1043.1699999999998,52.1,81.18,0.0,0.0,219.74,51.07,284.66999999999996,45.0,0.0,2780.7900000000004,50.64
United States,Texas,Barley,1996,spring,229.44,33.0,0.0,2185.16,31.41,29.55,9.0,0.0,351.43,26.18,277.09000000000003,25.0,0.0,1654.74,54.47,111.35999999999999,6.0,0.0,1095.87,30.37,7.83,8.0,0.0,234.19,7.55,416.89,53.0,0.0,2861.2700000000004,54.47
United States,Texas,Barley,1997,spring,399.41,0.0,2.0,1876.3899999999999,75.66000000000001,5.37,1.0,0.0,386.44,4.62,66.17,60.0,0.0,1824.5800000000002,18.31,209.5,0.0,2.0,1095.0500000000002,63.06,43.879999999999995,0.0,0.0,260.84,27.119999999999997,217.57000000000005,61.0,0.0,2731.5200000000004,75.66000000000001
United States,Texas,Barley,1998,spring,99.0,38.0,0.0,2277.05,33.29,48.51,10.0,0.0,356.5,44.209999999999994,180.98000000000002,42.0,0.0,1719.0900000000001,38.169999999999995,26.39,9.0,0.0,1226.15,10.85,23.109999999999996,5.0,0.0,213.45,22.709999999999997,278.99,76.0,0.0,2913.0400000000004,44.209999999999994
United States,Texas,Barley,1999,spring,222.08999999999997,9.0,0.0,1938.35,48.11,49.49,3.0,0.0,326.11999999999995,39.84,28.080000000000002,54.0,0.0,1894.5800000000002,3.8500000000000005,94.97,2.0,0.0,986.42,48.11,40.73,0.0,0.0,244.06,26.759999999999998,163.96,64.0,0.0,2928.57,39.839999999999996
United States,Texas,Oats,1990,spring,234.53000000000003,16.0,0.0,1610.3,67.19,0.0,7.0,0.0,204.39999999999998,0.0,241.28,39.0,0.0,2175.44,46.33,170.60999999999999,0.0,0.0,735.8599999999999,67.19,21.94,2.0,0.0,356.49,14.559999999999999,283.26,60.0,0.0,2897.79,46.33
United States,Texas,Oats,1991,spring,289.63,2.0,0.0,1558.87,47.57,24.56,0.0,0.0,182.02000000000004,23.189999999999998,241.87999999999997,36.0,0.0,2173.91,26.099999999999998,112.93,0.0,0.0,691.95,47.57,58.13,0.0,0.0,352.3,33.07,385.01,38.0,0.0,2870.55,48.2
United States,Texas,Oats,1992,spring,300.44999999999993,0.0,0.0,1550.65,48.29,2.13,0.0,0.0,189.70000000000002,2.13,168.20999999999998,17.0,0.0,2296.29,29.15,60.63,0.0,0.0,844.95,19.040000000000003,139.38000000000002,0.0,0.0,308.29999999999995,48.29,270.78,17.0,0.0,2883.3900000000003,40.47
United States,Texas,Oats,1993,spring,211.06,3.0,0.0,1638.96,43.39,49.82,0.0,0.0,150.51,36.38,132.13,52.0,0.0,2385.23,51.25999999999999,141.37,0.0,0.0,803.1700000000001,43.39,28.349999999999998,0.0,0.0,459.35,16.09,223.29,55.0,0.0,2912.18,51.25999999999999
United States,Texas,Oats,1994,spring,241.54999999999998,5.0,0.0,1659.3800000000003,61.36,4.47,0.0,0.0,192.51000000000002,3.36,152.98999999999998,62.0,0.0,2355.88,20.28,59.24000000000001,1.0,0.0,763.8100000000001,29.990000000000002,113.57,0.0,0.0,361.25,61.36,226.2,66.0,0.0,3082.71,23.740000000000002
United States,Texas,Oats,1995,spring,284.36,4.0,0.0,1652.82,59.58,0.5800000000000001,0.0,0.0,187.4,0.53,231.03000000000006,44.0,0.0,2203.4800000000005,50.64,139.85,0.0,0.0,783.7200000000001,52.1,28.58,3.0,0.0,360.89,18.310000000000002,347.54,45.0,0.0,2899.09,59.58
United States,Texas,Oats,1996,spring,214.11,21.0,0.0,1814.0299999999997,31.41,3.599999999999999,7.0,0.0,200.92000000000002,3.0799999999999996,318.36999999999995,39.0,0.0,2176.38,54.47,102.22000000000001,3.0,0.0,847.3399999999999,30.37,9.149999999999999,7.0,0.0,366.15999999999997,8.37,424.71000000000004,57.0,0.0,2977.83,54.47
United States,Texas,Oats,1997,spring,310.12,0.0,2.0,1540.9900000000002,63.06,37.06,0.0,0.0,178.24999999999997,32.42,123.77000000000001,61.0,0.0,2368.17,45.82,164.31,0.0,2.0,839.74,63.06,61.84000000000001,0.0,0.0,374.80999999999995,21.040000000000003,244.8,61.0,0.0,2872.86,75.66000000000001
United States,Texas,Oats,1998,spring,98.38999999999999,24.0,0.0,1876.0900000000001,33.29,0.15,7.0,0.0,198.32999999999998,0.12,229.95,59.0,0.0,2278.22,44.209999999999994,26.04,4.0,0.0,954.4399999999999,10.85,0.39,9.0,0.0,361.30999999999995,0.27999999999999997,302.06000000000006,77.0,0.0,3036.8900000000003,44.209999999999994
United States,Texas,Oats,1999,spring,180.02,7.0,0.0,1649.6100000000001,48.11,31.39,0.0,0.0,132.45000000000002,24.6,88.24999999999999,59.0,0.0,2376.9900000000007,39.84,44.06,2.0,0.0,697.6400000000001,24.85,61.01999999999999,0.0,0.0,403.02,48.11,194.57999999999998,64.0,0.0,3058.3900000000003,39.839999999999996
United States,Texas,Oats,2000,spring,233.25000000000003,13.0,0.0,1638.38,40.58,28.58,0.0,0.0,143.9,26.87,67.66000000000001,82.0,0.0,2442.26,27.81,96.04,1.0,0.0,731.0599999999998,40.58,38.63999999999999,6.0,0.0,381.77,29.549999999999997,194.81,88.0,0.0,3111.71,36.66
United States,Texas,Oats,2001,spring,149.65999999999997,6.0,0.0,1609.7599999999998,45.08,5.51,1.0,0.0,201.76999999999995,2.9000000000000004,207.46,53.0,0.0,2365.4799999999996,47.47,64.03999999999999,0.0,0.0,625.8299999999999,34.59,36.86,0.0,0.0,442.52000000000004,18.99,261.73,60.0,0.0,3108.66,47.47
United States,Texas,Oats,2002,spring,94.75,14.0,0.0,1594.2900000000002,34.15,28.73,1.0,0.0,176.29999999999998,28.290000000000003,345.57,26.0,0.0,2219.32,104.55,27.549999999999997,6.0,0.0,599.08,19.31,6.07,3.0,0.0,353.64,3.51,435.43,32.0,0.0,3037.19,104.55
United States,Texas,Oats,2003,spring,184.07,14.0,0.0,1645.7499999999998,72.53999999999999,5.299999999999999,1.0,0.0,181.61,5.16,188.05,41.0,0.0,2208.3400000000006,43.06,15.25,0.0,0.0,753.16,6.949999999999999,3.44,10.0,0.0,297.06,2.53,358.72999999999996,46.0,0.0,2985.48,72.53999999999999
United States,Texas,Oats,2004,spring,310.07000000000005,6.0,0.0,1492.96,103.65999999999998,20.009999999999998,0.0,0.0,173.91,15.79,240.24999999999997,16.0,0.0,2197.13,55.48,157.47,0.0,0.0,713.3,48.38999999999999,18.46,0.0,0.0,344.32,15.96,394.4000000000001,22.0,0.0,2806.38,103.66000000000001
United States,Texas,Oats,2005,spring,153.39,5.0,0.0,1656.1100000000004,45.94,0.0,7.0,0.0,199.08,0.0,189.82999999999996,55.0,0.0,2248.2000000000003,55.660000000000004,59.29,0.0,0.0,873.8900000000002,34.32,9.420000000000002,5.0,0.0,348.40999999999997,7.37,274.51,62.0,0.0,2881.09,55.660000000000004
United States,Texas,Oats,2006,spring,168.7,18.0,0.0,1862.71,56.42,44.440000000000005,2.0,0.0,179.14999999999998,41.050000000000004,120.74999999999999,47.0,0.0,2334.68,22.73,82.60000000000001,4.0,0.0,747.1700000000001,39.14,80.63,2.0,0.0,427.21999999999997,56.42,170.66,61.0,0.0,3202.1499999999996,41.050000000000004
United States,Texas,Oats,2007,spring,300.84,0.0,1.0,1484.68,89.29,78.9,0.0,0.0,138.87,67.87,405.8300000000001,0.0,0.0,2071.22,106.44000000000001,119.69,0.0,1.0,727.02,54.489999999999995,137.47,0.0,0.0,361.54999999999995,89.29,528.4100000000001,0.0,0.0,2606.2000000000003,106.44000000000001
United States,Texas,Oats,2008,spring,165.16,21.0,0.0,1815.87,68.57000000000001,15.189999999999998,5.0,0.0,191.48,14.84,143.15,40.0,0.0,2290.8100000000004,25.75,81.16999999999999,0.0,0.0,832.59,31.57,81.80000000000001,4.0,0.0,421.59000000000003,68.57000000000001,160.53,62.0,0.0,3043.9799999999996,25.75
United States,Texas,Oats,2009,spring,222.73,5.0,0.0,1638.4100000000003,61.83,0.04,7.0,0.0,186.5,0.04,252.37000000000003,58.0,0.0,2177.19,84.61,125.4,0.0,0.0,721.9200000000002,61.83,45.83,1.0,0.0,370.38999999999993,22.78,303.91,69.0,0.0,2909.79,84.61
United States,Texas,Oats,2010,spring,119.88,4.0,0.0,1597.6100000000001,33.589999999999996,0.34,7.0,0.0,196.01999999999998,0.33,331.72,44.0,0.0,2261.01,128.98,58.379999999999995,0.0,0.0,807.8000000000001,33.589999999999996,37.05,0.0,0.0,306.58,14.32,356.51,55.0,0.0,2940.26,128.98
United States,Texas,Oats,2011,spring,82.65,35.0,0.0,1845.28,37.11,19.36,6.0,0.0,191.48000000000002,19.349999999999998,32.57000000000001,85.0,0.0,2511.22,8.62,31.05,10.0,0.0,744.25,13.49,37.31,3.0,0.0,396.19,37.11,66.22,113.0,0.0,3407.54,21.93
United States,Texas,Oats,2012,spring,142.21,14.0,0.0,1712.19,41.349999999999994,17.400000000000002,3.0,0.0,179.72,14.05,217.13999999999996,53.0,0.0,2332.8599999999997,44.68999999999999,7.890000000000001,3.0,0.0,704.8600000000001,3.38,101.16,3.0,0.0,391.45,41.349999999999994,267.7,64.0,0.0,3128.46,44.68999999999999
United States,Texas,Oats,2013,spring,166.09,8.0,0.0,1640.0899999999997,38.03,14.32,5.0,0.0,175.04,13.75,257.15000000000003,48.0,0.0,2285.96,84.78,88.78,0.0,0.0,821.23,33.89,60.21000000000001,1.0,0.0,362.91999999999996,38.03,288.57,60.0,0.0,2916.94,84.78
United States,Texas,Oats,2014,spring,239.04000000000002,2.0,0.0,1703.9500000000003,87.44,1.83,0.0,0.0,148.81,1.54,186.09,53.0,0.0,2215.47,51.05,24.860000000000003,2.0,0.0,803.57,11.07,76.22000000000001,0.0,0.0,409.44,48.95,325.88,53.0,0.0,2855.22,86.41
United States,Texas,Oats,2015,spring,331.52,0.0,0.0,1477.9499999999998,78.59,45.120000000000005,0.0,0.0,148.66000000000003,32.25,66.96000000000001,59.0,0.0,2402.81,15.82,72.03999999999999,0.0,0.0,663.5600000000001,27.85,122.71,0.0,0.0,256.27,47.550000000000004,248.85000000000002,59.0,0.0,3109.59,78.59
United States,Texas,Oats,2016,spring,361.14000000000004,0.0,0.0,1534.6000000000001,55.400000000000006,0.44,1.0,0.0,195.38,0.44,276.78000000000003,41.0,0.0,2322.7800000000007,78.41,141.11,0.0,0.0,773.4000000000002,49.35,108.8,0.0,0.0,319.05,52.71,388.45000000000005,42.0,0.0,2960.3100000000004,78.41
United States,Texas,Oats,2017,spring,210.35000000000002,3.0,0.0,1628.83,43.74,1.09,5.0,0.0,183.42000000000002,1.04,244.01999999999998,48.0,0.0,2252.45,61.0,85.18,0.0,0.0,789.88,43.74,59.82,0.0,0.0,333.75,41.73,310.46,56.0,0.0,2941.0699999999997,61.0
United States,Texas,Oats,2018,spring,132.06,21.0,0.0,1826.1999999999998,53.24,6.589999999999999,5.0,0.0,163.82,6.369999999999999,269.27000000000004,59.0,0.0,2242.2599999999998,45.18,66.7,0.0,0.0,821.99,53.24,33.47,2.0,0.0,394.1,19.330000000000002,307.74999999999994,83.0,0.0,3016.1899999999996,45.18
United States,Texas,Oats,2019,spring,276.71999999999997,2.0,0.0,1564.0399999999997,58.459999999999994,30.099999999999998,1.0,0.0,174.75,24.259999999999998,96.35,74.0,0.0,2400.3,18.99,170.1,0.0,0.0,751.7700000000001,58.459999999999994,57.88,0.0,0.0,382.37,34.82,175.19,77.0,0.0,3004.9500000000003,24.259999999999998
United States,Texas,Oats,2020,spring,198.84,8.0,0.0,1770.4100000000003,38.849999999999994,8.290000000000001,1.0,0.0,180.79000000000002,7.930000000000001,229.06,55.0,0.0,2238.8799999999997,59.080000000000005,76.62,2.0,0.0,788.73,27.09,84.38,1.0,0.0,416.89,38.769999999999996,275.19,61.0,0.0,2984.46,59.080000000000005
United States,Texas,Oats,2021,spring,287.03000000000003,1.0,0.0,1402.2300000000002,69.35,9.86,3.0,0.0,198.03000000000003,9.07,215.13,41.0,0.0,2256.9899999999993,49.59,101.45,1.0,0.0,688.73,69.35,85.52,0.0,0.0,295.83000000000004,30.12,325.05,44.0,0.0,2872.69,49.59
United States,Texas,Oats,2022,spring,101.17999999999999,34.0,0.0,1771.0,41.72,0.0,7.0,0.0,195.46,0.0,171.34000000000003,68.0,0.0,2410.68,44.33,21.66,3.0,0.0,674.9100000000001,7.37,13.630000000000003,10.0,0.0,349.05,12.43,237.23000000000002,96.0,0.0,3353.18,44.33
United States,Texas,Oats,2023,spring,202.72000000000003,8.0,0.0,1572.18,30.57,13.54,7.0,0.0,170.98000000000002,7.74,81.57999999999998,85.0,0.0,2446.6400000000003,38.34,75.54,2.0,0.0,731.5299999999999,18.73,86.15,0.0,0.0,352.90000000000003,30.57,136.14999999999998,98.0,0.0,3105.37,38.34
United States,Texas,Oats,2024,spring,346.6,8.0,0.0,1510.52,59.11,17.63,3.0,0.0,163.57999999999998,17.450000000000003,191.17000000000002,65.0,0.0,2370.2400000000002,80.47999999999999,111.25,1.0,0.0,611.42,32.419999999999995,118.03999999999999,0.0,0.0,332.16,51.34,326.10999999999996,75.0,0.0,3100.7599999999998,80.48
United States,Texas,Oats,2025,spring,294.59999999999997,12.0,0.0,1635.49,59.43,5.289999999999999,1.0,0.0,183.47999999999996,4.9399999999999995,337.78,43.0,0.0,2233.9299999999994,125.82,79.85,1.0,0.0,664.96,24.88,34.44,6.0,0.0,368.12,22.06,523.38,49.0,0.0,3019.8199999999997,125.82
United States,Washington,Wheat,1990,winter,710.71,0.0,155.0,2160.24,82.5,51.63000000000001,0.0,7.0,381.96999999999997,24.78,117.49000000000001,0.0,0.0,857.9599999999998,16.77,879.8299999999999,0.0,162.0,3400.17,82.5,0.0,0.0,0.0,0.0,0.0,0.0,0.0,0.0,0.0,0.0
United States,Washington,Wheat,1991,winter,863.88,0.0,171.0,2115.5899999999997,79.13999999999999,32.1,0.0,9.0,370.84999999999997,14.24,113.43,0.0,2.0,850.3699999999999,31.03,1009.4100000000001,0.0,182.0,3336.8100000000004,79.13999999999999,0.0,0.0,0.0,0.0,0.0,0.0,0.0,0.0,0.0,0.0
United States,Washington,Wheat,1992,winter,608.93,0.0,159.0,2219.6799999999994,34.32,27.420000000000005,0.0,5.0,427.35,11.56,73.85,0.0,0.0,1045.03,39.0,710.2,0.0,164.0,3692.06,39.0,0.0,0.0,0.0,0.0,0.0,0.0,0.0,0.0,0.0,0.0
United States,Washington,Wheat,1993,winter,598.0699999999999,0.0,175.0,2029.8200000000002,37.18,53.2,0.0,5.0,352.55999999999995,14.04,97.44999999999997,0.0,0.0,884.56,20.419999999999998,748.72,0.0,180.0,3266.9399999999996,37.18,0.0,0.0,0.0,0.0,0.0,0.0,0.0,0.0,0.0,0.0
United States,Washington,Wheat,1994,winter,527.9000000000001,0.0,162.0,2144.92,44.06999999999999,37.78000000000001,0.0,6.0,390.04,11.06,71.99000000000001,0.0,0.0,894.7800000000002,12.83,637.67,0.0,168.0,3429.7400000000002,44.06999999999999,0.0,0.0,0.0,0.0,0.0,0.0,0.0,0.0,0.0,0.0
United States,Washington,Wheat,1995,winter,855.9300000000001,0.0,180.0,2128.6800000000003,56.629999999999995,46.78000000000001,0.0,4.0,373.09,16.229999999999997,48.78000000000001,0.0,0.0,1011.9300000000001,14.04,951.49,0.0,184.0,3513.7,56.629999999999995,0.0,0.0,0.0,0.0,0.0,0.0,0.0,0.0,0.0,0.0
United States,Washington,Wheat,1996,winter,1030.58,0.0,159.0,1984.62,89.63,54.51,0.0,16.0,366.29,20.42,64.33000000000001,0.0,1.0,987.4,12.81,1149.42,0.0,176.0,3338.3099999999995,89.63,0.0,0.0,0.0,0.0,0.0,0.0,0.0,0.0,0.0,0.0
United States,Washington,Wheat,1997,winter,981.3900000000001,0.0,178.0,2046.0600000000004,73.78,29.17,0.0,6.0,451.74999999999994,10.93,84.12000000000002,0.0,0.0,993.2,15.33,1094.6799999999998,0.0,184.0,3491.0099999999998,73.78,0.0,0.0,0.0,0.0,0.0,0.0,0.0,0.0,0.0,0.0
United States,Washington,Wheat,1998,winter,697.03,0.0,172.0,2054.11,54.25999999999999,25.029999999999998,0.0,3.0,442.04,11.520000000000001,94.99,0.0,1.0,962.2900000000001,31.39,817.05,0.0,176.0,3458.44,54.25999999999999,0.0,0.0,0.0,0.0,0.0,0.0,0.0,0.0,0.0,0.0
United States,Washington,Wheat,1999,winter,834.51,0.0,173.0,2091.48,60.97,43.370000000000005,0.0,17.0,405.12,11.780000000000001,43.56999999999999,0.0,2.0,1047.27,11.59,921.45,0.0,192.0,3543.87,60.97,0.0,0.0,0.0,0.0,0.0,0.0,0.0,0.0,0.0,0.0
United States,Washington,Wheat,2000,winter,664.5300000000001,0.0,164.0,2188.82,38.96,35.88999999999999,0.0,12.0,412.17,13.5,62.56,0.0,0.0,1008.9500000000002,21.130000000000003,762.98,0.0,176.0,3609.9399999999996,38.96,0.0,0.0,0.0,0.0,0.0,0.0,0.0,0.0,0.0,0.0
United States,Washington,Wheat,2001,winter,453.68000000000006,0.0,182.0,2097.71,26.599999999999994,47.71000000000001,0.0,11.0,428.87,19.78,51.19,0.0,3.0,1028.27,14.09,552.58,0.0,196.0,3554.85,26.599999999999994,0.0,0.0,0.0,0.0,0.0,0.0,0.0,0.0,0.0,0.0
United States,Washington,Wheat,2002,winter,745.75,0.0,168.0,1963.19,43.64,25.439999999999998,0.0,16.0,439.14,9.639999999999999,59.54,0.0,1.0,1009.1800000000001,15.27,830.73,0.0,185.0,3411.51,43.64,0.0,0.0,0.0,0.0,0.0,0.0,0.0,0.0,0.0,0.0
United States,Washington,Wheat,2003,winter,616.8599999999999,0.0,165.0,2116.98,45.61,32.870000000000005,0.0,10.0,386.41999999999996,14.51,22.959999999999997,0.0,4.0,1061.09,4.449999999999999,672.69,0.0,179.0,3564.49,45.61,0.0,0.0,0.0,0.0,0.0,0.0,0.0,0.0,0.0,0.0
United States,Washington,Wheat,2004,winter,640.87,0.0,157.0,2132.75,50.57000000000001,20.11,0.0,1.0,460.08,7.1,70.96,0.0,0.0,1009.6700000000001,14.239999999999998,731.9399999999999,0.0,158.0,3602.5,50.57000000000001,0.0,0.0,0.0,0.0,0.0,0.0,0.0,0.0,0.0,0.0
United States,Washington,Wheat,2005,winter,567.0899999999999,0.0,160.0,2096.5899999999997,55.03999999999999,66.02,0.0,0.0,370.7,41.42,61.370000000000005,0.0,1.0,987.92,13.76,694.4799999999999,0.0,161.0,3455.2099999999996,55.03999999999999,0.0,0.0,0.0,0.0,0.0,0.0,0.0,0.0,0.0,0.0
United States,Washington,Wheat,2006,winter,790.9099999999999,0.0,169.0,2015.5099999999998,61.190000000000005,8.270000000000001,0.0,10.0,492.21,5.33,97.66000000000001,0.0,0.0,972.6200000000001,21.0,896.8399999999999,0.0,179.0,3480.3399999999997,61.190000000000005,0.0,0.0,0.0,0.0,0.0,0.0,0.0,0.0,0.0,0.0
United States,Washington,Wheat,2007,winter,807.8200000000002,0.0,169.0,2065.41,119.54999999999998,20.580000000000002,0.0,9.0,447.7099999999999,9.290000000000001,57.23,0.0,0.0,1037.51,18.49,885.6300000000001,0.0,178.0,3550.63,119.54999999999998,0.0,0.0,0.0,0.0,0.0,0.0,0.0,0.0,0.0,0.0
United States,Washington,Wheat,2008,winter,637.6300000000001,0.0,185.0,2066.59,84.66,19.040000000000003,0.0,12.0,409.34000000000003,5.7700000000000005,56.72,0.0,1.0,1011.18,13.17,713.3899999999999,0.0,198.0,3487.1100000000006,84.66,0.0,0.0,0.0,0.0,0.0,0.0,0.0,0.0,0.0,0.0
United States,Washington,Wheat,2009,winter,618.83,0.0,170.0,2125.0299999999997,76.59,51.97,0.0,17.0,394.0300000000001,22.15,23.740000000000002,0.0,0.0,1132.1,4.82,694.54,0.0,187.0,3651.1600000000003,76.59,0.0,0.0,0.0,0.0,0.0,0.0,0.0,0.0,0.0,0.0
United States,Washington,Wheat,2010,winter,592.94,0.0,178.0,2026.1899999999998,26.720000000000006,40.31000000000001,0.0,11.0,423.23999999999995,17.7,123.24,0.0,3.0,897.3800000000002,25.58,756.49,0.0,192.0,3346.81,26.720000000000006,0.0,0.0,0.0,0.0,0.0,0.0,0.0,0.0,0.0,0.0
United States,Washington,Wheat,2011,winter,777.5400000000002,0.0,167.0,1899.13,50.32000000000001,73.16,0.0,15.0,378.90000000000003,41.129999999999995,65.41000000000001,0.0,3.0,941.39,15.620000000000001,916.1099999999999,0.0,185.0,3219.42,50.32000000000001,0.0,0.0,0.0,0.0,0.0,0.0,0.0,0.0,0.0,0.0
United States,Washington,Wheat,2012,winter,682.32,0.0,181.0,2010.98,53.88,42.92,0.0,10.0,455.56,20.69,91.97000000000001,0.0,0.0,867.6,16.23,817.21,0.0,191.0,3334.14,53.88,0.0,0.0,0.0,0.0,0.0,0.0,0.0,0.0,0.0,0.0
United States,Washington,Wheat,2013,winter,651.0,0.0,171.0,2059.44,44.64,15.180000000000001,0.0,6.0,502.52,7.03,71.11999999999999,0.0,1.0,913.3900000000001,21.5,737.3000000000001,0.0,178.0,3475.35,44.64,0.0,0.0,0.0,0.0,0.0,0.0,0.0,0.0,0.0,0.0
United States,Washington,Wheat,2014,winter,717.9300000000001,0.0,171.0,2044.63,51.02,37.379999999999995,0.0,5.0,458.11,10.37,39.92,0.0,0.0,1036.84,8.01,795.23,0.0,176.0,3539.58,51.02,0.0,0.0,0.0,0.0,0.0,0.0,0.0,0.0,0.0,0.0
United States,Washington,Wheat,2015,winter,617.6700000000001,0.0,141.0,2139.9,41.980000000000004,26.880000000000003,0.0,6.0,448.4,18.959999999999997,23.660000000000004,0.0,0.0,1143.3899999999999,5.78,665.3699999999999,0.0,147.0,3628.37,41.980000000000004,2.84,0.0,0.0,103.32000000000001,2.8399999999999994,0.0,0.0,0.0,0.0,0.0
United States,Washington,Wheat,2016,winter,837.21,0.0,149.0,2071.3900000000003,72.06,22.72,0.0,2.0,446.37,11.54,60.839999999999996,0.0,0.0,1033.37,16.59,920.77,0.0,151.0,3551.13,72.06,0.0,0.0,0.0,0.0,0.0,0.0,0.0,0.0,0.0,0.0
United States,Washington,Wheat,2017,winter,823.27,0.0,155.0,1887.23,52.25,47.550000000000004,0.0,12.0,396.1699999999999,15.23,42.79,0.0,0.0,1085.36,12.22,913.6099999999999,0.0,167.0,3368.7599999999998,52.25,0.0,0.0,0.0,0.0,0.0,0.0,0.0,0.0,0.0,0.0
United States,Washington,Wheat,2018,winter,762.67,0.0,181.0,1917.47,57.67,20.729999999999997,0.0,2.0,468.77000000000004,7.79,38.33999999999999,0.0,0.0,1032.0,11.14,821.74,0.0,183.0,3418.24,57.67,0.0,0.0,0.0,0.0,0.0,0.0,0.0,0.0,0.0,0.0
United States,Washington,Wheat,2019,winter,563.02,0.0,164.0,2143.78,43.11000000000001,5.7700000000000005,0.0,7.0,508.83,3.74,58.03,0.0,0.0,1021.1900000000002,16.11,626.8199999999999,0.0,171.0,3673.7999999999997,43.11000000000001,0.0,0.0,0.0,0.0,0.0,0.0,0.0,0.0,0.0,0.0
United States,Washington,Wheat,2020,winter,633.14,0.0,174.0,2111.73,54.489999999999995,55.84,0.0,5.0,440.21000000000004,18.360000000000003,91.66,0.0,0.0,950.5500000000002,18.78,780.6400000000001,0.0,179.0,3502.49,54.489999999999995,0.0,0.0,0.0,0.0,0.0,0.0,0.0,0.0,0.0,0.0
United States,Washington,Wheat,2021,winter,699.81,0.0,173.0,2167.15,57.080000000000005,11.170000000000002,0.0,3.0,451.35,4.85,42.21,4.0,1.0,1121.2800000000002,12.379999999999999,753.19,4.0,177.0,3739.7799999999997,57.080000000000005,0.0,0.0,0.0,0.0,0.0,0.0,0.0,0.0,0.0,0.0
United States,Washington,Wheat,2022,winter,715.87,0.0,168.0,1981.94,62.1,53.580000000000005,0.0,13.0,352.36,15.19,92.16,0.0,1.0,911.6499999999999,22.799999999999997,861.6099999999999,0.0,182.0,3245.95,62.1,0.0,0.0,0.0,0.0,0.0,0.0,0.0,0.0,0.0,0.0
United States,Washington,Wheat,2023,winter,541.33,0.0,170.0,1993.1200000000003,69.28999999999999,23.97,0.0,2.0,458.69000000000005,11.3,40.6,0.0,0.0,1102.61,17.29,605.9,0.0,172.0,3554.4199999999996,69.28999999999999,0.0,0.0,0.0,0.0,0.0,0.0,0.0,0.0,0.0,0.0
United States,Washington,Wheat,2024,winter,577.8,0.0,163.0,2089.7,47.769999999999996,29.650000000000002,0.0,7.0,430.96999999999997,11.51,75.02000000000001,0.0,2.0,993.1500000000001,27.19,682.47,0.0,172.0,3513.82,47.769999999999996,0.0,0.0,0.0,0.0,0.0,0.0,0.0,0.0,0.0,0.0
United States,Washington,Wheat,2025,winter,618.5000000000001,0.0,186.0,2073.45,41.49999999999999,10.41,0.0,10.0,472.96,4.67,28.580000000000002,0.0,3.0,1127.1499999999999,11.919999999999998,657.4899999999999,0.0,199.0,3673.5599999999995,41.49999999999999,0.0,0.0,0.0,0.0,0.0,0.0,0.0,0.0,0.0,0.0
United States,Washington,Barley,1990,spring,189.93,0.0,13.0,1566.8799999999999,24.78,11.28,0.0,0.0,318.79999999999995,4.08,64.87,0.0,0.0,1574.69,28.64,200.45000000000002,0.0,13.0,1863.0900000000001,24.78,7.78,0.0,0.0,373.51000000000005,5.91,57.85,0.0,0.0,1223.77,28.64
United States,Washington,Barley,1991,spring,212.68,0.0,27.0,1574.41,32.17,2.79,0.0,0.0,354.02,1.8199999999999998,46.900000000000006,0.0,0.0,1560.3799999999999,9.850000000000001,222.18,0.0,27.0,2159.17,32.17,13.100000000000001,0.0,0.0,337.26000000000005,5.359999999999999,27.090000000000007,0.0,0.0,992.38,9.850000000000001
United States,Washington,Barley,1992,spring,153.17,0.0,18.0,1786.95,39.0,31.570000000000004,0.0,0.0,240.92,11.42,95.97999999999999,0.0,1.0,1545.3,24.25,162.32999999999998,0.0,18.0,1821.95,39.0,23.049999999999997,0.0,0.0,338.33,11.42,95.33999999999999,0.0,1.0,1412.8899999999999,24.25
United States,Washington,Barley,1993,spring,211.95000000000002,0.0,25.0,1525.82,20.419999999999998,11.93,0.0,0.0,270.62,4.3,68.53999999999999,0.0,1.0,1439.85,12.719999999999999,229.19,0.0,25.0,1823.46,20.419999999999998,40.28,0.0,0.0,341.48,12.719999999999999,22.95,0.0,1.0,1071.3500000000001,7.350000000000001
United States,Washington,Barley,1994,spring,157.83,0.0,20.0,1595.0,20.659999999999997,14.790000000000001,0.0,0.0,327.99,8.82,36.370000000000005,0.0,0.0,1580.9099999999999,10.440000000000001,172.56000000000003,0.0,20.0,1894.14,20.659999999999997,1.34,0.0,0.0,333.68000000000006,0.61,35.089999999999996,0.0,0.0,1276.0799999999997,10.440000000000001
United States,Washington,Barley,1995,spring,144.54999999999998,0.0,26.0,1707.6900000000003,21.45,26.699999999999996,0.0,0.0,288.07,19.330000000000002,81.36,0.0,0.0,1482.06,15.399999999999999,171.58999999999997,0.0,26.0,2036.73,21.45,8.66,0.0,0.0,380.53999999999996,6.49,72.36,0.0,0.0,1060.5499999999997,15.399999999999999
United States,Washington,Barley,1996,spring,190.26000000000002,0.0,31.0,1622.2,37.269999999999996,5.47,0.0,0.0,359.03,2.36,79.57,0.0,1.0,1515.3,18.849999999999998,210.13,0.0,31.0,2172.5099999999998,37.269999999999996,15.180000000000001,0.0,0.0,346.41,10.32,49.99000000000001,0.0,1.0,977.6099999999999,18.849999999999998
United States,Washington,Barley,1997,spring,165.95999999999998,0.0,27.0,1785.22,24.900000000000002,23.38,0.0,0.0,306.34000000000003,12.64,93.16999999999999,0.0,0.0,1619.12,23.88,189.67000000000002,0.0,27.0,2196.6600000000003,24.900000000000002,9.5,0.0,0.0,420.51,8.08,83.34,0.0,0.0,1093.51,23.88
United States,Washington,Barley,1998,spring,153.13000000000002,0.0,21.0,1729.28,31.390000000000008,17.849999999999998,0.0,0.0,335.86,13.250000000000002,37.06,0.0,0.0,1735.64,13.78,169.85000000000002,0.0,21.0,2023.8000000000002,31.390000000000008,5.079999999999999,0.0,0.0,351.88000000000005,3.2,33.11,0.0,0.0,1425.1000000000001,13.78
United States,Washington,Barley,1999,spring,111.32,0.0,39.0,1788.74,11.780000000000001,10.74,0.0,0.0,345.99,6.09,50.239999999999995,0.0,2.0,1631.4499999999998,8.170000000000002,133.16999999999996,0.0,39.0,2494.1799999999994,11.780000000000001,11.749999999999998,0.0,0.0,331.01,8.170000000000002,27.380000000000003,0.0,2.0,940.99,7.9399999999999995
United States,Washington,Barley,2000,spring,130.75,0.0,22.0,1765.6200000000001,21.130000000000003,12.37,0.0,0.0,320.13000000000005,9.41,62.760000000000005,0.0,1.0,1637.61,18.310000000000002,143.49999999999997,0.0,22.0,2195.6000000000004,21.130000000000003,2.9000000000000004,0.0,0.0,379.81999999999994,1.38,59.48,0.0,1.0,1147.9400000000003,18.310000000000002
United States,Washington,Barley,2001,spring,133.83999999999997,0.0,35.0,1753.01,19.78,1.37,0.0,0.0,406.1499999999999,0.93,47.17,0.0,0.0,1566.75,20.009999999999998,139.42999999999998,0.0,35.0,2262.0199999999995,19.78,9.5,0.0,0.0,391.46,4.370000000000001,33.45,0.0,0.0,1072.43,20.009999999999998
United States,Washington,Barley,2002,spring,135.35,0.0,34.0,1755.6799999999998,24.119999999999997,13.14,0.0,0.0,358.67,7.84,20.57,0.0,0.0,1678.59,2.98,148.88,0.0,34.0,2193.3700000000003,24.119999999999997,2.6700000000000004,0.0,0.0,379.38000000000005,1.25,17.51,0.0,0.0,1220.1899999999998,2.98
United States,Washington,Barley,2003,spring,98.06,0.0,28.0,1722.5300000000002,18.009999999999998,2.5300000000000002,0.0,0.0,376.68,1.22,21.9,0.0,0.0,1718.08,6.35,100.05,0.0,28.0,2072.6700000000005,18.009999999999998,1.4800000000000002,0.0,0.0,419.2899999999999,1.21,20.960000000000004,0.0,0.0,1325.33,6.35
United States,Washington,Barley,2004,spring,108.36999999999999,0.0,8.0,1836.2799999999997,14.239999999999998,5.510000000000001,0.0,0.0,332.48,1.9100000000000001,138.57999999999998,0.0,0.0,1539.0699999999997,35.79,109.99999999999999,0.0,8.0,1937.4899999999998,14.239999999999998,5.52,0.0,0.0,378.0,1.9100000000000001,136.94000000000003,0.0,0.0,1392.3400000000001,35.79
United States,Washington,Barley,2005,spring,174.41,0.0,19.0,1656.52,41.42,10.74,0.0,0.0,325.84000000000003,7.63,57.17999999999999,0.0,0.0,1709.05,33.779999999999994,184.4,0.0,19.0,1918.86,41.42,6.84,0.0,0.0,404.99,4.74,51.09,0.0,0.0,1367.5599999999997,33.779999999999994
United States,Washington,Barley,2006,spring,150.45,0.0,29.0,1762.05,21.000000000000004,6.09,0.0,0.0,356.46,3.1100000000000003,32.769999999999996,0.0,0.0,1689.73,11.76,154.40000000000003,0.0,29.0,2079.8599999999997,21.000000000000004,2.7899999999999996,0.0,0.0,361.38,2.67,32.12,0.0,0.0,1367.0,11.76
United States,Washington,Barley,2007,spring,101.10000000000001,0.0,27.0,1815.47,18.489999999999995,4.63,0.0,0.0,396.40999999999997,4.52,47.64,0.0,1.0,1549.15,16.5,105.68000000000002,0.0,27.0,2190.23,18.489999999999995,14.169999999999998,0.0,0.0,301.53999999999996,9.129999999999999,33.52,0.0,1.0,1269.2600000000002,16.5
United States,Washington,Barley,2008,spring,103.10999999999999,0.0,34.0,1728.6900000000003,13.17,9.61,0.0,0.0,359.70000000000005,6.48,50.3,0.0,1.0,1578.0700000000002,12.48,112.88000000000001,0.0,34.0,2288.4899999999993,13.17,5.6,0.0,0.0,402.53000000000003,2.7700000000000005,44.54,0.0,1.0,975.44,12.48
United States,Washington,Barley,2009,spring,115.07000000000001,0.0,37.0,1842.32,22.15,4.9,0.0,0.0,371.28999999999996,2.44,44.919999999999995,0.0,0.0,1619.65,18.939999999999998,119.97000000000001,0.0,37.0,2213.6099999999997,22.15,3.37,0.0,0.0,364.94,1.93,41.55,0.0,0.0,1254.7100000000003,18.939999999999998
United States,Washington,Barley,2010,spring,218.88,0.0,31.0,1597.43,25.58,3.79,0.0,0.0,343.08,2.21,100.43,0.0,0.0,1561.37,22.23,223.21000000000004,0.0,31.0,2238.6299999999997,25.58,20.439999999999998,0.0,0.0,321.72,15.540000000000001,79.45,0.0,0.0,941.53,22.23
United States,Washington,Barley,2011,spring,190.96,0.0,41.0,1629.89,43.57,6.42,0.0,0.0,348.79999999999995,3.33,46.379999999999995,0.0,0.0,1588.47,12.899999999999999,219.8,0.0,41.0,2371.7999999999997,43.57,0.9900000000000001,0.0,0.0,416.90999999999997,0.52,22.97,0.0,0.0,778.45,12.899999999999999
United States,Washington,Barley,2012,spring,166.96,0.0,30.0,1658.3500000000001,20.69,9.63,0.0,0.0,350.43,4.5600000000000005,27.240000000000002,0.0,0.0,1641.37,10.399999999999999,186.06000000000003,0.0,30.0,2108.53,20.69,12.67,0.0,0.0,372.42,10.4,5.1000000000000005,0.0,0.0,1169.2,3.5500000000000003
United States,Washington,Barley,2013,spring,155.38,0.0,23.0,1696.9099999999999,26.560000000000002,5.430000000000001,0.0,0.0,374.04999999999995,4.51,161.4,0.0,0.0,1522.35,51.02,160.67999999999998,0.0,23.0,1996.06,26.560000000000002,1.6200000000000003,0.0,0.0,417.91999999999996,1.34,159.91,0.0,0.0,1179.3300000000002,51.02
United States,Washington,Barley,2014,spring,120.07999999999998,0.0,21.0,1823.3500000000001,19.32,1.63,0.0,0.0,380.04,1.04,107.85,0.0,0.0,1540.8000000000002,38.489999999999995,121.59,0.0,21.0,2115.17,19.32,22.769999999999996,0.0,0.0,328.6,20.599999999999998,85.20000000000002,0.0,0.0,1300.4199999999998,38.489999999999995
United States,Washington,Barley,2015,spring,68.89,0.0,24.0,1938.1200000000001,18.959999999999997,3.3499999999999996,0.0,0.0,371.85999999999996,2.3299999999999996,37.94,0.0,1.0,1543.5700000000002,10.299999999999999,68.89,0.0,24.0,1938.1200000000001,18.959999999999997,2.7399999999999998,0.0,0.0,337.26,2.3299999999999996,38.55,0.0,1.0,1578.1700000000003,10.299999999999999
United States,Washington,Barley,2016,spring,104.64,0.0,7.0,1863.02,16.59,9.22,0.0,0.0,293.52,5.09,44.23,0.0,0.0,1609.47,11.25,104.82,0.0,7.0,1917.98,16.59,20.610000000000003,0.0,0.0,382.75,10.850000000000001,32.66,0.0,0.0,1465.2799999999997,11.25
United States,Washington,Barley,2017,spring,165.48999999999995,0.0,30.0,1755.7499999999998,24.419999999999998,0.27,0.0,0.0,407.69999999999993,0.16,21.93,0.0,0.0,1640.08,10.79,165.75999999999996,0.0,30.0,2133.0599999999995,24.419999999999998,0.6000000000000001,0.0,0.0,418.21999999999997,0.35000000000000003,21.329999999999995,0.0,0.0,1252.2500000000002,10.79
United States,Washington,Barley,2018,spring,149.49,0.0,23.0,1781.0799999999997,26.310000000000002,3.55,0.0,0.0,340.66,1.82,19.82,0.0,0.0,1625.6599999999999,3.95,152.49,0.0,23.0,1979.9699999999998,26.310000000000002,0.9500000000000001,0.0,0.0,431.94000000000005,0.55,19.419999999999998,0.0,0.0,1335.4899999999998,3.95
United States,Washington,Barley,2019,spring,117.61000000000001,0.0,23.0,1796.82,19.77,6.84,0.0,0.0,287.7,3.16,68.00999999999999,0.0,3.0,1497.8000000000002,14.190000000000001,121.56,0.0,23.0,1972.43,19.77,6.57,0.0,0.0,339.80999999999995,2.92,64.33000000000001,0.0,3.0,1270.0800000000002,14.190000000000001
United States,Washington,Barley,2020,spring,164.61,0.0,19.0,1765.78,18.78,8.64,0.0,0.0,315.63,3.67,56.78,0.0,0.0,1648.5500000000002,37.05,173.26,0.0,19.0,2142.27,18.78,0.8700000000000001,0.0,0.0,381.35,0.42000000000000004,55.89999999999999,0.0,0.0,1206.34,37.05
United States,Washington,Barley,2021,spring,64.10999999999999,2.0,20.0,1996.5700000000002,12.379999999999999,2.65,2.0,0.0,398.97999999999996,2.2,65.93,1.0,0.0,1524.32,16.86,64.42999999999998,4.0,20.0,2104.19,12.379999999999999,2.7099999999999995,0.0,0.0,397.78000000000003,2.2,65.55,1.0,0.0,1417.9000000000003,16.86
United States,Washington,Barley,2022,spring,213.87,0.0,36.0,1538.3700000000001,22.800000000000004,12.549999999999997,0.0,0.0,328.59999999999997,6.45,16.07,2.0,0.0,1669.61,4.33,227.21999999999997,0.0,36.0,2117.45,22.800000000000004,0.18,2.0,0.0,298.76,0.16999999999999998,15.09,0.0,0.0,1120.37,4.33
United States,Washington,Barley,2023,spring,123.64,0.0,21.0,1787.64,19.79,4.6899999999999995,0.0,0.0,382.09,4.3,56.48,1.0,1.0,1597.81,22.71,123.67,0.0,21.0,1942.9199999999998,19.79,5.109999999999999,0.0,0.0,364.10999999999996,4.3,56.03,1.0,1.0,1460.51,22.71
United States,Washington,Barley,2024,spring,111.88,0.0,27.0,1792.72,27.19,10.82,1.0,0.0,399.49,10.72,47.459999999999994,0.0,1.0,1520.92,13.86,122.69999999999999,1.0,27.0,2192.2099999999996,27.19,1.98,0.0,0.0,369.4800000000001,1.47,45.480000000000004,0.0,1.0,1151.44,13.86
United States,Washington,Barley,2025,spring,70.11999999999998,0.0,33.0,1954.58,18.439999999999998,3.08,0.0,0.0,391.22999999999996,1.87,75.14000000000001,0.0,0.0,1564.35,15.579999999999998,73.19999999999999,0.0,33.0,2375.67,18.439999999999998,13.069999999999999,0.0,0.0,431.45,10.66,62.06999999999999,0.0,0.0,1103.04,15.579999999999998
United States,Washington,Oats,1990,spring,182.68,0.0,13.0,1258.21,24.78,2.4799999999999995,0.0,0.0,157.68,1.29,80.92,0.0,0.0,2044.4800000000002,28.64,187.74,0.0,13.0,1481.5199999999998,24.78,13.719999999999999,0.0,0.0,575.46,4.08,64.62,0.0,0.0,1403.3899999999999,28.64
United States,Washington,Oats,1991,spring,167.13,0.0,27.0,1288.7,32.17,37.84,0.0,0.0,132.25,30.870000000000005,57.4,0.0,0.0,2067.8599999999997,9.850000000000001,214.59,0.0,27.0,1691.2800000000002,32.17,12.94,0.0,0.0,615.76,5.140000000000001,34.839999999999996,0.0,0.0,1181.7700000000002,9.850000000000001
United States,Washington,Oats,1992,spring,136.73999999999998,0.0,18.0,1444.31,39.0,1.9700000000000002,0.0,0.0,165.64,1.35,142.01000000000002,0.0,1.0,1963.2199999999996,24.25,137.27999999999997,0.0,18.0,1461.81,39.0,44.5,0.0,0.0,513.21,20.560000000000002,98.94,0.0,1.0,1598.1499999999996,24.25
United States,Washington,Oats,1993,spring,194.97,0.0,25.0,1221.2699999999998,20.419999999999998,5.06,0.0,0.0,164.76999999999998,2.83,92.38999999999999,0.0,1.0,1850.2499999999998,12.719999999999999,200.02999999999997,0.0,25.0,1386.0399999999997,20.419999999999998,58.73,0.0,0.0,585.11,12.719999999999999,33.660000000000004,0.0,1.0,1265.14,9.0
United States,Washington,Oats,1994,spring,136.26000000000002,0.0,20.0,1275.5900000000001,20.659999999999997,13.71,0.0,0.0,164.45999999999998,12.83,59.019999999999996,0.0,0.0,2063.85,10.440000000000001,150.81,0.0,20.0,1464.42,20.659999999999997,22.419999999999998,0.0,0.0,607.1200000000001,8.82,35.76,0.0,0.0,1432.36,10.440000000000001
United States,Washington,Oats,1995,spring,134.31000000000003,0.0,26.0,1400.3,21.45,10.03,0.0,0.0,113.28,6.9,108.27,0.0,0.0,1964.2399999999996,19.330000000000002,144.54999999999998,0.0,26.0,1677.5500000000002,21.45,27.97,0.0,0.0,550.88,19.330000000000002,80.09,0.0,0.0,1249.3899999999996,15.399999999999999
United States,Washington,Oats,1996,spring,169.28,0.0,31.0,1337.1900000000003,37.269999999999996,5.73,0.0,0.0,163.45,3.42,100.28999999999998,0.0,1.0,1995.89,18.849999999999998,193.17000000000002,0.0,31.0,1761.2299999999998,37.269999999999996,17.630000000000006,0.0,0.0,576.0100000000002,12.649999999999999,64.49999999999999,0.0,1.0,1159.2900000000002,18.849999999999998
United States,Washington,Oats,1997,spring,139.61,0.0,27.0,1474.32,24.900000000000002,16.23,0.0,0.0,150.51,8.770000000000001,126.67,0.0,0.0,2085.85,23.88,161.79999999999998,0.0,27.0,1759.97,24.900000000000002,29.089999999999996,0.0,0.0,649.2700000000001,12.64,91.62,0.0,0.0,1301.4399999999998,23.88
United States,Washington,Oats,1998,spring,133.7,0.0,21.0,1434.0800000000002,31.390000000000008,10.129999999999999,0.0,0.0,146.25,4.8999999999999995,64.21000000000001,0.0,0.0,2220.45,13.78,144.31,0.0,21.0,1609.45,31.390000000000008,29.950000000000003,0.0,0.0,574.67,13.250000000000002,33.78,0.0,0.0,1616.66,13.78
United States,Washington,Oats,1999,spring,91.87,0.0,39.0,1464.1000000000004,11.780000000000001,5.23,0.0,0.0,157.08,3.75,75.2,0.0,2.0,2145.0000000000005,11.59,122.01,0.0,39.0,2074.21,11.780000000000001,13.69,0.0,0.0,601.4,6.8,36.599999999999994,0.0,2.0,1090.5699999999997,8.17
United States,Washington,Oats,2000,spring,127.75,0.0,22.0,1390.5900000000001,21.130000000000003,1.72,0.0,0.0,177.94000000000003,1.19,76.41,0.0,1.0,2154.8300000000004,18.310000000000002,130.62,0.0,22.0,1735.13,21.130000000000003,14.61,0.0,0.0,637.01,9.41,60.65,0.0,1.0,1351.22,18.310000000000002
United States,Washington,Oats,2001,spring,116.0,0.0,35.0,1421.38,19.78,0.47,0.0,0.0,197.05,0.24000000000000002,65.91,0.0,0.0,2107.4799999999996,20.009999999999998,134.01999999999998,0.0,35.0,1805.31,19.78,8.920000000000002,0.0,0.0,635.7,4.01,39.44,0.0,0.0,1284.9,20.009999999999998
United States,Washington,Oats,2002,spring,115.08000000000001,0.0,34.0,1429.73,24.119999999999997,6.47,0.0,0.0,164.94,6.140000000000001,47.50999999999999,0.0,0.0,2198.27,15.27,135.35,0.0,34.0,1755.6799999999998,24.119999999999997,13.99,0.0,0.0,636.73,7.84,19.72,0.0,0.0,1400.53,2.98
United States,Washington,Oats,2003,spring,92.05000000000001,0.0,28.0,1375.85,18.009999999999998,4.29,0.0,0.0,157.9,3.77,26.150000000000002,0.0,0.0,2283.54,6.35,97.97000000000001,0.0,28.0,1629.0700000000002,18.009999999999998,3.39,0.0,0.0,659.31,1.28,21.130000000000003,0.0,0.0,1528.9099999999999,6.35
United States,Washington,Oats,2004,spring,107.29999999999998,0.0,8.0,1440.0799999999997,14.239999999999998,0.060000000000000005,0.0,0.0,213.22,0.04,145.1,0.0,0.0,2054.5299999999997,35.79,107.35,0.0,8.0,1564.2999999999997,14.239999999999998,6.530000000000001,0.0,0.0,574.3600000000001,1.9099999999999997,138.57999999999998,0.0,0.0,1569.1699999999998,35.79
United States,Washington,Oats,2005,spring,161.74999999999997,0.0,19.0,1348.57,41.42,6.2700000000000005,0.0,0.0,169.08,5.3100000000000005,74.30999999999999,0.0,0.0,2173.7600000000007,33.779999999999994,167.37,0.0,19.0,1496.6699999999998,41.42,19.06,0.0,0.0,608.45,7.629999999999999,55.89999999999999,0.0,0.0,1586.2899999999997,33.779999999999994
United States,Washington,Oats,2006,spring,147.36999999999998,0.0,29.0,1383.73,21.000000000000004,3.0599999999999996,0.0,0.0,162.89,2.9699999999999998,38.879999999999995,0.0,0.0,2261.6200000000003,11.76,150.44000000000003,0.0,29.0,1670.1899999999998,21.000000000000004,6.73,0.0,0.0,614.73,3.1100000000000003,32.14,0.0,0.0,1523.3200000000002,11.76
United States,Washington,Oats,2007,spring,88.39000000000001,0.0,27.0,1500.8799999999999,18.489999999999995,6.22,0.0,0.0,155.52,5.92,58.760000000000005,0.0,1.0,2104.63,16.5,99.59,0.0,27.0,1798.8500000000001,18.489999999999995,13.76,0.0,0.0,524.43,6.02,40.019999999999996,0.0,1.0,1437.75,16.5
United States,Washington,Oats,2008,spring,101.41999999999999,0.0,34.0,1365.6399999999999,13.17,1.22,0.0,0.0,173.55000000000004,0.89,60.379999999999995,0.0,1.0,2127.27,12.48,110.89999999999999,0.0,34.0,1850.5600000000002,13.17,3.16,0.0,0.0,658.7899999999998,1.7800000000000002,48.96,0.0,1.0,1157.11,12.48
United States,Washington,Oats,2009,spring,106.66000000000001,0.0,37.0,1516.9599999999998,22.15,5.59,0.0,0.0,147.07999999999998,4.82,52.63999999999999,0.0,0.0,2169.22,18.939999999999998,115.00000000000001,0.0,37.0,1751.25,22.15,6.220000000000001,0.0,0.0,652.3399999999999,3.58,43.67,0.0,0.0,1429.67,18.939999999999998
United States,Washington,Oats,2010,spring,202.62000000000003,0.0,31.0,1298.55,25.58,14.549999999999999,0.0,0.0,117.83,10.25,105.93,0.0,0.0,2085.5000000000005,22.23,222.27,0.0,31.0,1800.6599999999999,25.58,2.8200000000000003,0.0,0.0,603.58,1.88,98.00999999999999,0.0,0.0,1097.64,22.23
United States,Washington,Oats,2011,spring,182.39000000000001,0.0,41.0,1318.59,43.57,4.56,0.0,0.0,157.06,3.0999999999999996,56.81,0.0,0.0,2091.5099999999998,12.899999999999999,198.06,0.0,41.0,2000.3600000000001,43.57,21.94,0.0,0.0,574.53,11.51,23.76,0.0,0.0,992.2700000000001,12.899999999999999
United States,Washington,Oats,2012,spring,137.41,0.0,30.0,1380.93,20.69,7.01,0.0,0.0,157.66,6.12,59.410000000000004,0.0,0.0,2111.56,12.96,174.67000000000002,0.0,30.0,1781.5900000000001,20.69,22.99,0.0,0.0,503.17999999999995,10.4,6.169999999999999,0.0,0.0,1365.38,3.5500000000000003
United States,Washington,Oats,2013,spring,131.37,0.0,23.0,1446.33,26.560000000000002,12.09,0.0,0.0,130.07,10.64,178.75,0.0,0.0,2016.91,51.02,152.62999999999994,0.0,23.0,1642.6100000000001,26.560000000000002,9.5,0.0,0.0,568.67,4.510000000000001,160.07999999999998,0.0,0.0,1382.03,51.02
United States,Washington,Oats,2014,spring,102.51,0.0,21.0,1520.2700000000002,19.32,8.25,0.0,0.0,152.82999999999998,7.1,118.80000000000003,0.0,0.0,2071.09,38.489999999999995,111.0,0.0,21.0,1728.5200000000002,19.32,11.7,0.0,0.0,548.23,8.01,106.86000000000001,0.0,0.0,1467.4399999999998,38.489999999999995
United States,Washington,Oats,2015,spring,67.78000000000002,0.0,24.0,1559.1899999999998,18.959999999999997,0.5800000000000001,0.0,0.0,192.99,0.5800000000000001,41.82,0.0,1.0,2101.37,10.299999999999999,67.78000000000002,0.0,24.0,1528.5199999999998,18.959999999999997,3.44,0.0,0.0,592.04,2.8399999999999994,38.96,0.0,1.0,1732.99,10.299999999999999
United States,Washington,Oats,2016,spring,80.95,0.0,7.0,1537.89,16.59,18.459999999999997,0.0,0.0,149.89000000000001,16.38,58.68,0.0,0.0,2078.23,11.25,72.98,0.0,7.0,1414.8500000000004,16.59,39.650000000000006,0.0,0.0,702.9200000000001,16.38,45.459999999999994,0.0,0.0,1648.2399999999998,11.25
United States,Washington,Oats,2017,spring,152.26,0.0,30.0,1411.8500000000001,24.419999999999998,13.07,0.0,0.0,141.53,12.22,22.359999999999996,0.0,0.0,2250.15,10.79,165.32999999999998,0.0,30.0,1702.1000000000004,24.419999999999998,0.6800000000000002,0.0,0.0,663.6100000000001,0.18,21.679999999999996,0.0,0.0,1437.82,10.79
United States,Washington,Oats,2018,spring,140.21,0.0,23.0,1446.78,26.310000000000002,3.78,0.0,0.0,168.55,2.4899999999999998,28.87,0.0,0.0,2132.07,4.48,143.39000000000001,0.0,23.0,1570.48,26.310000000000002,9.65,0.0,0.0,612.41,4.48,19.819999999999997,0.0,0.0,1564.5099999999998,3.95
United States,Washington,Canola,2011,spring,194.09,0.0,41.0,1669.2,43.57,25.439999999999998,0.0,0.0,627.1200000000001,11.51,24.230000000000004,0.0,0.0,1270.8400000000001,12.899999999999999,202.60999999999999,0.0,41.0,2081.58,43.57,19.06,0.0,0.0,816.9499999999999,11.51,22.09,0.0,0.0,668.6300000000001,12.899999999999999
United States,Washington,Canola,2012,spring,170.06,0.0,30.0,1691.3700000000001,20.69,28.41,0.0,0.0,666.39,10.4,5.36,0.0,0.0,1292.3899999999999,3.5500000000000003,175.13000000000002,0.0,30.0,1898.1900000000003,20.69,23.599999999999998,0.0,0.0,665.35,10.4,5.1,0.0,0.0,1086.6100000000001,3.5500000000000003
United States,Washington,Canola,2013,spring,157.92000000000002,0.0,23.0,1748.1799999999998,26.560000000000002,4.46,0.0,0.0,781.71,1.99,159.83,0.0,0.0,1063.42,51.02,155.38,0.0,23.0,1696.9099999999999,26.560000000000002,6.919999999999999,0.0,0.0,746.5500000000001,4.51,159.90999999999997,0.0,0.0,1149.8500000000001,51.02
United States,Washington,Canola,2014,spring,121.11999999999999,0.0,21.0,1873.5100000000002,19.32,26.619999999999997,0.0,0.0,694.5399999999998,23.639999999999997,81.82,0.0,0.0,1176.1399999999999,38.489999999999995,117.19999999999999,0.0,21.0,1805.0700000000002,19.32,30.539999999999996,0.0,0.0,679.87,23.639999999999997,81.82000000000001,0.0,0.0,1259.2499999999998,38.489999999999995
United States,Washington,Canola,2015,spring,71.22,0.0,24.0,1996.16,18.959999999999997,5.31,0.0,0.0,699.7299999999999,3.0999999999999996,33.650000000000006,0.0,1.0,1157.66,10.299999999999999,67.78000000000002,0.0,24.0,1528.5199999999998,18.959999999999997,3.7399999999999998,0.0,0.0,705.69,2.8399999999999994,38.66,0.0,1.0,1619.3400000000001,10.299999999999999
United States,Washington,Canola,2016,spring,104.82,0.0,7.0,1917.98,16.59,24.27,0.0,0.0,613.27,10.850000000000001,29.0,0.0,0.0,1234.76,11.25,76.49,0.0,7.0,1452.8600000000004,16.59,51.830000000000005,0.0,0.0,939.9399999999999,16.38,29.770000000000003,0.0,0.0,1373.2099999999996,11.25
United States,Washington,Canola,2017,spring,165.51999999999995,0.0,30.0,1815.3399999999997,24.419999999999998,0.9000000000000001,0.0,0.0,791.53,0.35000000000000003,21.27,0.0,0.0,1196.6599999999999,10.79,165.50999999999996,0.0,30.0,1785.7299999999998,24.419999999999998,0.9100000000000001,0.0,0.0,821.14,0.35000000000000003,21.27,0.0,0.0,1196.6599999999999,10.79
United States,Washington,Canola,2018,spring,150.37,0.0,23.0,1816.1899999999998,26.310000000000002,3.3900000000000006,0.0,0.0,758.5899999999999,1.26,19.1,0.0,0.0,1172.62,3.95,143.39000000000001,0.0,23.0,1570.48,26.310000000000002,10.05,0.0,0.0,841.4300000000001,4.48,19.419999999999998,0.0,0.0,1335.4899999999998,3.95
United States,Washington,Canola,2019,spring,117.97000000000001,0.0,23.0,1847.4899999999998,19.77,11.05,0.0,0.0,620.49,3.16,63.44,0.0,3.0,1114.34,14.190000000000001,100.72,0.0,23.0,1562.15,19.77,28.09,0.0,0.0,826.2900000000002,11.049999999999999,63.65,0.0,3.0,1193.88,14.190000000000001
United States,Washington,Canola,2020,spring,165.99,0.0,19.0,1813.51,18.78,8.14,0.0,0.0,710.11,3.67,55.89999999999999,0.0,0.0,1206.34,37.05,167.78,0.0,19.0,1830.17,18.78,6.3999999999999995,0.0,0.0,773.5099999999999,3.67,55.85,0.0,0.0,1126.2799999999995,37.05
United States,Washington,Canola,2021,spring,64.17999999999998,4.0,20.0,2055.5,12.379999999999999,3.2399999999999993,0.0,0.0,776.69,2.2,65.27000000000001,1.0,0.0,1087.68,16.86,64.08,0.0,20.0,1844.8500000000001,12.379999999999999,2.7399999999999998,4.0,0.0,609.1300000000001,2.2,65.87,1.0,0.0,1465.8900000000003,16.86
United States,Washington,Canola,2022,spring,214.11,0.0,36.0,1588.8000000000002,22.800000000000004,13.280000000000001,1.0,0.0,721.1700000000001,6.45,15.099999999999998,1.0,0.0,1226.6100000000001,4.33,226.31999999999996,0.0,36.0,1780.0300000000002,22.800000000000004,1.08,2.0,0.0,664.01,0.77,15.09,0.0,0.0,1092.54,4.33
United States,Washington,Canola,2023,spring,123.67,0.0,21.0,1848.85,19.79,7.25,0.0,0.0,751.8100000000001,4.3,53.89,1.0,1.0,1166.88,22.71,111.0,0.0,21.0,1395.5700000000002,19.79,17.39,0.0,0.0,803.9,4.300000000000001,56.420000000000016,1.0,1.0,1568.07,22.71
United States,Washington,Canola,2024,spring,122.5,0.0,27.0,1832.77,27.19,2.23,1.0,0.0,777.5599999999998,1.47,45.43,0.0,1.0,1102.8000000000002,13.86,122.67999999999998,0.0,27.0,1977.49,27.19,2.05,1.0,0.0,632.8399999999999,1.47,45.43,0.0,1.0,1102.8000000000002,13.86
United States,Washington,Canola,2025,spring,70.12999999999998,0.0,33.0,2016.7599999999998,18.439999999999998,14.86,0.0,0.0,737.9599999999999,10.66,63.349999999999994,0.0,0.0,1155.44,15.579999999999998,70.38999999999999,0.0,33.0,2105.1699999999996,18.439999999999998,31.63,0.0,0.0,835.52,12.32,46.31999999999999,0.0,0.0,969.4700000000001,15.579999999999998
