country,region,crop,year,window,rain_sum_cal_early,heat_days_35_cal_early,frost_days_0_cal_early,radiation_sum_cal_early,max_3day_rain_cal_early,rain_sum_cal_mid,heat_days_35_cal_mid,frost_days_0_cal_mid,radiation_sum_cal_mid,max_3day_rain_cal_mid,rain_sum_cal_late,heat_days_35_cal_late,frost_days_0_cal_late,radiation_sum_cal_late,max_3day_rain_cal_late,rain_sum_gdd_early,heat_days_35_gdd_early,frost_days_0_gdd_early,radiation_sum_gdd_early,max_3day_rain_gdd_early,rain_sum_gdd_mid,heat_days_35_gdd_mid,frost_days_0_gdd_mid,radiation_sum_gdd_mid,max_3day_rain_gdd_mid,rain_sum_gdd_late,heat_days_35_gdd_late,frost_days_0_gdd_late,radiation_sum_gdd_late,max_3day_rain_gdd_late
United States,Colorado,Wheat,1990,winter,230.82999999999998,0.0,211.0,3429.55,28.310000000000002,29.490000000000002,0.0,18.0,617.3999999999999,15.39,8.62,0.0,4.0,855.9000000000002,3.4899999999999998,268.94000000000005,0.0,233.0,4902.85,28.310000000000002,0.0,0.0,0.0,0.0,0.0,0.0,0.0,0.0,0.0,0.0
United States,Colorado,Wheat,1991,winter,211.58999999999997,0.0,211.0,3552.8,15.819999999999999,38.40999999999999,0.0,11.0,608.8100000000001,14.32,52.6,0.0,1.0,728.73,16.59,302.5999999999999,0.0,223.0,4890.34,16.589999999999996,0.0,0.0,0.0,0.0,0.0,0.0,0.0,0.0,0.0,0.0
United States,Colorado,Wheat,1992,winter,203.5,0.0,205.0,3600.4300000000003,23.48,39.91,0.0,4.0,560.47,15.32,53.69,0.0,3.0,687.2699999999999,11.07,297.1,0.0,212.0,4848.17,23.48,0.0,0.0,0.0,0.0,0.0,0.0,0.0,0.0,0.0,0.0
United States,Colorado,Wheat,1993,winter,199.08,0.0,206.0,3449.1099999999997,16.810000000000002,40.58999999999999,0.0,11.0,628.3699999999999,12.75,31.490000000000002,0.0,7.0,805.4099999999999,15.66,271.15999999999997,0.0,224.0,4882.889999999999,16.810000000000002,0.0,0.0,0.0,0.0,0.0,0.0,0.0,0.0,0.0,0.0
United States,Colorado,Wheat,1994,winter,244.95999999999998,0.0,211.0,3393.96,16.46,58.06999999999999,0.0,3.0,646.9000000000001,25.349999999999998,27.370000000000005,0.0,0.0,842.42,14.919999999999998,330.4,0.0,214.0,4883.280000000001,25.349999999999998,0.0,0.0,0.0,0.0,0.0,0.0,0.0,0.0,0.0,0.0
United States,Colorado,Wheat,1995,winter,294.25,0.0,214.0,3433.49,18.650000000000006,100.16999999999999,0.0,23.0,540.15,40.21,79.45,0.0,6.0,723.3800000000002,27.740000000000002,473.87,0.0,243.0,4697.0199999999995,40.21000000000001,0.0,0.0,0.0,0.0,0.0,0.0,0.0,0.0,0.0,0.0
United States,Colorado,Wheat,1996,winter,229.94000000000003,0.0,218.0,3443.91,12.879999999999999,53.050000000000004,0.0,9.0,663.74,44.02,47.83000000000001,0.0,1.0,784.9499999999999,18.14,330.82,0.0,228.0,4892.6,44.02,0.0,0.0,0.0,0.0,0.0,0.0,0.0,0.0,0.0,0.0
United States,Colorado,Wheat,1997,winter,258.33,0.0,208.0,3393.6299999999997,23.95,36.54,0.0,13.0,650.04,15.990000000000002,62.129999999999995,0.0,0.0,777.04,29.52,357.0,0.0,221.0,4820.71,29.52,0.0,0.0,0.0,0.0,0.0,0.0,0.0,0.0,0.0,0.0
United States,Colorado,Wheat,1998,winter,258.55999999999995,0.0,207.0,3556.4700000000003,29.71,17.959999999999997,0.0,17.0,674.9599999999999,7.710000000000001,22.550000000000004,0.0,6.0,804.96,6.19,299.07,0.0,230.0,5036.39,29.71,0.0,0.0,0.0,0.0,0.0,0.0,0.0,0.0,0.0,0.0
United States,Colorado,Wheat,1999,winter,279.51,0.0,205.0,3501.1099999999997,51.36,38.66,0.0,15.0,632.26,23.53,38.440000000000005,0.0,4.0,780.9999999999999,11.48,356.61,0.0,224.0,4914.37,51.36,0.0,0.0,0.0,0.0,0.0,0.0,0.0,0.0,0.0,0.0
United States,Colorado,Wheat,2000,winter,217.39999999999998,0.0,211.0,3495.98,14.13,33.28000000000001,0.0,14.0,617.77,16.53,31.950000000000003,0.0,0.0,775.67,19.7,282.63,0.0,225.0,4889.42,19.7,0.0,0.0,0.0,0.0,0.0,0.0,0.0,0.0,0.0,0.0
United States,Colorado,Wheat,2001,winter,218.99,0.0,209.0,3407.78,24.25,47.32000000000001,0.0,10.0,607.42,24.15,23.730000000000004,0.0,3.0,807.0699999999999,7.94,290.03999999999996,0.0,222.0,4822.2699999999995,39.28,0.0,0.0,0.0,0.0,0.0,0.0,0.0,0.0,0.0,0.0
United States,Colorado,Wheat,2002,winter,114.97,0.0,204.0,3669.0299999999997,9.53,23.259999999999998,0.0,16.0,629.08,9.89,17.919999999999998,0.0,0.0,794.3299999999998,8.7,156.14999999999998,0.0,220.0,5092.4400000000005,9.89,0.0,0.0,0.0,0.0,0.0,0.0,0.0,0.0,0.0,0.0
United States,Colorado,Wheat,2003,winter,240.90999999999994,0.0,214.0,3297.12,43.5,27.809999999999995,0.0,13.0,604.41,7.859999999999999,50.989999999999995,0.0,2.0,746.7800000000002,12.45,319.71000000000004,0.0,229.0,4648.3099999999995,43.5,0.0,0.0,0.0,0.0,0.0,0.0,0.0,0.0,0.0,0.0
United States,Colorado,Wheat,2004,winter,219.01,0.0,203.0,3516.55,25.63,11.770000000000003,0.0,8.0,654.8900000000001,8.3,63.309999999999995,0.0,1.0,706.6999999999998,20.39,294.09,0.0,212.0,4878.139999999999,25.63,0.0,0.0,0.0,0.0,0.0,0.0,0.0,0.0,0.0,0.0
United States,Colorado,Wheat,2005,winter,229.90999999999997,0.0,210.0,3395.3,18.509999999999998,15.11,0.0,11.0,658.6299999999999,7.800000000000001,41.13000000000002,0.0,5.0,780.09,16.14,286.15,0.0,226.0,4834.02,18.509999999999998,0.0,0.0,0.0,0.0,0.0,0.0,0.0,0.0,0.0,0.0
United States,Colorado,Wheat,2006,winter,197.37000000000003,0.0,208.0,3508.460000000001,30.14,19.459999999999997,0.0,10.0,656.48,8.43,16.810000000000002,0.0,0.0,799.8999999999999,5.49,233.64000000000004,0.0,218.0,4964.84,30.14,0.0,0.0,0.0,0.0,0.0,0.0,0.0,0.0,0.0,0.0
United States,Colorado,Wheat,2007,winter,266.88,0.0,212.0,3324.36,21.060000000000002,57.26,0.0,12.0,582.03,24.07,21.239999999999995,0.0,4.0,773.01,8.09,345.38,0.0,228.0,4679.4,24.07,0.0,0.0,0.0,0.0,0.0,0.0,0.0,0.0,0.0,0.0
United States,Colorado,Wheat,2008,winter,202.21999999999997,0.0,211.0,3638.0,14.5,31.730000000000004,0.0,16.0,617.0899999999999,15.64,17.27,0.0,6.0,828.71,8.94,251.22000000000003,0.0,233.0,5083.8,15.64,0.0,0.0,0.0,0.0,0.0,0.0,0.0,0.0,0.0,0.0
United States,Colorado,Wheat,2009,winter,212.41000000000003,0.0,210.0,3434.0400000000004,30.369999999999997,51.46000000000001,0.0,8.0,615.54,22.240000000000002,61.58000000000001,0.0,2.0,709.64,22.78,325.45,0.0,220.0,4759.22,30.369999999999997,0.0,0.0,0.0,0.0,0.0,0.0,0.0,0.0,0.0,0.0
United States,Colorado,Wheat,2010,winter,274.7,0.0,218.0,3429.54,23.060000000000002,24.28,0.0,18.0,666.3900000000001,14.79,38.07999999999999,0.0,2.0,793.94,24.26,337.06,0.0,238.0,4889.87,24.259999999999998,0.0,0.0,0.0,0.0,0.0,0.0,0.0,0.0,0.0,0.0
United States,Colorado,Wheat,2011,winter,205.45,0.0,205.0,3505.3500000000004,13.73,45.03999999999999,0.0,23.0,580.76,19.96,20.36,0.0,1.0,841.49,11.96,270.85,0.0,229.0,4927.6,19.96,0.0,0.0,0.0,0.0,0.0,0.0,0.0,0.0,0.0,0.0
United States,Colorado,Wheat,2012,winter,208.06,0.0,206.0,3698.63,21.340000000000003,38.12,0.0,11.0,654.6500000000001,15.090000000000002,11.59,0.0,0.0,826.3000000000001,3.9400000000000004,257.77,0.0,217.0,5179.58,21.340000000000003,0.0,0.0,0.0,0.0,0.0,0.0,0.0,0.0,0.0,0.0
United States,Colorado,Wheat,2013,winter,196.73000000000002,0.0,210.0,3404.7199999999993,25.659999999999997,46.68,0.0,16.0,585.87,29.05,14.43,0.0,3.0,819.89,6.5600000000000005,257.84,0.0,229.0,4810.48,29.049999999999997,0.0,0.0,0.0,0.0,0.0,0.0,0.0,0.0,0.0,0.0
United States,Colorado,Wheat,2014,winter,309.38,0.0,215.0,3494.55,54.22,62.220000000000006,0.0,14.0,542.4699999999999,22.490000000000002,17.32,0.0,2.0,829.24,8.17,388.91999999999996,0.0,231.0,4866.26,54.22,0.0,0.0,0.0,0.0,0.0,0.0,0.0,0.0,0.0,0.0
United States,Colorado,Wheat,2015,winter,282.15,0.0,202.0,3378.4900000000002,30.93,125.82,0.0,19.0,480.36,35.510000000000005,51.29,0.0,0.0,773.1199999999999,16.38,459.26,0.0,221.0,4631.969999999999,35.51,0.0,0.0,0.0,0.0,0.0,0.0,0.0,0.0,0.0,0.0
United States,Colorado,Wheat,2016,winter,239.78000000000003,0.0,195.0,3421.9500000000007,29.93,32.63999999999999,0.0,16.0,576.9800000000001,14.04,49.27,0.0,0.0,806.79,13.92,321.69,0.0,211.0,4805.719999999999,29.93,0.0,0.0,0.0,0.0,0.0,0.0,0.0,0.0,0.0,0.0
United States,Colorado,Wheat,2017,winter,198.91999999999996,0.0,199.0,3458.71,14.459999999999999,61.68000000000001,0.0,13.0,596.0300000000001,25.43,11.8,0.0,0.0,818.66,4.449999999999999,272.4,0.0,212.0,4873.4,25.43,0.0,0.0,0.0,0.0,0.0,0.0,0.0,0.0,0.0,0.0
United States,Colorado,Wheat,2018,winter,213.07,0.0,211.0,3485.93,18.16,13.5,0.0,2.0,622.38,8.43,14.490000000000004,0.0,0.0,815.6200000000001,9.760000000000002,241.06,0.0,213.0,4923.93,18.16,0.0,0.0,0.0,0.0,0.0,0.0,0.0,0.0,0.0,0.0
United States,Colorado,Wheat,2019,winter,265.17,0.0,212.0,3423.0,25.72,61.300000000000004,0.0,22.0,513.14,20.47,38.96000000000001,0.0,4.0,714.4799999999999,17.12,365.43,0.0,238.0,4650.62,25.72,0.0,0.0,0.0,0.0,0.0,0.0,0.0,0.0,0.0,0.0
United States,Colorado,Wheat,2020,winter,221.39999999999998,0.0,211.0,3657.4900000000002,16.46,24.119999999999997,0.0,10.0,684.98,12.13,36.2,0.0,2.0,761.5099999999999,8.11,281.71999999999997,0.0,223.0,5103.98,16.46,0.0,0.0,0.0,0.0,0.0,0.0,0.0,0.0,0.0,0.0
United States,Colorado,Wheat,2021,winter,215.21999999999997,0.0,204.0,3537.63,18.880000000000003,50.07,0.0,12.0,556.65,16.09,44.01,0.0,1.0,754.7499999999999,19.68,309.3,0.0,217.0,4849.03,20.51,0.0,0.0,0.0,0.0,0.0,0.0,0.0,0.0,0.0,0.0
United States,Colorado,Wheat,2022,winter,180.59999999999997,0.0,208.0,3572.16,12.4,51.42999999999999,0.0,16.0,614.5,28.79,34.18,0.0,3.0,747.6299999999999,11.68,266.21000000000004,0.0,227.0,4934.29,28.79,0.0,0.0,0.0,0.0,0.0,0.0,0.0,0.0,0.0,0.0
United States,Colorado,Wheat,2023,winter,179.26,0.0,201.0,3550.69,20.86,90.50000000000001,0.0,5.0,516.38,52.949999999999996,68.77,0.0,0.0,679.0,16.61,338.53,0.0,206.0,4746.07,52.949999999999996,0.0,0.0,0.0,0.0,0.0,0.0,0.0,0.0,0.0,0.0
United States,Colorado,Wheat,2024,winter,271.02,0.0,203.0,3634.13,33.57,51.76,0.0,19.0,608.5200000000001,28.939999999999998,37.699999999999996,0.0,0.0,770.6099999999999,14.79,360.48,0.0,222.0,5013.26,33.57,0.0,0.0,0.0,0.0,0.0,0.0,0.0,0.0,0.0,0.0
United States,Colorado,Wheat,2025,winter,198.07000000000002,0.0,194.0,3551.5799999999995,19.1,56.8,0.0,12.0,551.87,30.91,47.35000000000001,0.0,0.0,764.6900000000002,20.189999999999998,302.22,0.0,206.0,4868.14,30.910000000000004,0.0,0.0,0.0,0.0,0.0,0.0,0.0,0.0,0.0,0.0
United States,Colorado,Barley,1990,spring,101.69000000000001,0.0,54.0,1737.75,20.9,3.76,0.0,0.0,402.62,1.3800000000000001,196.14,0.0,0.0,1803.38,21.87,138.31,0.0,54.0,2231.58,21.87,52.11,0.0,0.0,464.99,16.58,111.17000000000002,0.0,0.0,1247.1799999999998,15.819999999999999
United States,Colorado,Barley,1991,spring,127.97999999999999,0.0,45.0,1696.41,16.59,6.220000000000001,0.0,0.0,394.24,3.6500000000000004,173.57999999999998,0.0,6.0,1822.8899999999996,26.75,155.06,0.0,45.0,2317.0299999999997,16.59,61.02,0.0,0.0,417.62,26.75,91.69999999999999,0.0,6.0,1178.8899999999999,19.73
United States,Colorado,Barley,1992,spring,86.8,0.0,34.0,1701.3499999999997,15.32,24.180000000000003,0.0,0.0,327.51000000000005,10.89,148.57999999999998,0.0,5.0,1829.78,50.550000000000004,115.14000000000003,0.0,34.0,2168.98,15.32,39.71,0.0,0.0,440.85,12.43,104.71,0.0,5.0,1248.81,50.550000000000004
United States,Colorado,Barley,1993,spring,103.49000000000001,0.0,49.0,1730.1200000000001,12.749999999999998,7.289999999999999,0.0,2.0,435.50000000000006,6.3100000000000005,127.67000000000002,0.0,10.0,1867.6,12.68,128.28000000000003,0.0,51.0,2518.42,15.659999999999997,15.020000000000001,0.0,0.0,438.88000000000005,7.42,95.15,0.0,10.0,1075.92,12.68
United States,Colorado,Barley,1994,spring,134.97,0.0,30.0,1761.3,25.349999999999998,20.28,0.0,0.0,372.86,14.92,127.07,0.0,4.0,1822.36,16.86,156.98,0.0,30.0,2215.66,25.349999999999998,9.35,0.0,0.0,417.21000000000004,2.62,115.99,0.0,4.0,1323.6500000000003,16.86
United States,Colorado,Barley,1995,spring,227.02999999999997,0.0,61.0,1615.9599999999998,40.21,45.040000000000006,0.0,1.0,349.80999999999995,27.740000000000002,141.93,0.0,6.0,1909.36,16.599999999999998,307.23,0.0,62.0,2595.15,40.21,9.899999999999999,0.0,0.0,409.12,3.74,96.87000000000002,0.0,6.0,870.86,16.599999999999998
United States,Colorado,Barley,1996,spring,119.94999999999999,0.0,42.0,1794.49,44.02,20.099999999999998,0.0,0.0,378.9199999999999,12.78,165.37,0.0,7.0,1871.8300000000002,15.480000000000002,143.7,0.0,42.0,2291.7900000000004,44.02,41.269999999999996,0.0,0.0,442.86,15.479999999999999,120.44999999999997,0.0,7.0,1310.5900000000001,12.659999999999998
United States,Colorado,Barley,1997,spring,155.63000000000002,0.0,46.0,1719.5899999999997,29.520000000000003,8.29,0.0,0.0,417.12999999999994,4.68,189.04,0.0,2.0,1882.99,26.54,167.45,0.0,46.0,2410.7700000000004,29.520000000000003,57.71999999999999,0.0,0.0,449.15999999999997,26.259999999999998,127.79,0.0,2.0,1159.78,26.54
United States,Colorado,Barley,1998,spring,87.68999999999997,0.0,55.0,1798.6400000000003,13.559999999999999,7.74,0.0,0.0,427.21000000000004,4.18,190.49,0.0,0.0,1929.7299999999998,25.259999999999998,133.08,0.0,55.0,2494.98,25.259999999999998,73.55000000000001,0.0,0.0,445.46,24.54,79.29000000000002,0.0,0.0,1215.14,14.42
United States,Colorado,Barley,1999,spring,204.86999999999995,0.0,52.0,1698.9299999999998,51.36,9.26,0.0,0.0,405.72999999999996,3.7199999999999998,175.16000000000005,0.0,6.0,1855.44,21.72,247.09999999999997,0.0,52.0,2488.28,51.36,76.19,0.0,0.0,424.49,21.72,65.99999999999999,0.0,6.0,1047.33,9.58
United States,Colorado,Barley,2000,spring,74.17999999999999,0.0,45.0,1787.27,16.53,29.210000000000004,0.0,0.0,343.93000000000006,19.7,159.01,0.0,5.0,1878.0,23.240000000000002,103.38999999999999,0.0,45.0,2131.2000000000003,19.7,47.5,0.0,0.0,407.55,23.240000000000002,111.50999999999999,0.0,5.0,1470.45,16.82
United States,Colorado,Barley,2001,spring,116.94000000000001,0.0,40.0,1747.06,39.28,12.260000000000002,0.0,0.0,367.68,5.0200000000000005,136.13000000000002,0.0,2.0,1836.76,15.35,130.17000000000002,0.0,40.0,2161.0600000000004,39.28,38.49,0.0,0.0,385.37,15.35,96.66999999999997,0.0,2.0,1405.0699999999997,11.93
United States,Colorado,Barley,2002,spring,42.11999999999998,0.0,46.0,1864.84,9.89,8.29,0.0,0.0,359.19000000000005,2.86,111.29,0.0,4.0,1936.04,21.610000000000003,49.24,0.0,46.0,2151.23,9.89,21.18,0.0,0.0,395.25,10.35,91.28,0.0,4.0,1613.59,21.610000000000003
United States,Colorado,Barley,2003,spring,92.88,0.0,46.0,1672.43,14.29,17.2,0.0,0.0,391.65999999999997,10.8,116.14,0.0,7.0,1923.7099999999998,14.27,110.14,0.0,46.0,2196.9700000000003,14.29,13.49,0.0,0.0,405.76,7.11,102.59,0.0,7.0,1385.07,14.27
United States,Colorado,Barley,2004,spring,116.57000000000001,0.0,41.0,1726.37,25.63,51.24000000000001,0.0,0.0,321.91,20.39,154.4,0.0,4.0,1833.8500000000001,26.36,171.47999999999996,0.0,41.0,2227.7300000000005,25.63,68.83000000000001,0.0,0.0,411.24,26.36,81.9,0.0,4.0,1243.16,22.959999999999997
United States,Colorado,Barley,2005,spring,93.54000000000003,0.0,49.0,1783.9700000000003,18.509999999999998,14.34,0.0,0.0,383.76,5.859999999999999,132.32999999999998,0.0,2.0,1915.58,28.610000000000003,109.24,0.0,49.0,2334.2299999999996,18.509999999999998,22.630000000000003,0.0,0.0,375.6000000000001,10.790000000000001,108.33999999999999,0.0,2.0,1373.48,28.610000000000003
United States,Colorado,Barley,2006,spring,49.69,0.0,41.0,1847.5900000000001,8.43,18.58,0.0,0.0,363.53,9.4,225.82,0.0,11.0,1781.9199999999998,33.97,59.05,0.0,41.0,2175.1000000000004,8.43,82.73,0.0,0.0,374.1,33.97,152.31,0.0,11.0,1443.84,20.73
United States,Colorado,Barley,2007,spring,130.8,0.0,45.0,1641.9800000000002,24.07,6.360000000000001,0.0,0.0,390.73,3.49,195.66,0.0,4.0,1844.0500000000002,22.080000000000005,148.95000000000002,0.0,45.0,2169.25,24.07,52.69,0.0,0.0,403.03,19.04,131.18,0.0,4.0,1304.48,22.08
United States,Colorado,Barley,2008,spring,73.50999999999999,0.0,55.0,1842.3099999999997,15.64,7.29,0.0,0.0,369.88,3.04,141.96,0.0,1.0,1902.07,34.660000000000004,93.16,0.0,55.0,2509.39,15.64,18.76,0.0,0.0,392.84000000000003,7.140000000000001,110.84,0.0,1.0,1212.03,34.660000000000004
United States,Colorado,Barley,2009,spring,146.82000000000002,0.0,43.0,1623.3199999999997,30.369999999999997,31.790000000000003,0.0,0.0,369.2699999999999,13.139999999999999,145.53999999999996,0.0,7.0,1866.68,19.33,196.06,0.0,43.0,2234.5499999999997,30.369999999999997,51.55,0.0,0.0,466.4,19.279999999999998,76.54,0.0,7.0,1158.32,19.33
United States,Colorado,Barley,2010,spring,103.00000000000001,0.0,51.0,1741.9400000000003,24.259999999999998,10.34,0.0,0.0,421.93999999999994,5.9,131.91,0.0,0.0,2013.03,21.39,130.94,0.0,51.0,2407.4900000000007,24.259999999999998,25.95,0.0,0.0,378.59000000000003,13.700000000000001,88.36,0.0,0.0,1390.83,21.39
United States,Colorado,Barley,2011,spring,89.90999999999998,0.0,57.0,1743.0799999999997,19.96,19.11,0.0,0.0,394.75,11.96,159.75,0.0,3.0,1898.38,24.630000000000003,149.26999999999998,0.0,57.0,2402.79,19.96,22.709999999999997,0.0,0.0,413.93,10.44,96.79,0.0,3.0,1219.4900000000002,24.630000000000003
United States,Colorado,Barley,2012,spring,77.70000000000002,0.0,37.0,1871.84,15.090000000000002,4.78,0.0,0.0,391.64,3.94,166.64,0.0,0.0,1823.07,33.21,81.74000000000002,0.0,37.0,2168.05,15.090000000000002,50.0,0.0,0.0,377.83,33.21,117.37999999999998,0.0,0.0,1540.67,26.43
United States,Colorado,Barley,2013,spring,106.35000000000001,0.0,52.0,1673.26,29.05,12.32,0.0,0.0,396.76000000000005,8.190000000000001,253.56000000000006,0.0,5.0,1763.9500000000003,54.22,134.13999999999996,0.0,52.0,2253.77,29.05,47.370000000000005,0.0,0.0,405.3,16.34,190.72,0.0,5.0,1174.9,54.22
United States,Colorado,Barley,2014,spring,114.42999999999999,0.0,49.0,1696.96,22.490000000000002,4.959999999999999,0.0,0.0,400.88,2.6900000000000004,208.89999999999995,0.0,2.0,1776.4700000000003,30.25,147.22,0.0,49.0,2318.7099999999996,22.490000000000002,72.73,0.0,0.0,383.70000000000005,30.25,108.34,0.0,2.0,1171.9,14.170000000000002
United States,Colorado,Barley,2015,spring,236.06,0.0,50.0,1537.75,35.51,13.27,0.0,0.0,392.31,6.030000000000001,107.42999999999999,0.0,0.0,1872.75,21.06,291.51000000000005,0.0,50.0,2196.7,35.51,20.58,0.0,0.0,427.03999999999996,9.44,44.67,0.0,0.0,1179.0700000000002,12.090000000000002
United States,Colorado,Barley,2016,spring,130.39,0.0,49.0,1659.7800000000002,29.93,38.330000000000005,0.0,0.0,352.01,16.6,95.75999999999999,0.0,3.0,1919.6299999999999,16.36,172.23999999999998,0.0,49.0,2200.7599999999998,29.93,15.25,0.0,0.0,413.14,7.26,76.99000000000001,0.0,3.0,1317.5199999999998,16.36
United States,Colorado,Barley,2017,spring,116.54999999999998,0.0,45.0,1744.86,25.43,2.7699999999999996,0.0,0.0,402.80999999999995,0.95,200.55,0.0,3.0,1742.3600000000001,23.04,120.06999999999998,0.0,45.0,2244.1,25.43,51.42999999999999,0.0,0.0,380.52,21.72,148.37,0.0,3.0,1265.4100000000003,23.040000000000003
United States,Colorado,Barley,2018,spring,72.25,0.0,33.0,1763.0299999999997,13.999999999999998,2.7299999999999995,0.0,0.0,407.42,1.18,115.34,0.0,3.0,1911.89,20.31,74.78999999999999,0.0,33.0,2084.2299999999996,13.999999999999998,28.78,0.0,0.0,422.33,13.58,86.75,0.0,3.0,1575.78,20.310000000000002
United States,Colorado,Barley,2019,spring,124.64999999999999,0.0,57.0,1590.52,20.47,18.09,0.0,2.0,336.85999999999996,8.18,104.47000000000001,0.0,1.0,1975.27,16.46,159.38,0.0,59.0,2330.16,20.47,41.99,0.0,0.0,381.29,16.0,45.84,0.0,1.0,1191.2,16.46
United States,Colorado,Barley,2020,spring,69.81,0.0,41.0,1851.8899999999999,12.13,15.429999999999998,0.0,0.0,360.98999999999995,6.58,97.54999999999998,0.0,8.0,1868.75,23.049999999999997,91.14,0.0,41.0,2252.2700000000004,12.13,14.33,0.0,0.0,406.69,6.210000000000001,77.32,0.0,8.0,1422.6699999999996,23.049999999999997
United States,Colorado,Barley,2021,spring,109.28000000000002,0.0,43.0,1711.3100000000002,20.51,47.44,0.0,0.0,318.08000000000004,19.68,132.49,0.0,2.0,1941.6300000000003,26.289999999999996,166.87,0.0,43.0,2124.83,20.51,39.129999999999995,0.0,0.0,399.45,25.95,83.21000000000001,0.0,2.0,1446.7400000000002,26.289999999999996
United States,Colorado,Barley,2022,spring,87.16000000000001,0.0,52.0,1780.42,28.79,32.05,0.0,0.0,331.97,13.510000000000002,199.37,0.0,0.0,1822.23,37.97,132.3,0.0,52.0,2216.83,28.79,21.05,0.0,0.0,369.74,7.55,165.23,0.0,0.0,1348.05,37.97
United States,Colorado,Barley,2023,spring,186.83999999999995,0.0,35.0,1501.46,52.95,10.090000000000003,0.0,0.0,429.13000000000005,6.01,142.36999999999998,0.0,2.0,1974.2999999999997,28.6,205.23000000000002,0.0,35.0,2159.71,52.95,12.240000000000002,0.0,0.0,408.90000000000003,6.92,121.83,0.0,2.0,1336.2799999999997,28.599999999999998
United States,Colorado,Barley,2024,spring,100.24000000000001,0.0,51.0,1790.08,28.939999999999998,31.049999999999997,0.0,0.0,354.24999999999994,17.119999999999997,120.44,0.0,0.0,1939.12,13.98,131.36,0.0,51.0,2270.06,28.939999999999998,29.11,0.0,0.0,421.95,13.98,91.26,0.0,0.0,1391.44,13.75
United States,Colorado,Barley,2025,spring,121.9,0.0,43.0,1667.26,30.909999999999997,10.75,0.0,0.0,393.3299999999999,5.87,155.08999999999997,0.0,0.0,1753.46,27.979999999999997,133.01000000000005,0.0,43.0,2087.4999999999995,30.909999999999997,20.4,0.0,0.0,385.12,8.32,134.33,0.0,0.0,1341.4299999999998,27.98
United States,Colorado,Oats,1990,spring,96.77000000000001,0.0,54.0,1404.2700000000002,20.9,6.3,0.0,0.0,423.56000000000006,3.4899999999999998,198.52,0.0,0.0,2115.92,21.87,104.47999999999999,0.0,54.0,2013.0099999999998,20.9,71.65,0.0,0.0,497.61000000000007,21.87,125.46000000000001,0.0,0.0,1433.1299999999999,15.819999999999999
United States,Colorado,Oats,1991,spring,103.96000000000001,0.0,45.0,1429.6299999999999,15.72,24.639999999999993,0.0,0.0,340.65000000000003,8.6,179.17999999999998,0.0,6.0,2143.26,26.75,130.57000000000002,0.0,45.0,2033.56,16.59,76.81,0.0,0.0,537.37,26.75,100.39999999999999,0.0,6.0,1342.61,20.9
United States,Colorado,Oats,1992,spring,70.03,0.0,34.0,1422.76,15.32,20.869999999999997,0.0,0.0,349.51,8.889999999999999,168.66,0.0,5.0,2086.3700000000003,50.550000000000004,96.75999999999999,0.0,34.0,1852.8,15.32,41.370000000000005,0.0,0.0,609.0,10.41,121.43000000000002,0.0,5.0,1396.8399999999997,50.550000000000004
United States,Colorado,Oats,1993,spring,86.5,0.0,47.0,1440.3600000000001,12.749999999999998,23.299999999999997,0.0,3.0,363.09,15.66,128.65,0.0,11.0,2229.769999999999,12.68,113.36999999999999,0.0,51.0,2191.49,15.659999999999997,26.150000000000002,0.0,0.0,627.0999999999999,7.42,98.93,0.0,10.0,1214.63,12.68
United States,Colorado,Oats,1994,spring,133.61,0.0,30.0,1408.3799999999999,25.349999999999998,11.940000000000001,0.0,0.0,409.1600000000001,10.579999999999998,136.76999999999995,0.0,4.0,2138.9799999999996,16.86,153.64,0.0,30.0,1912.24,25.349999999999998,8.67,0.0,0.0,580.98,2.81,120.00999999999999,0.0,4.0,1463.3000000000002,16.86
United States,Colorado,Oats,1995,spring,200.23000000000002,0.0,58.0,1337.9800000000002,40.21,27.899999999999995,0.0,4.0,367.02000000000004,13.77,185.87,0.0,6.0,2170.1300000000006,27.740000000000002,289.00000000000006,0.0,62.0,2273.35,40.21,21.8,0.0,0.0,599.59,11.05,103.2,0.0,6.0,1002.1900000000002,16.599999999999998
United States,Colorado,Oats,1996,spring,92.78999999999999,0.0,42.0,1506.81,44.02,29.519999999999996,0.0,0.0,380.08000000000004,18.14,183.11000000000004,0.0,7.0,2158.35,15.480000000000002,133.63000000000002,0.0,42.0,2014.3900000000003,44.02,44.2,0.0,0.0,557.3599999999999,15.480000000000002,127.59,0.0,7.0,1473.49,12.66
United States,Colorado,Oats,1997,spring,107.19999999999999,0.0,46.0,1458.7599999999998,23.950000000000003,49.36000000000001,0.0,0.0,348.9,29.52,196.39999999999998,0.0,2.0,2212.0499999999997,26.54,163.92,0.0,46.0,2105.77,29.520000000000003,22.68,0.0,0.0,602.87,10.52,166.35999999999999,0.0,2.0,1311.0700000000002,26.54
United States,Colorado,Oats,1998,spring,77.84999999999998,0.0,50.0,1515.43,13.559999999999999,10.640000000000002,0.0,5.0,367.14000000000004,6.19,197.43,0.0,0.0,2273.0099999999993,25.259999999999998,96.66,0.0,55.0,2246.69,13.559999999999999,75.88000000000001,0.0,0.0,533.54,25.259999999999998,113.38000000000002,0.0,0.0,1375.35,20.24
United States,Colorado,Oats,1999,spring,176.67000000000002,0.0,51.0,1427.59,51.36,30.77,0.0,1.0,342.99,11.48,181.85000000000005,0.0,6.0,2189.5200000000004,21.72,218.07999999999998,0.0,52.0,2212.46,51.36,62.339999999999996,0.0,0.0,542.4100000000001,16.75,108.87,0.0,6.0,1205.23,21.72
United States,Colorado,Oats,2000,spring,71.03999999999999,0.0,45.0,1476.7599999999998,16.53,8.49,0.0,0.0,382.4,5.779999999999999,182.87,0.0,5.0,2150.0399999999995,23.240000000000002,78.8,0.0,45.0,1827.3300000000002,16.53,46.22,0.0,0.0,573.97,19.7,137.38,0.0,5.0,1607.9,23.240000000000002
United States,Colorado,Oats,2001,spring,104.64000000000001,0.0,37.0,1429.56,39.28,14.1,0.0,3.0,400.94000000000005,7.94,146.59000000000003,0.0,2.0,2121.0000000000005,15.350000000000001,120.48,0.0,40.0,1905.89,39.28,44.04,0.0,0.0,498.18000000000006,15.350000000000001,100.80999999999999,0.0,2.0,1547.4299999999998,11.93
United States,Colorado,Oats,2002,spring,40.269999999999996,0.0,46.0,1519.72,9.89,3.83,0.0,0.0,423.27,1.98,117.6,0.0,4.0,2217.08,21.61,42.179999999999986,0.0,46.0,1894.3899999999999,9.89,27.4,0.0,0.0,504.1499999999999,10.35,92.12,0.0,4.0,1761.53,21.610000000000003
United States,Colorado,Oats,2003,spring,74.44999999999999,0.0,44.0,1391.77,14.29,29.23,0.0,2.0,332.47,12.45,122.53999999999999,0.0,7.0,2263.56,14.27,106.49,0.0,46.0,1928.2,14.29,6.87,0.0,0.0,532.31,3.4099999999999997,112.86,0.0,7.0,1527.29,14.27
United States,Colorado,Oats,2004,spring,107.0,0.0,41.0,1432.3199999999997,25.63,15.84,0.0,0.0,357.01,10.01,199.36999999999998,0.0,4.0,2092.7999999999997,26.36,137.20999999999998,0.0,41.0,1902.72,25.63,80.4,0.0,0.0,578.4800000000001,26.36,104.60000000000001,0.0,4.0,1400.9300000000003,22.959999999999997
United States,Colorado,Oats,2005,spring,73.55,0.0,46.0,1473.77,18.509999999999998,21.66,0.0,3.0,392.7,16.14,145.0,0.0,2.0,2216.8400000000006,28.610000000000003,105.36,0.0,49.0,2033.62,18.509999999999998,17.63,0.0,0.0,566.4000000000002,10.790000000000001,117.21999999999998,0.0,2.0,1483.29,28.610000000000003
United States,Colorado,Oats,2006,spring,43.41,0.0,41.0,1535.08,8.43,6.65,0.0,0.0,393.15,2.71,244.03,0.0,11.0,2064.81,33.97,49.93,0.0,41.0,1877.2400000000002,8.43,86.95,0.0,0.0,551.75,33.97,157.20999999999998,0.0,11.0,1564.0499999999997,20.73
United States,Colorado,Oats,2007,spring,120.30000000000003,0.0,43.0,1339.6100000000001,24.07,10.66,0.0,2.0,395.0,8.09,201.86,0.0,4.0,2142.15,22.080000000000005,135.60000000000002,0.0,45.0,1902.6800000000003,24.07,51.98,0.0,0.0,529.61,19.040000000000003,145.24,0.0,4.0,1444.47,22.08
United States,Colorado,Oats,2008,spring,71.63,0.0,49.0,1484.8200000000002,15.64,2.46,0.0,6.0,437.37999999999994,0.68,148.67,0.0,1.0,2192.06,34.660000000000004,81.55,0.0,55.0,2239.4600000000005,15.64,25.660000000000004,0.0,0.0,527.3800000000001,9.81,115.55,0.0,1.0,1347.4199999999998,34.660000000000004
United States,Colorado,Oats,2009,spring,136.12,0.0,41.0,1349.67,30.369999999999997,15.93,0.0,2.0,339.66,6.32,172.09999999999997,0.0,7.0,2169.9399999999996,19.33,172.68,0.0,43.0,1948.6100000000004,30.369999999999997,37.019999999999996,0.0,0.0,596.28,12.15,114.45,0.0,7.0,1314.38,19.33
United States,Colorado,Oats,2010,spring,74.24000000000001,0.0,50.0,1461.07,23.060000000000002,28.84,0.0,1.0,369.89,24.259999999999998,142.17000000000002,0.0,0.0,2345.9499999999994,21.39,110.52,0.0,51.0,2088.98,24.259999999999998,36.07999999999999,0.0,0.0,557.3,13.700000000000001,98.64999999999999,0.0,0.0,1530.6299999999999,21.39
United States,Colorado,Oats,2011,spring,87.75,0.0,57.0,1409.8,19.96,14.120000000000001,0.0,0.0,394.41,11.96,166.9,0.0,3.0,2232.0,24.630000000000003,109.17,0.0,57.0,2164.79,19.96,50.669999999999995,0.0,0.0,515.3000000000001,16.9,108.93000000000002,0.0,3.0,1356.1200000000001,24.630000000000003
United States,Colorado,Oats,2012,spring,73.02000000000001,0.0,37.0,1526.09,15.090000000000002,4.68,0.0,0.0,439.62,3.13,171.42,0.0,0.0,2120.84,33.21,77.70000000000002,0.0,37.0,1904.1499999999999,15.090000000000002,46.91000000000001,0.0,0.0,494.3400000000001,33.21,124.51,0.0,0.0,1688.0600000000002,26.43
United States,Colorado,Oats,2013,spring,102.02,0.0,52.0,1361.5800000000002,29.05,5.63,0.0,0.0,398.23999999999995,4.359999999999999,264.58,0.0,5.0,2074.1499999999996,54.22,110.27000000000001,0.0,52.0,1983.27,29.05,55.75,0.0,0.0,555.0899999999999,16.34,206.21000000000004,0.0,5.0,1295.61,54.22
United States,Colorado,Oats,2014,spring,103.71000000000001,0.0,47.0,1389.53,22.490000000000002,11.38,0.0,2.0,397.61,8.17,213.2,0.0,2.0,2087.17,30.25,119.28000000000002,0.0,49.0,2070.08,22.490000000000002,55.169999999999995,0.0,0.0,521.3800000000001,20.580000000000002,153.84,0.0,2.0,1282.85,30.25
United States,Colorado,Oats,2015,spring,198.4,0.0,50.0,1269.8400000000001,35.51,38.0,0.0,0.0,359.64,16.38,120.36000000000001,0.0,0.0,2173.3299999999995,21.06,246.7,0.0,50.0,1910.24,35.51,58.05,0.0,0.0,585.17,21.06,52.01,0.0,0.0,1307.4,12.090000000000002
United States,Colorado,Oats,2016,spring,113.67,0.0,49.0,1343.73,29.93,27.260000000000005,0.0,0.0,400.2100000000001,10.54,123.55,0.0,3.0,2187.4799999999996,16.6,150.63,0.0,49.0,1918.16,29.93,30.639999999999993,0.0,0.0,566.45,16.6,83.21000000000001,0.0,3.0,1446.81,16.36
United States,Colorado,Oats,2017,spring,112.56,0.0,45.0,1413.3600000000004,25.43,4.26,0.0,0.0,422.88,3.9699999999999998,203.05,0.0,3.0,2053.79,23.04,117.99999999999997,0.0,45.0,1962.7600000000002,25.43,36.45,0.0,0.0,534.5699999999999,21.72,165.42000000000002,0.0,3.0,1392.7000000000003,23.040000000000003
United States,Colorado,Oats,2018,spring,62.629999999999995,0.0,33.0,1457.19,13.999999999999998,10.73,0.0,0.0,382.45,9.760000000000002,116.96000000000001,0.0,3.0,2242.7,20.31,72.25,0.0,33.0,1763.0299999999997,13.999999999999998,18.689999999999998,0.0,0.0,605.8199999999999,13.58,99.38,0.0,3.0,1713.49,20.310000000000002
United States,Illinois,Wheat,1990,winter,469.3599999999999,0.0,135.0,2614.4300000000003,58.379999999999995,156.06,0.0,0.0,353.53999999999996,59.230000000000004,235.21,0.0,0.0,890.9699999999999,70.28,565.73,0.0,135.0,2881.0400000000004,58.379999999999995,100.40999999999998,0.0,0.0,429.57,59.050000000000004,194.48999999999998,0.0,0.0,548.33,70.28
United States,Illinois,Wheat,1991,winter,646.6399999999999,1.0,121.0,2596.3,75.67,117.34,0.0,0.0,372.6499999999999,62.33,72.41,0.0,0.0,1003.01,17.94,680.05,1.0,121.0,2713.4400000000005,75.67,90.85000000000001,0.0,0.0,366.37999999999994,44.29,65.49,0.0,0.0,892.14,17.94
United States,Illinois,Wheat,1992,winter,568.77,0.0,129.0,2361.11,88.75999999999999,20.93,0.0,2.0,431.31000000000006,5.74,78.37,0.0,0.0,926.12,28.879999999999995,581.85,0.0,131.0,2680.4700000000003,88.75999999999999,25.910000000000004,0.0,0.0,470.9,8.5,60.31,0.0,0.0,567.17,28.879999999999995
United States,Illinois,Wheat,1993,winter,723.6400000000001,0.0,137.0,2291.24,59.78,33.45,0.0,0.0,374.95,11.7,210.89,0.0,0.0,861.28,61.19,771.5500000000001,0.0,137.0,2804.1400000000003,59.78,86.58,0.0,0.0,416.8600000000001,41.41,109.85,0.0,0.0,306.46999999999997,61.19
United States,Illinois,Wheat,1994,winter,688.19,0.0,133.0,2444.7699999999995,96.77,89.98999999999998,0.0,0.0,404.11,44.269999999999996,116.39999999999999,0.0,0.0,1049.1299999999999,29.47,797.8200000000002,0.0,133.0,3220.71,96.77,68.92999999999998,0.0,0.0,415.61,29.47,27.83,0.0,0.0,261.69,18.509999999999998
United States,Illinois,Wheat,1995,winter,567.0899999999999,0.0,116.0,2511.46,52.69,158.52,0.0,0.0,311.86,72.53,183.12,0.0,0.0,912.86,43.81,582.06,0.0,116.0,2608.21,52.69,240.10000000000002,0.0,0.0,393.48,94.67,86.57,0.0,0.0,734.49,22.86
United States,Illinois,Wheat,1996,winter,390.09,0.0,143.0,2618.04,32.29,149.86999999999998,0.0,0.0,277.72999999999996,56.010000000000005,170.23999999999998,0.0,0.0,881.7499999999999,59.69,543.88,0.0,143.0,2962.2200000000003,56.010000000000005,139.81,0.0,0.0,370.59000000000003,59.69,26.51,0.0,0.0,444.7099999999999,13.579999999999998
United States,Illinois,Wheat,1997,winter,466.1699999999999,0.0,137.0,2523.95,50.76,36.76999999999999,0.0,0.0,422.05000000000007,21.14,140.12,0.0,0.0,876.0,26.87,514.03,0.0,137.0,3033.13,50.76,83.30000000000001,0.0,0.0,363.69,22.9,45.730000000000004,0.0,0.0,425.18,26.87
United States,Illinois,Wheat,1998,winter,596.37,0.0,114.0,2470.36,51.26,126.52999999999999,0.0,0.0,382.64,45.21,269.9,0.0,0.0,893.6999999999999,37.57,671.62,0.0,114.0,2589.43,51.26,108.67999999999999,0.0,0.0,412.51,37.379999999999995,212.49999999999997,0.0,0.0,744.76,37.57
United States,Illinois,Wheat,1999,winter,524.46,0.0,111.0,2568.0800000000004,50.27,84.66,0.0,0.0,382.34,34.22,149.02,0.0,0.0,984.3699999999999,49.02,497.8,0.0,111.0,2493.3600000000006,50.27,111.32,0.0,0.0,457.05999999999995,34.22,149.02,0.0,0.0,984.3699999999999,49.02
United States,Illinois,Wheat,2000,winter,351.3399999999999,0.0,110.0,2755.1400000000003,36.92,34.39000000000001,0.0,0.0,391.46000000000004,13.14,205.78,0.0,0.0,860.3000000000001,61.49999999999999,315.24,0.0,110.0,2592.1000000000004,36.92,66.01,0.0,0.0,459.32000000000005,20.84,210.26000000000002,0.0,0.0,955.48,61.49999999999999
United States,Illinois,Wheat,2001,winter,527.16,1.0,143.0,2677.54,52.260000000000005,53.96,0.0,0.0,416.78,25.18,137.58999999999997,0.0,0.0,920.2299999999999,59.3,543.0100000000001,1.0,143.0,2927.5899999999997,52.260000000000005,92.78999999999999,0.0,0.0,426.36,30.47,82.91000000000003,0.0,0.0,660.6,59.3
United States,Illinois,Wheat,2002,winter,681.45,0.0,112.0,2648.4300000000003,68.33000000000001,183.09,0.0,0.0,346.27,88.33999999999999,133.70999999999998,0.0,2.0,959.06,71.95,681.55,0.0,112.0,2678.07,68.33000000000001,200.02,0.0,2.0,540.6100000000001,88.33999999999999,116.68,0.0,0.0,735.0799999999999,71.95
United States,Illinois,Wheat,2003,winter,365.97,0.0,129.0,2658.1299999999997,33.230000000000004,101.63,0.0,0.0,361.06,48.510000000000005,118.08000000000001,0.0,0.0,940.64,32.17,429.75,0.0,129.0,2874.21,33.230000000000004,63.9,0.0,0.0,460.5,29.0,92.03000000000002,0.0,0.0,625.12,32.17
United States,Illinois,Wheat,2004,winter,488.99,0.0,120.0,2727.5099999999998,68.13999999999999,77.56,0.0,0.0,385.91,42.68,168.07,0.0,0.0,959.7300000000001,43.709999999999994,512.03,0.0,120.0,2843.45,68.13999999999999,68.07000000000001,0.0,0.0,348.16,42.68,154.52,0.0,0.0,881.5400000000002,43.71
United States,Illinois,Wheat,2005,winter,605.79,0.0,109.0,2669.75,72.74,24.270000000000003,0.0,1.0,407.9800000000001,16.43,68.68,1.0,0.0,1020.62,24.239999999999995,605.79,0.0,109.0,2669.75,72.74,46.37000000000001,0.0,1.0,534.86,21.96,46.580000000000005,1.0,0.0,893.7399999999999,24.240000000000002
United States,Illinois,Wheat,2006,winter,524.22,1.0,116.0,2695.0999999999995,48.34,65.92999999999999,0.0,0.0,318.65999999999997,35.52,80.44,0.0,0.0,1020.8900000000001,26.29,511.48,1.0,116.0,2489.58,48.34,76.29,0.0,0.0,500.21999999999997,35.52,82.82000000000001,0.0,0.0,1044.8500000000001,26.29
United States,Illinois,Wheat,2007,winter,613.02,0.0,125.0,2492.2200000000003,81.3,31.619999999999997,0.0,0.0,417.1,16.72,145.23000000000002,0.0,0.0,954.9,57.129999999999995,617.99,0.0,125.0,2614.32,81.3,29.18,0.0,0.0,471.59,11.879999999999999,142.70000000000002,0.0,0.0,778.31,57.129999999999995
United States,Illinois,Wheat,2008,winter,653.5799999999999,1.0,128.0,2596.3599999999997,69.11,71.72,0.0,0.0,353.38999999999993,33.33,241.28000000000006,0.0,0.0,966.9599999999999,88.35000000000001,656.66,1.0,128.0,2670.1499999999996,69.11,99.78999999999999,0.0,0.0,506.49,33.33,210.13,0.0,0.0,740.0699999999999,88.35000000000001
United States,Illinois,Wheat,2009,winter,754.4799999999999,0.0,131.0,2617.4400000000005,136.1,142.01,0.0,0.0,353.75999999999993,75.03999999999999,176.75,0.0,0.0,943.3399999999999,51.6,845.0100000000001,0.0,131.0,2887.02,136.1,105.61,0.0,0.0,483.91999999999996,51.48,122.62,0.0,0.0,543.5999999999999,51.6
United States,Illinois,Wheat,2010,winter,745.2,0.0,109.0,2514.66,70.25,96.41999999999999,0.0,0.0,368.32,39.39,274.92999999999995,0.0,0.0,985.1699999999998,66.97999999999999,793.01,0.0,109.0,2802.51,70.25,93.53999999999999,0.0,0.0,396.03,39.39,230.0,0.0,0.0,669.6099999999999,66.97999999999999
United States,Illinois,Wheat,2011,winter,587.0,0.0,124.0,2584.3500000000004,64.14,49.2,0.0,0.0,365.24999999999994,31.720000000000002,220.60999999999999,0.0,0.0,849.71,44.53,602.44,0.0,124.0,2811.4400000000005,64.14,103.27,0.0,0.0,373.73,44.53,151.09999999999997,0.0,0.0,614.14,40.81
United States,Illinois,Wheat,2012,winter,434.34000000000003,3.0,99.0,2723.84,37.5,61.69,0.0,0.0,405.71000000000004,38.95,55.699999999999996,4.0,0.0,1111.08,15.57,390.29999999999995,3.0,98.0,2316.6200000000003,31.830000000000002,97.08000000000001,0.0,1.0,496.55,38.95,64.35,4.0,0.0,1427.46,15.57
United States,Illinois,Wheat,2013,winter,672.73,0.0,138.0,2564.16,69.91999999999999,72.60000000000001,0.0,0.0,388.81999999999994,42.61,242.49,0.0,0.0,866.59,64.29,744.3799999999999,0.0,138.0,2938.46,69.91999999999999,163.04,0.0,0.0,378.31000000000006,64.29,80.4,0.0,0.0,502.79999999999995,22.04
United States,Illinois,Wheat,2014,winter,453.64,3.0,141.0,2690.83,55.36,72.0,0.0,0.0,354.5,29.38,184.89000000000001,0.0,0.0,998.0199999999999,39.34,517.84,3.0,141.0,2993.7699999999995,55.36,20.4,0.0,0.0,452.96000000000004,7.800000000000001,172.29,0.0,0.0,596.62,39.34
United States,Illinois,Wheat,2015,winter,538.81,0.0,132.0,2588.07,79.29,77.55999999999999,0.0,0.0,398.9,34.4,271.3699999999999,0.0,0.0,891.2299999999999,56.87,616.0999999999999,0.0,132.0,2970.2,79.29,52.42,0.0,0.0,448.36,43.11,219.22,0.0,0.0,459.64,56.87
United States,Illinois,Wheat,2016,winter,661.05,0.0,100.0,2662.58,132.38,74.42000000000002,0.0,0.0,331.22999999999996,24.560000000000002,127.86000000000001,0.0,0.0,1093.49,28.150000000000002,616.32,0.0,100.0,2392.95,132.38,85.47,0.0,0.0,443.58000000000004,28.42,161.54,0.0,0.0,1250.77,28.150000000000002
United States,Illinois,Wheat,2017,winter,492.6700000000001,0.0,102.0,2580.3900000000003,54.99,147.72,0.0,0.0,382.51,74.11000000000001,132.18,0.0,0.0,1045.81,44.28,446.1,0.0,102.0,2206.46,54.99,172.05,0.0,0.0,441.33000000000004,74.11,154.42000000000002,0.0,0.0,1360.9199999999998,44.28
United States,Illinois,Wheat,2018,winter,599.74,0.0,134.0,2604.62,151.76,29.26,0.0,1.0,445.85999999999996,11.85,231.75999999999996,0.0,0.0,965.0400000000001,89.83,611.5900000000001,0.0,135.0,2791.9700000000003,151.76,34.11,0.0,0.0,404.06,15.860000000000001,215.05999999999997,0.0,0.0,819.49,89.83
United States,Illinois,Wheat,2019,winter,682.0300000000002,0.0,133.0,2536.8199999999997,73.25999999999999,75.4,0.0,1.0,336.47,34.0,208.97,0.0,0.0,905.21,42.22999999999999,754.01,0.0,134.0,2765.37,73.25999999999999,83.56,0.0,0.0,381.43000000000006,39.41,128.82999999999998,0.0,0.0,631.6999999999999,42.22999999999999
United States,Illinois,Wheat,2020,winter,617.46,0.0,126.0,2481.5299999999997,83.5,134.07,0.0,0.0,350.57,53.67,143.41000000000003,0.0,0.0,1003.2800000000001,39.34,675.69,0.0,126.0,2588.54,83.5,109.97,0.0,0.0,442.3,54.27,109.28,0.0,0.0,804.54,39.34
United States,Illinois,Wheat,2021,winter,478.96000000000004,0.0,121.0,2685.1500000000005,41.129999999999995,99.91000000000001,0.0,0.0,376.37999999999994,30.380000000000003,241.13,0.0,0.0,936.12,89.57,506.07,0.0,121.0,2780.41,41.129999999999995,88.44,0.0,0.0,459.98,35.03,225.48999999999998,0.0,0.0,757.26,89.57
United States,Illinois,Wheat,2022,winter,647.02,0.0,124.0,2585.9299999999994,55.63,50.94,0.0,0.0,347.24,26.18,84.35,0.0,0.0,983.3600000000001,21.25,648.9000000000001,0.0,124.0,2607.54,55.63,75.33,0.0,0.0,382.95000000000005,26.18,58.08,0.0,0.0,926.04,18.759999999999998
United States,Illinois,Wheat,2023,winter,497.04,0.0,117.0,2626.4699999999993,42.24,59.38,0.0,0.0,403.55999999999995,41.339999999999996,65.41000000000001,0.0,0.0,1042.3000000000002,34.019999999999996,497.12,0.0,117.0,2647.2299999999996,42.24,63.410000000000004,0.0,0.0,477.23,41.339999999999996,61.30000000000001,0.0,0.0,947.8700000000001,34.019999999999996
United States,Illinois,Wheat,2024,winter,578.96,0.0,104.0,2658.5299999999997,53.43000000000001,72.80999999999999,0.0,0.0,381.48,22.14,105.85999999999999,0.0,0.0,1035.6200000000001,43.55,499.25,0.0,102.0,2329.67,53.43000000000001,112.17,0.0,2.0,486.36999999999995,38.349999999999994,146.21,0.0,0.0,1259.59,43.55
United States,Illinois,Wheat,2025,winter,508.66999999999996,0.0,100.0,2740.91,83.92,42.53,0.0,0.0,416.43,13.36,151.41,0.0,0.0,929.8200000000002,40.480000000000004,470.80999999999995,0.0,100.0,2550.54,83.92,66.00999999999999,0.0,0.0,437.05000000000007,25.79,165.79,0.0,0.0,1099.57,40.480000000000004
United States,Illinois,Oats,1990,spring,243.77,0.0,9.0,1159.2500000000002,59.230000000000004,149.61,0.0,0.0,323.53,69.95,280.9100000000001,1.0,0.0,1931.95,58.51,238.45000000000002,0.0,9.0,987.65,59.230000000000004,84.98,0.0,0.0,440.72999999999996,42.72,350.86,1.0,0.0,1986.3500000000001,70.28
United States,Illinois,Oats,1991,spring,235.23000000000002,0.0,2.0,1253.02,62.33,19.509999999999998,0.0,0.0,365.36999999999995,15.42,265.64000000000004,2.0,0.0,2032.8200000000002,69.83,210.40000000000003,0.0,2.0,889.0900000000001,62.33,24.83,0.0,0.0,391.23,13.540000000000001,285.1500000000001,2.0,0.0,2370.8900000000003,69.83
United States,Illinois,Oats,1992,spring,107.75,0.0,9.0,1175.8700000000001,22.490000000000002,53.53,0.0,0.0,316.52000000000004,28.880000000000003,376.01,0.0,0.0,1830.23,56.379999999999995,96.36000000000001,0.0,9.0,1011.25,22.490000000000002,64.13,0.0,0.0,412.31,28.879999999999995,376.8,0.0,0.0,1899.06,56.379999999999995
United States,Illinois,Oats,1993,spring,225.38,0.0,8.0,1111.44,54.349999999999994,66.11,0.0,0.0,311.93,28.799999999999997,586.9,0.0,0.0,1728.53,62.970000000000006,172.75000000000003,0.0,8.0,957.79,54.349999999999994,103.11,0.0,0.0,420.9000000000001,41.41,602.53,0.0,0.0,1773.21,62.970000000000006
United States,Illinois,Oats,1994,spring,303.00000000000006,0.0,7.0,1383.0200000000002,96.77000000000001,50.35000000000001,0.0,0.0,351.21,29.47,241.17999999999998,0.0,0.0,1915.1399999999999,30.87,282.96000000000004,0.0,7.0,1223.17,96.77000000000001,68.73,0.0,0.0,438.17,29.47,242.83999999999997,0.0,0.0,1988.03,30.87
United States,Illinois,Oats,1995,spring,353.53,0.0,4.0,1074.6,94.67,29.930000000000003,0.0,0.0,347.99,13.250000000000002,236.74999999999997,0.0,1.0,2052.6000000000004,35.94,346.77000000000004,0.0,4.0,903.0699999999999,94.67,24.98,0.0,0.0,445.06,13.250000000000002,248.45999999999998,0.0,1.0,2127.0600000000004,35.94
United States,Illinois,Oats,1996,spring,321.34,0.0,10.0,1103.9099999999999,59.69,50.25999999999999,0.0,0.0,279.89,20.349999999999998,201.82,2.0,0.0,2040.1900000000003,37.790000000000006,286.21999999999997,0.0,10.0,912.33,59.69,82.85999999999999,0.0,0.0,409.43,30.13,204.33999999999997,2.0,0.0,2102.23,37.790000000000006
United States,Illinois,Oats,1997,spring,134.10000000000002,0.0,12.0,1253.9699999999998,22.9,42.919999999999995,0.0,0.0,302.23,22.650000000000002,261.05,6.0,0.0,2007.8799999999999,44.63,131.25,0.0,12.0,1198.8899999999996,22.9,46.4,0.0,0.0,393.99,22.65,260.42,6.0,0.0,1971.2,44.63
United States,Illinois,Oats,1998,spring,280.91999999999996,0.0,2.0,1194.92,45.209999999999994,130.0,0.0,0.0,275.4,37.57,296.0100000000001,0.0,0.0,2033.8700000000001,55.20000000000001,223.88,0.0,2.0,897.13,45.209999999999994,115.75,0.0,0.0,388.5799999999999,35.09,367.30000000000007,0.0,0.0,2218.4800000000005,55.2
United States,Illinois,Oats,1999,spring,284.27,0.0,0.0,1201.0,50.27,56.42,0.0,0.0,339.46999999999997,49.02,255.67000000000002,2.0,0.0,2128.71,69.30000000000001,224.57000000000002,0.0,0.0,863.8199999999999,50.27,65.16,0.0,0.0,443.43,36.9,306.63,2.0,0.0,2361.93,69.30000000000001
United States,Illinois,Oats,2000,spring,163.45000000000002,0.0,4.0,1155.2,37.550000000000004,91.04,0.0,0.0,314.66,53.87,327.64,3.0,0.0,2009.7300000000002,42.86999999999999,111.15,0.0,4.0,909.8400000000001,20.84,69.48,0.0,0.0,391.65000000000003,37.550000000000004,401.5,3.0,0.0,2178.1000000000004,61.49999999999999
United States,Illinois,Oats,2001,spring,235.22,0.0,4.0,1214.81,57.39,13.0,0.0,0.0,357.78000000000003,5.7,257.0799999999999,6.0,0.0,2091.9599999999996,46.379999999999995,100.72999999999999,0.0,4.0,888.4599999999998,33.76,136.72,0.0,0.0,412.35,59.3,267.85,6.0,0.0,2363.74,46.379999999999995
United States,Illinois,Oats,2002,spring,379.64,0.0,8.0,1177.5800000000002,88.34,84.07000000000001,0.0,0.0,327.41,71.95,286.08000000000004,0.0,0.0,2096.77,48.330000000000005,356.01,0.0,8.0,1008.4200000000001,88.34,107.57999999999998,0.0,0.0,370.49,71.95,286.20000000000005,0.0,0.0,2222.85,48.330000000000005
United States,Illinois,Oats,2003,spring,199.31,0.0,6.0,1186.24,48.510000000000005,63.78000000000001,0.0,0.0,322.62,32.17,371.36999999999995,6.0,0.0,2109.2799999999997,107.78999999999999,177.49999999999997,0.0,6.0,926.2099999999999,48.510000000000005,80.32,0.0,0.0,419.59,32.17,376.64,6.0,0.0,2272.3399999999997,107.78999999999999
United States,Illinois,Oats,2004,spring,205.01999999999998,0.0,5.0,1309.23,43.709999999999994,68.59,0.0,0.0,324.63,31.73,251.91,0.0,0.0,2047.63,58.47,131.54,0.0,5.0,957.89,42.68,73.55,0.0,0.0,432.09000000000003,43.709999999999994,320.43,0.0,0.0,2291.5099999999998,58.47
United States,Illinois,Oats,2005,spring,98.55,0.0,2.0,1333.96,23.590000000000003,41.03999999999999,0.0,0.0,352.2900000000001,24.240000000000002,253.04999999999998,14.0,0.0,2078.67,28.07,95.47999999999999,0.0,2.0,1037.94,23.590000000000003,19.82,0.0,0.0,432.27,11.1,277.34000000000003,14.0,0.0,2294.71,28.07
United States,Illinois,Oats,2006,spring,205.12,0.0,3.0,1296.0500000000002,48.34,22.16,0.0,0.0,332.14,15.219999999999999,298.5199999999999,4.0,0.0,1905.2100000000003,53.02,163.98000000000002,0.0,3.0,1001.35,48.34,46.88,0.0,0.0,397.21,26.29,314.94,4.0,0.0,2134.84,53.02
United States,Illinois,Oats,2007,spring,152.32000000000002,0.0,13.0,1254.29,41.160000000000004,11.07,0.0,0.0,390.13,10.01,265.75,7.0,0.0,2089.16,57.129999999999995,110.74,0.0,13.0,1016.71,41.160000000000004,42.44,0.0,0.0,391.78,19.9,275.96000000000004,7.0,0.0,2325.0899999999997,57.129999999999995
United States,Illinois,Oats,2008,spring,296.5799999999999,0.0,5.0,1179.8,88.35000000000002,47.11000000000001,0.0,0.0,363.06,35.519999999999996,523.2,0.0,0.0,2041.43,136.1,172.16000000000003,0.0,5.0,1031.07,33.980000000000004,171.08,0.0,0.0,364.40000000000003,88.35000000000001,523.65,0.0,0.0,2188.82,136.1
United States,Illinois,Oats,2009,spring,326.08,0.0,8.0,1234.99,75.03999999999999,100.79,0.0,0.0,267.13,51.6,306.48,0.0,0.0,1945.27,35.550000000000004,294.98,0.0,8.0,1012.16,75.03999999999999,79.36999999999999,0.0,0.0,404.99,26.369999999999997,359.0,0.0,0.0,2030.24,51.6
United States,Illinois,Oats,2010,spring,250.3,0.0,0.0,1290.0100000000002,40.64000000000001,125.73,0.0,0.0,322.14,46.629999999999995,415.85999999999996,0.0,0.0,2136.9400000000005,69.53,185.82000000000002,0.0,0.0,928.61,40.64000000000001,65.91000000000001,0.0,0.0,413.9,31.369999999999997,540.16,0.0,0.0,2406.5800000000004,69.52999999999999
United States,Illinois,Oats,2011,spring,294.08000000000004,0.0,1.0,1088.08,44.53,83.13,0.0,0.0,309.9,40.81,178.1,5.0,0.0,2046.79,39.540000000000006,214.13000000000002,0.0,1.0,857.31,34.35,93.38000000000001,0.0,0.0,352.04,44.53,247.8,5.0,0.0,2235.42,40.81
United States,Illinois,Oats,2012,spring,144.43,0.0,1.0,1388.2500000000002,38.95,20.689999999999998,0.0,0.0,413.5,14.1,230.79,32.0,0.0,2114.3100000000004,79.66,112.33000000000001,0.0,1.0,962.8199999999999,38.95,32.1,0.0,0.0,485.69999999999993,15.57,251.48000000000002,32.0,0.0,2467.5400000000004,79.66
United States,Illinois,Oats,2013,spring,389.55000000000007,0.0,7.0,1172.1300000000003,69.92,27.25,0.0,0.0,339.75,21.0,187.18,4.0,0.0,2032.9,27.8,277.62,0.0,7.0,979.9800000000001,69.92,115.32000000000002,0.0,0.0,394.45,57.16,211.04,4.0,0.0,2170.3499999999995,27.8
United States,Illinois,Oats,2014,spring,196.99,0.0,6.0,1286.29,41.84,72.08,0.0,0.0,327.90000000000003,32.13,400.34000000000003,0.0,0.0,1980.0000000000002,79.29,150.38999999999996,0.0,6.0,1012.6500000000001,41.84,101.68,0.0,0.0,402.61000000000007,36.96,417.34000000000003,0.0,0.0,2178.9300000000003,79.29
United States,Illinois,Oats,2015,spring,205.71000000000004,0.0,3.0,1284.19,43.11,142.7,0.0,0.0,293.97,56.87,314.28999999999996,0.0,0.0,1962.66,53.16,155.29,0.0,3.0,966.9799999999999,34.4,107.47000000000001,0.0,0.0,430.92999999999995,56.87,399.94000000000005,0.0,0.0,2142.91,53.16
United States,Illinois,Oats,2016,spring,211.76999999999998,0.0,8.0,1247.6200000000001,28.42,27.05,0.0,0.0,405.91999999999996,25.03,430.46000000000004,0.0,0.0,2017.4800000000002,67.26,158.91,0.0,8.0,1017.9599999999999,28.42,53.32999999999999,0.0,0.0,418.84,24.689999999999998,457.04,0.0,0.0,2234.22,67.26
United States,Illinois,Oats,2017,spring,298.66,0.0,1.0,1270.79,74.11,38.6,0.0,0.0,406.02,23.950000000000003,188.17000000000002,1.0,0.0,2122.7500000000005,27.82,276.8,0.0,1.0,908.17,74.11,21.86,0.0,0.0,512.4399999999999,13.9,226.76999999999998,1.0,0.0,2378.95,27.82
United States,Illinois,Oats,2018,spring,158.2,0.0,17.0,1325.88,35.4,122.52999999999997,0.0,0.0,316.81000000000006,89.83,354.94999999999993,0.0,0.0,1994.42,73.25999999999999,120.63000000000001,0.0,17.0,1052.09,35.4,130.79,0.0,0.0,373.94,89.83,384.25999999999993,0.0,0.0,2211.0799999999995,73.25999999999999
United States,Illinois,Oats,2019,spring,257.67999999999995,0.0,4.0,1165.99,39.41,75.71999999999998,0.0,0.0,306.60999999999996,42.22999999999999,270.15,0.0,0.0,2050.53,34.190000000000005,219.42999999999998,0.0,4.0,897.46,39.41,40.61,0.0,0.0,418.19,21.950000000000003,343.51,0.0,0.0,2207.4800000000005,42.22999999999999
United States,Illinois,Oats,2020,spring,277.36,0.0,7.0,1231.4,54.269999999999996,15.72,0.0,0.0,392.07000000000005,7.43,292.94999999999993,0.0,0.0,2077.93,49.74,237.65000000000003,0.0,7.0,1042.91,54.269999999999996,48.35000000000001,0.0,0.0,507.2099999999999,39.34,300.03,0.0,0.0,2151.28,49.74
United States,Illinois,Oats,2021,spring,167.64,0.0,6.0,1287.0700000000002,35.03,61.379999999999995,0.0,0.0,363.65000000000003,36.08,428.07,0.0,0.0,1937.0799999999997,89.57,140.15,0.0,6.0,1022.7299999999999,35.03,51.28999999999999,0.0,0.0,424.54999999999995,26.939999999999998,465.65,0.0,0.0,2140.5200000000004,89.57
United States,Illinois,Oats,2022,spring,168.65,0.0,9.0,1175.5099999999998,26.18,15.780000000000001,0.0,0.0,338.84,7.24,302.1,2.0,0.0,2036.73,50.67,152.1,0.0,9.0,937.5499999999998,26.18,29.679999999999996,0.0,0.0,370.67,12.54,304.75,2.0,0.0,2242.8599999999997,50.67
United States,Illinois,Oats,2023,spring,105.77000000000001,0.0,4.0,1383.53,41.339999999999996,20.82,0.0,0.0,355.78000000000003,16.28,284.49,9.0,0.0,1990.5500000000002,53.010000000000005,102.33999999999999,0.0,4.0,1026.21,41.339999999999996,7.83,0.0,0.0,490.97,4.4,300.90999999999997,9.0,0.0,2212.68,53.010000000000005
United States,Illinois,Oats,2024,spring,288.56,0.0,5.0,1257.64,53.43,11.04,0.0,0.0,386.41,10.4,387.4,4.0,0.0,2059.12,89.10999999999999,215.06,0.0,5.0,858.11,53.43,73.64,0.0,0.0,456.66,43.55,398.29999999999995,4.0,0.0,2388.4000000000005,89.10999999999999
United States,Illinois,Oats,2025,spring,230.82,0.0,3.0,1218.79,50.16,54.26,0.0,0.0,312.02,21.07,197.07999999999998,3.0,0.0,2133.83,29.49,181.86,0.0,3.0,922.6500000000001,50.16,63.019999999999996,0.0,0.0,453.14,40.480000000000004,237.28,3.0,0.0,2288.85,29.49
United States,Iowa,Wheat,1990,winter,398.44,0.0,157.0,2675.0300000000007,62.95,80.05,0.0,1.0,397.7900000000001,35.699999999999996,330.23999999999995,0.0,0.0,916.88,100.09,593.6999999999999,0.0,158.0,3480.7000000000003,62.95,193.19,0.0,0.0,385.97,100.09,21.84,0.0,0.0,123.03,19.59
United States,Iowa,Wheat,1991,winter,486.22999999999996,0.0,136.0,2682.76,53.83,115.45,0.0,0.0,335.01000000000005,49.32,185.23999999999998,0.0,0.0,929.9100000000001,46.75,604.26,0.0,136.0,3057.0200000000004,53.83,121.54,0.0,0.0,333.51000000000005,46.75,61.120000000000005,0.0,0.0,557.1500000000001,43.56999999999999
United States,Iowa,Wheat,1992,winter,510.76,0.0,155.0,2315.4100000000003,49.26000000000001,14.3,0.0,0.0,449.33000000000004,11.139999999999999,59.58999999999999,0.0,0.0,1012.3399999999999,20.75,550.17,0.0,155.0,3155.8,49.26000000000001,30.710000000000004,0.0,0.0,451.44000000000005,20.75,3.7700000000000005,0.0,0.0,169.84,2.6
United States,Iowa,Wheat,1993,winter,532.95,0.0,157.0,2514.56,60.09,114.60000000000001,0.0,0.0,325.38000000000005,35.69,265.37,0.0,0.0,831.1299999999999,50.14,791.56,0.0,157.0,3344.84,60.09,121.36,0.0,0.0,326.23,50.14,0.0,0.0,0.0,0.0,0.0
United States,Iowa,Wheat,1994,winter,288.19,0.0,156.0,2641.0299999999997,37.4,45.18000000000001,0.0,3.0,396.9799999999999,21.66,189.74999999999997,0.0,0.0,994.01,44.55,439.53999999999996,0.0,159.0,3705.1099999999997,37.4,83.58,0.0,0.0,326.91,44.55,0.0,0.0,0.0,0.0,0.0
United States,Iowa,Wheat,1995,winter,466.23,0.0,137.0,2484.8099999999995,47.269999999999996,89.47000000000001,0.0,0.0,311.35999999999996,53.06,152.99000000000004,0.0,0.0,909.1800000000001,38.57,607.15,0.0,137.0,3008.4700000000003,53.059999999999995,46.95,0.0,0.0,424.54999999999995,17.6,54.59,0.0,0.0,272.33000000000004,38.57
United States,Iowa,Wheat,1996,winter,282.47999999999996,0.0,161.0,2586.93,37.370000000000005,131.45,0.0,1.0,298.31999999999994,64.74,234.10999999999999,0.0,0.0,826.94,49.239999999999995,552.51,0.0,162.0,3311.57,64.74,92.96000000000001,0.0,0.0,344.29,44.24,2.57,0.0,0.0,56.33,2.57
United States,Iowa,Wheat,1997,winter,410.77,0.0,153.0,2582.71,42.18,78.76,0.0,3.0,432.27,51.7,148.73999999999998,0.0,0.0,1015.9999999999999,54.230000000000004,542.0999999999999,0.0,156.0,3585.01,51.7,83.5,0.0,0.0,401.24,54.230000000000004,12.669999999999998,0.0,0.0,44.730000000000004,12.669999999999998
United States,Iowa,Wheat,1998,winter,443.08,0.0,143.0,2506.1800000000003,45.2,44.989999999999995,0.0,0.0,423.1,16.49,325.69000000000005,0.0,0.0,884.65,50.39,499.34999999999997,0.0,143.0,2997.49,45.2,147.56,0.0,0.0,400.53000000000014,35.32,166.85,0.0,0.0,415.91,50.39
United States,Iowa,Wheat,1999,winter,345.89,0.0,129.0,2604.7299999999996,35.989999999999995,71.92,0.0,0.0,341.69000000000005,30.25,185.94000000000003,0.0,0.0,960.5300000000001,44.99,383.06,0.0,129.0,2872.3199999999997,35.989999999999995,82.19,0.0,0.0,476.07,24.520000000000003,138.50000000000003,0.0,0.0,558.5600000000001,44.99
United States,Iowa,Wheat,2000,winter,249.64999999999998,0.0,123.0,2727.2000000000003,16.83,19.540000000000003,1.0,0.0,428.71999999999997,10.370000000000001,171.32999999999998,1.0,0.0,925.02,36.9,257.41999999999996,0.0,123.0,2978.29,16.83,50.67,1.0,0.0,385.4,22.41,132.42999999999998,1.0,0.0,717.2500000000001,36.9
United States,Iowa,Wheat,2001,winter,380.86,2.0,156.0,2650.9700000000003,28.330000000000005,82.64,0.0,0.0,369.60999999999996,29.490000000000002,156.16000000000003,0.0,0.0,938.7700000000001,33.21000000000001,501.53,2.0,156.0,3153.41,29.49000000000001,98.41000000000003,0.0,0.0,434.53999999999996,33.21000000000001,19.720000000000002,0.0,0.0,371.4,7.550000000000001
United States,Iowa,Wheat,2002,winter,389.85,0.0,137.0,2607.4900000000007,67.72,54.74000000000001,0.0,0.0,402.34000000000003,30.089999999999996,108.28,3.0,0.0,1046.6100000000001,38.849999999999994,447.60999999999996,0.0,137.0,3148.7700000000004,67.72,43.91,0.0,0.0,400.76,12.739999999999998,61.35,3.0,0.0,506.91,38.85
United States,Iowa,Wheat,2003,winter,315.52,0.0,156.0,2578.79,32.19,154.79,0.0,0.0,354.81000000000006,55.37,121.77,0.0,0.0,1000.7900000000001,42.94,488.37000000000006,0.0,156.0,3290.02,55.37,47.12999999999999,0.0,0.0,455.4700000000001,26.08,56.58,0.0,0.0,188.89999999999998,42.94
United States,Iowa,Wheat,2004,winter,386.96000000000004,0.0,145.0,2676.9,76.89,58.27,0.0,0.0,370.53,19.88,221.55,0.0,0.0,956.0600000000001,83.82000000000001,448.61,0.0,145.0,3107.4799999999996,76.89,139.92000000000004,0.0,0.0,419.4099999999999,83.82000000000001,78.25,0.0,0.0,476.6,26.43
United States,Iowa,Wheat,2005,winter,309.93000000000006,0.0,135.0,2637.24,40.830000000000005,84.54999999999998,0.0,4.0,372.93,69.23,136.95000000000002,1.0,0.0,966.0899999999999,47.06,391.95,0.0,139.0,2976.37,69.23,28.11,0.0,0.0,419.65,11.45,111.37,1.0,0.0,580.24,47.06
United States,Iowa,Wheat,2006,winter,271.37,1.0,133.0,2597.98,30.730000000000004,65.36,0.0,0.0,326.19,46.85,61.160000000000004,1.0,0.0,1000.47,14.03,329.90000000000003,1.0,133.0,2790.4700000000003,46.85,34.02,0.0,0.0,416.17,14.03,33.97,1.0,0.0,718.0,12.760000000000002
United States,Iowa,Wheat,2007,winter,518.6099999999999,0.0,141.0,2618.9299999999994,83.55,56.00000000000001,0.0,0.0,425.54,47.1,165.68,0.0,0.0,1024.9,56.519999999999996,610.27,0.0,141.0,3179.08,83.55,72.96000000000001,0.0,0.0,472.63,32.2,57.059999999999995,0.0,0.0,417.65999999999997,45.86
United States,Iowa,Wheat,2008,winter,469.04999999999995,0.0,153.0,2632.64,52.22,45.71,0.0,2.0,424.0,23.889999999999997,343.61,0.0,0.0,953.09,72.58000000000001,639.34,0.0,155.0,3375.8899999999994,65.52000000000001,170.42,0.0,0.0,426.47,72.58,48.61,0.0,0.0,207.36999999999998,45.739999999999995
United States,Iowa,Wheat,2009,winter,499.16,0.0,154.0,2645.0,72.94999999999999,48.620000000000005,0.0,0.0,383.62999999999994,16.59,177.01,0.0,0.0,908.3699999999999,47.529999999999994,609.5799999999999,0.0,154.0,3399.59,72.94999999999999,97.64,0.0,0.0,351.81,29.41,17.57,0.0,0.0,185.6,17.439999999999998
United States,Iowa,Wheat,2010,winter,468.83000000000004,0.0,125.0,2637.4399999999996,60.25,93.4,0.0,0.0,382.71999999999997,53.129999999999995,298.36,0.0,0.0,1004.0799999999999,72.93,576.1400000000001,0.0,125.0,3192.95,60.25,146.58,0.0,0.0,421.45,60.3,137.87,0.0,0.0,409.84000000000003,72.93
United States,Iowa,Wheat,2011,winter,344.99,0.0,148.0,2516.05,46.739999999999995,40.59,0.0,3.0,426.73999999999995,26.409999999999997,238.49,0.0,0.0,874.1800000000001,58.989999999999995,468.12,0.0,151.0,3245.87,46.739999999999995,123.11999999999999,0.0,0.0,358.56,58.989999999999995,32.82999999999999,0.0,0.0,212.54,26.08
United States,Iowa,Wheat,2012,winter,333.41,1.0,123.0,2762.8900000000003,57.95,56.879999999999995,0.0,0.0,436.63,22.63,93.86999999999999,3.0,0.0,1037.18,24.71,361.36,1.0,123.0,2814.92,57.95,29.35,0.0,0.0,506.98,17.29,93.45,3.0,0.0,914.8,24.71
United States,Iowa,Wheat,2013,winter,394.05999999999995,1.0,159.0,2635.34,56.669999999999995,78.84000000000002,0.0,2.0,397.96,35.81,242.61,0.0,0.0,849.19,79.56,634.92,1.0,161.0,3353.2200000000003,79.56,43.5,0.0,0.0,375.60999999999996,24.299999999999997,37.089999999999996,0.0,0.0,153.66,35.089999999999996
United States,Iowa,Wheat,2014,winter,325.90999999999997,2.0,156.0,2689.2,50.37,80.47,0.0,0.0,327.26,45.769999999999996,275.24,0.0,0.0,917.04,68.27,432.40999999999997,2.0,156.0,3257.86,50.37,86.07,0.0,0.0,425.88999999999993,39.73,163.14000000000001,0.0,0.0,249.74999999999997,68.27
United States,Iowa,Wheat,2015,winter,349.01,0.0,141.0,2747.75,40.62,59.13,0.0,0.0,369.81999999999994,23.0,222.77000000000004,0.0,0.0,903.1099999999999,58.04999999999999,457.02,0.0,141.0,3310.89,44.480000000000004,89.87,0.0,0.0,386.88,37.879999999999995,84.02,0.0,0.0,322.91,58.05
United States,Iowa,Wheat,2016,winter,495.64,0.0,130.0,2688.33,87.71000000000001,53.51000000000001,0.0,0.0,355.01000000000005,29.270000000000003,128.16,0.0,0.0,1119.04,30.16,543.98,0.0,130.0,2912.45,87.71000000000001,74.55000000000001,0.0,0.0,528.62,30.16,58.78000000000001,0.0,0.0,721.31,16.96
United States,Iowa,Wheat,2017,winter,442.13,0.0,115.0,2461.9800000000005,51.03,91.3,0.0,0.0,412.19,36.35,114.30000000000001,0.0,0.0,1018.8200000000002,28.259999999999998,484.02,0.0,115.0,2625.25,51.03,93.33999999999999,0.0,0.0,458.3900000000001,37.14,70.37,0.0,0.0,809.35,25.59
United States,Iowa,Wheat,2018,winter,367.28,0.0,167.0,2645.4700000000003,60.739999999999995,72.88,0.0,0.0,399.81,52.089999999999996,264.1,2.0,0.0,950.9000000000001,57.0,459.53999999999996,0.0,167.0,3208.1000000000004,60.739999999999995,52.16,2.0,0.0,394.1,16.720000000000002,192.56,0.0,0.0,393.98,56.99999999999999
United States,Iowa,Oats,1990,spring,235.70000000000002,0.0,13.0,1253.15,47.39,175.85999999999999,0.0,0.0,324.75999999999993,100.09,380.82,0.0,0.0,2028.1299999999999,58.41,232.14000000000001,0.0,13.0,1190.5999999999995,47.39,206.29000000000002,0.0,0.0,419.84999999999997,100.09,353.95,0.0,0.0,1995.59,58.41
United States,Iowa,Oats,1991,spring,418.76,0.0,2.0,1118.9699999999998,53.83,56.47,0.0,0.0,358.32000000000005,43.56999999999999,214.43,0.0,2.0,2033.1599999999999,52.77,309.44000000000005,0.0,2.0,880.0400000000001,53.83,119.18999999999998,0.0,0.0,408.71000000000004,46.75000000000001,261.03000000000003,0.0,2.0,2221.7,52.77
United States,Iowa,Oats,1992,spring,128.6,0.0,10.0,1221.48,47.84,25.63,0.0,0.0,352.83,20.75,440.18,0.0,0.0,1907.5100000000002,63.18,128.07,0.0,10.0,1118.2,47.84,26.16,0.0,0.0,456.10999999999996,20.75,440.18,0.0,0.0,1907.5100000000002,63.18
United States,Iowa,Oats,1993,spring,269.18,0.0,8.0,1057.11,35.69,121.36,0.0,0.0,287.43999999999994,50.14,732.18,0.0,0.0,1755.1400000000003,115.75,256.49,0.0,8.0,994.03,35.69,137.74,0.0,0.0,429.69,50.14,728.49,0.0,0.0,1675.97,115.75
United States,Iowa,Oats,1994,spring,144.29999999999998,0.0,9.0,1388.9,22.060000000000002,82.46000000000001,0.0,0.0,326.36,26.92,343.85999999999996,0.0,0.0,1884.2900000000004,47.269999999999996,112.38,0.0,9.0,1250.63,22.060000000000002,101.34,0.0,0.0,432.46,34.71,356.9,0.0,0.0,1916.46,47.269999999999996
United States,Iowa,Oats,1995,spring,281.94000000000005,0.0,12.0,1098.9299999999998,53.059999999999995,27.249999999999996,0.0,0.0,354.13,14.04,335.0799999999999,1.0,1.0,1967.89,38.57,273.06000000000006,0.0,12.0,1085.06,53.059999999999995,40.33,0.0,0.0,447.03999999999996,17.6,330.88,1.0,1.0,1888.85,38.57
United States,Iowa,Oats,1996,spring,269.32,0.0,14.0,1094.0200000000002,64.74,84.93,0.0,0.0,280.58000000000004,44.24,310.66,0.0,0.0,2043.69,58.15,264.9,0.0,14.0,1079.5900000000001,64.74,111.89999999999999,0.0,0.0,351.96,44.24,288.11,0.0,0.0,1986.7400000000002,58.15
United States,Iowa,Oats,1997,spring,165.58,0.0,14.0,1280.65,51.7,61.910000000000004,0.0,0.0,370.59,44.95,240.76000000000005,7.0,0.0,2024.0900000000001,30.370000000000005,165.79000000000002,0.0,14.0,1307.39,51.7,89.38000000000001,0.0,0.0,437.97999999999996,54.230000000000004,213.08,7.0,0.0,1929.9599999999998,30.370000000000005
United States,Iowa,Oats,1998,spring,202.8,0.0,5.0,1252.6599999999999,34.239999999999995,176.15999999999997,0.0,0.0,263.11,50.39,307.56,0.0,0.0,2059.1699999999996,41.56,155.60999999999999,0.0,5.0,991.4800000000001,31.639999999999993,165.85999999999999,0.0,0.0,426.89000000000004,48.949999999999996,365.05,0.0,0.0,2156.5699999999997,43.2
United States,Iowa,Oats,1999,spring,256.07000000000005,0.0,3.0,1168.2099999999998,30.25,76.21000000000002,0.0,0.0,308.55,44.99,336.96999999999997,5.0,0.0,2118.8199999999993,26.91,218.93,0.0,3.0,975.64,30.25,102.16000000000001,0.0,0.0,398.78,44.99,348.15999999999997,5.0,0.0,2221.16,26.91
United States,Iowa,Oats,2000,spring,124.38999999999997,1.0,5.0,1260.79,22.41,68.28,1.0,0.0,319.84,36.9,285.7200000000001,6.0,0.0,1952.22,26.12,71.88999999999999,1.0,5.0,1007.8599999999999,15.25,61.6,1.0,0.0,376.78999999999996,22.41,344.9,6.0,0.0,2148.2,36.9
United States,Iowa,Oats,2001,spring,230.85999999999999,0.0,8.0,1157.2200000000003,29.490000000000002,61.51,0.0,0.0,340.46,33.21,319.91,7.0,0.0,2033.49,67.72,171.56,0.0,8.0,926.7399999999999,29.490000000000002,112.38,0.0,0.0,447.09,33.21000000000001,328.34000000000003,7.0,0.0,2157.3399999999997,67.72
United States,Iowa,Oats,2002,spring,165.22,0.0,9.0,1293.6999999999998,30.089999999999996,54.54,0.0,0.0,339.22999999999996,38.85,359.8200000000001,11.0,0.0,2101.2000000000003,50.97,151.48,0.0,9.0,1187.9399999999998,30.089999999999996,65.07000000000001,0.0,0.0,378.56,38.849999999999994,363.03,11.0,0.0,2167.63,50.97
United States,Iowa,Oats,2003,spring,236.98000000000002,0.0,7.0,1225.2,55.37,40.32000000000001,0.0,0.0,350.78000000000003,23.99,252.25,10.0,0.0,2139.41,54.28000000000001,217.83999999999997,0.0,7.0,1064.24,55.37,59.46000000000001,0.0,0.0,452.22,26.08,252.25,10.0,0.0,2198.9300000000003,54.28000000000001
United States,Iowa,Oats,2004,spring,245.33999999999997,0.0,8.0,1301.6100000000001,83.82000000000001,64.24,0.0,0.0,321.06,26.43,268.89,0.0,0.0,2063.6400000000003,52.400000000000006,213.62000000000003,0.0,8.0,1037.38,83.82000000000001,68.4,0.0,0.0,440.9800000000001,28.060000000000002,296.45,0.0,0.0,2207.95,52.400000000000006
United States,Iowa,Oats,2005,spring,196.1,0.0,6.0,1255.61,69.23,47.53999999999999,0.0,0.0,358.56,24.52,296.90000000000003,12.0,0.0,2123.3,47.06,177.36999999999998,0.0,6.0,1017.2900000000001,69.23,59.14,0.0,0.0,411.78,24.52,304.03000000000003,12.0,0.0,2308.4,47.06
United States,Iowa,Oats,2006,spring,140.7,0.0,4.0,1274.5600000000002,46.85,11.76,1.0,0.0,321.1,6.21,380.45000000000005,11.0,0.0,1956.94,63.23,113.49,0.0,4.0,975.2400000000002,46.85,28.810000000000002,0.0,0.0,399.92999999999995,12.03,390.60999999999996,12.0,0.0,2177.43,63.23
United States,Iowa,Oats,2007,spring,288.58,0.0,13.0,1331.0400000000002,83.55,17.180000000000003,0.0,0.0,396.13,10.57,420.53999999999996,1.0,0.0,2071.4500000000003,64.14,250.13,0.0,13.0,1135.84,83.55,47.379999999999995,0.0,0.0,492.93,32.2,428.78999999999996,1.0,0.0,2169.85,64.14
United States,Iowa,Oats,2008,spring,339.03000000000003,0.0,14.0,1196.1399999999999,65.52000000000001,122.14,0.0,0.0,358.72,67.17999999999999,364.42999999999995,0.0,0.0,2040.4999999999998,72.13,274.56,0.0,14.0,1143.2400000000002,65.52000000000001,188.18,0.0,0.0,438.05,72.58,362.85999999999996,0.0,0.0,2014.0699999999997,72.13
United States,Iowa,Oats,2009,spring,212.96000000000004,0.0,14.0,1294.59,72.95,86.94999999999999,0.0,0.0,249.28000000000003,29.41,279.42,0.0,0.0,2012.8800000000003,39.35,203.56,0.0,14.0,1172.14,72.95,106.28,0.0,0.0,387.06,29.41,269.48999999999995,0.0,0.0,1997.5500000000002,39.35
United States,Iowa,Oats,2010,spring,236.07999999999996,0.0,1.0,1294.7400000000002,53.129999999999995,135.95,0.0,0.0,282.56000000000006,60.3,630.7099999999999,0.0,0.0,2093.3300000000004,120.99,175.93,0.0,1.0,988.8300000000002,53.129999999999995,138.36,0.0,0.0,438.62999999999994,60.3,688.45,0.0,0.0,2243.1699999999996,120.99
United States,Iowa,Oats,2011,spring,212.35,0.0,11.0,1185.3300000000002,41.46000000000001,122.64000000000001,0.0,0.0,288.65999999999997,58.989999999999995,206.77,1.0,0.0,2016.3400000000006,26.08,210.32,0.0,11.0,1073.4099999999999,41.46000000000001,89.41999999999999,0.0,0.0,359.94,58.989999999999995,242.02,1.0,0.0,2056.98,40.129999999999995
United States,Iowa,Oats,2012,spring,173.06,0.0,3.0,1395.1700000000003,57.95,54.71000000000001,1.0,0.0,369.84,23.54,141.88,34.0,0.0,2179.45,18.09,144.47,0.0,3.0,1015.0600000000001,57.95,29.700000000000003,0.0,0.0,453.39,15.030000000000001,195.48,35.0,0.0,2476.0099999999998,24.71
United States,Iowa,Oats,2013,spring,379.95,0.0,19.0,1160.5199999999998,79.56,40.21999999999999,0.0,0.0,320.62,24.299999999999997,134.83,8.0,0.0,2098.97,35.089999999999996,367.12,0.0,19.0,1137.6599999999999,79.56,54.9,0.0,0.0,383.42,24.299999999999997,132.98,8.0,0.0,2059.0299999999997,35.089999999999996
United States,Iowa,Oats,2014,spring,243.67000000000002,0.0,10.0,1204.76,50.37,81.72,0.0,0.0,326.17,44.89,459.1700000000001,0.0,0.0,1863.3100000000002,68.27,208.78,0.0,10.0,1055.58,50.37,92.98,0.0,0.0,438.27,44.89,482.8,0.0,0.0,1900.3899999999999,68.27
United States,Iowa,Oats,2015,spring,195.88000000000002,0.0,5.0,1248.7499999999998,44.480000000000004,89.39000000000001,0.0,0.0,303.4,37.879999999999995,501.34999999999997,0.0,0.0,2002.56,70.37,171.71000000000004,0.0,5.0,1008.07,32.239999999999995,84.66999999999999,0.0,0.0,418.07,37.879999999999995,530.24,0.0,0.0,2128.5700000000006,70.37
United States,Iowa,Oats,2016,spring,172.8,0.0,10.0,1294.2,30.159999999999997,30.49,0.0,0.0,406.12,16.96,465.75000000000006,0.0,0.0,1993.0299999999997,65.31,146.52,0.0,10.0,1088.4799999999998,30.159999999999997,55.53,0.0,0.0,466.65000000000003,16.96,466.99,0.0,0.0,2138.22,65.31
United States,Iowa,Oats,2017,spring,195.35,0.0,1.0,1230.8899999999999,37.13999999999999,34.589999999999996,0.0,0.0,376.27000000000004,25.59,218.15,6.0,0.0,2077.6200000000003,39.7,185.64000000000001,0.0,1.0,943.52,37.13999999999999,15.5,0.0,0.0,496.04,9.180000000000001,246.95000000000002,6.0,0.0,2245.2200000000003,39.7
United States,Iowa,Oats,2018,spring,154.10999999999999,2.0,18.0,1352.7600000000002,52.089999999999996,143.62,0.0,0.0,294.34000000000003,56.99999999999999,461.28999999999996,0.0,0.0,1932.2300000000002,71.13,131.59,2.0,18.0,1131.2099999999998,52.089999999999996,108.0,0.0,0.0,396.3,47.690000000000005,519.4300000000001,0.0,0.0,2051.8199999999997,71.13
United States,Iowa,Oats,2019,spring,247.53000000000003,0.0,8.0,1141.97,45.76,50.169999999999995,0.0,0.0,321.58000000000004,26.43,329.29999999999995,0.0,0.0,1917.1799999999998,46.769999999999996,242.01000000000002,0.0,8.0,1006.3100000000001,45.76,55.69,0.0,0.0,457.24000000000007,26.43,329.29999999999995,0.0,0.0,1917.1799999999998,46.769999999999996
United States,Iowa,Oats,2020,spring,171.05,0.0,13.0,1254.1599999999999,38.42,48.50999999999999,0.0,0.0,362.47999999999996,26.64,210.35000000000002,7.0,0.0,2029.2900000000004,57.53,158.60000000000002,0.0,13.0,1143.57,38.42,47.09,0.0,0.0,444.03,26.64,224.22000000000003,7.0,0.0,2058.33,57.53
United States,Iowa,Oats,2021,spring,101.96,0.0,7.0,1304.65,22.380000000000003,23.39,3.0,0.0,399.86999999999995,19.11,255.61,6.0,0.0,2020.59,38.36,86.13999999999999,0.0,7.0,1047.3899999999999,22.380000000000003,18.49,0.0,0.0,440.47999999999996,15.459999999999999,276.33000000000004,9.0,0.0,2237.2400000000002,38.36
United States,Iowa,Oats,2022,spring,199.41,0.0,14.0,1141.81,35.849999999999994,62.73,0.0,0.0,346.82000000000005,35.72,218.77,8.0,0.0,2162.0900000000006,50.699999999999996,164.81,0.0,14.0,1006.7900000000001,35.849999999999994,97.24000000000001,0.0,0.0,422.45000000000005,46.660000000000004,218.85999999999999,8.0,0.0,2221.4799999999996,50.699999999999996
United States,Iowa,Oats,2023,spring,142.19,0.0,8.0,1374.36,30.34,34.65,0.0,0.0,340.16,27.549999999999997,208.91000000000003,13.0,0.0,2003.52,40.150000000000006,111.44999999999999,0.0,8.0,1082.37,30.34,37.81,0.0,0.0,429.29,28.18,236.48999999999998,13.0,0.0,2206.38,40.150000000000006
United States,Iowa,Oats,2024,spring,298.36999999999995,0.0,4.0,1282.9200000000003,82.37,41.0,0.0,0.0,334.92,29.5,285.5,2.0,0.0,2041.34,54.949999999999996,250.44,0.0,4.0,943.95,82.37,48.68000000000001,0.0,0.0,497.2800000000001,21.39,325.75,2.0,0.0,2217.95,54.949999999999996
United States,Iowa,Oats,2025,spring,212.08999999999997,0.0,7.0,1278.41,63.47,70.17,0.0,0.0,314.08,26.16,429.26,0.0,0.0,1993.7500000000002,63.6,162.56,0.0,7.0,1086.4299999999998,63.47,80.17,0.0,0.0,403.9999999999999,46.58,468.78999999999996,0.0,0.0,2095.81,63.599999999999994
United States,Kansas,Wheat,1990,winter,251.16000000000003,0.0,121.0,2944.1200000000003,37.21000000000001,100.10000000000001,0.0,0.0,427.89000000000004,38.7,136.17000000000002,13.0,0.0,1089.05,33.49,251.06999999999994,0.0,121.0,2909.63,37.21000000000001,100.19,0.0,0.0,462.38,38.7,136.17000000000002,13.0,0.0,1089.05,33.49
United States,Kansas,Wheat,1991,winter,237.44000000000003,9.0,110.0,2995.58,36.6,45.35,0.0,0.0,448.37,20.34,143.88999999999996,9.0,0.0,1086.8000000000002,41.61,185.83,9.0,108.0,2535.74,36.6,52.24,0.0,2.0,502.83,20.25,188.60999999999999,9.0,0.0,1492.18,41.61
United States,Kansas,Wheat,1992,winter,255.63,2.0,111.0,2819.67,27.27,51.17000000000001,1.0,0.0,562.92,26.18,257.43,0.0,0.0,891.2299999999999,72.78,238.34999999999997,2.0,111.0,2570.9399999999996,27.27,23.290000000000003,0.0,0.0,458.04999999999995,10.31,302.59000000000003,1.0,0.0,1244.83,72.78
United States,Kansas,Wheat,1993,winter,396.99,0.0,129.0,2575.0199999999995,56.95,123.30999999999999,0.0,0.0,350.45,47.71,198.66,0.0,0.0,1052.3999999999999,62.669999999999995,517.23,0.0,129.0,2857.7200000000003,56.95,61.050000000000004,0.0,0.0,471.1,18.46,140.68,0.0,0.0,649.0499999999998,62.669999999999995
United States,Kansas,Wheat,1994,winter,222.2,0.0,132.0,2853.0,39.489999999999995,58.53,0.0,2.0,434.1699999999999,34.0,56.99999999999999,13.0,0.0,1198.18,21.189999999999998,271.99,0.0,134.0,3156.46,39.489999999999995,9.4,0.0,0.0,488.4599999999999,8.67,56.339999999999996,13.0,0.0,840.43,21.189999999999998
United States,Kansas,Wheat,1995,winter,282.74,1.0,106.0,2777.4300000000003,29.9,114.35,0.0,1.0,371.5799999999999,59.699999999999996,275.10999999999996,0.0,0.0,936.46,56.57,240.69,1.0,103.0,2414.81,29.9,78.67,0.0,4.0,578.8699999999999,21.49,352.84,0.0,0.0,1091.79,59.699999999999996
United States,Kansas,Wheat,1996,winter,158.37,4.0,124.0,2991.51,38.370000000000005,90.84000000000002,0.0,0.0,389.8,30.450000000000003,183.44000000000005,13.0,0.0,1120.32,79.71000000000001,158.37,4.0,124.0,2991.51,38.370000000000005,90.84000000000002,0.0,0.0,389.8,30.450000000000003,183.44000000000005,13.0,0.0,1120.32,79.71000000000001
United States,Kansas,Wheat,1997,winter,313.6,0.0,120.0,2925.2200000000003,69.78,26.460000000000004,0.0,0.0,524.32,17.71,179.29999999999998,4.0,0.0,1111.6000000000001,51.480000000000004,324.83,0.0,120.0,3103.01,69.78,39.32,1.0,0.0,570.4,15.02,155.21,3.0,0.0,887.7300000000001,51.480000000000004
United States,Kansas,Wheat,1998,winter,412.58000000000004,1.0,122.0,2788.27,55.97,50.92000000000001,0.0,0.0,484.6700000000001,24.46,96.61999999999999,12.0,0.0,1173.0500000000002,39.86,412.58000000000004,1.0,122.0,2840.79,55.97,56.84,0.0,0.0,513.3800000000001,24.46,90.69999999999999,12.0,0.0,1091.8200000000002,39.86
United States,Kansas,Wheat,1999,winter,447.51,8.0,103.0,2912.1000000000004,98.80000000000001,70.17,0.0,0.0,399.00000000000006,18.509999999999998,212.59,0.0,0.0,1009.5,27.830000000000005,360.5,8.0,98.0,2305.88,98.80000000000001,102.53999999999999,0.0,5.0,630.29,50.22,267.22999999999996,0.0,0.0,1384.43,27.830000000000002
United States,Kansas,Wheat,2000,winter,354.38,2.0,100.0,2985.42,61.91,54.4,0.0,0.0,452.46000000000004,32.72,163.31000000000003,0.0,0.0,1083.95,41.78,323.15999999999997,2.0,93.0,2448.96,61.91,44.720000000000006,0.0,7.0,681.74,19.580000000000002,204.21,0.0,0.0,1391.13,41.78
United States,Kansas,Wheat,2001,winter,366.02,12.0,139.0,2853.33,62.510000000000005,68.55000000000001,0.0,0.0,547.3699999999999,51.760000000000005,188.48999999999998,0.0,0.0,1094.3300000000002,54.37,366.02,12.0,139.0,2853.33,62.510000000000005,67.63000000000001,0.0,0.0,490.28999999999996,51.760000000000005,189.41,0.0,0.0,1151.41,54.37
United States,Kansas,Wheat,2002,winter,251.09999999999997,1.0,115.0,3059.7200000000003,71.16,53.39,0.0,0.0,469.19000000000005,19.630000000000003,147.33999999999997,13.0,0.0,1116.4199999999998,41.44,200.07,1.0,113.0,2749.15,71.16,64.48,0.0,2.0,478.92,25.39,187.27999999999997,13.0,0.0,1417.2599999999998,41.440000000000005
United States,Kansas,Wheat,2003,winter,372.65999999999997,7.0,123.0,2885.96,89.74000000000001,66.19,0.0,0.0,459.4,38.72,143.03000000000003,1.0,0.0,1060.81,31.939999999999998,372.65999999999997,7.0,123.0,2885.96,89.74000000000001,68.17,0.0,0.0,468.61,38.72,141.05000000000004,1.0,0.0,1051.6,31.939999999999998
United States,Kansas,Wheat,2004,winter,306.24,0.0,113.0,2988.17,55.54,70.57,0.0,0.0,473.19000000000005,19.36,170.94,3.0,0.0,1111.5299999999997,51.599999999999994,297.52,0.0,113.0,2873.1800000000003,55.54,50.00999999999999,0.0,0.0,483.79999999999995,19.36,200.22,3.0,0.0,1215.9099999999999,51.599999999999994
United States,Kansas,Wheat,2005,winter,338.41,1.0,104.0,2842.7,39.809999999999995,43.36,0.0,2.0,491.51000000000005,30.54,179.47999999999996,6.0,0.0,1164.98,52.419999999999995,289.79999999999995,1.0,104.0,2458.2699999999995,39.809999999999995,58.34,0.0,1.0,567.9000000000001,28.68,213.10999999999996,6.0,1.0,1473.0199999999998,52.419999999999995
United States,Kansas,Wheat,2006,winter,185.44,1.0,94.0,3125.5699999999997,29.62,79.08999999999999,1.0,0.0,424.69999999999993,28.19,129.67,12.0,0.0,1207.6200000000001,30.86,118.92,1.0,83.0,2332.3900000000003,22.19,66.49,0.0,11.0,632.22,29.62,208.79,13.0,0.0,1793.2800000000002,30.86
United States,Kansas,Wheat,2007,winter,403.66999999999996,1.0,110.0,2906.7299999999996,48.69,138.54,0.0,0.0,421.16999999999996,85.17999999999999,242.19999999999996,0.0,0.0,1007.9499999999999,96.41,402.1199999999999,1.0,109.0,2748.02,48.69,129.87,0.0,1.0,403.24999999999994,85.17999999999999,252.42000000000002,0.0,0.0,1184.5799999999997,96.41
United States,Kansas,Wheat,2008,winter,339.65999999999997,0.0,123.0,2966.8599999999997,47.93,76.4,0.0,0.0,486.62,46.92,186.86,2.0,0.0,1144.81,45.480000000000004,339.65999999999997,0.0,123.0,2966.8599999999997,47.93,76.57000000000001,0.0,0.0,573.09,46.92,186.69,2.0,0.0,1058.34,45.480000000000004
United States,Kansas,Wheat,2009,winter,368.65,0.0,119.0,2990.3599999999997,66.42000000000002,96.03,0.0,0.0,407.62000000000006,42.4,149.95,7.0,0.0,1150.6899999999998,46.93,373.98,0.0,119.0,3043.3999999999996,66.42000000000002,92.53,0.0,0.0,452.01000000000005,42.4,148.12,7.0,0.0,1053.26,46.93
United States,Kansas,Wheat,2010,winter,285.27,0.0,115.0,2645.2999999999997,29.38,62.55999999999999,0.0,0.0,527.37,31.669999999999998,186.05,6.0,0.0,1088.1200000000001,68.74,329.64,0.0,115.0,2849.8199999999997,34.25,63.76000000000001,0.0,0.0,469.16999999999996,37.529999999999994,140.48000000000002,6.0,0.0,941.8000000000001,68.74000000000001
United States,Kansas,Wheat,2011,winter,210.88,2.0,124.0,2961.05,55.580000000000005,16.84,3.0,0.0,488.96,9.22,155.22,16.0,0.0,1121.25,44.61,201.73,2.0,123.0,2745.7200000000003,55.580000000000005,20.92,0.0,1.0,558.73,9.22,160.29,19.0,0.0,1266.81,44.61
United States,Kansas,Wheat,2012,winter,331.46999999999997,3.0,100.0,3073.3,37.54,14.350000000000001,1.0,0.0,508.01,8.59,91.2,12.0,0.0,1255.8200000000002,50.6,271.98,3.0,100.0,2571.67,37.54,59.480000000000004,0.0,0.0,450.06,29.14,105.56,13.0,0.0,1815.4,50.6
United States,Kansas,Wheat,2013,winter,219.12,5.0,120.0,2952.3199999999997,21.98,63.68000000000001,0.0,3.0,474.2200000000001,27.32,155.06,12.0,0.0,1143.72,58.0,196.82999999999998,5.0,118.0,2830.44,21.880000000000003,85.97,0.0,5.0,596.1,27.32,155.06,12.0,0.0,1143.72,58.0
United States,Kansas,Wheat,2014,winter,165.25,3.0,130.0,3049.1299999999997,21.07,47.75,3.0,0.0,523.7199999999999,25.95,258.27,1.0,0.0,1060.17,61.120000000000005,165.25,3.0,130.0,3074.9699999999993,21.07,47.85,3.0,0.0,523.78,25.95,258.17,1.0,0.0,1034.27,61.120000000000005
United States,Kansas,Wheat,2015,winter,251.76999999999998,3.0,105.0,2999.83,37.42000000000001,94.12,0.0,0.0,447.67,36.8,218.52,6.0,0.0,1036.08,50.1,196.41,3.0,105.0,2733.5,28.640000000000004,72.21,0.0,0.0,473.15,37.42,295.78999999999996,6.0,0.0,1276.93,50.1
United States,Kansas,Wheat,2016,winter,356.96000000000004,7.0,93.0,3104.6299999999997,74.31,75.81000000000002,0.0,0.0,496.84999999999997,42.17,197.17999999999998,4.0,0.0,1082.5700000000002,61.1,272.92999999999995,7.0,85.0,2256.4399999999996,74.31,23.000000000000004,0.0,8.0,681.1899999999999,9.22,334.02,4.0,0.0,1746.4199999999996,61.1
United States,Kansas,Wheat,2017,winter,367.45,0.0,84.0,2975.7299999999996,64.46000000000001,87.08,0.0,0.0,493.96000000000004,41.28,140.1,1.0,0.0,1138.4799999999998,51.24,194.71,0.0,84.0,2399.3099999999995,33.4,130.38000000000002,0.0,0.0,442.9199999999999,64.46000000000001,269.54,1.0,0.0,1765.9399999999998,51.239999999999995
United States,Kansas,Wheat,2018,winter,213.57,5.0,119.0,2939.62,60.72999999999999,58.12000000000001,0.0,0.0,495.92999999999995,31.990000000000002,149.0,13.0,0.0,1193.52,30.789999999999996,193.21999999999997,5.0,110.0,2587.84,60.72999999999999,65.16999999999999,0.0,9.0,637.8900000000001,31.990000000000002,162.3,13.0,0.0,1403.3400000000001,30.789999999999996
United States,Kansas,Wheat,2019,winter,505.77000000000004,0.0,127.0,2768.87,114.85,180.97,0.0,0.0,429.27,100.49000000000001,314.29999999999995,0.0,0.0,1088.4199999999998,76.16999999999999,571.42,0.0,127.0,2978.6000000000004,114.85,281.11,0.0,0.0,438.22,100.49000000000001,148.51000000000002,0.0,0.0,869.7399999999999,68.48
United States,Kansas,Wheat,2020,winter,271.77,0.0,125.0,2941.71,36.03999999999999,70.19000000000001,0.0,0.0,434.14000000000004,24.75,154.18,4.0,0.0,1167.7400000000002,43.97,269.61,0.0,125.0,2888.3,36.03999999999999,72.35000000000001,0.0,0.0,487.55,24.75,154.18,4.0,0.0,1167.7400000000002,43.97
United States,Kansas,Wheat,2021,winter,344.21000000000004,5.0,115.0,2952.4500000000003,42.04,48.14,0.0,0.0,478.78,21.92,164.79000000000002,9.0,0.0,1014.83,38.98,327.1,5.0,112.0,2735.67,42.04,43.32999999999999,0.0,3.0,625.8599999999999,12.3,186.71,9.0,0.0,1084.53,41.38
United States,Kansas,Wheat,2022,winter,255.07,5.0,102.0,3152.14,67.22999999999999,54.14,0.0,0.0,485.97,30.32,252.32999999999998,9.0,0.0,1111.0800000000002,93.58,201.12999999999997,5.0,95.0,2483.92,67.22999999999999,53.940000000000005,0.0,7.0,668.22,28.55,306.47,9.0,0.0,1597.05,93.58
United States,Kansas,Wheat,2023,winter,210.8,9.0,127.0,3166.25,38.24,33.760000000000005,1.0,0.0,501.08999999999986,16.66,180.00000000000003,2.0,0.0,1075.3600000000001,29.21,185.15,9.0,125.0,2745.28,38.24,32.98,0.0,2.0,650.5300000000001,17.61,206.43000000000004,3.0,0.0,1346.8899999999999,31.61
United States,Kansas,Wheat,2024,winter,259.59000000000003,7.0,91.0,3072.57,24.749999999999996,53.27000000000001,0.0,0.0,463.90000000000003,19.3,196.33999999999997,8.0,0.0,1121.68,40.09,230.13000000000002,7.0,81.0,2144.12,24.749999999999996,26.11,0.0,10.0,739.1499999999997,17.37,252.95999999999998,8.0,0.0,1774.88,40.09
United States,Kansas,Wheat,2025,winter,294.66999999999996,3.0,95.0,3151.8199999999997,45.599999999999994,48.06999999999999,0.0,0.0,487.11,18.15,273.7,0.0,0.0,1064.7199999999998,58.14,246.69,3.0,90.0,2411.69,45.599999999999994,27.380000000000003,0.0,5.0,595.5799999999999,14.709999999999999,342.36999999999995,0.0,0.0,1696.3799999999997,58.14
United States,Kansas,Barley,1990,spring,232.69,5.0,7.0,1539.55,38.7,26.74,10.0,0.0,396.98,23.75,252.69000000000003,28.0,0.0,1951.63,41.42,203.58,0.0,7.0,1129.1599999999999,38.7,23.7,3.0,0.0,328.83000000000004,12.12,284.8399999999999,40.0,0.0,2430.17,41.42
United States,Kansas,Barley,1991,spring,236.97,1.0,0.0,1563.5200000000002,41.61,11.22,9.0,0.0,365.27,9.389999999999999,137.15,27.0,0.0,1929.8700000000001,20.53,135.31,0.0,0.0,983.5,24.93,87.75999999999999,0.0,0.0,322.51,29.75,162.26999999999998,37.0,0.0,2552.649999999999,20.53
United States,Kansas,Barley,1992,spring,267.94,1.0,3.0,1524.6800000000003,72.78,58.12,0.0,0.0,304.98,21.83,314.03,5.0,0.0,1878.7900000000002,46.980000000000004,87.6,1.0,3.0,1132.52,26.31,153.5,0.0,0.0,294.7099999999999,72.78,398.98999999999995,5.0,0.0,2281.22,46.980000000000004
United States,Kansas,Barley,1993,spring,231.77,0.0,4.0,1388.8600000000001,47.71,150.52,0.0,0.0,358.14,52.029999999999994,441.09,5.0,0.0,1785.7,79.58,217.99000000000004,0.0,4.0,1106.13,47.71,65.74999999999999,0.0,0.0,320.08000000000004,62.669999999999995,539.6399999999999,5.0,0.0,2106.4900000000002,79.58
United States,Kansas,Barley,1994,spring,132.54,7.0,6.0,1667.4800000000002,39.489999999999995,70.44,7.0,0.0,398.61,43.67,169.67000000000002,19.0,0.0,1935.5400000000002,38.11,108.74999999999999,0.0,6.0,1220.0400000000002,39.489999999999995,23.490000000000002,2.0,0.0,294.98,12.89,240.40999999999997,31.0,0.0,2486.6100000000006,58.290000000000006
United States,Kansas,Barley,1995,spring,390.9500000000001,0.0,4.0,1400.3300000000002,59.699999999999996,43.24000000000001,0.0,0.0,297.49000000000007,27.75,207.12,32.0,1.0,1900.45,38.370000000000005,345.78000000000003,0.0,4.0,1133.2599999999998,59.699999999999996,45.169999999999995,0.0,0.0,348.66,44.03,250.35999999999996,32.0,1.0,2116.35,38.370000000000005
United States,Kansas,Barley,1996,spring,259.94,5.0,6.0,1645.74,79.71000000000001,25.959999999999997,10.0,0.0,384.37999999999994,18.08,332.37,13.0,0.0,1785.3600000000001,44.89,164.18,5.0,6.0,1115.75,60.010000000000005,85.89,0.0,0.0,383.18,45.66,368.20000000000005,23.0,0.0,2316.5499999999997,44.89
United States,Kansas,Barley,1997,spring,182.82999999999998,1.0,8.0,1692.8400000000001,31.990000000000002,73.07,4.0,0.0,373.75,51.480000000000004,319.16,14.0,0.0,1886.0300000000002,55.97,147.26,1.0,8.0,1371.51,31.990000000000002,35.96,0.0,0.0,351.92,25.589999999999996,391.84000000000003,18.0,0.0,2229.1900000000005,55.97
United States,Kansas,Barley,1998,spring,118.82,3.0,2.0,1727.5099999999998,24.46,78.35000000000001,9.0,0.0,398.31000000000006,39.86,265.19,30.0,0.0,1866.66,48.72,105.11,0.0,2.0,1270.07,24.46,12.31,1.0,0.0,330.7,10.190000000000001,344.94,41.0,0.0,2391.71,48.72
United States,Kansas,Barley,1999,spring,278.74999999999994,0.0,1.0,1591.52,50.22,92.28,0.0,0.0,274.6,28.96,265.27000000000004,18.0,0.0,1877.4100000000003,69.22,228.33999999999997,0.0,1.0,1216.0400000000002,50.22,41.11,0.0,0.0,327.69,21.0,366.85,18.0,0.0,2199.8,69.22
United States,Kansas,Barley,2000,spring,147.07000000000002,0.0,5.0,1675.42,41.78,81.81,0.0,0.0,347.04,41.21,157.42,50.0,0.0,1969.41,60.96000000000001,121.83000000000001,0.0,5.0,1208.35,41.78,10.659999999999998,0.0,0.0,327.65000000000003,7.529999999999999,253.80999999999997,50.0,0.0,2455.8699999999994,60.96000000000001
United States,Kansas,Barley,2001,spring,279.1599999999999,0.0,1.0,1662.91,54.37,21.71,0.0,0.0,402.53,19.63,249.4,37.0,0.0,1989.73,71.16,131.51000000000002,0.0,1.0,1126.7,51.760000000000005,137.56,0.0,0.0,312.68,54.37,281.2,37.0,0.0,2615.79,71.16
United States,Kansas,Barley,2002,spring,248.41,5.0,4.0,1627.4099999999996,41.44,7.279999999999999,8.0,0.0,371.25999999999993,4.24,193.10999999999999,34.0,0.0,1953.7900000000002,62.94,153.85,0.0,4.0,1174.82,25.39,17.520000000000003,5.0,0.0,291.53,12.030000000000001,277.43,42.0,0.0,2486.1099999999997,62.94
United States,Kansas,Barley,2003,spring,234.11000000000004,0.0,5.0,1628.3000000000002,38.72,23.400000000000002,2.0,0.0,357.62999999999994,11.12,200.14999999999998,42.0,0.0,1973.66,61.54,179.91,0.0,5.0,1203.24,38.72,52.38,0.0,0.0,372.51000000000005,29.05,225.37,44.0,0.0,2383.84,61.540000000000006
United States,Kansas,Barley,2004,spring,190.02,3.0,2.0,1719.2600000000004,29.490000000000002,94.5,0.0,0.0,321.32000000000005,44.61,275.44,13.0,0.0,1976.2500000000002,68.02,111.97,1.0,2.0,1178.24,20.56,24.159999999999997,1.0,0.0,340.07,15.47,423.83,14.0,0.0,2498.52,68.02
United States,Kansas,Barley,2005,spring,265.37999999999994,1.0,2.0,1710.4700000000003,52.419999999999995,8.93,5.0,0.0,413.08,3.6300000000000003,248.23000000000002,22.0,0.0,1915.9700000000003,43.440000000000005,115.14,1.0,2.0,1270.0200000000002,30.54,99.65,0.0,0.0,290.82,36.449999999999996,307.75,27.0,0.0,2478.6800000000003,45.38
United States,Kansas,Barley,2006,spring,197.89000000000001,8.0,0.0,1750.69,28.19,39.31999999999999,7.0,0.0,411.85,30.86,269.82,27.0,0.0,1923.41,60.519999999999996,118.98000000000002,2.0,0.0,1131.0499999999997,28.19,32.809999999999995,1.0,0.0,292.02000000000004,26.53,355.24,39.0,0.0,2662.88,60.519999999999996
United States,Kansas,Barley,2007,spring,400.48999999999995,0.0,8.0,1573.4799999999998,96.41,32.760000000000005,0.0,0.0,277.9,13.98,252.83999999999997,11.0,0.0,1916.66,43.41,356.88,0.0,8.0,1182.6299999999999,96.41,43.46,0.0,0.0,339.71000000000004,34.489999999999995,285.74999999999994,11.0,0.0,2245.7000000000003,43.41
United States,Kansas,Barley,2008,spring,280.37,0.0,6.0,1685.8400000000001,46.92,45.37,4.0,0.0,399.05000000000007,38.01,321.27,16.0,0.0,1768.2599999999998,54.26999999999999,211.04999999999995,0.0,6.0,1290.64,46.92,37.85,0.0,0.0,332.26,17.310000000000002,398.11,20.0,0.0,2230.25,54.26999999999999
United States,Kansas,Barley,2009,spring,262.7,1.0,5.0,1630.2200000000003,46.93,45.38000000000001,6.0,0.0,390.93,36.510000000000005,281.82,12.0,0.0,1803.6100000000001,44.029999999999994,178.4,0.0,5.0,1247.2,42.4,80.78,1.0,0.0,326.2,43.650000000000006,330.71999999999997,18.0,0.0,2251.36,44.029999999999994
United States,Kansas,Barley,2010,spring,261.75,2.0,0.0,1676.2299999999998,68.74000000000001,6.5600000000000005,4.0,0.0,418.1500000000001,6.06,290.99,30.0,0.0,1943.1299999999999,62.849999999999994,156.23,0.0,0.0,1200.71,37.53,33.720000000000006,2.0,0.0,303.99,29.779999999999998,369.35,34.0,0.0,2532.81,68.74000000000001
United States,Kansas,Barley,2011,spring,184.81000000000003,12.0,1.0,1650.9500000000003,44.61,5.5600000000000005,9.0,0.0,418.88,3.56,162.48999999999998,48.0,0.0,2000.53,39.150000000000006,117.27999999999999,3.0,1.0,1166.3899999999999,44.61,30.74,6.0,0.0,270.7,30.49,204.84,60.0,0.0,2633.2700000000004,39.150000000000006
United States,Kansas,Barley,2012,spring,155.82,5.0,0.0,1793.9800000000002,50.6,11.66,10.0,0.0,413.85,8.94,146.93,38.0,0.0,1970.8799999999999,55.739999999999995,75.85,1.0,0.0,1068.7,29.14,27.21,2.0,0.0,322.42,20.740000000000002,211.35,50.0,0.0,2787.59,55.739999999999995
United States,Kansas,Barley,2013,spring,241.64,6.0,11.0,1618.9800000000002,58.0,17.25,6.0,0.0,390.23,7.75,383.87,17.0,0.0,1789.9200000000003,71.91,179.95,2.0,11.0,1226.73,58.0,35.42,4.0,0.0,338.89,20.08,427.38999999999993,23.0,0.0,2233.51,71.91
United States,Kansas,Barley,2014,spring,245.47,4.0,4.0,1690.95,61.120000000000005,69.25,0.0,0.0,332.96000000000004,33.33,231.16,28.0,0.0,1926.8600000000001,42.3,87.78,4.0,4.0,1178.6899999999998,27.51,128.48,0.0,0.0,315.37,58.099999999999994,329.62,28.0,0.0,2456.71,42.3
United States,Kansas,Barley,2015,spring,368.9,0.0,0.0,1533.08,50.1,13.080000000000002,7.0,0.0,378.80000000000007,7.87,220.9,21.0,0.0,1898.27,37.61,273.54999999999995,0.0,0.0,1073.69,50.1,38.519999999999996,0.0,0.0,331.21,20.11,290.81,28.0,0.0,2405.25,44.87
United States,Kansas,Barley,2018,spring,152.54,10.0,12.0,1752.6500000000003,31.990000000000002,83.10999999999999,3.0,0.0,380.7799999999999,30.79,345.62,16.0,0.0,1833.9499999999998,70.85,111.39,1.0,12.0,1201.6,31.990000000000002,34.99,2.0,0.0,315.94,27.65,434.89,26.0,0.0,2449.84,70.85
United States,Kansas,Barley,2019,spring,421.75,0.0,4.0,1627.9600000000003,100.49000000000001,89.74,0.0,0.0,375.84,68.48,269.05,1.0,0.0,1871.7099999999998,50.53,374.94,0.0,4.0,1219.64,100.49000000000001,46.71000000000001,0.0,0.0,380.96,24.22,358.89,1.0,0.0,2274.91,68.48
United States,Kansas,Barley,2020,spring,168.9,3.0,11.0,1709.9699999999998,39.779999999999994,85.31,1.0,0.0,367.0,43.97,242.95000000000005,15.0,0.0,1888.78,43.75,153.89000000000004,0.0,11.0,1267.72,39.779999999999994,15.01,3.0,0.0,355.17,13.05,328.26000000000005,16.0,0.0,2342.8600000000006,43.97
United States,Kansas,Barley,2021,spring,201.83,3.0,4.0,1613.7,41.38,56.010000000000005,6.0,0.0,337.78000000000003,37.66,238.15000000000006,29.0,0.0,1938.2,67.23,196.92,0.0,4.0,1198.6099999999994,41.38,4.91,0.0,0.0,325.86,4.54,294.15999999999997,38.0,0.0,2365.21,67.22999999999999
United States,Kansas,Barley,2022,spring,285.15999999999997,4.0,3.0,1694.71,93.58,63.529999999999994,5.0,0.0,358.59999999999997,32.58,129.04,46.0,0.0,2023.21,31.96,179.72,0.0,3.0,1180.64,93.58,105.10000000000001,0.0,0.0,321.9,45.940000000000005,192.91,55.0,0.0,2573.98,33.11
United States,Kansas,Barley,2023,spring,193.77999999999997,1.0,2.0,1740.2200000000003,31.61,51.650000000000006,2.0,0.0,383.79999999999995,22.020000000000003,186.63,37.0,0.0,1941.63,31.93,98.1,1.0,2.0,1241.24,31.61,42.940000000000005,0.0,0.0,285.86,29.21,291.02000000000004,39.0,0.0,2538.55,31.93
United States,Kansas,Barley,2024,spring,199.14000000000001,2.0,0.0,1730.97,40.09,61.28,8.0,0.0,352.56,34.79,210.76000000000002,30.0,0.0,1923.69,47.20000000000001,103.91000000000001,0.0,0.0,1161.3299999999997,33.00000000000001,44.529999999999994,0.0,0.0,300.09000000000003,21.31,322.74,40.0,0.0,2545.7999999999997,47.20000000000001
United States,Kansas,Barley,2025,spring,311.13999999999993,0.0,1.0,1637.3700000000003,53.809999999999995,53.38999999999999,0.0,0.0,399.46000000000004,33.76,340.12,15.0,0.0,1807.51,41.440000000000005,171.24,0.0,1.0,1165.8799999999999,53.809999999999995,71.78,0.0,0.0,354.90999999999997,27.779999999999998,461.63,15.0,0.0,2323.55,58.13999999999999
United States,Kansas,Oats,1990,spring,203.65,0.0,7.0,1244.09,38.7,52.79,7.0,0.0,374.3500000000001,23.75,255.68000000000004,36.0,0.0,2269.72,41.42,145.48,0.0,7.0,988.3499999999998,38.7,69.67,0.0,0.0,371.61,33.49,296.96999999999997,43.0,0.0,2528.2000000000003,41.42
United States,Kansas,Oats,1991,spring,222.49,0.0,0.0,1283.4399999999998,41.61,15.169999999999998,2.0,0.0,364.05,8.89,147.67999999999998,35.0,0.0,2211.169999999999,20.53,100.74,0.0,0.0,819.6600000000001,20.34,112.43,0.0,0.0,346.4,41.61,172.17000000000002,37.0,0.0,2692.6,20.53
United States,Kansas,Oats,1992,spring,206.81999999999996,1.0,3.0,1266.52,72.78,78.51,0.0,0.0,325.82,31.540000000000003,354.75999999999993,5.0,0.0,2116.11,46.980000000000004,68.75999999999999,1.0,3.0,929.45,26.31,143.18,0.0,0.0,403.46000000000004,72.78,428.15,5.0,0.0,2375.54,46.980000000000004
United States,Kansas,Oats,1993,spring,217.99000000000004,0.0,4.0,1106.13,47.71,65.80999999999999,0.0,0.0,348.88000000000005,62.669999999999995,539.5799999999999,5.0,0.0,2077.6899999999996,79.58,190.44,0.0,4.0,899.38,47.71,30.18,0.0,0.0,422.30000000000007,18.459999999999997,602.76,5.0,0.0,2211.0200000000004,79.58
United States,Kansas,Oats,1994,spring,129.47000000000003,2.0,6.0,1381.1,39.489999999999995,3.8999999999999995,6.0,0.0,363.68,2.53,239.27999999999997,25.0,0.0,2256.8500000000004,58.290000000000006,103.63,0.0,6.0,1005.26,39.489999999999995,27.120000000000005,2.0,0.0,405.21,12.889999999999999,241.9,31.0,0.0,2591.1600000000008,58.290000000000006
United States,Kansas,Oats,1995,spring,344.33000000000004,0.0,4.0,1105.8299999999997,59.699999999999996,46.620000000000005,0.0,0.0,376.09,44.03,250.35999999999996,32.0,1.0,2116.35,38.370000000000005,315.93,0.0,4.0,907.9,59.699999999999996,75.02000000000002,0.0,0.0,464.53,44.03,250.36,32.0,1.0,2225.84,38.370000000000005
United States,Kansas,Oats,1996,spring,241.45000000000002,5.0,6.0,1347.9299999999998,79.71000000000001,19.370000000000005,3.0,0.0,384.83,8.690000000000001,357.45,20.0,0.0,2082.7200000000003,44.89,102.91999999999999,2.0,6.0,934.52,30.450000000000003,138.53000000000003,3.0,0.0,413.41,79.71000000000001,376.82,23.0,0.0,2467.5499999999997,44.89
United States,Kansas,Oats,1997,spring,147.26,1.0,8.0,1400.3,31.990000000000002,37.650000000000006,2.0,0.0,375.0299999999999,25.589999999999996,390.1499999999999,16.0,0.0,2177.2900000000004,55.97,102.17,1.0,8.0,1144.37,31.990000000000002,71.22,0.0,0.0,439.62000000000006,27.67,401.6699999999999,18.0,0.0,2368.6300000000006,55.97
United States,Kansas,Oats,1998,spring,106.4,1.0,2.0,1427.4599999999998,24.46,20.310000000000002,4.0,0.0,385.81,10.190000000000001,335.65000000000003,37.0,0.0,2179.21,48.72,93.55,0.0,2.0,1053.66,24.46,23.030000000000005,1.0,0.0,436.09999999999997,11.18,345.78,41.0,0.0,2502.7200000000003,48.72
United States,Kansas,Oats,1999,spring,239.64000000000001,0.0,1.0,1343.4599999999998,50.22,66.59,0.0,0.0,284.32,27.830000000000002,330.07,18.0,0.0,2115.750000000001,69.22,197.48000000000002,0.0,1.0,971.31,50.22,44.6,0.0,0.0,451.39,17.5,394.21999999999997,18.0,0.0,2320.83,69.22
United States,Kansas,Oats,2000,spring,129.67000000000002,0.0,5.0,1390.08,41.78,26.08,0.0,0.0,347.76000000000005,11.810000000000002,230.54999999999998,50.0,0.0,2254.0299999999993,60.96000000000001,76.22,0.0,5.0,974.72,32.72,53.45,0.0,0.0,472.43999999999994,41.78,256.63000000000005,50.0,0.0,2544.709999999999,60.96000000000001
United States,Kansas,Oats,2001,spring,236.57,0.0,1.0,1355.0700000000002,54.37,62.220000000000006,0.0,0.0,371.99999999999994,32.38,251.48,37.0,0.0,2328.1,71.16,112.14999999999999,0.0,1.0,917.3499999999999,51.760000000000005,117.18,0.0,0.0,429.30000000000007,54.37,320.93999999999994,37.0,0.0,2708.5199999999995,71.16
United States,Kansas,Oats,2002,spring,166.51999999999998,4.0,4.0,1330.0500000000002,25.39,83.35,1.0,0.0,360.59000000000003,41.44,198.93,42.0,0.0,2261.8199999999997,62.94,125.82,0.0,4.0,951.19,25.39,40.7,4.0,0.0,409.80999999999995,21.060000000000002,282.28000000000003,43.0,0.0,2591.4599999999996,62.94
United States,Kansas,Oats,2003,spring,217.7,0.0,5.0,1333.17,38.72,27.53,0.0,0.0,356.37,11.96,212.43,44.0,0.0,2270.05,61.54,147.67000000000002,0.0,5.0,933.8299999999999,38.72,72.91000000000001,0.0,0.0,521.54,31.939999999999998,237.08,44.0,0.0,2504.2200000000003,61.540000000000006
United States,Kansas,Oats,2004,spring,135.67999999999998,2.0,2.0,1439.23,20.56,98.95,1.0,0.0,329.78999999999996,51.599999999999994,325.33000000000004,13.0,0.0,2247.81,68.02,110.60000000000001,0.0,2.0,981.9200000000001,20.56,18.630000000000003,2.0,0.0,436.8,10.2,430.72999999999996,14.0,0.0,2598.11,68.02
United States,Kansas,Oats,2005,spring,171.34,1.0,2.0,1423.4099999999999,35.98,94.92,0.0,0.0,374.49,52.42,256.28000000000003,27.0,0.0,2241.6200000000003,45.38,92.42,0.0,2.0,1035.15,30.54,79.08999999999999,1.0,0.0,418.24,35.98,351.03,27.0,0.0,2586.13,52.42
United States,Kansas,Oats,2006,spring,158.2,3.0,0.0,1441.15,28.19,41.19,7.0,0.0,393.72999999999996,22.35,307.64,32.0,0.0,2251.07,60.519999999999996,105.99000000000001,1.0,0.0,901.1600000000001,28.19,43.26,2.0,0.0,427.46999999999997,26.53,357.78,39.0,0.0,2757.3199999999997,60.519999999999996
United States,Kansas,Oats,2007,spring,357.90999999999997,0.0,8.0,1293.55,96.41,45.77000000000001,0.0,0.0,341.26,34.489999999999995,282.40999999999997,11.0,0.0,2133.2300000000005,43.41,207.25,0.0,8.0,992.9499999999999,85.17999999999999,157.39999999999998,0.0,0.0,459.23,96.41,321.43999999999994,11.0,0.0,2315.86,43.41
United States,Kansas,Oats,2008,spring,226.56,0.0,6.0,1382.62,46.92,58.78,0.0,0.0,379.13000000000005,34.14,361.66999999999996,20.0,0.0,2091.4,54.26999999999999,162.0,0.0,6.0,1128.39,46.92,69.59,0.0,0.0,383.88000000000005,44.16,415.41999999999996,20.0,0.0,2340.88,54.26999999999999
United States,Kansas,Oats,2009,spring,191.44000000000003,0.0,5.0,1364.75,42.4,107.53,1.0,0.0,317.43999999999994,46.93,290.92999999999995,18.0,0.0,2142.5700000000006,44.029999999999994,154.25,0.0,5.0,1032.12,42.4,50.54,1.0,0.0,433.30999999999995,22.81,385.11,18.0,0.0,2359.33,46.93
United States,Kansas,Oats,2010,spring,158.65,2.0,0.0,1434.38,37.53,109.04,0.0,0.0,327.56,68.74000000000001,291.60999999999996,34.0,0.0,2275.5699999999997,62.849999999999994,91.16,0.0,0.0,1015.3500000000001,34.25,67.30999999999999,1.0,0.0,393.02,36.239999999999995,400.83000000000004,35.0,0.0,2629.1399999999994,68.74000000000001
United States,Kansas,Oats,2011,spring,147.99,6.0,1.0,1355.0400000000002,44.61,38.510000000000005,8.0,0.0,375.75,20.900000000000002,166.35999999999999,55.0,0.0,2339.5700000000006,39.150000000000006,36.870000000000005,3.0,1.0,971.23,9.22,111.12,3.0,0.0,383.80999999999995,40.11,204.86999999999998,63.0,0.0,2715.3200000000006,39.150000000000006
United States,Kansas,Oats,2012,spring,104.56,4.0,0.0,1468.3099999999997,29.14,59.05,1.0,0.0,401.08,50.6,150.8,48.0,0.0,2309.3199999999997,55.739999999999995,73.46,1.0,0.0,832.7699999999999,29.14,8.73,2.0,0.0,438.0199999999999,6.34,232.22,50.0,0.0,2907.92,55.739999999999995
United States,Kansas,Oats,2013,spring,200.03000000000003,2.0,11.0,1292.1299999999999,58.0,49.160000000000004,4.0,0.0,409.55,33.78,393.57000000000005,23.0,0.0,2097.45,71.91,119.36,0.0,11.0,1035.45,27.32,90.08,4.0,0.0,425.85,58.0,433.31999999999994,25.0,0.0,2337.8300000000004,71.91
United States,Kansas,Oats,2014,spring,141.07,4.0,4.0,1406.9899999999998,27.69,105.69,0.0,0.0,359.46999999999997,61.120000000000005,299.12,28.0,0.0,2184.31,42.3,57.739999999999995,4.0,4.0,1018.9100000000001,25.95,64.8,0.0,0.0,365.4,27.51,423.34000000000003,28.0,0.0,2566.4599999999996,61.120000000000005
United States,Kansas,Oats,2015,spring,310.66999999999996,0.0,0.0,1266.93,50.1,58.8,1.0,0.0,340.73,44.87,233.41,27.0,0.0,2202.4900000000002,37.61,161.15000000000003,0.0,0.0,865.59,37.42,149.53000000000003,0.0,0.0,423.7899999999999,50.1,292.2,28.0,0.0,2520.77,44.87
United States,Kansas,Oats,2016,spring,276.91,0.0,1.0,1383.0600000000002,61.1,35.42,1.0,0.0,409.31000000000006,23.720000000000002,412.60999999999996,13.0,0.0,2130.89,66.53999999999999,165.66,0.0,1.0,1025.68,51.07,111.54,0.0,0.0,418.01,61.1,447.73999999999995,14.0,0.0,2479.5699999999997,66.53999999999999
United States,Kansas,Oats,2017,spring,259.45000000000005,0.0,0.0,1369.51,51.239999999999995,22.75,1.0,0.0,401.02,14.009999999999998,191.34999999999997,23.0,0.0,2175.78,39.38,229.82999999999998,0.0,0.0,956.31,51.239999999999995,33.49999999999999,0.0,0.0,492.8399999999999,10.23,210.22,24.0,0.0,2497.16,39.379999999999995
United States,Kansas,Oats,2018,spring,142.18,2.0,12.0,1446.6399999999999,31.990000000000002,40.71,8.0,0.0,379.07,30.349999999999998,398.38,19.0,0.0,2141.67,70.85,96.22999999999998,0.0,12.0,1003.5899999999999,31.990000000000002,45.94,1.0,0.0,412.52,27.65,439.1,28.0,0.0,2551.2700000000004,70.85
United States,Kansas,Oats,2019,spring,379.03000000000003,0.0,4.0,1323.33,100.49000000000001,57.57000000000001,0.0,0.0,361.15,24.22,343.94000000000005,1.0,0.0,2191.03,68.48,311.82000000000005,0.0,4.0,1018.9099999999999,100.49000000000001,87.01,0.0,0.0,426.82,48.22,381.71000000000004,1.0,0.0,2429.78,68.48
United States,Kansas,Oats,2020,spring,155.85,1.0,11.0,1355.9199999999998,39.779999999999994,47.61000000000001,2.0,0.0,415.26000000000005,34.56,293.70000000000005,16.0,0.0,2194.57,43.75,111.69,0.0,11.0,1052.7099999999998,24.75,57.17999999999999,2.0,0.0,452.58,39.78,328.29,17.0,0.0,2460.46,43.97
United States,Kansas,Oats,2021,spring,196.92000000000002,0.0,4.0,1287.7,41.38,5.41,6.0,0.0,406.86,4.54,293.65999999999997,32.0,0.0,2195.1199999999994,67.22999999999999,126.53,0.0,4.0,1017.9699999999998,41.38,74.93,0.0,0.0,397.1199999999999,38.98,294.53,38.0,0.0,2474.59,67.22999999999999
United States,Kansas,Oats,2022,spring,258.7,0.0,3.0,1388.08,93.58,26.46,6.0,0.0,394.39,19.060000000000002,192.56999999999996,49.0,0.0,2294.05,33.11,66.33000000000001,0.0,3.0,960.8300000000002,30.32,192.37,0.0,0.0,427.25,93.58,219.02999999999994,55.0,0.0,2688.44,33.11
United States,Kansas,Oats,2023,spring,138.71,1.0,2.0,1447.83,31.61,69.69,0.0,0.0,378.21000000000004,26.01,223.65999999999997,39.0,0.0,2239.61,31.93,82.05,1.0,2.0,1014.15,31.61,52.78,0.0,0.0,410.95,29.21,297.23,39.0,0.0,2640.55,31.93
United States,Kansas,Oats,2024,spring,146.70000000000002,0.0,0.0,1412.9299999999998,33.00000000000001,87.23,2.0,0.0,374.59,40.09,237.25,38.0,0.0,2219.7,47.20000000000001,69.19000000000001,0.0,0.0,934.17,19.3,59.74,0.0,0.0,419.54999999999995,33.00000000000001,342.25,40.0,0.0,2653.5,47.20000000000001
United States,Kansas,Oats,2025,spring,223.27,0.0,1.0,1362.1,53.809999999999995,93.80000000000001,0.0,0.0,361.82,58.13999999999999,387.58000000000004,15.0,0.0,2120.42,41.440000000000005,90.83,0.0,1.0,940.4200000000001,18.15,144.50000000000003,0.0,0.0,439.65,53.81,469.32000000000005,15.0,0.0,2464.27,58.13999999999999
United States,Kansas,Canola,2016,spring,337.04,4.0,1.0,2023.1499999999999,61.1,132.82,6.0,0.0,654.3800000000001,66.53999999999999,255.07999999999998,4.0,0.0,1245.73,35.89,139.68000000000004,0.0,1.0,861.6899999999998,51.07,137.51999999999998,0.0,0.0,582.0,61.1,447.73999999999995,14.0,0.0,2479.5699999999997,66.53999999999999
United States,Kansas,Canola,2017,spring,314.96999999999997,1.0,0.0,2003.57,51.239999999999995,38.709999999999994,16.0,0.0,715.4899999999999,13.620000000000001,119.87,7.0,0.0,1227.25,39.38,174.86999999999998,0.0,0.0,865.09,41.28,88.46,0.0,0.0,584.06,51.24,210.22,24.0,0.0,2497.16,39.379999999999995
United States,Kansas,Canola,2018,spring,227.75000000000003,13.0,12.0,2077.9600000000005,31.990000000000002,79.5,11.0,0.0,701.17,26.89,274.02,5.0,0.0,1188.25,70.85,76.17999999999999,0.0,12.0,865.2000000000002,31.990000000000002,65.87,1.0,0.0,499.3,27.65,439.22,28.0,0.0,2602.8799999999997,70.85
United States,Kansas,Canola,2019,spring,511.26,0.0,4.0,1949.4900000000002,100.49000000000001,47.57,0.0,0.0,727.0699999999999,27.53,221.70999999999998,1.0,0.0,1198.9500000000003,50.53,196.95999999999998,0.0,4.0,917.2400000000001,100.49000000000001,209.72,0.0,0.0,552.74,76.16999999999999,373.86,1.0,0.0,2405.53,68.48
United States,Kansas,Canola,2020,spring,238.57000000000002,4.0,11.0,2024.2,43.97,136.47,1.0,0.0,679.9800000000001,36.07,122.12,14.0,0.0,1261.57,42.04,88.39,0.0,11.0,972.5799999999999,24.75,80.47999999999999,2.0,0.0,532.71,39.779999999999994,328.29,17.0,0.0,2460.46,43.97
United States,Kansas,Canola,2021,spring,253.12000000000003,9.0,4.0,1914.57,41.38,59.29,7.0,0.0,652.0699999999999,25.44,183.57999999999998,22.0,0.0,1323.04,67.23,122.44,0.0,4.0,960.1499999999999,41.38,79.02,0.0,0.0,454.94000000000005,38.98,294.53,38.0,0.0,2474.59,67.22999999999999
United States,Kansas,Canola,2022,spring,316.12,9.0,3.0,2018.18,93.58,84.54999999999998,17.0,0.0,691.5300000000001,33.11,77.06,29.0,0.0,1366.8100000000002,27.03,60.68000000000001,0.0,3.0,830.25,30.32,198.01999999999998,0.0,0.0,557.83,93.58,219.02999999999994,55.0,0.0,2688.44,33.11
United States,Kansas,Canola,2023,spring,239.41000000000003,3.0,2.0,2068.52,31.61,78.51,13.0,0.0,651.4399999999999,25.16,114.13999999999999,24.0,0.0,1345.69,31.93,50.32,1.0,2.0,909.13,17.61,81.77,0.0,0.0,488.90000000000003,31.61,299.97,39.0,0.0,2667.62,31.93
United States,Kansas,Canola,2024,spring,258.01,8.0,0.0,2040.6100000000004,40.09,47.93,13.0,0.0,675.6099999999999,29.09,165.24,19.0,0.0,1291.0,47.20000000000001,50.46,0.0,0.0,754.7600000000001,19.3,71.29,0.0,0.0,559.31,33.00000000000001,349.43,40.0,0.0,2693.15,47.20000000000001
United States,Kansas,Canola,2025,spring,364.53,0.0,1.0,1977.1599999999999,58.13999999999999,99.55000000000001,7.0,0.0,687.2399999999998,37.01,240.57,8.0,0.0,1179.94,41.440000000000005,90.82,0.0,1.0,795.5799999999999,18.15,132.45000000000002,0.0,0.0,566.52,53.81,481.38000000000005,15.0,0.0,2482.24,58.13999999999999
United States,Minnesota,Wheat,1990,spring,312.12000000000006,0.0,23.0,1419.48,71.58000000000001,28.25,0.0,0.0,307.62,16.040000000000003,303.61999999999995,0.0,0.0,1675.66,51.78,321.7,0.0,23.0,1516.73,71.58000000000001,18.820000000000004,0.0,0.0,332.13,16.040000000000003,303.46999999999997,0.0,0.0,1553.9,51.78
United States,Minnesota,Wheat,1991,spring,289.33000000000004,0.0,16.0,1437.42,51.92,90.22,0.0,0.0,253.97,31.55,288.67,0.0,1.0,1681.75,63.910000000000004,280.69000000000005,0.0,16.0,1349.39,51.92,69.15,0.0,0.0,318.86,31.550000000000004,318.38,0.0,1.0,1704.89,63.910000000000004
United States,Minnesota,Wheat,1992,spring,173.77,0.0,19.0,1462.46,49.04,53.64,0.0,0.0,268.02,32.17,224.64999999999998,0.0,0.0,1513.45,36.239999999999995,186.68,0.0,19.0,1487.0,49.04,76.0,0.0,0.0,389.07,52.78,189.38,0.0,0.0,1367.86,36.239999999999995
United States,Minnesota,Wheat,1993,spring,263.18999999999994,0.0,18.0,1365.24,53.589999999999996,90.28,0.0,0.0,266.44,48.08,288.24,0.0,1.0,1504.6,30.83,320.83,0.0,18.0,1491.6999999999998,53.589999999999996,99.45000000000002,0.0,0.0,361.1,32.94,221.43,0.0,1.0,1283.48,30.83
United States,Minnesota,Wheat,1994,spring,222.22,0.0,23.0,1566.1299999999997,46.96,47.51,0.0,0.0,279.04999999999995,19.759999999999998,299.72999999999996,0.0,0.0,1574.0800000000002,41.17999999999999,239.31,0.0,23.0,1611.77,46.96,43.21,0.0,0.0,298.86,18.55,286.94,0.0,0.0,1508.63,41.17999999999999
United States,Minnesota,Wheat,1995,spring,185.52,0.0,23.0,1462.73,27.19,16.339999999999996,0.0,0.0,306.26000000000005,8.96,390.01,0.0,1.0,1541.2900000000002,75.21,189.28,0.0,23.0,1646.51,27.19,84.2,0.0,0.0,274.39,49.75,318.39000000000004,0.0,1.0,1389.3799999999999,75.21
United States,Minnesota,Wheat,1996,spring,160.25,0.0,29.0,1551.54,39.91,57.13999999999999,0.0,0.0,262.06,24.47,186.55000000000004,0.0,0.0,1661.7700000000002,24.46,202.56,0.0,29.0,1723.5300000000002,39.91,60.34,0.0,0.0,360.84000000000003,24.46,141.04000000000005,0.0,0.0,1391.0,23.86
United States,Minnesota,Wheat,1997,spring,85.67000000000002,0.0,23.0,1586.88,17.59,91.04999999999998,0.0,0.0,300.24,32.76,303.2,0.0,0.0,1583.25,44.84,121.16000000000001,0.0,23.0,1729.87,32.76,91.67,0.0,0.0,357.49,31.58,267.09,0.0,0.0,1383.01,44.84
United States,Minnesota,Wheat,1998,spring,182.58000000000004,0.0,10.0,1627.7400000000005,39.09,79.95000000000002,0.0,0.0,273.4700000000001,36.51,189.49,0.0,0.0,1780.5800000000002,33.52,162.50000000000003,0.0,10.0,1546.0100000000004,39.09,99.02000000000001,0.0,0.0,307.79,38.010000000000005,190.5,0.0,0.0,1827.99,33.52
United States,Minnesota,Wheat,1999,spring,274.37999999999994,0.0,9.0,1450.8300000000002,82.64,78.99,0.0,0.0,275.14,35.23,304.52,0.0,0.0,1628.05,34.38,274.37999999999994,0.0,9.0,1423.19,82.64,88.64999999999999,0.0,0.0,325.29,35.23,294.85999999999996,0.0,0.0,1605.5399999999997,34.38
United States,Minnesota,Wheat,2000,spring,164.09,0.0,23.0,1452.5100000000002,27.47,40.980000000000004,0.0,0.0,295.14000000000004,16.86,201.46,0.0,1.0,1610.12,40.78,170.86,0.0,23.0,1497.63,27.47,53.86,0.0,0.0,324.61,14.07,181.80999999999997,0.0,1.0,1535.5300000000004,40.78
United States,Minnesota,Wheat,2001,spring,417.95,0.0,15.0,1318.0299999999997,83.10000000000001,19.900000000000002,0.0,0.0,358.8,12.850000000000001,196.08999999999997,0.0,0.0,1706.61,30.38,430.8,0.0,15.0,1388.1299999999999,83.10000000000001,9.32,0.0,0.0,401.08,3.0100000000000002,193.81999999999996,0.0,0.0,1594.23,30.379999999999995
United States,Minnesota,Wheat,2002,spring,155.46,0.0,28.0,1474.6000000000001,32.64,93.70000000000003,0.0,0.0,297.81,53.660000000000004,425.04,0.0,0.0,1646.03,66.11,246.34999999999997,0.0,28.0,1586.02,53.660000000000004,48.480000000000004,0.0,0.0,321.16999999999996,43.89,379.37,0.0,0.0,1511.2499999999998,66.11
United States,Minnesota,Wheat,2003,spring,232.53000000000003,0.0,15.0,1527.18,47.419999999999995,93.35000000000001,0.0,0.0,309.96,65.73,203.95999999999998,1.0,1.0,1703.19,64.02,235.21000000000004,0.0,15.0,1648.8000000000002,47.419999999999995,131.07999999999998,0.0,0.0,321.48,65.73,163.55,1.0,1.0,1570.0499999999997,64.02
United States,Minnesota,Wheat,2004,spring,248.96,0.0,17.0,1404.5700000000002,39.97,15.379999999999999,0.0,0.0,328.68,8.82,242.59,0.0,0.0,1580.5900000000001,39.7,250.75000000000003,0.0,17.0,1528.43,39.97,44.61,0.0,0.0,359.75000000000006,14.69,211.56999999999996,0.0,0.0,1425.66,39.7
United States,Minnesota,Wheat,2005,spring,193.73000000000002,0.0,16.0,1329.8999999999999,27.38,52.21999999999999,0.0,0.0,312.98,26.0,146.15,5.0,0.0,1719.04,25.990000000000002,193.73000000000002,0.0,16.0,1265.8999999999999,27.38,50.31999999999999,0.0,0.0,333.77000000000004,26.0,148.04999999999998,5.0,0.0,1762.2499999999998,25.990000000000002
United States,Minnesota,Wheat,2006,spring,115.28999999999999,0.0,8.0,1514.39,26.36,12.799999999999999,0.0,0.0,341.24,8.4,140.67999999999998,8.0,0.0,1717.27,24.38,100.16,0.0,8.0,1338.14,26.36,20.769999999999996,0.0,0.0,373.87,13.549999999999999,147.84,8.0,0.0,1860.89,24.38
United States,Minnesota,Wheat,2007,spring,137.04,0.0,16.0,1566.8399999999997,27.669999999999998,11.36,0.0,0.0,349.5300000000001,8.39,256.41999999999996,3.0,0.0,1655.3000000000002,54.12,130.23999999999998,0.0,16.0,1448.6399999999999,27.669999999999998,17.609999999999996,0.0,0.0,323.44000000000005,10.21,256.96999999999997,3.0,0.0,1799.59,54.12
United States,Minnesota,Wheat,2008,spring,282.12999999999994,0.0,18.0,1394.89,50.24,28.01,0.0,0.0,344.63,24.16,237.03,0.0,0.0,1699.5899999999997,38.660000000000004,284.55,0.0,18.0,1622.9900000000005,50.24,64.88,0.0,0.0,368.90999999999997,35.089999999999996,197.74,0.0,0.0,1447.21,38.660000000000004
United States,Minnesota,Wheat,2009,spring,104.83,0.0,17.0,1570.9799999999998,19.19,40.8,0.0,0.0,285.46999999999997,14.08,237.13,0.0,0.0,1652.8300000000002,47.129999999999995,128.8,0.0,17.0,1694.48,22.470000000000002,19.020000000000003,0.0,0.0,361.86,14.08,234.94,0.0,0.0,1452.94,47.129999999999995
United States,Minnesota,Wheat,2010,spring,217.79999999999998,0.0,6.0,1434.5199999999995,32.93,48.2,0.0,0.0,307.10999999999996,22.7,419.1500000000001,0.0,0.0,1644.0400000000002,49.86999999999999,188.54,0.0,6.0,1372.8099999999997,32.93,71.28999999999999,0.0,0.0,313.84000000000003,26.11,425.32000000000005,0.0,0.0,1699.0200000000004,49.86999999999999
United States,Minnesota,Wheat,2011,spring,258.65999999999997,0.0,21.0,1387.8200000000002,56.370000000000005,76.79,0.0,0.0,243.70000000000002,32.21,249.75000000000003,0.0,0.0,1698.88,32.23,302.6299999999999,0.0,21.0,1481.4399999999998,56.370000000000005,46.39000000000001,0.0,0.0,364.51,24.660000000000004,236.18,0.0,0.0,1484.45,32.23
United States,Minnesota,Wheat,2012,spring,368.42999999999995,0.0,10.0,1476.1699999999998,73.60999999999999,70.47000000000003,0.0,0.0,317.21000000000004,67.53999999999999,182.95999999999998,0.0,0.0,1809.2700000000002,31.35,327.81,0.0,10.0,1415.27,73.60999999999999,110.89999999999999,0.0,0.0,325.7,67.54,183.14999999999998,0.0,0.0,1861.68,31.349999999999998
United States,Minnesota,Wheat,2013,spring,233.64,0.0,29.0,1302.31,49.769999999999996,93.71,0.0,0.0,310.12,71.18,174.0,1.0,0.0,1678.5000000000002,24.87,313.58000000000004,0.0,29.0,1491.8199999999997,71.18,35.34,0.0,0.0,353.25,16.27,152.42999999999998,1.0,0.0,1445.8600000000001,24.87
United States,Minnesota,Wheat,2014,spring,378.32,0.0,20.0,1446.6900000000003,68.09,45.85,0.0,0.0,274.03000000000003,23.299999999999997,281.96000000000004,0.0,0.0,1599.5400000000002,47.620000000000005,408.02,0.0,20.0,1583.52,68.09,29.76,0.0,0.0,355.52,13.77,268.35,0.0,0.0,1381.2200000000003,47.620000000000005
United States,Minnesota,Wheat,2015,spring,218.79999999999998,0.0,14.0,1494.12,41.82,43.730000000000004,0.0,0.0,325.51,24.900000000000002,297.68000000000006,0.0,0.0,1660.4899999999996,57.66,218.85999999999999,0.0,14.0,1519.35,41.82,43.71,0.0,0.0,364.58000000000004,24.9,297.64000000000004,0.0,0.0,1596.1899999999998,57.66
United States,Minnesota,Wheat,2016,spring,169.56,0.0,17.0,1434.5200000000004,42.629999999999995,30.77,0.0,0.0,360.88,14.690000000000001,436.29,0.0,0.0,1581.8300000000002,108.13000000000001,169.56,0.0,17.0,1434.5200000000004,42.629999999999995,30.77,0.0,0.0,413.90999999999997,14.690000000000001,436.2900000000001,0.0,0.0,1528.8000000000002,108.13000000000001
United States,Minnesota,Wheat,2017,spring,238.67999999999995,0.0,10.0,1457.64,39.95,43.129999999999995,0.0,0.0,281.86999999999995,33.43,325.59999999999997,0.0,0.0,1619.0100000000002,44.41,239.98999999999995,0.0,10.0,1474.6100000000001,39.95,46.39999999999999,0.0,0.0,374.78999999999996,33.43,321.0199999999999,0.0,0.0,1509.1200000000001,44.41
United States,Minnesota,Wheat,2018,spring,188.99,0.0,23.0,1592.7800000000002,44.61,51.980000000000004,0.0,0.0,296.21999999999997,33.33,300.49,0.0,2.0,1567.0199999999998,39.17999999999999,164.37,0.0,23.0,1583.0400000000002,29.23,77.49000000000001,0.0,0.0,327.92999999999995,33.33,299.6,0.0,2.0,1545.05,39.17999999999999
United States,Minnesota,Wheat,2019,spring,229.18,0.0,16.0,1435.0599999999997,43.55,86.03,0.0,0.0,264.48,35.040000000000006,354.27,0.0,0.0,1596.29,44.06999999999999,267.5,0.0,16.0,1585.7800000000002,43.55,74.64,0.0,0.0,307.66,35.040000000000006,327.34,0.0,0.0,1402.3899999999999,44.06999999999999
United States,Minnesota,Wheat,2020,spring,115.33,0.0,23.0,1627.0300000000004,18.759999999999998,60.86,0.0,0.0,322.15000000000003,41.27,280.7,0.0,0.0,1647.5400000000002,56.16,132.71000000000004,0.0,23.0,1730.4799999999998,18.759999999999998,44.81999999999999,0.0,0.0,318.39000000000004,41.27,279.36,0.0,0.0,1547.8500000000001,56.16
United States,Minnesota,Wheat,2021,spring,135.9,0.0,13.0,1556.5400000000002,50.96,37.55,0.0,0.0,325.22,18.860000000000003,258.07,2.0,0.0,1696.6899999999998,52.56,135.78,0.0,13.0,1477.3200000000002,50.96,37.669999999999995,0.0,0.0,349.15,18.860000000000003,258.07,2.0,0.0,1751.9799999999998,52.56
United States,Minnesota,Wheat,2022,spring,256.7,0.0,25.0,1376.16,61.27,66.51,0.0,0.0,335.09,40.12,245.04000000000002,0.0,0.0,1628.46,37.199999999999996,288.7899999999999,0.0,25.0,1531.7499999999998,61.27,55.279999999999994,0.0,0.0,320.94,29.979999999999997,224.18,0.0,0.0,1487.0200000000002,37.199999999999996
United States,Minnesota,Wheat,2023,spring,155.18999999999997,0.0,19.0,1574.75,43.050000000000004,55.73,0.0,0.0,294.35,45.17,200.99,3.0,0.0,1538.68,49.76,155.18999999999997,0.0,19.0,1574.75,43.050000000000004,55.73,0.0,0.0,294.35,45.17,200.99,3.0,0.0,1538.68,49.76
United States,Minnesota,Wheat,2024,spring,374.90999999999997,0.0,11.0,1466.2499999999998,66.94,77.71000000000001,0.0,0.0,269.22,32.43,254.57000000000002,0.0,0.0,1665.2399999999998,48.779999999999994,354.77,0.0,11.0,1451.3799999999999,66.94,98.72000000000001,0.0,0.0,323.74999999999994,39.88,253.70000000000002,0.0,0.0,1625.58,48.779999999999994
United States,Minnesota,Wheat,2025,spring,222.18000000000004,0.0,14.0,1446.8899999999999,43.18000000000001,75.12,0.0,0.0,290.51,38.28,243.81,0.0,0.0,1524.2099999999998,42.88,222.49000000000004,0.0,14.0,1469.9499999999998,43.18000000000001,74.82000000000001,0.0,0.0,294.07,38.28,243.79999999999998,0.0,0.0,1497.59,42.88
United States,Minnesota,Barley,1990,spring,312.12000000000006,0.0,23.0,1419.48,71.58000000000001,27.68,0.0,0.0,289.63,16.040000000000003,304.18999999999994,0.0,0.0,1693.6499999999999,51.78,321.7,0.0,23.0,1516.73,71.58000000000001,18.820000000000004,0.0,0.0,332.13,16.040000000000003,303.46999999999997,0.0,0.0,1553.9,51.78
United States,Minnesota,Barley,1991,spring,289.33000000000004,0.0,16.0,1437.42,51.92,79.36,0.0,0.0,236.2,31.55,299.53000000000003,0.0,1.0,1699.52,63.910000000000004,280.69000000000005,0.0,16.0,1349.39,51.92,69.15,0.0,0.0,318.86,31.550000000000004,318.38,0.0,1.0,1704.89,63.910000000000004
United States,Minnesota,Barley,1992,spring,173.77,0.0,19.0,1462.46,49.04,32.99,0.0,0.0,261.03,14.14,245.3,0.0,0.0,1520.4399999999998,41.79,186.68,0.0,19.0,1517.67,49.04,76.0,0.0,0.0,358.40000000000003,52.78,189.38,0.0,0.0,1367.86,36.239999999999995
United States,Minnesota,Barley,1993,spring,263.18999999999994,0.0,18.0,1365.24,53.589999999999996,76.33,0.0,0.0,255.32999999999998,48.08,302.18999999999994,0.0,1.0,1515.7099999999998,32.94,328.15,0.0,18.0,1509.09,53.589999999999996,92.13000000000001,0.0,0.0,343.71000000000004,32.94,221.43,0.0,1.0,1283.48,30.83
United States,Minnesota,Barley,1994,spring,222.22,0.0,23.0,1566.1299999999997,46.96,47.51,0.0,0.0,261.33,19.759999999999998,299.7299999999999,0.0,0.0,1591.8000000000002,41.17999999999999,239.31,0.0,23.0,1611.77,46.96,49.39,0.0,0.0,322.36,18.97,280.75999999999993,0.0,0.0,1485.13,41.17999999999999
United States,Minnesota,Barley,1995,spring,185.52,0.0,23.0,1462.73,27.19,14.859999999999998,0.0,0.0,281.22,8.96,391.49,0.0,1.0,1566.33,75.21,189.28,0.0,23.0,1646.51,27.19,84.2,0.0,0.0,274.39,49.75,318.39000000000004,0.0,1.0,1389.3799999999999,75.21
United States,Minnesota,Barley,1996,spring,160.25,0.0,29.0,1551.54,39.91,50.669999999999995,0.0,0.0,244.78,24.47,193.02,0.0,0.0,1679.0500000000002,24.46,202.56,0.0,29.0,1723.5300000000002,39.91,60.34,0.0,0.0,360.84000000000003,24.46,141.04000000000005,0.0,0.0,1391.0,23.86
United States,Minnesota,Barley,1997,spring,85.67000000000002,0.0,23.0,1586.88,17.59,71.14999999999999,0.0,0.0,278.16,32.76,323.09999999999997,0.0,0.0,1605.33,44.84,121.16000000000001,0.0,23.0,1729.87,32.76,91.67,0.0,0.0,357.49,31.58,267.09,0.0,0.0,1383.01,44.84
United States,Minnesota,Barley,1998,spring,182.58000000000004,0.0,10.0,1627.7400000000005,39.09,79.37000000000002,0.0,0.0,247.90000000000006,36.51,190.07000000000002,0.0,0.0,1806.15,33.52,163.23000000000002,0.0,10.0,1568.1300000000003,39.09,98.29,0.0,0.0,285.67,38.010000000000005,190.5,0.0,0.0,1827.99,33.52
United States,Minnesota,Barley,1999,spring,274.37999999999994,0.0,9.0,1450.8300000000002,82.64,74.97999999999999,0.0,0.0,255.55,35.23,308.53,0.0,0.0,1647.64,34.38,274.37999999999994,0.0,9.0,1423.19,82.64,88.64999999999999,0.0,0.0,325.29,35.23,294.85999999999996,0.0,0.0,1605.5399999999997,34.38
United States,Minnesota,Barley,2000,spring,164.09,0.0,23.0,1452.5100000000002,27.47,37.550000000000004,0.0,0.0,267.21000000000004,16.86,204.89000000000001,0.0,1.0,1638.0500000000002,40.78,170.86,0.0,23.0,1497.63,27.47,53.86,0.0,0.0,324.61,14.07,181.80999999999997,0.0,1.0,1535.5300000000004,40.78
United States,Minnesota,Barley,2001,spring,417.95,0.0,15.0,1318.0299999999997,83.10000000000001,19.89,0.0,0.0,326.51,12.850000000000001,196.1,0.0,0.0,1738.8999999999999,30.38,430.8,0.0,15.0,1388.1299999999999,83.10000000000001,9.32,0.0,0.0,401.08,3.0100000000000002,193.81999999999996,0.0,0.0,1594.23,30.379999999999995
United States,Minnesota,Barley,2002,spring,155.46,0.0,28.0,1474.6000000000001,32.64,93.68000000000004,0.0,0.0,270.06,53.660000000000004,425.06,0.0,0.0,1673.78,66.11,246.34999999999997,0.0,28.0,1586.02,53.660000000000004,48.480000000000004,0.0,0.0,321.16999999999996,43.89,379.37,0.0,0.0,1511.2499999999998,66.11
United States,Minnesota,Barley,2003,spring,232.53000000000003,0.0,15.0,1527.18,47.419999999999995,93.18,0.0,0.0,282.31,65.73,204.13,1.0,1.0,1730.8400000000001,64.02,235.21000000000004,0.0,15.0,1648.8000000000002,47.419999999999995,131.61,0.0,0.0,349.92999999999995,65.73,163.02,1.0,1.0,1541.6,64.02
United States,Minnesota,Barley,2004,spring,248.96,0.0,17.0,1404.5700000000002,39.97,15.239999999999998,0.0,0.0,298.11,8.82,242.73,0.0,0.0,1611.1599999999999,39.7,250.75000000000003,0.0,17.0,1528.43,39.97,44.61,0.0,0.0,359.75000000000006,14.69,211.56999999999996,0.0,0.0,1425.66,39.7
United States,Minnesota,Barley,2005,spring,193.73000000000002,0.0,16.0,1329.8999999999999,27.38,52.209999999999994,0.0,0.0,282.8,26.0,146.15999999999997,5.0,0.0,1749.2199999999998,25.990000000000002,193.73000000000002,0.0,16.0,1265.8999999999999,27.38,50.31999999999999,0.0,0.0,333.77000000000004,26.0,148.04999999999998,5.0,0.0,1762.2499999999998,25.990000000000002
United States,Minnesota,Barley,2006,spring,115.28999999999999,0.0,8.0,1514.39,26.36,11.69,0.0,0.0,315.89,8.4,141.79000000000002,8.0,0.0,1742.62,24.38,100.77,0.0,8.0,1364.5200000000002,26.36,20.16,0.0,0.0,347.48999999999995,13.549999999999999,147.84,8.0,0.0,1860.89,24.38
United States,Minnesota,Barley,2007,spring,137.04,0.0,16.0,1566.8399999999997,27.669999999999998,11.34,0.0,0.0,325.18000000000006,8.39,256.44,3.0,0.0,1679.65,54.12,130.23999999999998,0.0,16.0,1448.6399999999999,27.669999999999998,18.139999999999997,0.0,0.0,341.96000000000004,10.21,256.44,3.0,0.0,1781.0700000000002,54.12
United States,Minnesota,Barley,2008,spring,282.12999999999994,0.0,18.0,1394.89,50.24,26.64,0.0,0.0,316.35,24.16,238.4,0.0,0.0,1727.87,38.660000000000004,284.55,0.0,18.0,1622.9900000000005,50.24,64.88,0.0,0.0,368.90999999999997,35.089999999999996,197.74,0.0,0.0,1447.21,38.660000000000004
United States,Minnesota,Barley,2009,spring,104.83,0.0,17.0,1570.9799999999998,19.19,40.79,0.0,0.0,267.83,14.08,237.14,0.0,0.0,1670.4700000000003,47.129999999999995,128.8,0.0,17.0,1694.48,22.470000000000002,19.020000000000003,0.0,0.0,361.86,14.08,234.94,0.0,0.0,1452.94,47.129999999999995
United States,Minnesota,Barley,2010,spring,217.79999999999998,0.0,6.0,1434.5199999999995,32.93,47.99,0.0,0.0,277.65999999999997,22.7,419.36,0.0,0.0,1673.4900000000002,49.86999999999999,188.54,0.0,6.0,1372.8099999999997,32.93,71.28999999999999,0.0,0.0,313.84000000000003,26.11,425.32000000000005,0.0,0.0,1699.0200000000004,49.86999999999999
United States,Minnesota,Barley,2011,spring,258.65999999999997,0.0,21.0,1387.8200000000002,56.370000000000005,52.85,0.0,0.0,220.39000000000001,32.21,273.69,0.0,0.0,1722.19,32.23,302.6299999999999,0.0,21.0,1481.4399999999998,56.370000000000005,46.39000000000001,0.0,0.0,364.51,24.660000000000004,236.18,0.0,0.0,1484.45,32.23
United States,Minnesota,Barley,2012,spring,368.42999999999995,0.0,10.0,1476.1699999999998,73.60999999999999,70.32000000000002,0.0,0.0,289.97,67.53999999999999,183.10999999999999,0.0,0.0,1836.5100000000002,31.35,327.81,0.0,10.0,1415.27,73.60999999999999,110.89999999999999,0.0,0.0,325.7,67.54,183.14999999999998,0.0,0.0,1861.68,31.349999999999998
United States,Minnesota,Barley,2013,spring,233.64,0.0,29.0,1302.31,49.769999999999996,93.71,0.0,0.0,282.05,71.18,174.0,1.0,0.0,1706.5700000000002,24.87,313.69,0.0,29.0,1520.1,71.18,35.230000000000004,0.0,0.0,324.97,16.27,152.42999999999998,1.0,0.0,1445.8600000000001,24.87
United States,Minnesota,Barley,2014,spring,378.32,0.0,20.0,1446.6900000000003,68.09,44.56,0.0,0.0,259.04,23.299999999999997,283.25000000000006,0.0,0.0,1614.5300000000004,47.620000000000005,408.02,0.0,20.0,1583.52,68.09,29.76,0.0,0.0,355.52,13.77,268.35,0.0,0.0,1381.2200000000003,47.620000000000005
United States,Minnesota,Barley,2015,spring,218.79999999999998,0.0,14.0,1494.12,41.82,43.660000000000004,0.0,0.0,301.36,24.900000000000002,297.75,0.0,0.0,1684.6399999999996,57.66,218.85999999999999,0.0,14.0,1519.35,41.82,43.71,0.0,0.0,364.58000000000004,24.9,297.64000000000004,0.0,0.0,1596.1899999999998,57.66
United States,Minnesota,Barley,2016,spring,169.56,0.0,17.0,1434.5200000000004,42.629999999999995,30.77,0.0,0.0,330.84,14.690000000000001,436.29,0.0,0.0,1611.8700000000001,108.13000000000001,169.56,0.0,17.0,1434.5200000000004,42.629999999999995,30.77,0.0,0.0,413.90999999999997,14.690000000000001,436.2900000000001,0.0,0.0,1528.8000000000002,108.13000000000001
United States,Minnesota,Barley,2017,spring,238.67999999999995,0.0,10.0,1457.64,39.95,42.66,0.0,0.0,261.23999999999995,33.43,326.07,0.0,0.0,1639.64,44.41,239.98999999999995,0.0,10.0,1474.6100000000001,39.95,46.39999999999999,0.0,0.0,374.78999999999996,33.43,321.0199999999999,0.0,0.0,1509.1200000000001,44.41
United States,Minnesota,Barley,2018,spring,188.99,0.0,23.0,1592.7800000000002,44.61,29.590000000000003,0.0,0.0,286.95,12.8,322.88,0.0,2.0,1576.29,39.17999999999999,188.99,0.0,23.0,1592.7800000000002,44.61,52.870000000000005,0.0,0.0,318.18999999999994,33.33,299.6,0.0,2.0,1545.05,39.17999999999999
United States,Minnesota,Barley,2019,spring,229.18,0.0,16.0,1435.0599999999997,43.55,79.74,0.0,0.0,246.93,32.99,360.56,0.0,0.0,1613.8400000000001,44.06999999999999,267.5,0.0,16.0,1614.65,43.55,74.64,0.0,0.0,278.79,35.040000000000006,327.34,0.0,0.0,1402.3899999999999,44.06999999999999
United States,Minnesota,Barley,2020,spring,115.33,0.0,23.0,1627.0300000000004,18.759999999999998,60.06,0.0,0.0,300.6,41.27,281.5,0.0,0.0,1669.0900000000001,56.16,132.71000000000004,0.0,23.0,1730.4799999999998,18.759999999999998,44.81999999999999,0.0,0.0,318.39000000000004,41.27,279.36,0.0,0.0,1547.8500000000001,56.16
United States,Minnesota,Barley,2021,spring,135.9,0.0,13.0,1556.5400000000002,50.96,37.55,0.0,0.0,297.66,18.860000000000003,258.07,2.0,0.0,1724.2499999999998,52.56,135.78,0.0,13.0,1477.3200000000002,50.96,37.669999999999995,0.0,0.0,349.15,18.860000000000003,258.07,2.0,0.0,1751.9799999999998,52.56
United States,Minnesota,Barley,2022,spring,256.7,0.0,25.0,1376.16,61.27,66.51,0.0,0.0,306.28,40.12,245.04,0.0,0.0,1657.27,37.199999999999996,288.7899999999999,0.0,25.0,1531.7499999999998,61.27,55.279999999999994,0.0,0.0,320.94,29.979999999999997,224.18,0.0,0.0,1487.0200000000002,37.199999999999996
United States,Minnesota,Barley,2023,spring,155.18999999999997,0.0,19.0,1574.75,43.050000000000004,55.73,0.0,0.0,269.57,45.17,200.99000000000004,3.0,0.0,1563.4599999999998,49.76,155.18999999999997,0.0,19.0,1574.75,43.050000000000004,55.73,0.0,0.0,294.35,45.17,200.99,3.0,0.0,1538.68,49.76
United States,Minnesota,Barley,2024,spring,374.90999999999997,0.0,11.0,1466.2499999999998,66.94,72.56,0.0,0.0,244.26000000000002,32.43,259.72,0.0,0.0,1690.1999999999998,48.78,354.77,0.0,11.0,1451.3799999999999,66.94,109.76000000000002,0.0,0.0,340.54999999999995,39.88,242.65999999999997,0.0,0.0,1608.78,48.779999999999994
United States,Minnesota,Barley,2025,spring,222.18000000000004,0.0,14.0,1446.8899999999999,43.18000000000001,75.12,0.0,0.0,262.93,38.28,243.80999999999997,0.0,0.0,1551.79,42.88,222.49000000000004,0.0,14.0,1469.9499999999998,43.18000000000001,75.21000000000001,0.0,0.0,320.83,38.28,243.40999999999997,0.0,0.0,1470.83,42.88
United States,Minnesota,Oats,1990,spring,234.39000000000001,0.0,23.0,1258.4300000000003,71.58000000000001,89.36999999999998,0.0,0.0,372.21,44.599999999999994,320.23,0.0,0.0,1772.12,51.78,259.86,0.0,23.0,1319.54,71.58000000000001,80.51,0.0,0.0,407.56,44.599999999999994,303.61999999999995,0.0,0.0,1675.66,51.78
United States,Minnesota,Oats,1991,spring,256.60999999999996,0.0,16.0,1231.5,51.92,80.14,0.0,0.0,391.54,31.550000000000004,331.47,0.0,1.0,1750.1,63.91,255.88,0.0,16.0,1102.52,51.92,72.7,0.0,0.0,502.91,31.550000000000004,339.64,0.0,1.0,1767.7099999999998,63.91
United States,Minnesota,Oats,1992,spring,115.44,0.0,19.0,1285.24,31.950000000000003,79.5,0.0,0.0,344.51,49.04,257.12,0.0,0.0,1614.1799999999998,52.78,115.62,0.0,19.0,1311.42,31.950000000000003,132.93,0.0,0.0,439.59,52.78,203.51,0.0,0.0,1492.9199999999998,36.239999999999995
United States,Minnesota,Oats,1993,spring,218.61,0.0,18.0,1200.3,53.589999999999996,109.68999999999998,0.0,0.0,350.88000000000005,48.08,313.41,0.0,1.0,1585.1,32.94,223.82999999999996,0.0,18.0,1295.66,53.589999999999996,165.84,0.0,0.0,426.17,48.08,252.04,0.0,1.0,1414.45,30.83
United States,Minnesota,Oats,1994,spring,164.29999999999998,0.0,23.0,1410.2800000000002,46.96,97.88000000000001,0.0,0.0,359.35999999999996,42.38,307.28,0.0,0.0,1649.62,41.17999999999999,165.35,0.0,23.0,1429.9900000000002,46.96,102.2,0.0,0.0,383.39,42.38,301.9099999999999,0.0,0.0,1605.88,41.17999999999999
United States,Minnesota,Oats,1995,spring,168.86,0.0,23.0,1239.8,27.19,24.47,0.0,0.0,444.38,16.220000000000002,398.53999999999996,0.0,1.0,1626.1,75.21,185.48000000000002,0.0,23.0,1433.59,27.19,81.65,0.0,0.0,378.7,49.75,324.74,0.0,1.0,1497.99,75.21
United States,Minnesota,Oats,1996,spring,143.47,0.0,29.0,1351.04,39.91,58.440000000000005,0.0,0.0,345.9,24.47,202.02999999999997,0.0,0.0,1778.43,24.46,160.25,0.0,29.0,1551.54,39.91,71.97,0.0,0.0,408.16,24.47,171.72000000000003,0.0,0.0,1515.6699999999998,24.46
United States,Minnesota,Oats,1997,spring,67.71000000000001,0.0,23.0,1367.75,16.16,54.209999999999994,0.0,0.0,420.25,32.76,358.0,0.0,0.0,1682.37,44.84,68.08000000000001,0.0,23.0,1536.0800000000002,16.16,121.09000000000002,0.0,0.0,401.27,32.76,290.75,0.0,0.0,1533.02,44.84
United States,Minnesota,Oats,1998,spring,129.61,0.0,10.0,1468.3700000000003,39.09,112.85999999999999,0.0,0.0,316.05,38.010000000000005,209.55,0.0,0.0,1897.3700000000001,33.52,120.80000000000001,0.0,10.0,1282.0800000000002,34.99,102.91,0.0,0.0,459.78999999999996,38.010000000000005,228.31,0.0,0.0,1939.92,36.51
United States,Minnesota,Oats,1999,spring,258.84,0.0,9.0,1243.78,82.64,69.55,0.0,0.0,397.05,27.459999999999997,329.5,0.0,0.0,1713.19,34.38,251.5,0.0,9.0,1182.76,82.64,76.88999999999999,0.0,0.0,458.07,27.459999999999997,329.5,0.0,0.0,1713.19,34.38
United States,Minnesota,Oats,2000,spring,124.88,0.0,23.0,1291.49,23.1,72.24,0.0,0.0,320.88999999999993,27.47,209.41,0.0,1.0,1745.3900000000003,40.78,124.88,0.0,23.0,1291.49,23.1,76.75999999999999,0.0,0.0,428.22999999999996,27.47,204.89000000000001,0.0,1.0,1638.0500000000002,40.78
United States,Minnesota,Oats,2001,spring,318.7099999999999,0.0,15.0,1143.6299999999999,83.10000000000001,117.04000000000002,0.0,0.0,394.09,57.97,198.19,0.0,0.0,1845.72,30.38,333.4899999999999,0.0,15.0,1170.55,83.10000000000001,104.33000000000001,0.0,0.0,446.37,57.97,196.12,0.0,0.0,1766.52,30.38
United States,Minnesota,Oats,2002,spring,142.1,0.0,28.0,1276.66,32.64,106.98,0.0,0.0,360.38,53.660000000000004,425.12,0.0,0.0,1781.4,66.11,154.87,0.0,28.0,1419.9700000000003,32.64,95.67,0.0,0.0,371.94,53.660000000000004,423.65999999999997,0.0,0.0,1626.53,66.11
United States,Minnesota,Oats,2003,spring,198.10000000000002,0.0,15.0,1318.2399999999998,47.419999999999995,119.41,0.0,0.0,400.16999999999996,65.73,212.32999999999998,1.0,1.0,1821.92,64.02,221.66000000000003,0.0,15.0,1379.6100000000001,47.419999999999995,135.17,0.0,0.0,481.32000000000005,65.73,173.01,1.0,1.0,1679.4,64.02
United States,Minnesota,Oats,2004,spring,207.6,0.0,17.0,1210.9699999999998,39.97,51.050000000000004,0.0,0.0,392.01000000000005,24.64,248.27999999999997,0.0,0.0,1710.8600000000001,39.7,222.57999999999998,0.0,17.0,1249.56,39.97,49.14,0.0,0.0,536.48,13.529999999999998,235.21,0.0,0.0,1527.8000000000002,39.7
United States,Minnesota,Oats,2005,spring,155.59,0.0,16.0,1143.15,26.04,67.27999999999999,0.0,0.0,410.14,27.38,169.23,5.0,0.0,1808.6299999999997,25.990000000000002,134.49,0.0,16.0,1069.16,26.04,87.0,0.0,0.0,442.55,27.379999999999995,170.60999999999999,5.0,0.0,1850.2099999999998,25.990000000000002
United States,Minnesota,Oats,2006,spring,95.75999999999999,0.0,8.0,1331.48,26.36,28.56,0.0,0.0,404.61,13.549999999999999,144.45,8.0,0.0,1836.81,24.38,87.46000000000001,0.0,8.0,1117.93,26.36,28.05,0.0,0.0,467.81000000000006,13.549999999999999,153.26000000000002,8.0,0.0,1987.1599999999999,24.38
United States,Minnesota,Oats,2007,spring,128.07,0.0,16.0,1338.11,27.669999999999998,20.310000000000002,0.0,0.0,452.49,10.21,256.44,3.0,0.0,1781.0700000000002,54.12,114.36,0.0,16.0,1215.2300000000002,27.669999999999998,31.069999999999997,0.0,0.0,451.90000000000003,10.21,259.39,3.0,0.0,1904.54,54.12
United States,Minnesota,Oats,2008,spring,223.24999999999997,0.0,18.0,1211.61,36.98,61.3,0.0,0.0,411.38000000000005,50.24,262.62,0.0,0.0,1816.12,38.660000000000004,282.09999999999997,0.0,18.0,1368.74,50.24,29.549999999999997,0.0,0.0,499.46999999999997,24.16,235.52,0.0,0.0,1570.9,38.660000000000004
United States,Minnesota,Oats,2009,spring,86.6,0.0,17.0,1380.66,19.19,45.26,0.0,0.0,398.78999999999996,22.47,250.89999999999998,0.0,0.0,1729.8300000000002,47.129999999999995,88.85000000000001,0.0,17.0,1517.4699999999998,19.19,57.75000000000001,0.0,0.0,409.71,22.47,236.16,0.0,0.0,1582.1000000000001,47.129999999999995
United States,Minnesota,Oats,2010,spring,157.98,0.0,6.0,1320.4500000000003,32.93,99.13,0.0,0.0,289.03000000000003,29.35,428.04,0.0,0.0,1776.19,49.86999999999999,115.53999999999999,0.0,6.0,1188.9899999999998,32.93,120.30000000000001,0.0,0.0,367.18,29.35,449.31000000000006,0.0,0.0,1829.5000000000005,49.86999999999999
United States,Minnesota,Oats,2011,spring,214.83000000000004,0.0,21.0,1218.58,56.370000000000005,88.8,0.0,0.0,301.62,32.21,281.57,0.0,0.0,1810.2,32.23,217.10999999999996,0.0,21.0,1309.88,56.370000000000005,124.14,0.0,0.0,411.89000000000004,32.21,243.95,0.0,0.0,1608.63,32.23
United States,Minnesota,Oats,2012,spring,299.96000000000004,0.0,10.0,1289.73,73.60999999999999,138.74,0.0,0.0,371.7300000000001,67.54,183.15999999999997,0.0,0.0,1941.19,31.349999999999998,296.31000000000006,0.0,10.0,1171.62,73.60999999999999,142.26999999999998,0.0,0.0,410.00999999999993,67.54,183.28,0.0,0.0,2021.0200000000004,31.349999999999998
United States,Minnesota,Oats,2013,spring,211.33,0.0,29.0,1121.69,49.769999999999996,102.25,0.0,0.0,370.13,71.18,187.76999999999998,1.0,0.0,1799.1100000000001,24.87,233.64,0.0,29.0,1302.31,49.769999999999996,99.00999999999999,0.0,0.0,432.77000000000004,71.18,168.7,1.0,0.0,1555.85,24.87
United States,Minnesota,Oats,2014,spring,316.96999999999997,0.0,20.0,1268.7800000000004,68.09,92.42,0.0,0.0,350.90999999999997,44.48,296.74,0.0,0.0,1700.5700000000002,47.620000000000005,358.69,0.0,20.0,1386.7,68.09,69.81,0.0,0.0,433.19,24.069999999999997,277.63,0.0,0.0,1500.3700000000003,47.620000000000005
United States,Minnesota,Oats,2015,spring,203.88,0.0,14.0,1287.3499999999997,41.82,45.4,0.0,0.0,420.53,24.9,310.93,0.0,0.0,1772.24,57.66,202.26999999999998,0.0,14.0,1264.0699999999997,41.82,59.980000000000004,0.0,0.0,509.15,24.9,297.96000000000004,0.0,0.0,1706.8999999999999,57.66
United States,Minnesota,Oats,2016,spring,135.29000000000002,0.0,17.0,1281.0799999999997,42.629999999999995,63.04,0.0,0.0,389.38,21.82,438.29,0.0,0.0,1706.77,108.13000000000001,135.29000000000002,0.0,17.0,1281.0799999999997,42.629999999999995,63.05,0.0,0.0,405.64,21.82,438.28000000000003,0.0,0.0,1690.5100000000002,108.13000000000001
United States,Minnesota,Oats,2017,spring,190.83999999999997,0.0,10.0,1268.5999999999997,39.95,56.65,0.0,0.0,381.94999999999993,33.839999999999996,359.92,0.0,0.0,1707.9700000000003,44.41,190.83999999999997,0.0,10.0,1268.5999999999997,39.95,90.5,0.0,0.0,450.28,33.839999999999996,326.07,0.0,0.0,1639.64,44.41
United States,Minnesota,Oats,2018,spring,112.84999999999998,0.0,23.0,1439.1799999999998,24.36,93.68,0.0,0.0,357.76,46.45,334.93,0.0,2.0,1659.08,39.17999999999999,112.10999999999999,0.0,23.0,1417.6599999999999,24.36,95.17999999999999,0.0,0.0,400.15999999999997,46.45,334.1700000000001,0.0,2.0,1638.2,39.17999999999999
United States,Minnesota,Oats,2019,spring,210.42000000000002,0.0,16.0,1233.7499999999998,43.55,57.08,0.0,0.0,380.9000000000001,32.99,401.98,0.0,0.0,1681.18,44.06999999999999,224.73000000000002,0.0,16.0,1374.2799999999997,43.55,104.53,0.0,0.0,407.61000000000007,35.040000000000006,340.2200000000001,0.0,0.0,1513.9399999999998,44.06999999999999
United States,Minnesota,Oats,2020,spring,100.81,0.0,23.0,1402.4299999999996,18.759999999999998,33.31,0.0,0.0,431.38000000000005,14.75,322.77,0.0,0.0,1762.9099999999999,56.16,111.36999999999999,0.0,23.0,1495.3000000000002,18.759999999999998,64.82,0.0,0.0,453.88000000000005,41.27,280.7,0.0,0.0,1647.5400000000002,56.16
United States,Minnesota,Oats,2021,spring,131.12,0.0,13.0,1314.3600000000001,50.96,28.240000000000002,0.0,0.0,450.01,18.860000000000003,272.15999999999997,2.0,0.0,1814.08,52.56,130.5,0.0,13.0,1258.7,50.96,25.98,0.0,0.0,467.99000000000007,18.860000000000003,275.04,2.0,0.0,1851.76,52.56
United States,Minnesota,Oats,2022,spring,239.07,0.0,25.0,1189.7000000000003,61.27,79.7,0.0,0.0,400.7699999999999,40.12,249.48000000000002,0.0,0.0,1749.2400000000002,37.199999999999996,252.42,0.0,25.0,1307.0200000000002,61.27,77.07,0.0,0.0,446.46000000000004,40.12,238.76000000000002,0.0,0.0,1586.2300000000002,37.199999999999996
United States,Minnesota,Oats,2023,spring,149.14000000000004,0.0,19.0,1354.61,43.050000000000004,54.66,0.0,0.0,408.25,45.17,208.11,3.0,0.0,1644.92,49.76,147.62000000000003,0.0,19.0,1305.02,43.050000000000004,56.18,0.0,0.0,457.84,45.17,208.11,3.0,0.0,1644.92,49.76
United States,Minnesota,Oats,2024,spring,322.03000000000003,0.0,11.0,1281.6800000000003,66.94,93.00999999999999,0.0,0.0,345.64000000000004,43.349999999999994,292.15,0.0,0.0,1773.39,48.78,320.99,0.0,11.0,1214.5100000000002,66.94,109.1,0.0,0.0,436.5199999999999,43.349999999999994,277.1,0.0,0.0,1749.68,48.78
United States,Minnesota,Oats,2025,spring,182.79,0.0,14.0,1300.56,43.18000000000001,90.22999999999999,0.0,0.0,325.59999999999997,35.11,268.09000000000003,0.0,0.0,1635.45,42.88,178.78,0.0,14.0,1284.55,43.18000000000001,101.07,0.0,0.0,378.04999999999995,38.28,261.26,0.0,0.0,1599.01,42.88
United States,Minnesota,Canola,1997,spring,156.82,0.0,23.0,1865.04,32.76,171.0,0.0,0.0,566.43,44.84,152.10000000000002,0.0,0.0,1038.8999999999999,32.09,68.08000000000001,0.0,23.0,1536.0800000000002,16.16,144.75000000000003,0.0,0.0,551.28,32.76,267.09,0.0,0.0,1383.01,44.84
United States,Minnesota,Canola,1998,spring,261.95000000000005,0.0,10.0,1875.6399999999999,39.09,69.09,0.0,0.0,650.2900000000001,33.52,120.98,0.0,0.0,1155.8600000000001,24.33,85.81,0.0,10.0,1216.99,20.270000000000003,174.7,0.0,0.0,613.9499999999999,39.089999999999996,191.51,0.0,0.0,1850.85,33.52
United States,Minnesota,Canola,1999,spring,349.36000000000007,0.0,9.0,1706.38,82.64,112.62999999999998,0.0,0.0,634.83,32.25,195.89999999999998,0.0,0.0,1012.81,34.38,236.09,0.0,9.0,1164.45,82.64,126.94,0.0,0.0,584.03,35.23,294.85999999999996,0.0,0.0,1605.5399999999997,34.38
United States,Minnesota,Canola,2000,spring,201.64000000000001,0.0,23.0,1719.72,27.47,118.47999999999999,0.0,0.0,596.17,40.78,86.41,0.0,1.0,1041.88,21.58,124.3,0.0,23.0,1248.95,23.1,92.78000000000002,0.0,0.0,557.94,27.47,189.45000000000002,0.0,1.0,1550.88,40.78
United States,Minnesota,Canola,2001,spring,437.84,0.0,15.0,1644.5399999999997,83.10000000000001,66.77,0.0,0.0,632.22,30.38,129.33,0.0,0.0,1106.6799999999998,24.72,333.4899999999999,0.0,15.0,1170.55,83.10000000000001,106.63,0.0,0.0,618.66,57.97,193.81999999999996,0.0,0.0,1594.23,30.379999999999995
United States,Minnesota,Canola,2002,spring,249.13999999999996,0.0,28.0,1744.6599999999999,53.660000000000004,165.59000000000003,0.0,0.0,602.6800000000001,66.11,259.46999999999997,0.0,0.0,1071.1,49.06,154.86,0.0,28.0,1392.0600000000002,32.64,112.85,0.0,0.0,501.87,53.660000000000004,406.49,0.0,0.0,1524.5099999999998,66.11
United States,Minnesota,Canola,2003,spring,325.71,0.0,15.0,1809.49,65.73,88.63000000000001,0.0,0.0,634.6,34.0,115.5,1.0,1.0,1096.24,64.02,201.28000000000003,0.0,15.0,1340.3999999999999,47.419999999999995,158.56,0.0,0.0,604.45,65.73,170.0,1.0,1.0,1595.48,64.02
United States,Minnesota,Canola,2004,spring,264.20000000000005,0.0,17.0,1702.6799999999998,39.97,79.78,0.0,0.0,598.75,36.34,162.95,0.0,0.0,1012.4100000000001,39.7,232.24,0.0,17.0,1258.92,39.97,88.72999999999999,0.0,0.0,648.7100000000002,34.86,185.95999999999998,0.0,0.0,1406.21,39.7
United States,Minnesota,Canola,2005,spring,245.94,0.0,16.0,1612.6999999999998,27.38,30.69,2.0,0.0,643.72,16.810000000000002,115.47,3.0,0.0,1105.5,25.990000000000002,117.35,0.0,16.0,1061.51,26.04,108.35,0.0,0.0,508.32,27.38,166.39999999999998,5.0,0.0,1792.09,25.990000000000002
United States,Minnesota,Canola,2006,spring,126.98,0.0,8.0,1830.2799999999997,26.36,16.45,5.0,0.0,698.59,4.0200000000000005,125.34,3.0,0.0,1044.03,24.38,86.45,0.0,8.0,1066.69,26.36,29.1,0.0,0.0,573.5699999999999,13.549999999999999,153.22,8.0,0.0,1932.6399999999999,24.38
United States,Minnesota,Canola,2007,spring,148.38,0.0,16.0,1892.0199999999998,27.669999999999998,57.300000000000004,2.0,0.0,642.8099999999998,23.45,199.14,1.0,0.0,1036.8400000000001,54.12,83.94,0.0,16.0,1117.43,27.669999999999998,61.78999999999999,0.0,0.0,576.98,19.369999999999997,259.09000000000003,3.0,0.0,1877.26,54.12
United States,Minnesota,Canola,2008,spring,308.7699999999999,0.0,18.0,1711.2400000000002,50.24,69.35000000000001,0.0,0.0,630.47,35.089999999999996,169.05,0.0,0.0,1097.4,38.660000000000004,282.09999999999997,0.0,18.0,1368.74,50.24,67.32999999999998,0.0,0.0,623.16,35.089999999999996,197.74,0.0,0.0,1447.21,38.660000000000004
United States,Minnesota,Canola,2009,spring,145.62,0.0,17.0,1838.81,22.470000000000002,96.24,0.0,0.0,591.5799999999999,46.43,140.89999999999998,0.0,0.0,1078.8899999999999,47.129999999999995,89.48,0.0,17.0,1541.4599999999998,19.19,58.34,0.0,0.0,514.8800000000001,22.47,234.94,0.0,0.0,1452.94,47.129999999999995
United States,Minnesota,Canola,2010,spring,265.78999999999996,0.0,6.0,1712.18,32.93,129.19,0.0,0.0,631.1299999999999,32.78,290.16999999999996,0.0,0.0,1042.36,49.87,114.08,0.0,6.0,1137.7399999999998,32.93,145.75,0.0,0.0,517.17,29.35,425.32000000000005,0.0,0.0,1730.7600000000004,49.86999999999999
United States,Minnesota,Canola,2011,spring,311.51,0.0,21.0,1608.21,56.370000000000005,134.5,0.0,0.0,624.47,32.23,139.19,0.0,0.0,1097.72,31.57,217.10999999999996,0.0,21.0,1309.88,56.370000000000005,131.91,0.0,0.0,536.0699999999999,32.21,236.18,0.0,0.0,1484.45,32.23
United States,Minnesota,Canola,2012,spring,438.75000000000006,0.0,10.0,1766.1399999999999,73.60999999999999,109.07000000000001,0.0,0.0,639.9399999999999,31.35,74.04,0.0,0.0,1196.5700000000002,16.049999999999997,296.29,0.0,10.0,1126.6399999999999,73.60999999999999,142.42,0.0,0.0,558.5,67.54,183.14999999999998,0.0,0.0,1917.51,31.349999999999998
United States,Minnesota,Canola,2013,spring,327.35,0.0,29.0,1584.3599999999997,71.18,57.769999999999996,0.0,0.0,611.12,18.24,116.22999999999999,1.0,0.0,1095.4499999999998,24.87,231.21,0.0,29.0,1236.04,49.769999999999996,103.16999999999999,0.0,0.0,540.81,71.18,166.97000000000003,1.0,0.0,1514.0800000000002,24.87
United States,Minnesota,Canola,2014,spring,422.87999999999994,0.0,20.0,1705.7299999999998,68.09,71.4,0.0,0.0,593.5,29.64,211.85,0.0,0.0,1021.03,47.620000000000005,332.36,0.0,20.0,1377.92,68.09,105.42,0.0,0.0,561.12,44.48,268.35,0.0,0.0,1381.2200000000003,47.620000000000005
United States,Minnesota,Canola,2015,spring,262.4599999999999,0.0,14.0,1795.4799999999998,41.82,116.66,0.0,0.0,619.1899999999999,36.34,181.09,0.0,0.0,1065.45,57.66,197.45,0.0,14.0,1241.9999999999998,41.82,65.11999999999999,0.0,0.0,618.64,24.9,297.64000000000004,0.0,0.0,1619.4799999999998,57.66
United States,Minnesota,Canola,2016,spring,200.33,0.0,17.0,1765.3599999999997,42.629999999999995,185.25,0.0,0.0,589.1,108.13000000000001,251.04000000000002,0.0,0.0,1022.77,61.39,133.81,0.0,17.0,1180.2299999999998,42.629999999999995,66.52,0.0,0.0,585.1300000000001,21.82,436.29,0.0,0.0,1611.8700000000001,108.13000000000001
United States,Minnesota,Canola,2017,spring,281.34000000000003,0.0,10.0,1718.88,39.95,70.83000000000001,0.0,0.0,633.1999999999999,22.83,255.24,0.0,0.0,1006.44,44.41,190.83999999999997,0.0,10.0,1268.5999999999997,39.95,96.09,0.0,0.0,608.4599999999999,33.839999999999996,320.48,0.0,0.0,1481.46,44.41
United States,Minnesota,Canola,2018,spring,218.58,0.0,23.0,1879.73,46.45,119.89,0.0,0.0,607.0199999999999,37.699999999999996,202.98999999999998,0.0,2.0,969.27,39.17999999999999,84.58999999999999,0.0,23.0,1296.13,24.36,122.7,0.0,0.0,521.6899999999999,46.45,334.1700000000001,0.0,2.0,1638.2,39.17999999999999
United States,Minnesota,Canola,2019,spring,308.92,0.0,16.0,1681.9900000000002,43.55,107.18,0.0,0.0,605.0,35.07,253.38,0.0,0.0,1008.8400000000001,44.06999999999999,225.64000000000001,0.0,16.0,1397.7899999999997,43.55,116.50000000000001,0.0,0.0,495.65000000000003,35.040000000000006,327.34,0.0,0.0,1402.3899999999999,44.06999999999999
United States,Minnesota,Canola,2020,spring,175.39,0.0,23.0,1927.6300000000003,41.27,124.38999999999999,0.0,0.0,630.01,42.87,157.11,0.0,0.0,1039.08,56.16,104.10000000000001,0.0,23.0,1425.4799999999996,18.759999999999998,72.25,0.0,0.0,576.1800000000001,41.27,280.53999999999996,0.0,0.0,1595.06,56.16
United States,Minnesota,Canola,2021,spring,173.45,0.0,13.0,1854.2,50.96,50.440000000000005,2.0,0.0,598.9800000000001,25.91,207.63,0.0,0.0,1125.27,52.56,130.45,0.0,13.0,1230.76,50.96,34.29,0.0,0.0,552.78,18.860000000000003,266.78000000000003,2.0,0.0,1794.9099999999999,52.56
United States,Minnesota,Canola,2022,spring,323.21,0.0,25.0,1682.4399999999996,61.27,78.69999999999999,0.0,0.0,587.75,20.13,166.34,0.0,0.0,1069.52,37.2,252.03,0.0,25.0,1288.9400000000003,61.27,91.54,0.0,0.0,513.73,40.12,224.68,0.0,0.0,1537.0400000000002,37.199999999999996
United States,Minnesota,Canola,2023,spring,210.92000000000002,0.0,19.0,1844.32,45.17000000000001,37.61,0.0,0.0,582.34,17.930000000000003,163.38,3.0,0.0,981.12,49.760000000000005,145.37,0.0,19.0,1207.4299999999998,43.050000000000004,59.72,0.0,0.0,578.44,45.17,206.82000000000002,3.0,0.0,1621.9099999999999,49.76
United States,Minnesota,Canola,2024,spring,447.46999999999997,0.0,11.0,1710.51,66.94,80.52000000000001,0.0,0.0,619.7400000000001,21.73,179.20000000000002,0.0,0.0,1070.46,48.779999999999994,318.07,0.0,11.0,1193.3700000000001,66.94,135.42000000000002,0.0,0.0,581.7600000000001,43.349999999999994,253.70000000000002,0.0,0.0,1625.58,48.779999999999994
United States,Minnesota,Canola,2025,spring,297.3,0.0,14.0,1709.82,43.18000000000001,110.74,0.0,0.0,578.63,42.88,133.07,0.0,0.0,973.1600000000001,21.14,172.36,0.0,14.0,1262.58,43.18000000000001,124.94,0.0,0.0,474.82,38.28,243.81,0.0,0.0,1524.2099999999998,42.88
United States,Montana,Wheat,1990,spring,164.09000000000003,0.0,28.0,1567.6199999999997,33.879999999999995,15.56,1.0,0.0,385.1,4.88,102.68999999999998,0.0,0.0,1984.6999999999998,32.65,182.93999999999997,1.0,28.0,1976.19,33.879999999999995,3.71,0.0,0.0,436.95,2.27,95.68999999999998,0.0,0.0,1524.2800000000002,32.65
United States,Montana,Wheat,1991,spring,237.96,0.0,28.0,1540.76,39.25,59.54,0.0,0.0,288.51000000000005,25.32,87.16000000000001,0.0,2.0,1985.66,17.02,297.51,0.0,28.0,1949.3600000000001,39.25,21.32,0.0,0.0,413.47,9.51,65.83000000000001,0.0,2.0,1452.1000000000004,17.02
United States,Montana,Wheat,1992,spring,172.21,0.0,15.0,1568.1699999999996,59.51,36.8,0.0,0.0,311.58,29.83,129.99,0.0,5.0,1816.4899999999998,22.590000000000003,172.85,0.0,15.0,1677.52,59.51,73.27,0.0,0.0,444.46000000000004,29.83,92.88,0.0,5.0,1574.26,22.590000000000003
United States,Montana,Wheat,1993,spring,185.35999999999999,0.0,27.0,1540.39,24.870000000000005,29.009999999999998,0.0,0.0,370.78,22.569999999999997,306.6,0.0,5.0,1629.69,39.04,227.67000000000002,0.0,27.0,1930.2600000000002,24.870000000000005,156.46,0.0,0.0,414.88000000000005,34.24,136.84,0.0,5.0,1195.7199999999998,34.57
United States,Montana,Wheat,1994,spring,169.58000000000007,0.0,21.0,1530.51,34.84,8.370000000000001,0.0,0.0,378.90000000000003,6.14,61.49999999999999,0.0,0.0,1857.8899999999999,20.86,176.99,0.0,21.0,1765.3899999999996,34.84,30.340000000000003,0.0,0.0,459.76,20.86,32.120000000000005,0.0,0.0,1542.15,6.2
United States,Montana,Wheat,1995,spring,230.98,0.0,38.0,1503.4699999999998,46.85,37.129999999999995,0.0,0.0,321.22,16.97,170.19,0.0,4.0,1855.8300000000002,24.69,299.03,0.0,38.0,1979.96,46.85,55.82,0.0,0.0,417.95,24.69,83.44999999999999,0.0,4.0,1282.61,17.47
United States,Montana,Wheat,1996,spring,149.31999999999996,0.0,31.0,1426.3100000000002,30.849999999999994,22.119999999999997,0.0,0.0,350.24,11.81,90.17,0.0,5.0,1935.91,30.78,174.66,0.0,31.0,1834.8300000000002,30.849999999999994,9.84,0.0,0.0,451.68,6.83,77.11,0.0,5.0,1425.95,30.78
United States,Montana,Wheat,1997,spring,245.56,0.0,30.0,1585.84,46.67999999999999,53.9,0.0,0.0,335.91999999999996,29.72,150.1,0.0,1.0,1924.4099999999996,24.29,306.77,0.0,30.0,2001.2,46.67999999999999,53.06,0.0,0.0,393.48,24.29,89.72999999999999,0.0,1.0,1451.4899999999998,17.39
United States,Montana,Wheat,1998,spring,168.4,0.0,20.0,1633.1200000000001,35.31,46.47,0.0,0.0,302.58,17.2,138.43999999999997,0.0,0.0,1932.01,28.52,219.64000000000001,0.0,20.0,1962.6700000000003,35.31,31.159999999999997,0.0,0.0,415.84999999999997,22.23,102.51000000000002,0.0,0.0,1489.19,28.52
United States,Montana,Wheat,1999,spring,155.86,0.0,32.0,1569.0000000000002,30.36,39.06,0.0,0.0,335.40999999999997,12.19,129.17000000000002,0.0,3.0,1824.29,23.779999999999998,207.94,0.0,32.0,2032.6499999999996,30.36,7.76,0.0,0.0,416.19,3.75,108.38999999999997,0.0,3.0,1279.86,23.779999999999998
United States,Montana,Wheat,2000,spring,142.58999999999997,0.0,24.0,1586.3000000000004,24.79,44.11,0.0,0.0,339.9,19.490000000000002,94.71999999999998,4.0,5.0,1887.68,20.25,167.24,0.0,24.0,1876.4100000000003,24.79,51.57000000000001,1.0,0.0,410.64,29.44,62.61000000000001,3.0,5.0,1526.83,20.25
United States,Montana,Wheat,2001,spring,139.50000000000003,0.0,28.0,1648.3700000000003,38.14,25.669999999999998,0.0,0.0,363.01,11.77,112.85999999999999,1.0,0.0,1981.06,33.98,163.48,0.0,28.0,1936.74,38.14,15.899999999999999,0.0,0.0,357.44,9.55,98.65,1.0,0.0,1698.26,33.98
United States,Montana,Wheat,2002,spring,143.30999999999997,0.0,40.0,1548.69,29.84,30.309999999999995,1.0,0.0,353.19,21.849999999999998,170.41000000000003,4.0,4.0,1868.23,33.62,177.86,1.0,40.0,1978.3299999999997,29.84,32.89,4.0,0.0,351.75999999999993,20.49,133.28000000000003,0.0,4.0,1440.02,33.62
United States,Montana,Wheat,2003,spring,196.41000000000005,0.0,25.0,1548.5100000000002,26.32,10.63,0.0,0.0,352.83,5.24,70.32000000000001,10.0,3.0,1919.7800000000002,20.130000000000003,206.35999999999999,0.0,25.0,1872.03,26.32,3.84,0.0,0.0,426.35,1.99,67.16000000000001,10.0,3.0,1522.74,20.130000000000003
United States,Montana,Wheat,2004,spring,196.09000000000003,0.0,23.0,1546.3400000000001,41.63,25.01,0.0,0.0,326.75,9.709999999999999,122.46,0.0,1.0,1852.6,17.299999999999997,233.93999999999997,0.0,23.0,1946.64,41.63,23.71,0.0,0.0,388.84000000000003,8.0,85.91,0.0,1.0,1390.2099999999998,17.299999999999997
United States,Montana,Wheat,2005,spring,195.2,0.0,27.0,1517.78,36.91,36.06999999999999,0.0,0.0,353.7,24.599999999999998,112.2,1.0,2.0,1900.2000000000003,16.430000000000003,231.42999999999998,0.0,27.0,1928.6899999999998,36.91,20.590000000000003,1.0,0.0,393.40999999999997,11.61,91.45,0.0,2.0,1449.5800000000002,16.43
United States,Montana,Wheat,2006,spring,232.65,0.0,18.0,1628.1499999999999,43.870000000000005,20.52,0.0,0.0,384.17999999999995,16.200000000000003,118.75999999999999,2.0,3.0,1936.4,29.990000000000002,235.91,0.0,18.0,1819.5599999999997,43.870000000000005,23.819999999999997,0.0,0.0,412.54,16.200000000000003,112.19999999999999,2.0,3.0,1716.63,29.990000000000002
United States,Montana,Wheat,2007,spring,259.95,0.0,23.0,1552.9199999999998,47.980000000000004,16.4,0.0,0.0,384.2699999999999,7.859999999999999,98.52,5.0,1.0,1879.6399999999999,13.67,273.31,0.0,23.0,1862.8700000000001,47.980000000000004,18.05,1.0,0.0,368.11999999999995,13.67,83.50999999999999,4.0,1.0,1585.84,10.530000000000001
United States,Montana,Wheat,2008,spring,258.76,0.0,35.0,1429.2499999999998,76.96000000000001,11.92,0.0,0.0,390.68,9.2,102.34,0.0,0.0,1917.54,22.78,276.72,0.0,35.0,1968.43,76.96000000000001,6.09,0.0,0.0,421.27,3.0300000000000002,90.21,0.0,0.0,1347.77,22.78
United States,Montana,Wheat,2009,spring,156.69999999999996,0.0,33.0,1583.6599999999996,24.439999999999998,38.15000000000001,0.0,0.0,368.92,24.400000000000002,166.96,0.0,1.0,1888.79,27.15,206.35,0.0,33.0,2041.7599999999998,24.439999999999998,38.99,0.0,0.0,452.63000000000005,24.47,116.47000000000001,0.0,1.0,1346.9800000000002,27.15
United States,Montana,Wheat,2010,spring,280.04999999999995,0.0,36.0,1496.1399999999999,45.39,32.279999999999994,0.0,0.0,343.69000000000005,13.020000000000001,198.46,0.0,0.0,1813.68,38.75,333.1099999999999,0.0,36.0,2069.17,45.39,27.430000000000003,0.0,0.0,435.28000000000003,13.360000000000001,150.25000000000003,0.0,0.0,1149.06,38.75
United States,Montana,Wheat,2011,spring,348.83,0.0,36.0,1397.12,46.31,13.09,0.0,0.0,379.12000000000006,6.49,69.93,0.0,0.0,2042.23,12.9,377.93,0.0,36.0,2116.0,46.31,14.04,0.0,0.0,427.72,5.79,39.88,0.0,0.0,1274.75,12.08
United States,Montana,Wheat,2012,spring,198.96000000000004,0.0,27.0,1605.2499999999995,34.71,15.2,0.0,0.0,366.64000000000004,8.120000000000001,56.39000000000001,0.0,0.0,1960.3,10.73,207.41000000000003,0.0,27.0,1915.47,34.71,12.77,0.0,0.0,366.12,7.58,50.370000000000005,0.0,0.0,1650.6000000000001,10.73
United States,Montana,Wheat,2013,spring,249.32,0.0,27.0,1536.4799999999998,52.760000000000005,27.42,0.0,0.0,375.22,18.92,147.30999999999997,0.0,2.0,1882.1100000000001,24.0,276.74,0.0,27.0,1911.6999999999998,52.760000000000005,22.770000000000003,0.0,0.0,388.5900000000001,12.38,124.53999999999999,0.0,2.0,1493.52,24.0
United States,Montana,Wheat,2014,spring,152.25,0.0,29.0,1536.3300000000004,23.709999999999997,31.430000000000003,0.0,0.0,327.06999999999994,14.76,225.95000000000002,0.0,3.0,1806.53,111.55,184.75,0.0,29.0,1918.14,26.689999999999998,14.21,0.0,0.0,414.94000000000005,10.22,210.67000000000002,0.0,3.0,1336.8500000000001,111.55
United States,Montana,Wheat,2015,spring,197.74,0.0,28.0,1601.8999999999999,38.290000000000006,15.360000000000001,0.0,0.0,355.75000000000006,7.06,120.55000000000001,0.0,0.0,1780.7299999999996,25.66,209.37,0.0,28.0,1848.4899999999998,38.290000000000006,21.01,0.0,0.0,384.33000000000004,8.49,103.27000000000001,0.0,0.0,1505.5599999999997,25.66
United States,Montana,Wheat,2016,spring,177.45000000000002,0.0,16.0,1597.9399999999998,36.309999999999995,9.569999999999999,0.0,0.0,397.93000000000006,5.39,182.46,0.0,2.0,1827.8299999999997,37.96,182.78,0.0,16.0,1806.94,36.309999999999995,49.52,0.0,0.0,418.57,37.96,137.18,0.0,2.0,1598.1899999999998,34.56
United States,Montana,Wheat,2017,spring,172.01999999999998,0.0,20.0,1676.9499999999998,33.36,6.62,0.0,0.0,357.01,5.109999999999999,105.03000000000002,1.0,4.0,1903.92,50.47,176.92,0.0,20.0,1929.54,33.36,17.540000000000003,1.0,0.0,372.62,14.19,89.21,0.0,4.0,1635.7200000000003,50.47
United States,Montana,Wheat,2018,spring,232.44,0.0,23.0,1556.5900000000001,41.15,88.28,0.0,0.0,313.43,43.730000000000004,122.7,2.0,3.0,1777.5299999999997,23.01,300.03,0.0,23.0,1751.89,47.47,33.07,0.0,0.0,408.43,20.13,110.32,2.0,3.0,1487.23,23.01
United States,Montana,Wheat,2019,spring,170.11999999999998,0.0,27.0,1483.0400000000002,29.810000000000002,48.46999999999999,0.0,0.0,288.62,19.09,210.56,0.0,4.0,1798.01,30.759999999999998,239.04999999999998,0.0,27.0,1845.8600000000001,29.810000000000002,47.190000000000005,0.0,0.0,435.44000000000005,22.59,142.91000000000003,0.0,4.0,1288.37,30.759999999999998
United States,Montana,Wheat,2020,spring,175.63999999999996,0.0,26.0,1625.7,31.65,88.66,0.0,0.0,322.86999999999995,60.17,83.63000000000001,0.0,2.0,1880.2500000000002,18.799999999999997,264.62,0.0,26.0,1980.06,60.17,24.96,0.0,0.0,463.15,11.89,58.349999999999994,0.0,2.0,1385.6100000000001,18.799999999999997
United States,Montana,Wheat,2021,spring,144.29999999999998,2.0,31.0,1587.4299999999998,26.68,8.35,0.0,0.0,376.87,5.86,123.56000000000002,1.0,0.0,1701.72,35.52,152.4,2.0,31.0,1839.59,26.68,17.439999999999998,0.0,0.0,380.43,9.09,106.37,1.0,0.0,1446.0,35.52
United States,Montana,Wheat,2022,spring,155.14,0.0,37.0,1461.36,22.18,24.979999999999997,0.0,0.0,356.08,14.95,150.16,5.0,0.0,1930.73,24.759999999999998,220.31,0.0,37.0,1955.5600000000002,24.759999999999998,16.119999999999997,1.0,0.0,344.27000000000004,10.4,93.85,4.0,0.0,1448.3400000000001,23.35
United States,Montana,Wheat,2023,spring,288.20000000000005,0.0,22.0,1536.0499999999997,70.05,46.7,0.0,0.0,321.94,20.73,143.92000000000002,1.0,0.0,1842.69,40.879999999999995,324.81999999999994,0.0,22.0,1711.6800000000003,70.05,21.33,0.0,0.0,425.27,7.52,132.67,1.0,0.0,1563.73,40.879999999999995
United States,Montana,Wheat,2024,spring,183.98,0.0,21.0,1604.6299999999999,53.980000000000004,46.62,0.0,0.0,337.46000000000004,15.67,168.07,2.0,0.0,1789.7700000000002,80.62,230.6,0.0,21.0,1942.0899999999997,53.980000000000004,12.340000000000002,0.0,0.0,378.07000000000005,7.25,155.73,2.0,0.0,1411.7,80.62
United States,Montana,Wheat,2025,spring,164.11999999999998,0.0,18.0,1607.0400000000002,29.64,29.689999999999998,0.0,0.0,348.88000000000005,21.07,156.76,0.0,0.0,1849.26,22.020000000000003,186.73999999999995,0.0,18.0,1797.79,29.64,18.310000000000002,0.0,0.0,380.13000000000005,7.01,145.52,0.0,0.0,1627.2600000000002,22.020000000000003
United States,Montana,Barley,1990,spring,164.09000000000003,0.0,28.0,1567.6199999999997,33.879999999999995,18.85,1.0,0.0,408.57000000000005,6.4,99.39999999999998,0.0,0.0,1961.23,32.65,182.93999999999997,1.0,28.0,1976.19,33.879999999999995,3.71,0.0,0.0,436.95,2.27,95.68999999999998,0.0,0.0,1524.2800000000002,32.65
United States,Montana,Barley,1991,spring,237.96,0.0,28.0,1540.76,39.25,59.54,0.0,0.0,318.40000000000003,25.32,87.16000000000001,0.0,2.0,1955.77,17.02,297.51,0.0,28.0,1949.3600000000001,39.25,21.38,0.0,0.0,438.02000000000004,9.51,65.77000000000001,0.0,2.0,1427.5500000000002,17.02
United States,Montana,Barley,1992,spring,172.21,0.0,15.0,1568.1699999999996,59.51,39.36,0.0,0.0,333.78999999999996,29.83,127.42999999999999,0.0,5.0,1794.2799999999997,22.590000000000003,172.85,0.0,15.0,1677.52,59.51,73.27,0.0,0.0,444.46000000000004,29.83,92.88,0.0,5.0,1574.26,22.590000000000003
United States,Montana,Barley,1993,spring,185.35999999999999,0.0,27.0,1540.39,24.870000000000005,42.31,0.0,0.0,389.86999999999995,22.569999999999997,293.29999999999995,0.0,5.0,1610.6000000000001,34.57,247.19000000000003,0.0,27.0,1932.7000000000003,33.800000000000004,136.94,0.0,0.0,412.44000000000005,34.24,136.84,0.0,5.0,1195.7199999999998,34.57
United States,Montana,Barley,1994,spring,169.58000000000007,0.0,21.0,1530.51,34.84,9.46,0.0,0.0,398.62,6.14,60.41,0.0,0.0,1838.17,20.86,177.07,0.0,21.0,1792.12,34.84,31.14,0.0,0.0,455.17999999999995,20.86,31.24,0.0,0.0,1520.0,6.2
United States,Montana,Barley,1995,spring,230.98,0.0,38.0,1503.4699999999998,46.85,39.97,0.0,0.0,340.34000000000003,16.97,167.35,0.0,4.0,1836.7099999999998,24.69,303.63,0.0,38.0,2004.71,46.85,51.220000000000006,0.0,0.0,393.2,24.69,83.44999999999999,0.0,4.0,1282.61,17.47
United States,Montana,Barley,1996,spring,149.31999999999996,0.0,31.0,1426.3100000000002,30.849999999999994,23.06,0.0,0.0,378.17,11.81,89.23,0.0,5.0,1907.98,30.78,174.66,0.0,31.0,1834.8300000000002,30.849999999999994,9.86,0.0,0.0,478.87,6.83,77.09000000000002,0.0,5.0,1398.76,30.78
United States,Montana,Barley,1997,spring,245.56,0.0,30.0,1585.84,46.67999999999999,59.33,0.0,0.0,360.31999999999994,29.72,144.67000000000002,0.0,1.0,1900.0099999999998,24.29,306.77,0.0,30.0,2001.2,46.67999999999999,53.06,0.0,0.0,393.48,24.29,89.72999999999999,0.0,1.0,1451.4899999999998,17.39
United States,Montana,Barley,1998,spring,168.4,0.0,20.0,1633.1200000000001,35.31,51.239999999999995,0.0,0.0,329.54999999999995,17.2,133.67,0.0,0.0,1905.04,28.52,219.64000000000001,0.0,20.0,1962.6700000000003,35.31,31.159999999999997,0.0,0.0,415.84999999999997,22.23,102.51000000000002,0.0,0.0,1489.19,28.52
United States,Montana,Barley,1999,spring,155.86,0.0,32.0,1569.0000000000002,30.36,43.03,0.0,0.0,354.53999999999996,13.99,125.19999999999997,0.0,3.0,1805.1599999999999,23.779999999999998,207.94,0.0,32.0,2032.6499999999996,30.36,7.89,0.0,0.0,436.24,3.75,108.25999999999999,0.0,3.0,1259.8100000000002,23.779999999999998
United States,Montana,Barley,2000,spring,142.58999999999997,0.0,24.0,1586.3000000000004,24.79,51.3,0.0,0.0,364.29999999999995,26.650000000000002,87.53,4.0,5.0,1863.28,20.25,167.24,0.0,24.0,1876.4100000000003,24.79,51.57000000000001,1.0,0.0,410.64,29.44,62.61000000000001,3.0,5.0,1526.83,20.25
United States,Montana,Barley,2001,spring,139.50000000000003,0.0,28.0,1648.3700000000003,38.14,25.77,0.0,0.0,393.78999999999996,11.77,112.75999999999999,1.0,0.0,1950.28,33.98,163.48,0.0,28.0,1936.74,38.14,15.899999999999999,0.0,0.0,357.44,9.55,98.65,1.0,0.0,1698.26,33.98
United States,Montana,Barley,2002,spring,143.30999999999997,0.0,40.0,1548.69,29.84,30.369999999999994,1.0,0.0,385.2,21.849999999999998,170.35000000000002,4.0,4.0,1836.22,33.62,177.87,1.0,40.0,2009.52,29.84,33.36,4.0,0.0,347.12,20.49,132.8,0.0,4.0,1413.4699999999998,33.62
United States,Montana,Barley,2003,spring,196.41000000000005,0.0,25.0,1548.5100000000002,26.32,10.74,0.0,0.0,382.03999999999996,5.24,70.21000000000001,10.0,3.0,1890.5700000000002,20.130000000000003,206.35999999999999,0.0,25.0,1872.03,26.32,3.84,0.0,0.0,426.35,1.99,67.16000000000001,10.0,3.0,1522.74,20.130000000000003
United States,Montana,Barley,2004,spring,196.09000000000003,0.0,23.0,1546.3400000000001,41.63,26.64,0.0,0.0,354.67,9.709999999999999,120.83000000000001,0.0,1.0,1824.6799999999998,17.299999999999997,233.93999999999997,0.0,23.0,1946.64,41.63,23.71,0.0,0.0,388.84000000000003,8.0,85.91,0.0,1.0,1390.2099999999998,17.299999999999997
United States,Montana,Barley,2005,spring,195.2,0.0,27.0,1517.78,36.91,36.209999999999994,0.0,0.0,380.53999999999996,24.599999999999998,112.06,1.0,2.0,1873.3600000000001,16.430000000000003,231.42999999999998,0.0,27.0,1928.6899999999998,36.91,20.590000000000003,1.0,0.0,393.40999999999997,11.61,91.45,0.0,2.0,1449.5800000000002,16.43
United States,Montana,Barley,2006,spring,232.65,0.0,18.0,1628.1499999999999,43.870000000000005,21.16,0.0,0.0,410.44999999999993,16.200000000000003,118.11999999999999,2.0,3.0,1910.13,29.990000000000002,235.91,0.0,18.0,1819.5599999999997,43.870000000000005,23.819999999999997,0.0,0.0,412.54,16.200000000000003,112.19999999999999,2.0,3.0,1716.63,29.990000000000002
United States,Montana,Barley,2007,spring,259.95,0.0,23.0,1552.9199999999998,47.980000000000004,17.04,0.0,0.0,409.80999999999995,7.859999999999999,97.88,5.0,1.0,1854.1000000000001,13.67,273.31,0.0,23.0,1862.8700000000001,47.980000000000004,18.05,1.0,0.0,368.11999999999995,13.67,83.50999999999999,4.0,1.0,1585.84,10.530000000000001
United States,Montana,Barley,2008,spring,258.76,0.0,35.0,1429.2499999999998,76.96000000000001,15.26,0.0,0.0,405.6,12.54,98.99999999999999,0.0,0.0,1902.6200000000001,22.78,276.72,0.0,35.0,1968.43,76.96000000000001,6.09,0.0,0.0,421.27,3.0300000000000002,90.21,0.0,0.0,1347.77,22.78
United States,Montana,Barley,2009,spring,156.69999999999996,0.0,33.0,1583.6599999999996,24.439999999999998,44.72000000000001,0.0,0.0,385.81,24.400000000000002,160.39000000000004,0.0,1.0,1871.9,27.15,218.35999999999999,0.0,33.0,2063.04,24.439999999999998,26.98,0.0,0.0,431.35,13.43,116.47000000000001,0.0,1.0,1346.9800000000002,27.15
United States,Montana,Barley,2010,spring,280.04999999999995,0.0,36.0,1496.1399999999999,45.39,35.88999999999999,0.0,0.0,366.20000000000005,14.23,194.85,0.0,0.0,1791.1700000000003,38.75,337.8499999999999,0.0,36.0,2087.52,45.39,22.69,0.0,0.0,416.93,13.360000000000001,150.25000000000003,0.0,0.0,1149.06,38.75
United States,Montana,Barley,2011,spring,348.83,0.0,36.0,1397.12,46.31,13.09,0.0,0.0,409.80000000000007,6.49,69.92999999999999,0.0,0.0,2011.5500000000002,12.9,382.22,0.0,36.0,2139.85,46.31,9.83,0.0,0.0,432.14,4.14,39.800000000000004,0.0,0.0,1246.48,12.08
United States,Montana,Barley,2012,spring,198.96000000000004,0.0,27.0,1605.2499999999995,34.71,15.77,0.0,0.0,397.05000000000007,8.120000000000001,55.82000000000001,0.0,0.0,1929.8899999999999,10.73,207.41000000000003,0.0,27.0,1945.95,34.71,15.559999999999999,0.0,0.0,347.22999999999996,7.58,47.580000000000005,0.0,0.0,1639.01,10.73
United States,Montana,Barley,2013,spring,249.32,0.0,27.0,1536.4799999999998,52.760000000000005,27.42,0.0,0.0,405.32000000000005,18.92,147.30999999999997,0.0,2.0,1852.0099999999998,24.0,276.74,0.0,27.0,1911.6999999999998,52.760000000000005,22.770000000000003,0.0,0.0,388.5900000000001,12.38,124.53999999999999,0.0,2.0,1493.52,24.0
United States,Montana,Barley,2014,spring,152.25,0.0,29.0,1536.3300000000004,23.709999999999997,31.430000000000003,0.0,0.0,357.3299999999999,14.76,225.95000000000002,0.0,3.0,1776.27,111.55,187.29,0.0,29.0,1940.49,26.689999999999998,11.67,0.0,0.0,392.59000000000003,10.22,210.67000000000002,0.0,3.0,1336.8500000000001,111.55
United States,Montana,Barley,2015,spring,197.74,0.0,28.0,1601.8999999999999,38.290000000000006,15.440000000000001,0.0,0.0,382.7300000000001,7.06,120.47,0.0,0.0,1753.7499999999995,25.66,209.39000000000001,0.0,28.0,1878.9599999999998,38.290000000000006,20.99,0.0,0.0,353.85999999999996,8.49,103.27000000000001,0.0,0.0,1505.5599999999997,25.66
United States,Montana,Barley,2016,spring,177.45000000000002,0.0,16.0,1597.9399999999998,36.309999999999995,10.489999999999998,0.0,0.0,425.93000000000006,5.39,181.54000000000002,0.0,2.0,1799.8299999999997,37.96,182.78,0.0,16.0,1806.94,36.309999999999995,49.52,0.0,0.0,418.57,37.96,137.18,0.0,2.0,1598.1899999999998,34.56
United States,Montana,Barley,2017,spring,172.01999999999998,0.0,20.0,1676.9499999999998,33.36,7.4,0.0,0.0,383.64,5.109999999999999,104.25000000000001,1.0,4.0,1877.2900000000002,50.47,176.92,0.0,20.0,1929.54,33.36,17.540000000000003,1.0,0.0,372.62,14.19,89.21,0.0,4.0,1635.7200000000003,50.47
United States,Montana,Barley,2018,spring,232.44,0.0,23.0,1556.5900000000001,41.15,89.61,0.0,0.0,339.75,43.730000000000004,121.36999999999999,2.0,3.0,1751.21,23.01,300.03,0.0,23.0,1751.89,47.47,33.07,0.0,0.0,438.21000000000004,20.13,110.31999999999998,2.0,3.0,1457.4499999999998,23.01
United States,Montana,Barley,2019,spring,170.11999999999998,0.0,27.0,1483.0400000000002,29.810000000000002,53.86999999999999,0.0,0.0,308.44,19.09,205.16000000000003,0.0,4.0,1778.19,30.759999999999998,239.04999999999998,0.0,27.0,1845.8600000000001,29.810000000000002,47.190000000000005,0.0,0.0,435.44000000000005,22.59,142.91000000000003,0.0,4.0,1288.37,30.759999999999998
United States,Montana,Barley,2020,spring,175.63999999999996,0.0,26.0,1625.7,31.65,88.97999999999999,0.0,0.0,354.35999999999996,60.17,83.31,0.0,2.0,1848.76,18.799999999999997,264.62,0.0,26.0,1980.06,60.17,24.96,0.0,0.0,463.15,11.89,58.349999999999994,0.0,2.0,1385.6100000000001,18.799999999999997
United States,Montana,Barley,2021,spring,144.29999999999998,2.0,31.0,1587.4299999999998,26.68,8.51,0.0,0.0,405.85,5.86,123.4,1.0,0.0,1672.74,35.52,152.4,2.0,31.0,1839.59,26.68,17.439999999999998,0.0,0.0,380.43,9.09,106.37,1.0,0.0,1446.0,35.52
United States,Montana,Barley,2022,spring,155.14,0.0,37.0,1461.36,22.18,27.529999999999998,0.0,0.0,383.96999999999997,14.95,147.60999999999999,5.0,0.0,1902.84,24.76,220.31,0.0,37.0,1955.5600000000002,24.759999999999998,16.119999999999997,1.0,0.0,344.27000000000004,10.4,93.85,4.0,0.0,1448.3400000000001,23.35
United States,Montana,Barley,2023,spring,288.20000000000005,0.0,22.0,1536.0499999999997,70.05,46.720000000000006,0.0,0.0,352.96,20.73,143.90000000000003,1.0,0.0,1811.6700000000003,40.879999999999995,324.81999999999994,0.0,22.0,1711.6800000000003,70.05,21.889999999999997,0.0,0.0,448.83,7.52,132.10999999999999,1.0,0.0,1540.17,40.879999999999995
United States,Montana,Barley,2024,spring,183.98,0.0,21.0,1604.6299999999999,53.980000000000004,49.01,0.0,0.0,358.67,15.67,165.67999999999998,2.0,0.0,1768.56,80.62,230.6,0.0,21.0,1942.0899999999997,53.980000000000004,12.340000000000002,0.0,0.0,378.07000000000005,7.25,155.73,2.0,0.0,1411.7,80.62
United States,Montana,Barley,2025,spring,164.11999999999998,0.0,18.0,1607.0400000000002,29.64,32.809999999999995,0.0,0.0,373.36000000000007,21.07,153.64000000000001,0.0,0.0,1824.7800000000002,22.020000000000003,186.73999999999995,0.0,18.0,1797.79,29.64,18.32,0.0,0.0,410.49,7.01,145.51000000000002,0.0,0.0,1596.9,22.020000000000003
United States,Montana,Oats,1990,spring,144.73000000000002,0.0,28.0,1300.8500000000001,33.879999999999995,24.24,0.0,0.0,336.16,14.86,113.37,1.0,0.0,2300.4099999999994,32.65,169.27000000000004,0.0,28.0,1725.2,33.879999999999995,16.990000000000002,1.0,0.0,547.65,6.4,96.08,0.0,0.0,1664.5699999999997,32.65
United States,Montana,Oats,1991,spring,218.48,0.0,28.0,1225.7299999999998,39.25,30.909999999999997,0.0,0.0,371.61999999999995,11.43,135.26999999999998,0.0,2.0,2217.5799999999995,20.45,269.84000000000003,0.0,28.0,1652.58,39.25,46.60000000000001,0.0,0.0,570.9799999999999,13.770000000000001,68.22,0.0,2.0,1591.3700000000001,17.02
United States,Montana,Oats,1992,spring,97.46,0.0,15.0,1337.42,18.069999999999997,75.19999999999999,0.0,0.0,313.87000000000006,59.510000000000005,166.34,0.0,5.0,2044.9499999999998,29.83,97.72,0.0,15.0,1450.19,18.069999999999997,120.41999999999999,0.0,0.0,500.90000000000003,59.510000000000005,120.86,0.0,5.0,1745.15,22.590000000000003
United States,Montana,Oats,1993,spring,114.98999999999998,0.0,27.0,1325.04,18.490000000000002,71.39,0.0,0.0,307.54,24.87,334.59,0.0,5.0,1908.28,39.040000000000006,185.5,0.0,27.0,1602.2600000000002,24.870000000000005,159.11000000000004,0.0,0.0,619.6699999999998,39.040000000000006,176.35999999999999,0.0,5.0,1318.9300000000003,34.57
United States,Montana,Oats,1994,spring,141.13000000000002,0.0,21.0,1273.71,34.84,29.290000000000003,0.0,0.0,336.93,13.96,69.03,0.0,0.0,2156.66,20.86,169.58000000000007,0.0,21.0,1502.0,34.84,30.8,0.0,0.0,575.2300000000001,20.86,39.06999999999999,0.0,0.0,1690.0700000000002,6.2
United States,Montana,Oats,1995,spring,190.42,0.0,38.0,1256.6399999999999,36.58,46.31,0.0,0.0,317.79,25.54,201.57000000000002,0.0,4.0,2106.09,24.689999999999998,266.24,0.0,38.0,1724.5,46.85,78.78000000000002,0.0,0.0,540.56,24.69,93.27999999999999,0.0,4.0,1415.46,17.47
United States,Montana,Oats,1996,spring,134.98000000000002,0.0,31.0,1104.3,30.849999999999994,17.18,0.0,0.0,404.49,5.859999999999999,109.45,0.0,5.0,2203.67,30.78,163.05,0.0,31.0,1569.3600000000001,30.849999999999994,13.709999999999999,0.0,0.0,601.3699999999999,6.109999999999999,84.85000000000001,0.0,5.0,1541.73,30.78
United States,Montana,Oats,1997,spring,161.37,0.0,30.0,1313.43,46.67999999999999,85.64999999999998,0.0,0.0,354.7699999999999,38.94,202.54000000000002,0.0,1.0,2177.97,29.72,247.01999999999995,0.0,30.0,1668.2000000000003,46.67999999999999,79.94,0.0,0.0,603.25,29.72,122.6,0.0,1.0,1574.7199999999998,24.29
United States,Montana,Oats,1998,spring,94.28,0.0,20.0,1407.4099999999999,20.439999999999998,91.32000000000001,0.0,0.0,286.27,35.31,167.70999999999998,0.0,0.0,2174.0299999999997,28.52,182.62,0.0,20.0,1678.2400000000002,35.31,67.91,0.0,0.0,554.3,22.23,102.78,0.0,0.0,1635.17,28.52
United States,Montana,Oats,1999,spring,128.6,0.0,32.0,1271.24,30.36,36.64,0.0,0.0,381.25,20.85,158.85000000000002,0.0,3.0,2076.21,23.779999999999998,172.48000000000002,0.0,32.0,1727.1499999999999,30.36,41.36,0.0,0.0,618.7,13.99,110.24999999999999,0.0,3.0,1382.85,23.779999999999998
United States,Montana,Oats,2000,spring,107.91,0.0,24.0,1332.7700000000002,24.79,49.71,0.0,0.0,316.65000000000003,22.03,123.8,4.0,5.0,2164.4600000000005,29.440000000000005,141.67,0.0,24.0,1559.5400000000004,24.79,75.32000000000001,0.0,0.0,586.0899999999999,29.440000000000005,64.42999999999999,4.0,5.0,1668.2499999999998,20.25
United States,Montana,Oats,2001,spring,90.31,0.0,28.0,1371.8400000000004,28.330000000000002,59.989999999999995,0.0,0.0,354.79,38.14,127.72999999999999,1.0,0.0,2265.8099999999995,33.98,139.50000000000003,0.0,28.0,1648.3700000000003,38.14,29.660000000000004,0.0,0.0,530.0500000000001,11.77,108.86999999999998,1.0,0.0,1814.0200000000002,33.98
United States,Montana,Oats,2002,spring,101.17999999999999,0.0,40.0,1275.0900000000001,23.34,47.24999999999999,0.0,0.0,347.23999999999995,29.84,195.60000000000002,5.0,4.0,2147.7800000000007,33.62,170.34,0.0,40.0,1741.39,29.84,19.32,4.0,0.0,494.86,11.43,154.37000000000003,1.0,4.0,1533.8599999999997,33.62
United States,Montana,Oats,2003,spring,156.88,0.0,25.0,1263.9400000000003,26.32,43.90999999999999,0.0,0.0,357.98,18.400000000000002,76.57000000000001,10.0,3.0,2199.2000000000003,20.130000000000003,196.41000000000005,0.0,25.0,1548.5100000000002,26.32,12.84,0.0,0.0,632.4399999999999,5.24,68.11,10.0,3.0,1640.17,20.130000000000003
United States,Montana,Oats,2004,spring,138.92,0.0,23.0,1309.4699999999998,41.63,59.089999999999996,0.0,0.0,304.23999999999995,41.209999999999994,145.54999999999998,0.0,1.0,2111.9799999999996,17.299999999999997,202.51999999999998,0.0,23.0,1657.6799999999998,41.63,47.13,0.0,0.0,580.3699999999999,15.98,93.90999999999998,0.0,1.0,1487.6399999999996,17.299999999999997
United States,Montana,Oats,2005,spring,140.47000000000003,0.0,27.0,1268.34,36.91,56.33,0.0,0.0,335.76,23.57,146.67000000000002,1.0,2.0,2167.5800000000004,24.599999999999998,199.17999999999998,0.0,27.0,1632.4900000000002,36.91,49.46,1.0,0.0,555.9300000000002,24.599999999999998,94.82999999999998,0.0,2.0,1583.2599999999998,16.43
United States,Montana,Oats,2006,spring,156.82,0.0,18.0,1372.5,41.870000000000005,78.94999999999999,0.0,0.0,332.17,43.870000000000005,136.16,2.0,3.0,2244.0599999999995,29.990000000000002,214.82999999999998,0.0,18.0,1490.02,43.870000000000005,42.43,0.0,0.0,595.27,16.200000000000003,114.67,2.0,3.0,1863.44,29.990000000000002
United States,Montana,Oats,2007,spring,212.07,0.0,23.0,1274.84,47.980000000000004,55.739999999999995,0.0,0.0,362.80000000000007,21.4,107.05999999999999,5.0,1.0,2179.189999999999,13.67,259.95,0.0,23.0,1552.9199999999998,47.980000000000004,28.309999999999995,1.0,0.0,544.12,11.079999999999998,86.61,4.0,1.0,1719.7900000000002,10.530000000000001
United States,Montana,Oats,2008,spring,199.93999999999997,0.0,34.0,1166.9,76.96000000000001,59.38,0.0,1.0,356.51,36.16,113.7,0.0,0.0,2214.06,22.78,261.48,0.0,35.0,1717.3700000000001,76.96000000000001,18.249999999999996,0.0,0.0,544.8699999999999,12.56,93.29,0.0,0.0,1475.2300000000002,22.78
United States,Montana,Oats,2009,spring,119.85000000000001,0.0,32.0,1331.55,22.97,61.18,0.0,1.0,321.0799999999999,24.439999999999998,180.78,0.0,1.0,2188.7399999999993,27.15,192.71,0.0,33.0,1784.1899999999998,24.439999999999998,52.01,0.0,0.0,577.1399999999999,24.47,117.08999999999999,0.0,1.0,1480.04,27.15
United States,Montana,Oats,2010,spring,207.88,0.0,36.0,1240.3300000000002,37.43000000000001,83.37999999999998,0.0,0.0,321.38000000000005,45.39,219.53000000000003,0.0,0.0,2091.8,38.75,299.31,0.0,36.0,1777.7600000000002,45.39,54.71,0.0,0.0,595.1,15.18,156.77,0.0,0.0,1280.6499999999999,38.75
United States,Montana,Oats,2011,spring,278.21,0.0,36.0,1157.0,42.19,75.84,0.0,0.0,305.01,46.31,77.79999999999998,0.0,0.0,2356.46,12.9,362.37,0.0,36.0,1836.1200000000001,46.31,27.05,0.0,0.0,577.45,12.9,42.43000000000001,0.0,0.0,1404.8999999999999,12.08
United States,Montana,Oats,2012,spring,166.61999999999998,0.0,27.0,1307.77,34.71,40.459999999999994,0.0,0.0,369.33000000000004,23.189999999999998,63.470000000000006,0.0,0.0,2255.09,10.73,204.39000000000001,0.0,27.0,1656.04,34.71,11.4,0.0,0.0,525.3400000000001,7.58,54.760000000000005,0.0,0.0,1750.81,10.73
United States,Montana,Oats,2013,spring,219.85999999999999,0.0,27.0,1235.1699999999998,52.760000000000005,44.470000000000006,0.0,0.0,382.98,24.75,159.72,0.0,2.0,2175.66,24.0,268.3,0.0,27.0,1634.8100000000002,52.760000000000005,26.91,0.0,0.0,533.6099999999999,12.38,128.83999999999997,0.0,2.0,1625.3899999999999,24.0
United States,Montana,Oats,2014,spring,109.96000000000001,0.0,29.0,1285.22,14.62,57.050000000000004,0.0,0.0,313.06999999999994,26.69,242.62,0.0,3.0,2071.64,111.55,169.17,0.0,29.0,1658.69,26.689999999999998,18.830000000000005,0.0,0.0,530.88,10.26,221.63000000000002,0.0,3.0,1480.36,111.55
United States,Montana,Oats,2015,spring,186.82,0.0,28.0,1293.94,38.290000000000006,13.469999999999999,0.0,0.0,373.87999999999994,5.54,133.35999999999999,0.0,0.0,2070.5599999999995,25.66,197.74,0.0,28.0,1601.8999999999999,38.290000000000006,22.63,0.0,0.0,516.78,7.06,113.28000000000002,0.0,0.0,1619.6999999999996,25.66
United States,Montana,Oats,2016,spring,153.31,0.0,16.0,1291.8400000000001,36.309999999999995,24.5,0.0,0.0,398.9,10.04,191.67000000000002,0.0,2.0,2132.96,37.96,165.88000000000002,0.0,16.0,1472.6899999999998,36.309999999999995,22.380000000000003,0.0,0.0,608.6200000000001,10.04,181.22,0.0,2.0,1742.3899999999999,37.96
United States,Montana,Oats,2017,spring,134.32,0.0,20.0,1377.8499999999997,22.7,38.009999999999984,0.0,0.0,370.8999999999999,33.36,111.33999999999999,1.0,4.0,2189.13,50.47,170.82999999999998,0.0,20.0,1633.4499999999998,33.36,9.39,0.0,0.0,544.54,5.109999999999999,103.44999999999999,1.0,4.0,1759.89,50.47
United States,Montana,Oats,2018,spring,190.03,0.0,23.0,1295.47,41.15,86.14,0.0,0.0,308.34999999999997,47.47,167.25,2.0,3.0,2043.73,23.01,206.37,0.0,23.0,1479.23,41.15,123.35000000000001,0.0,0.0,578.0000000000001,47.47,113.69999999999999,2.0,3.0,1590.3199999999997,23.01
United States,Montana,Oats,2019,spring,151.32999999999998,0.0,27.0,1217.44,29.810000000000002,30.990000000000002,0.0,0.0,323.15,12.41,246.82999999999998,0.0,4.0,2029.08,30.760000000000005,195.98999999999998,0.0,27.0,1586.21,29.810000000000002,89.64999999999999,0.0,0.0,529.25,22.590000000000003,143.51000000000002,0.0,4.0,1454.2099999999998,30.759999999999998
United States,Montana,Oats,2020,spring,132.27,0.0,26.0,1372.76,31.65,52.19000000000001,0.0,0.0,319.77,25.380000000000003,163.47,0.0,2.0,2136.290000000001,60.17,185.04000000000002,0.0,26.0,1714.0,31.65,98.68,0.0,0.0,577.6600000000001,60.17,64.21000000000001,0.0,2.0,1537.16,18.799999999999997
United States,Montana,Oats,2021,spring,136.97999999999996,0.0,31.0,1260.38,26.68,13.18,2.0,0.0,399.9000000000001,5.89,126.05,1.0,0.0,2005.74,35.52,144.29999999999998,2.0,31.0,1587.4299999999998,26.68,16.81,0.0,0.0,507.58,8.2,115.10000000000001,1.0,0.0,1571.01,35.52
United States,Montana,Oats,2022,spring,132.5,0.0,37.0,1239.8400000000001,22.18,37.59,0.0,0.0,280.0300000000001,14.95,160.18999999999997,5.0,0.0,2228.2999999999997,24.759999999999998,175.32,0.0,37.0,1709.7600000000002,22.18,60.24,0.0,0.0,484.20000000000005,24.759999999999998,94.72,5.0,0.0,1554.21,23.35
United States,Montana,Oats,2023,spring,247.48,0.0,22.0,1270.87,70.05,50.22000000000001,0.0,0.0,324.31999999999994,29.509999999999998,181.12,1.0,0.0,2105.49,40.88,281.72,0.0,22.0,1391.4099999999999,70.05,60.19,0.0,0.0,613.7700000000001,20.73,136.91,1.0,0.0,1695.4999999999998,40.879999999999995
United States,Montana,Oats,2024,spring,155.64999999999998,0.0,21.0,1296.1499999999999,53.980000000000004,41.480000000000004,0.0,0.0,379.93,29.77,201.53999999999996,2.0,0.0,2055.78,80.62,197.13,0.0,21.0,1676.0799999999997,53.980000000000004,45.72,0.0,0.0,536.65,15.67,155.82,2.0,0.0,1519.13,80.62
United States,Montana,Oats,2025,spring,133.29999999999998,0.0,18.0,1333.58,29.64,44.82999999999999,0.0,0.0,345.86000000000007,15.669999999999998,172.44,0.0,0.0,2125.74,22.020000000000003,151.41,0.0,18.0,1510.8100000000002,29.64,50.50999999999999,0.0,0.0,536.44,21.07,148.65000000000003,0.0,0.0,1757.93,22.020000000000003
United States,Montana,Canola,1999,spring,206.39,0.0,32.0,2014.0299999999997,30.36,9.58,0.0,0.0,564.7700000000001,3.75,108.11999999999999,0.0,3.0,1149.9,23.779999999999998,174.94000000000003,0.0,32.0,1778.76,30.36,41.03,0.0,0.0,745.3599999999999,13.99,108.11999999999999,0.0,3.0,1204.58,23.779999999999998
United States,Montana,Canola,2000,spring,205.72,0.0,24.0,2043.99,29.440000000000005,19.900000000000002,1.0,0.0,570.57,10.39,55.8,3.0,5.0,1199.3200000000002,20.25,154.68,0.0,24.0,1626.54,24.79,66.05000000000001,1.0,0.0,703.1,29.440000000000005,60.690000000000005,3.0,5.0,1484.24,20.25
United States,Montana,Canola,2001,spring,169.09,0.0,28.0,2147.21,38.14,49.02,0.0,0.0,546.13,17.009999999999998,59.92,1.0,0.0,1299.1,33.98,139.50000000000003,0.0,28.0,1648.3700000000003,38.14,33.08,0.0,0.0,621.76,11.77,105.44999999999999,1.0,0.0,1722.3100000000002,33.98
United States,Montana,Canola,2002,spring,180.65,1.0,40.0,2037.07,29.84,42.04,4.0,0.0,548.43,20.49,121.33999999999999,0.0,4.0,1184.61,33.62,170.34,0.0,40.0,1741.39,29.84,40.410000000000004,5.0,0.0,588.7,20.49,133.28000000000003,0.0,4.0,1440.02,33.62
United States,Montana,Canola,2003,spring,207.29,0.0,25.0,2043.92,26.32,17.69,6.0,0.0,595.11,13.04,52.379999999999995,4.0,3.0,1182.09,20.130000000000003,196.78000000000006,0.0,25.0,1578.7500000000002,26.32,13.71,1.0,0.0,748.0300000000001,5.24,66.87,9.0,3.0,1494.3400000000004,20.130000000000003
United States,Montana,Canola,2004,spring,240.48,0.0,23.0,1992.1899999999998,41.63,25.91,0.0,0.0,564.55,9.92,77.16999999999999,0.0,1.0,1168.95,17.299999999999997,212.32999999999998,0.0,23.0,1810.98,41.63,50.42999999999999,0.0,0.0,650.2,15.98,80.79999999999998,0.0,1.0,1264.51,17.299999999999997
United States,Montana,Canola,2005,spring,231.70999999999998,0.0,27.0,2014.0500000000002,36.91,28.179999999999996,1.0,0.0,555.59,11.61,83.58,0.0,2.0,1202.04,16.43,199.74999999999997,0.0,27.0,1690.69,36.91,52.48,1.0,0.0,690.6100000000001,24.599999999999998,91.24,0.0,2.0,1390.38,16.43
United States,Montana,Canola,2006,spring,258.53,0.0,18.0,2140.42,43.870000000000005,19.879999999999995,1.0,0.0,613.89,11.09,93.52000000000001,1.0,3.0,1194.42,29.990000000000002,215.79,0.0,18.0,1510.61,43.870000000000005,45.059999999999995,0.0,0.0,747.74,16.200000000000003,111.08,2.0,3.0,1690.38,29.990000000000002
United States,Montana,Canola,2007,spring,279.63999999999993,1.0,23.0,2076.59,47.980000000000004,27.800000000000004,3.0,0.0,550.6600000000001,11.329999999999998,67.43,1.0,1.0,1189.58,10.530000000000001,250.91,0.0,23.0,1528.62,47.980000000000004,40.45,1.0,0.0,702.3700000000001,13.67,83.50999999999999,4.0,1.0,1585.84,10.530000000000001
United States,Montana,Canola,2008,spring,276.72,0.0,35.0,1941.6000000000001,76.96000000000001,8.06,0.0,0.0,577.1600000000001,4.32,88.24,0.0,0.0,1218.71,22.78,261.48,0.0,35.0,1749.43,76.96000000000001,22.650000000000002,0.0,0.0,663.3099999999998,12.56,88.88999999999999,0.0,0.0,1324.73,22.78
United States,Montana,Canola,2009,spring,218.35999999999999,0.0,33.0,2063.04,24.439999999999998,43.28,0.0,0.0,538.2800000000001,13.610000000000001,100.17,0.0,1.0,1240.05,27.15,194.1,0.0,33.0,1803.7099999999998,24.439999999999998,52.809999999999995,0.0,0.0,714.9399999999998,24.47,114.89999999999999,0.0,1.0,1322.72,27.15
United States,Montana,Canola,2010,spring,329.99999999999994,0.0,36.0,1952.17,45.39,30.540000000000003,0.0,0.0,552.2800000000001,13.360000000000001,150.25000000000003,0.0,0.0,1149.06,38.75,308.60999999999996,0.0,36.0,1818.9700000000003,45.39,52.14,0.0,0.0,739.3000000000002,15.18,150.04000000000002,0.0,0.0,1095.24,38.75
United States,Montana,Canola,2011,spring,364.19,0.0,36.0,1923.0299999999997,46.31,27.71,0.0,0.0,591.73,12.9,39.95,0.0,0.0,1303.71,12.08,364.19,0.0,36.0,1923.0299999999997,46.31,28.14,0.0,0.0,690.6,12.9,39.52,0.0,0.0,1204.84,12.08
United States,Montana,Canola,2012,spring,215.46000000000004,0.0,27.0,2101.0499999999997,34.71,31.069999999999997,0.0,0.0,534.09,10.73,24.02,0.0,0.0,1297.0499999999997,6.000000000000001,207.1,0.0,27.0,1725.8799999999999,34.71,16.7,0.0,0.0,590.0100000000001,7.58,46.75,0.0,0.0,1616.3,10.73
United States,Montana,Canola,2013,spring,286.34999999999997,0.0,27.0,2043.9400000000005,52.760000000000005,26.990000000000002,0.0,0.0,578.23,12.370000000000001,110.71000000000001,0.0,2.0,1171.64,24.0,272.75,0.0,27.0,1685.5900000000004,52.760000000000005,26.76,0.0,0.0,614.6999999999999,12.38,124.53999999999999,0.0,2.0,1493.52,24.0
United States,Montana,Canola,2014,spring,187.39999999999998,0.0,29.0,1993.6000000000001,26.689999999999998,25.150000000000002,0.0,0.0,563.76,12.93,197.07999999999998,0.0,3.0,1112.57,111.55,173.8,0.0,29.0,1741.26,26.689999999999998,30.900000000000006,0.0,0.0,632.92,10.22,204.93000000000004,0.0,3.0,1295.75,111.55
United States,Montana,Canola,2015,spring,219.36,0.0,28.0,2072.17,38.290000000000006,48.44,0.0,0.0,480.88,25.66,65.85,0.0,0.0,1185.33,20.28,200.29,0.0,28.0,1641.4299999999998,38.290000000000006,32.04,0.0,0.0,616.5200000000001,8.49,101.32000000000001,0.0,0.0,1480.4299999999996,25.66
United States,Montana,Canola,2016,spring,190.92999999999998,0.0,16.0,2125.51,36.309999999999995,62.300000000000004,0.0,0.0,536.8900000000001,37.96,116.25,0.0,2.0,1161.3000000000002,34.56,167.07000000000002,0.0,16.0,1499.33,36.309999999999995,67.26,0.0,0.0,773.9100000000002,37.96,135.15,0.0,2.0,1550.4599999999998,34.56
United States,Montana,Canola,2017,spring,180.21999999999997,0.0,20.0,2177.99,33.36,17.19,1.0,0.0,589.5300000000001,14.19,86.26,0.0,4.0,1170.3600000000001,50.47,172.01999999999998,0.0,20.0,1676.9499999999998,33.36,22.549999999999997,1.0,0.0,653.6500000000001,14.19,89.1,0.0,4.0,1607.2800000000002,50.47
United States,Montana,Canola,2018,spring,329.28999999999996,0.0,23.0,2002.66,47.47,16.21,0.0,0.0,571.1400000000001,9.71,97.91999999999999,2.0,3.0,1073.75,23.009999999999998,206.37,0.0,23.0,1446.74,41.15,126.73000000000002,0.0,0.0,743.36,47.47,110.31999999999998,2.0,3.0,1457.4499999999998,23.01
United States,Montana,Canola,2019,spring,240.42,0.0,27.0,1874.3300000000002,29.810000000000002,47.589999999999996,0.0,0.0,568.4800000000001,22.59,141.14,0.0,4.0,1126.8600000000001,30.759999999999998,207.64,0.0,27.0,1679.63,29.810000000000002,80.09,0.0,0.0,682.49,22.590000000000003,141.42000000000002,0.0,4.0,1207.55,30.759999999999998
United States,Montana,Canola,2020,spring,274.88,0.0,26.0,2087.66,60.17,21.970000000000002,0.0,0.0,558.2599999999999,7.47,51.08,0.0,2.0,1182.9,18.799999999999997,185.37000000000003,0.0,26.0,1741.82,31.65,105.11999999999998,0.0,0.0,757.6,60.17,57.44,0.0,2.0,1329.4,18.799999999999997
United States,Montana,Canola,2021,spring,161.11,2.0,31.0,2095.0099999999998,26.68,30.999999999999996,1.0,0.0,501.75,10.64,84.10000000000001,0.0,0.0,1069.26,35.52,144.29999999999998,2.0,31.0,1556.07,26.68,25.499999999999996,0.0,0.0,606.97,9.09,106.41000000000001,1.0,0.0,1502.98,35.52
United States,Montana,Canola,2022,spring,212.02,0.0,37.0,1927.39,24.759999999999998,34.73000000000001,1.0,0.0,577.0500000000001,18.08,83.53,4.0,0.0,1243.73,23.35,179.5,0.0,37.0,1736.7200000000003,22.18,56.93000000000001,1.0,0.0,592.15,24.759999999999998,93.85,4.0,0.0,1419.3000000000004,23.35
United States,Montana,Canola,2023,spring,341.58,0.0,22.0,1982.0399999999997,70.05,18.89,1.0,0.0,547.8100000000001,11.54,118.35000000000001,0.0,0.0,1170.83,40.879999999999995,268.56,0.0,22.0,1334.4799999999998,70.05,77.58999999999999,0.0,0.0,802.47,20.73,132.67,1.0,0.0,1563.73,40.879999999999995
United States,Montana,Canola,2024,spring,241.57000000000002,0.0,21.0,2042.91,53.980000000000004,6.34,2.0,0.0,542.14,2.79,150.76,0.0,0.0,1146.81,80.62,203.42000000000002,0.0,21.0,1724.1899999999996,53.980000000000004,42.129999999999995,0.0,0.0,642.94,15.67,153.11999999999998,2.0,0.0,1364.73,80.62
United States,Montana,Canola,2025,spring,201.93999999999997,0.0,18.0,2073.13,29.64,71.28,0.0,0.0,514.15,22.020000000000003,77.35,0.0,0.0,1217.8999999999999,13.38,151.41,0.0,18.0,1510.8100000000002,29.64,53.64999999999999,0.0,0.0,697.4699999999999,21.07,145.51000000000002,0.0,0.0,1596.9,22.020000000000003
United States,Nebraska,Wheat,1990,winter,180.31,0.0,148.0,2994.7200000000003,38.9,100.52,0.0,1.0,557.0600000000001,27.53,78.78999999999999,7.0,0.0,813.31,22.24,257.36,0.0,149.0,3441.16,38.9,59.010000000000005,1.0,0.0,458.0899999999999,21.79,43.25,6.0,0.0,465.84,22.24
United States,Nebraska,Wheat,1991,winter,221.32,4.0,141.0,3005.4399999999996,30.72,145.14999999999998,0.0,1.0,535.1899999999999,44.050000000000004,82.32,5.0,0.0,746.77,20.810000000000002,259.28999999999996,4.0,142.0,3173.52,37.67,115.56,0.0,0.0,392.1700000000001,44.050000000000004,73.94000000000001,5.0,0.0,721.71,17.47
United States,Nebraska,Wheat,1992,winter,279.3,0.0,150.0,3001.52,40.7,34.540000000000006,0.0,0.0,656.9,17.209999999999997,97.37,0.0,0.0,635.47,25.009999999999998,292.54999999999995,0.0,150.0,3347.51,40.7,58.25,0.0,0.0,491.09,17.65,60.41000000000001,0.0,0.0,455.28999999999996,25.009999999999998
United States,Nebraska,Wheat,1993,winter,222.6,0.0,158.0,2740.86,29.78,88.83,0.0,0.0,588.56,31.299999999999997,159.46,0.0,0.0,727.5400000000001,48.65,334.34,0.0,158.0,3414.5099999999998,31.299999999999997,114.75,0.0,0.0,464.23,47.97,21.8,0.0,0.0,178.22000000000003,12.48
United States,Nebraska,Wheat,1994,winter,212.83999999999997,0.0,166.0,2928.4399999999996,28.929999999999996,23.509999999999998,0.0,0.0,697.58,12.29,118.3,1.0,0.0,810.03,42.83,236.35,0.0,166.0,3626.0200000000004,28.929999999999996,66.36999999999999,1.0,0.0,443.80999999999995,42.83,51.93000000000001,0.0,0.0,366.22,23.79
United States,Nebraska,Wheat,1995,winter,315.90999999999997,0.0,140.0,2839.08,36.64,154.85000000000002,0.0,0.0,436.09,81.05,92.96,0.0,0.0,728.55,36.68000000000001,370.83,0.0,140.0,3161.29,36.64,148.97000000000003,0.0,0.0,473.11999999999995,81.05000000000001,43.919999999999995,0.0,0.0,369.31,36.68
United States,Nebraska,Wheat,1996,winter,213.22000000000003,1.0,150.0,3030.09,40.55,127.79,0.0,0.0,471.27,75.03999999999999,81.91,0.0,0.0,801.85,27.9,341.01,1.0,150.0,3501.36,75.03999999999999,68.31,0.0,0.0,496.09999999999997,27.9,13.6,0.0,0.0,305.75000000000006,5.52
United States,Nebraska,Wheat,1997,winter,244.36,0.0,154.0,2926.62,71.35,57.559999999999995,0.0,1.0,598.2899999999998,39.61,83.69,2.0,0.0,809.24,19.93,319.94,0.0,155.0,3698.08,71.35,42.21,1.0,0.0,421.34999999999997,19.84,23.46,1.0,0.0,214.72,19.93
United States,Nebraska,Wheat,1998,winter,293.04999999999995,0.0,151.0,2879.29,53.61999999999999,72.17999999999999,0.0,0.0,645.15,31.060000000000002,139.24,1.0,0.0,772.5,59.47,357.66999999999996,0.0,151.0,3333.85,53.61999999999999,102.96,0.0,0.0,502.51000000000005,59.47,43.84000000000001,1.0,0.0,460.58000000000004,21.310000000000002
United States,Nebraska,Wheat,1999,winter,282.06999999999994,6.0,133.0,2909.73,33.23,76.92999999999999,0.0,0.0,628.0500000000001,29.39,164.75,0.0,0.0,683.54,42.08,314.15,6.0,133.0,3040.27,33.23,56.63999999999999,0.0,0.0,533.4599999999999,13.32,152.96,0.0,0.0,647.5899999999999,42.08
United States,Nebraska,Wheat,2000,winter,149.08,0.0,128.0,3108.54,20.1,60.949999999999996,1.0,0.0,612.6399999999999,28.04,71.69999999999999,5.0,0.0,793.37,24.189999999999998,149.51000000000002,0.0,128.0,3189.5899999999997,20.1,53.27,0.0,0.0,474.27000000000004,28.04,78.95,6.0,0.0,850.69,24.189999999999998
United States,Nebraska,Wheat,2001,winter,363.62,4.0,159.0,2941.02,51.67999999999999,74.73,0.0,0.0,598.1199999999999,51.36,44.489999999999995,7.0,0.0,784.27,13.930000000000001,427.03,4.0,159.0,3461.4500000000003,51.67999999999999,48.69,0.0,0.0,456.05,14.829999999999998,7.12,7.0,0.0,405.90999999999997,2.85
United States,Nebraska,Wheat,2002,winter,205.04000000000002,2.0,141.0,3065.29,38.4,38.269999999999996,0.0,1.0,643.7299999999999,17.72,46.59,15.0,0.0,839.3199999999999,12.870000000000001,219.23000000000002,2.0,142.0,3349.12,38.4,37.68,1.0,0.0,537.28,17.72,32.989999999999995,14.0,0.0,661.9399999999999,10.209999999999999
United States,Nebraska,Wheat,2003,winter,261.98,2.0,143.0,2920.29,37.41,74.30999999999999,1.0,0.0,631.4299999999998,24.82,103.9,0.0,0.0,735.41,31.5,317.91,2.0,143.0,3377.33,37.41,63.249999999999986,1.0,0.0,498.11,17.67,59.029999999999994,0.0,0.0,411.69000000000005,31.5
United States,Nebraska,Wheat,2004,winter,209.02,0.0,137.0,3091.3799999999997,33.620000000000005,77.67999999999999,2.0,1.0,636.96,22.31,78.24000000000001,1.0,0.0,745.73,32.18000000000001,213.98,2.0,137.0,3305.65,33.620000000000005,74.47999999999999,0.0,1.0,501.67,22.31,76.48,1.0,0.0,666.7499999999999,32.18000000000001
United States,Nebraska,Wheat,2005,winter,292.14,2.0,137.0,2940.16,57.51,64.97999999999999,0.0,2.0,667.9100000000001,37.660000000000004,140.24,1.0,0.0,759.09,66.10000000000001,332.98,2.0,139.0,3154.67,57.51,93.03,0.0,0.0,519.55,63.66,71.34999999999998,1.0,0.0,692.9400000000002,25.889999999999997
United States,Nebraska,Wheat,2006,winter,169.66,1.0,130.0,3118.1800000000003,29.58,8.469999999999999,2.0,0.0,687.26,4.39,75.58,7.0,0.0,811.6600000000001,38.16,167.05999999999997,1.0,130.0,3019.4700000000003,29.58,4.65,0.0,0.0,555.02,2.49,82.0,9.0,0.0,1042.61,38.16
United States,Nebraska,Wheat,2007,winter,443.84000000000003,0.0,144.0,2926.8,79.11,169.17000000000002,0.0,0.0,618.1199999999999,82.30000000000001,105.83999999999999,0.0,0.0,798.4399999999999,55.95,519.88,0.0,144.0,3399.1800000000003,79.11,180.67000000000002,0.0,0.0,485.34000000000003,89.82,18.3,0.0,0.0,458.84000000000003,9.83
United States,Nebraska,Wheat,2008,winter,269.98,0.0,150.0,3119.0,45.970000000000006,201.40999999999997,0.0,2.0,569.2800000000001,106.13000000000001,94.22,0.0,0.0,836.3299999999999,28.240000000000002,463.33000000000004,0.0,152.0,3671.6499999999996,106.13000000000001,74.99999999999999,0.0,0.0,515.61,28.240000000000002,27.279999999999998,0.0,0.0,337.34999999999997,10.95
United States,Nebraska,Wheat,2009,winter,364.72,0.0,151.0,2961.21,64.26,68.0,0.0,0.0,603.35,24.509999999999998,145.99,0.0,0.0,700.8,33.7,432.72,0.0,151.0,3564.56,64.26,112.61999999999998,0.0,0.0,421.33,33.7,33.37,0.0,0.0,279.47,17.45
United States,Nebraska,Wheat,2010,winter,321.7900000000001,0.0,155.0,2754.85,39.72,72.68,0.0,1.0,596.55,21.2,245.66,0.0,0.0,781.6500000000001,114.55000000000001,424.28999999999996,0.0,156.0,3545.37,39.72,212.95999999999998,0.0,0.0,442.09000000000003,114.55000000000001,2.88,0.0,0.0,145.58999999999997,2.88
United States,Nebraska,Wheat,2011,winter,219.33999999999997,0.0,143.0,2949.6900000000005,35.5,102.07000000000002,0.0,0.0,535.77,45.15,102.65,0.0,0.0,760.3,38.720000000000006,320.32,0.0,143.0,3479.59,45.15,40.52,0.0,0.0,435.06,19.13,63.21999999999999,0.0,0.0,331.11,38.720000000000006
United States,Nebraska,Wheat,2012,winter,274.26,2.0,125.0,3154.17,60.769999999999996,36.34,0.0,0.0,689.9300000000001,13.129999999999999,19.03,12.0,0.0,828.5600000000001,5.76,274.15999999999997,2.0,125.0,3135.25,60.769999999999996,24.05,0.0,0.0,546.34,13.129999999999999,31.420000000000005,12.0,0.0,991.0700000000002,11.620000000000001
United States,Nebraska,Wheat,2013,winter,146.01000000000002,7.0,153.0,3028.4400000000005,43.35,91.44,0.0,4.0,603.12,45.94,68.24000000000001,2.0,0.0,823.6700000000001,30.419999999999995,185.31,7.0,157.0,3526.58,43.35,70.31,0.0,0.0,488.65,45.94,50.06999999999999,2.0,0.0,440.0,30.42
United States,Nebraska,Wheat,2014,winter,196.68,7.0,156.0,3006.05,29.900000000000002,32.68,0.0,0.0,623.92,11.54,203.26999999999998,0.0,0.0,755.02,64.48,228.94,7.0,156.0,3543.86,29.900000000000002,127.76,0.0,0.0,435.33,64.48,75.92999999999999,0.0,0.0,405.79999999999995,29.92
United States,Nebraska,Wheat,2015,winter,195.78,0.0,125.0,3166.32,38.99000000000001,110.16999999999999,0.0,0.0,500.68000000000006,26.54,114.9,1.0,0.0,759.56,35.81,211.34,0.0,125.0,3290.02,38.99000000000001,119.30000000000001,0.0,0.0,513.34,26.54,90.21000000000001,1.0,0.0,623.2,35.81
United States,Nebraska,Wheat,2016,winter,395.46000000000004,5.0,123.0,2916.34,77.45,96.36999999999999,0.0,1.0,633.0800000000002,35.04,79.47999999999999,2.0,0.0,901.59,30.839999999999996,392.18,5.0,123.0,2898.86,77.45,95.47999999999999,0.0,1.0,621.2300000000001,35.04,83.64999999999999,2.0,0.0,930.92,30.839999999999996
United States,Nebraska,Wheat,2017,winter,266.73,0.0,113.0,2881.46,34.25,79.47,0.0,0.0,636.5,32.78,23.21,3.0,0.0,840.8,9.420000000000002,266.73,0.0,113.0,2881.46,34.25,79.31,0.0,0.0,578.5,32.78,23.37,3.0,0.0,898.8,9.420000000000002
United States,Nebraska,Wheat,2018,winter,300.98,1.0,159.0,2969.0299999999997,80.47000000000001,164.29,0.0,0.0,556.4399999999999,79.21000000000001,139.44,2.0,0.0,793.73,40.379999999999995,434.28,1.0,159.0,3482.37,80.47000000000001,65.6,0.0,0.0,462.14,30.99,104.83,2.0,0.0,374.69,40.379999999999995
United States,Nebraska,Wheat,2019,winter,353.1,0.0,151.0,2803.74,40.94,174.20000000000002,0.0,1.0,538.3700000000001,63.67,84.28999999999999,0.0,0.0,813.53,19.77,557.39,0.0,152.0,3612.7799999999997,63.67,53.589999999999996,0.0,0.0,482.64,17.47,0.61,0.0,0.0,60.22,0.61
United States,Nebraska,Wheat,2020,winter,250.87,0.0,161.0,3037.6899999999996,28.05,124.93,0.0,1.0,538.61,49.85000000000001,46.870000000000005,0.0,0.0,836.6200000000001,17.03,376.67,0.0,162.0,3658.9599999999996,49.85000000000001,28.520000000000003,0.0,0.0,449.07,17.03,17.479999999999997,0.0,0.0,304.89,9.99
United States,Nebraska,Wheat,2021,winter,239.07999999999998,1.0,153.0,3022.2,79.24999999999999,89.49000000000001,0.0,0.0,521.5,23.28,32.41,5.0,0.0,822.6400000000001,13.93,280.13,1.0,153.0,3394.6400000000003,79.24999999999999,52.5,0.0,0.0,453.9,23.28,28.349999999999998,5.0,0.0,517.8000000000001,13.93
United States,Nebraska,Wheat,2022,winter,170.38,1.0,133.0,3164.2000000000003,43.449999999999996,77.84,0.0,1.0,582.02,27.0,55.67,8.0,0.0,830.02,29.44,200.07999999999998,1.0,134.0,3203.3900000000003,43.449999999999996,40.949999999999996,0.0,0.0,525.1800000000001,21.6,62.85999999999999,8.0,0.0,847.6700000000001,29.44
United States,Nebraska,Wheat,2023,winter,124.55999999999997,5.0,157.0,3196.7,20.85,162.69000000000005,0.0,1.0,618.63,63.870000000000005,78.49,0.0,0.0,787.39,23.619999999999997,252.94,5.0,158.0,3478.0599999999995,63.870000000000005,49.63,0.0,0.0,474.97,23.150000000000002,63.17000000000001,0.0,0.0,649.6899999999999,23.619999999999997
United States,Nebraska,Wheat,2024,winter,342.86,4.0,126.0,3081.6899999999996,50.300000000000004,71.58,0.0,0.0,677.1700000000001,38.53,125.0,4.0,0.0,773.8,34.28,326.02,4.0,126.0,3047.6899999999996,50.300000000000004,84.78,0.0,0.0,594.7700000000001,38.53,128.64000000000001,4.0,0.0,890.1999999999999,34.28
United States,Nebraska,Wheat,2025,winter,129.66000000000003,2.0,128.0,3119.41,23.97,104.41,0.0,0.0,592.4300000000001,37.08,176.99,3.0,0.0,790.0,62.83,116.95,2.0,128.0,2999.62,23.97,32.48,0.0,0.0,520.1999999999999,16.43,261.63,3.0,0.0,982.02,62.83
United States,Nebraska,Barley,1990,spring,194.36,1.0,11.0,1620.5,27.53,20.41,8.0,0.0,404.31,16.36,153.65000000000003,16.0,0.0,1867.6499999999999,36.769999999999996,170.68,0.0,11.0,1439.5799999999997,27.53,40.12,1.0,0.0,332.33000000000004,22.24,157.62,24.0,0.0,2120.55,36.769999999999996
United States,Nebraska,Barley,1991,spring,271.68,0.0,5.0,1549.04,44.050000000000004,26.5,5.0,0.0,352.85,17.47,123.18,15.0,1.0,1895.9499999999998,40.699999999999996,243.08,0.0,5.0,1227.1599999999999,44.050000000000004,36.96,0.0,0.0,352.92,17.07,141.32,20.0,1.0,2217.76,40.699999999999996
United States,Nebraska,Barley,1992,spring,106.69999999999999,0.0,8.0,1593.48,25.009999999999998,42.18,0.0,0.0,314.62,21.27,256.54,1.0,0.0,1779.5500000000002,74.27000000000001,65.99,0.0,8.0,1366.87,17.209999999999997,63.370000000000005,0.0,0.0,335.07,25.009999999999998,276.06,1.0,0.0,1985.71,74.27000000000001
United States,Nebraska,Barley,1993,spring,225.8,0.0,13.0,1486.1200000000001,31.299999999999997,90.94999999999999,0.0,0.0,367.7,48.65,318.97,0.0,0.0,1754.9199999999996,42.849999999999994,201.85,0.0,13.0,1392.8000000000002,31.299999999999997,103.51,0.0,0.0,372.37,48.650000000000006,330.36,0.0,0.0,1843.57,42.849999999999994
United States,Nebraska,Barley,1994,spring,158.53000000000003,1.0,17.0,1696.6299999999999,42.82999999999999,50.28,0.0,0.0,387.18,23.69,214.30999999999997,3.0,0.0,1895.61,38.599999999999994,96.63,0.0,17.0,1406.2,28.93,73.88,1.0,0.0,307.86,42.83,252.60999999999999,3.0,0.0,2265.3599999999997,38.599999999999994
United States,Nebraska,Barley,1995,spring,306.33,0.0,16.0,1379.2799999999997,81.05,44.67,0.0,0.0,344.82000000000005,36.68,172.13,23.0,2.0,1912.89,40.55,307.43,0.0,16.0,1437.23,81.05,47.88,0.0,0.0,360.24,36.68,167.82,23.0,2.0,1839.52,40.55
United States,Nebraska,Barley,1996,spring,226.81999999999996,0.0,12.0,1565.0000000000002,75.03999999999999,13.849999999999998,0.0,0.0,393.74,5.52,296.20000000000005,3.0,0.0,1674.4699999999996,71.35,193.20999999999998,0.0,12.0,1433.5700000000002,75.03999999999999,42.12,0.0,0.0,334.76,27.9,301.53999999999996,3.0,0.0,1864.8799999999999,71.35
United States,Nebraska,Barley,1997,spring,156.64,0.0,14.0,1571.0200000000004,39.61,47.97,2.0,0.0,412.58,21.78,238.26999999999998,11.0,0.0,1818.83,44.56999999999999,148.07999999999998,0.0,14.0,1497.8200000000004,39.61,32.99,1.0,0.0,342.45000000000005,19.84,261.81,12.0,0.0,1962.1599999999999,44.56999999999999
United States,Nebraska,Barley,1998,spring,223.62000000000003,0.0,10.0,1663.1499999999996,59.47,32.02,1.0,0.0,415.9600000000001,21.310000000000002,173.89999999999998,15.0,0.0,1845.9299999999998,26.68,180.16,0.0,10.0,1453.6499999999999,59.47,65.22000000000001,0.0,0.0,403.28999999999996,28.86,184.15999999999997,16.0,0.0,2068.1,26.68
United States,Nebraska,Barley,1999,spring,256.04,0.0,10.0,1546.3899999999999,42.080000000000005,70.80000000000001,0.0,0.0,308.44,36.71000000000001,143.61,12.0,0.0,1929.24,20.100000000000005,199.26,0.0,10.0,1400.2199999999998,29.39,99.89999999999999,0.0,0.0,334.48,32.09,171.29000000000002,12.0,0.0,2049.37,20.100000000000005
United States,Nebraska,Barley,2000,spring,141.27,5.0,10.0,1669.1,28.04,39.25,1.0,0.0,389.07,15.73,148.49,28.0,0.0,1867.3300000000002,23.89,109.00999999999998,1.0,10.0,1328.34,28.04,32.75000000000001,4.0,0.0,371.41,24.189999999999998,187.25,29.0,0.0,2225.7500000000005,23.89
United States,Nebraska,Barley,2001,spring,263.7300000000001,0.0,7.0,1654.08,51.68,8.12,8.0,0.0,392.76,3.06,223.77999999999997,18.0,0.0,1926.66,29.79,248.17000000000002,0.0,7.0,1369.83,51.68,18.410000000000004,1.0,0.0,410.14000000000004,10.51,229.05,25.0,0.0,2193.53,29.79
United States,Nebraska,Barley,2002,spring,117.46000000000001,4.0,8.0,1732.3,21.21,10.379999999999999,13.0,0.0,401.52000000000004,5.87,126.22,28.0,0.0,1921.5899999999997,29.72,94.87,1.0,8.0,1446.9800000000002,21.21,25.72,4.0,0.0,349.95000000000005,10.209999999999999,133.47000000000003,40.0,0.0,2258.48,29.72
United States,Nebraska,Barley,2003,spring,247.39000000000004,1.0,7.0,1591.59,37.41,45.95,1.0,0.0,363.92,31.5,82.16,23.0,0.0,2032.77,16.519999999999996,220.23,1.0,7.0,1373.88,37.41,48.69,0.0,0.0,338.31,13.77,106.58000000000001,24.0,0.0,2276.09,23.09
United States,Nebraska,Barley,2004,spring,196.79999999999998,3.0,5.0,1751.83,32.18000000000001,39.36,0.0,0.0,288.5,23.78,260.39000000000004,10.0,0.0,1941.44,57.51,137.58,2.0,5.0,1432.58,29.89,63.85000000000001,1.0,0.0,337.06,32.18000000000001,295.11999999999995,10.0,0.0,2212.130000000001,57.51
United States,Nebraska,Oats,1990,spring,131.94,0.0,11.0,1137.6899999999998,27.53,39.540000000000006,1.0,0.0,361.16999999999996,21.79,196.94,24.0,0.0,2393.6,36.769999999999996,141.79,0.0,11.0,1172.74,27.53,52.63999999999999,1.0,0.0,476.55,22.24,173.99,24.0,0.0,2243.17,36.769999999999996
United States,Nebraska,Oats,1991,spring,209.02999999999997,0.0,5.0,1069.16,44.050000000000004,55.7,0.0,0.0,346.56999999999994,20.810000000000002,156.63,20.0,1.0,2382.1100000000006,40.699999999999996,195.16,0.0,5.0,1031.93,44.050000000000004,72.42,0.0,0.0,428.9,26.810000000000002,153.78000000000003,20.0,1.0,2337.01,40.699999999999996
United States,Nebraska,Oats,1992,spring,42.980000000000004,0.0,8.0,1223.16,17.209999999999997,38.13,0.0,0.0,270.63000000000005,17.65,324.31,1.0,0.0,2193.8600000000006,74.27000000000001,35.79,0.0,8.0,1096.3699999999997,17.209999999999997,70.6,0.0,0.0,470.69,25.009999999999998,299.03,1.0,0.0,2120.59,74.27000000000001
United States,Nebraska,Oats,1993,spring,151.40000000000003,0.0,13.0,1070.0800000000002,31.299999999999997,48.64,0.0,0.0,297.83,22.28,435.68000000000006,0.0,0.0,2240.8300000000004,48.650000000000006,157.52000000000004,0.0,13.0,1158.2500000000005,31.299999999999997,133.11,0.0,0.0,470.07000000000005,47.97,345.09,0.0,0.0,1980.42,42.849999999999994
United States,Nebraska,Oats,1994,spring,82.88,0.0,17.0,1209.93,28.93,66.30000000000001,0.0,0.0,380.57,42.83,273.94,4.0,0.0,2388.92,38.599999999999994,80.22999999999999,0.0,17.0,1183.77,28.93,68.94999999999999,1.0,0.0,462.62,42.83,273.94,3.0,0.0,2333.03,38.599999999999994
United States,Nebraska,Oats,1995,spring,256.76,0.0,16.0,936.78,81.05,49.199999999999996,0.0,0.0,299.53999999999996,24.19,217.17000000000002,23.0,2.0,2400.6699999999996,40.55,305.94999999999993,0.0,16.0,1180.08,81.05,44.3,0.0,0.0,510.5800000000001,36.68,172.88000000000002,23.0,2.0,1946.33,40.55
United States,Nebraska,Oats,1996,spring,157.95999999999998,0.0,12.0,1081.15,75.03999999999999,35.98,0.0,0.0,379.23,19.21,342.92999999999995,3.0,0.0,2172.83,71.35,177.36999999999998,0.0,12.0,1171.93,75.03999999999999,54.15,0.0,0.0,494.23,27.9,305.34999999999997,3.0,0.0,1967.0499999999997,71.35
United States,Nebraska,Oats,1997,spring,116.53,0.0,14.0,1096.2500000000002,39.61,25.97,0.0,0.0,356.7300000000001,17.23,300.38,13.0,0.0,2349.4500000000003,44.57000000000001,135.32,0.0,14.0,1263.24,39.61,42.56000000000001,1.0,0.0,467.99,19.84,265.0,12.0,0.0,2071.2,44.57000000000001
United States,Nebraska,Oats,1998,spring,106.17999999999998,0.0,10.0,1224.25,31.060000000000002,80.13999999999999,0.0,0.0,314.12,59.47,243.22,16.0,0.0,2386.669999999999,28.700000000000003,103.62999999999998,0.0,10.0,1194.74,31.060000000000002,120.11999999999999,0.0,0.0,520.25,59.47,205.79,16.0,0.0,2210.0499999999997,26.68
United States,Nebraska,Oats,1999,spring,158.45,0.0,10.0,1091.82,29.39,70.81,0.0,0.0,354.28999999999996,42.08,241.19,12.0,0.0,2337.9599999999996,36.71000000000001,171.76999999999998,0.0,10.0,1156.8,29.39,86.0,0.0,0.0,461.01,42.08,212.68,12.0,0.0,2166.26,36.71000000000001
United States,Nebraska,Oats,2000,spring,99.53000000000002,0.0,10.0,1181.4199999999998,28.04,29.639999999999997,5.0,0.0,384.37,19.46,199.83999999999997,29.0,0.0,2359.71,23.89,88.2,0.0,10.0,1116.7399999999998,28.04,46.589999999999996,5.0,0.0,469.56,24.189999999999998,194.22,29.0,0.0,2339.2000000000003,23.89
United States,Nebraska,Oats,2001,spring,218.01,0.0,7.0,1207.1999999999998,51.68,36.0,0.0,0.0,301.09999999999997,13.930000000000001,241.62,26.0,0.0,2465.2000000000003,29.79,214.81,0.0,7.0,1167.3799999999999,51.68,48.69,0.0,0.0,456.93999999999994,14.829999999999998,232.13,26.0,0.0,2349.1800000000003,29.79
United States,Nebraska,Oats,2002,spring,81.17999999999999,0.0,8.0,1212.89,21.21,28.03,3.0,0.0,397.35,12.870000000000001,144.85000000000002,42.0,0.0,2445.17,29.72,81.22,0.0,8.0,1241.94,21.21,36.089999999999996,3.0,0.0,463.87,12.870000000000001,136.75,42.0,0.0,2349.6,29.72
United States,Nebraska,Oats,2003,spring,189.44000000000003,0.0,7.0,1132.97,37.41,44.86999999999999,1.0,0.0,350.78,14.21,141.19,24.0,0.0,2504.5299999999997,31.5,189.44000000000003,0.0,7.0,1132.97,37.41,60.730000000000004,1.0,0.0,473.73,14.21,125.33000000000001,24.0,0.0,2381.58,31.5
United States,Nebraska,Oats,2004,spring,119.83999999999999,2.0,5.0,1247.23,29.89,44.629999999999995,1.0,0.0,384.37,24.89,332.08,10.0,0.0,2350.1700000000005,57.51,111.83999999999999,2.0,5.0,1140.5700000000002,29.89,52.69,1.0,0.0,522.09,24.89,332.02,10.0,0.0,2319.11,57.51
United States,Nebraska,Oats,2005,spring,117.61,0.0,9.0,1228.43,37.660000000000004,121.81000000000002,0.0,0.0,304.11,66.10000000000001,168.01000000000005,19.0,0.0,2467.480000000001,50.53999999999999,116.74,0.0,9.0,1198.2,37.660000000000004,127.83,0.0,0.0,475.46,66.10000000000001,162.86,19.0,0.0,2326.36,50.53999999999999
United States,Nebraska,Oats,2006,spring,47.96,2.0,5.0,1282.8999999999999,15.83,24.550000000000004,3.0,0.0,387.28999999999996,11.669999999999998,267.86999999999995,23.0,0.0,2354.4099999999994,42.15,41.540000000000006,0.0,5.0,1082.97,15.83,18.729999999999997,3.0,0.0,461.95,9.16,280.11,25.0,0.0,2479.68,42.15
United States,Nebraska,Oats,2007,spring,235.57999999999998,0.0,11.0,1180.7,79.11,123.99999999999999,0.0,0.0,336.21000000000004,81.87,251.14000000000001,3.0,0.0,2334.9,26.54,235.57999999999998,0.0,11.0,1180.7,79.11,158.42000000000002,0.0,0.0,468.21000000000004,81.87,216.72,3.0,0.0,2202.8999999999996,26.54
United States,Nebraska,Oats,2008,spring,301.74,0.0,19.0,1158.8400000000001,106.13,66.44,0.0,0.0,373.04999999999995,28.240000000000002,255.05999999999997,4.0,0.0,2454.1800000000003,34.34,344.21999999999997,0.0,19.0,1317.84,106.13,49.87,0.0,0.0,557.03,20.84,229.15,4.0,0.0,2111.1999999999994,34.34
United States,Nebraska,Oats,2009,spring,140.14999999999998,0.0,12.0,1135.32,24.510000000000005,80.58999999999999,0.0,0.0,277.21,33.7,306.77,1.0,0.0,2353.3699999999994,32.39,144.57999999999998,0.0,12.0,1222.6699999999998,24.510000000000005,115.16999999999999,0.0,0.0,419.2699999999999,33.7,267.76,1.0,0.0,2123.959999999999,32.39
United States,Nebraska,Oats,2010,spring,128.41,0.0,6.0,1187.33,26.35,200.34,0.0,0.0,334.29999999999995,114.55000000000001,330.09,0.0,0.0,2476.4400000000005,41.0,153.77999999999997,0.0,6.0,1274.2499999999998,26.35,212.05,0.0,0.0,420.40999999999997,114.55000000000001,293.00999999999993,0.0,0.0,2303.4100000000003,41.0
United States,Nebraska,Oats,2011,spring,160.14000000000001,0.0,9.0,1091.2699999999998,45.15,19.419999999999998,0.0,0.0,339.6799999999999,9.59,256.96,15.0,0.0,2366.980000000001,38.720000000000006,170.90000000000003,0.0,9.0,1190.4699999999996,45.15,76.78,0.0,0.0,458.59999999999997,38.720000000000006,188.83999999999997,15.0,0.0,2148.86,36.370000000000005
United States,Nebraska,Oats,2012,spring,148.98,0.0,0.0,1224.1,48.63,8.58,1.0,0.0,387.67,5.76,64.58,52.0,0.0,2559.59,12.15,136.3,0.0,0.0,1036.6399999999999,48.63,18.94,0.0,0.0,476.39,11.620000000000001,66.9,53.0,0.0,2658.33,12.15
United States,Nebraska,Oats,2013,spring,141.31000000000003,0.0,23.0,1135.22,43.35,47.25,0.0,0.0,371.12999999999994,29.94,276.46000000000004,27.0,0.0,2341.9399999999996,34.06,171.38000000000005,0.0,23.0,1246.08,45.94,45.58,1.0,0.0,483.75000000000006,13.089999999999996,248.06,26.0,0.0,2118.46,34.06
United States,Nebraska,Oats,2014,spring,69.74999999999999,0.0,11.0,1178.73,17.419999999999998,118.98000000000002,0.0,0.0,328.33,64.48,287.07,7.0,0.0,2414.0600000000004,37.85,70.38999999999999,0.0,11.0,1236.72,17.419999999999998,149.59,0.0,0.0,460.06,64.48,255.82000000000005,7.0,0.0,2224.3399999999997,37.85
United States,Nebraska,Oats,2015,spring,174.17999999999998,0.0,3.0,1073.55,38.989999999999995,61.42000000000001,0.0,0.0,324.90999999999997,28.76,256.39,13.0,0.0,2358.54,43.550000000000004,176.73999999999998,0.0,3.0,1091.29,38.989999999999995,105.19,0.0,0.0,445.6,35.81,210.06,13.0,0.0,2220.11,43.550000000000004
United States,Nebraska,Oats,2016,spring,275.09000000000003,0.0,5.0,1164.7099999999998,77.45,17.81,0.0,0.0,437.24,10.42,253.26999999999998,6.0,0.0,2335.67,27.63,285.51000000000005,0.0,5.0,1247.1799999999998,77.45,43.72,1.0,0.0,495.51000000000005,30.839999999999996,216.93999999999997,5.0,0.0,2194.9299999999994,24.53
United States,Nebraska,Oats,2017,spring,149.45000000000002,0.0,3.0,1155.0600000000002,32.78,6.069999999999999,0.0,0.0,386.86999999999995,3.2,360.21000000000004,14.0,0.0,2392.8700000000003,84.93,149.45000000000002,0.0,3.0,1185.42,32.78,9.08,0.0,0.0,444.09999999999997,3.2,357.2,14.0,0.0,2305.28,84.93
United States,Nebraska,Oats,2018,spring,212.38,0.0,17.0,1132.3600000000004,79.21000000000001,37.22,0.0,0.0,404.84999999999997,25.15,332.01000000000005,2.0,0.0,2264.8699999999994,40.379999999999995,215.43,0.0,17.0,1202.9100000000003,79.21000000000001,47.629999999999995,2.0,0.0,454.54999999999995,25.15,318.54999999999995,0.0,0.0,2144.62,40.379999999999995
United States,Nebraska,Oats,2019,spring,225.39,0.0,8.0,1096.5700000000002,63.67,43.74,0.0,0.0,394.28,19.77,410.65000000000003,2.0,0.0,2292.1099999999997,49.150000000000006,248.81999999999996,0.0,8.0,1245.0900000000001,63.67,61.72,0.0,0.0,499.01000000000005,18.200000000000003,369.24,2.0,0.0,2038.86,49.150000000000006
United States,Nebraska,Oats,2020,spring,145.89,0.0,14.0,1190.7099999999998,49.85000000000001,27.25,0.0,0.0,400.03999999999996,17.03,164.08,12.0,0.0,2454.0400000000004,37.879999999999995,147.27,0.0,14.0,1327.3499999999997,49.85000000000001,31.94,0.0,0.0,439.46999999999997,17.03,158.01,12.0,0.0,2277.9700000000003,37.879999999999995
United States,Nebraska,Oats,2021,spring,111.15,0.0,15.0,1137.4799999999998,23.28,15.059999999999999,0.0,0.0,397.27,12.75,237.8,17.0,0.0,2373.17,30.369999999999997,123.9,0.0,15.0,1188.4599999999996,23.28,4.4,3.0,0.0,461.71000000000004,2.16,235.71,14.0,0.0,2257.7500000000005,30.369999999999997
United States,Nebraska,Oats,2022,spring,118.33,0.0,14.0,1233.3,43.449999999999996,49.83000000000001,0.0,0.0,346.65000000000003,29.44,151.35000000000002,40.0,0.0,2512.6499999999996,31.92,125.52,0.0,14.0,1250.95,43.449999999999996,45.45,2.0,0.0,476.58,29.44,148.54000000000002,38.0,0.0,2365.0699999999997,31.92
United States,Nebraska,Oats,2023,spring,154.98000000000002,0.0,12.0,1268.2,63.870000000000005,45.75,0.0,0.0,356.72,18.11,251.29,18.0,0.0,2416.5699999999997,33.739999999999995,147.63,0.0,12.0,1228.1100000000001,63.870000000000005,53.1,0.0,0.0,455.26000000000005,23.150000000000006,251.29,18.0,0.0,2358.1199999999994,33.739999999999995
United States,Nebraska,Oats,2024,spring,178.82999999999998,0.0,7.0,1254.72,39.06,61.44,1.0,0.0,370.88,26.209999999999997,181.73,19.0,0.0,2348.17,34.28,178.82999999999998,0.0,7.0,1226.02,39.06,79.73,1.0,0.0,471.34000000000003,26.209999999999997,163.43999999999997,19.0,0.0,2276.41,34.28
United States,Nebraska,Oats,2025,spring,131.60999999999999,0.0,8.0,1160.6499999999999,37.08,66.78,0.0,0.0,357.75,47.47,366.68000000000006,14.0,0.0,2263.9900000000002,62.83,116.71000000000001,0.0,8.0,1134.9299999999998,34.32,86.62000000000002,0.0,0.0,462.9,47.47,361.74000000000007,14.0,0.0,2184.5600000000004,62.83
United States,North Dakota,Wheat,1990,spring,186.31000000000003,0.0,25.0,1644.5299999999997,34.199999999999996,52.629999999999995,0.0,0.0,369.87,29.08,126.04999999999998,0.0,0.0,1782.72,21.9,187.25000000000003,0.0,25.0,1668.4199999999998,34.199999999999996,52.339999999999996,0.0,0.0,369.45000000000005,29.08,125.39999999999999,0.0,0.0,1759.2499999999998,21.9
United States,North Dakota,Wheat,1991,spring,187.81,0.0,19.0,1516.67,27.88,39.25999999999999,0.0,0.0,277.97999999999996,25.57,145.52,5.0,2.0,1735.29,30.36,146.92,0.0,19.0,1301.8400000000001,27.88,50.839999999999996,0.0,0.0,363.69000000000005,24.58,174.83,5.0,2.0,1864.41,30.36
United States,North Dakota,Wheat,1992,spring,120.22,0.0,21.0,1647.7,28.580000000000002,29.46,0.0,0.0,291.97999999999996,23.060000000000002,115.49000000000001,1.0,2.0,1615.52,19.75,108.46000000000001,0.0,21.0,1578.51,28.580000000000002,43.02,0.0,0.0,383.41,23.060000000000002,113.69000000000001,1.0,2.0,1593.2799999999997,19.75
United States,North Dakota,Wheat,1993,spring,186.69,0.0,20.0,1563.2900000000002,46.53,88.12,0.0,0.0,286.27,46.07,289.64,0.0,1.0,1536.94,58.73,200.86,0.0,20.0,1613.8400000000001,46.53,94.31,0.0,0.0,376.59,46.07,269.28,0.0,1.0,1396.07,58.72999999999999
United States,North Dakota,Wheat,1994,spring,159.2,0.0,23.0,1653.04,34.46000000000001,24.150000000000002,0.0,0.0,354.35,10.14,148.21,0.0,0.0,1668.1599999999999,43.599999999999994,154.06,0.0,23.0,1608.3000000000002,34.46000000000001,27.63,0.0,0.0,371.11,10.14,149.86999999999998,0.0,0.0,1696.1399999999999,43.599999999999994
United States,North Dakota,Wheat,1995,spring,153.86,0.0,24.0,1576.47,41.95,48.36,0.0,0.0,230.89999999999995,23.629999999999995,146.84,3.0,3.0,1765.57,30.909999999999997,173.34000000000003,0.0,24.0,1628.4799999999998,41.95,36.13,0.0,0.0,363.82,23.63,139.59,3.0,3.0,1580.6399999999999,30.57
United States,North Dakota,Wheat,1996,spring,120.33,0.0,30.0,1540.82,19.92,41.059999999999995,0.0,0.0,309.93999999999994,22.89,155.51,3.0,1.0,1671.37,28.75,150.19000000000003,0.0,30.0,1642.8600000000001,22.89,27.089999999999996,0.0,0.0,363.15000000000003,10.42,139.62,3.0,1.0,1516.12,28.75
United States,North Dakota,Wheat,1997,spring,115.53,0.0,22.0,1730.91,63.24,81.33,0.0,0.0,314.91,51.059999999999995,98.19999999999999,2.0,0.0,1741.3600000000001,25.54,115.96000000000001,0.0,22.0,1756.0400000000002,63.24,86.64999999999999,0.0,0.0,368.56,51.059999999999995,92.44999999999999,2.0,0.0,1662.58,25.54
United States,North Dakota,Wheat,1998,spring,143.33000000000004,0.0,11.0,1631.48,33.01,56.60000000000001,0.0,0.0,306.12,20.459999999999997,155.32999999999998,2.0,0.0,1833.35,34.59,109.99,0.0,11.0,1583.1,17.810000000000002,72.33000000000001,0.0,0.0,310.86,32.98,172.93999999999997,2.0,0.0,1876.99,51.5
United States,North Dakota,Wheat,1999,spring,253.47000000000003,0.0,14.0,1621.04,59.99,32.22,0.0,0.0,316.99,11.64,208.33,3.0,2.0,1691.6100000000001,72.05000000000001,254.79000000000002,0.0,14.0,1644.3899999999999,59.99,42.739999999999995,0.0,0.0,405.55,11.64,196.49,3.0,2.0,1579.6999999999998,72.05000000000001
United States,North Dakota,Wheat,2000,spring,237.59,0.0,21.0,1574.3500000000001,79.42999999999999,34.480000000000004,0.0,0.0,322.15,19.72,168.13,3.0,1.0,1689.7199999999998,23.68,237.59,0.0,21.0,1574.3500000000001,79.42999999999999,42.52,0.0,0.0,392.08,22.439999999999998,160.08999999999997,3.0,1.0,1619.79,23.68
United States,North Dakota,Wheat,2001,spring,193.4,0.0,19.0,1620.29,40.019999999999996,8.2,0.0,0.0,343.21000000000004,4.529999999999999,145.67000000000002,6.0,1.0,1766.21,36.27,190.76,0.0,19.0,1573.75,40.019999999999996,10.84,0.0,0.0,389.75,4.529999999999999,145.67000000000002,6.0,1.0,1766.21,36.27
United States,North Dakota,Wheat,2002,spring,135.82999999999998,0.0,33.0,1597.04,38.78,22.69,2.0,0.0,375.09000000000003,13.73,140.42,8.0,2.0,1666.6100000000001,21.98,149.87,0.0,33.0,1717.12,38.78,11.08,3.0,0.0,327.35,8.08,137.98999999999998,7.0,2.0,1594.2699999999998,20.72
United States,North Dakota,Wheat,2003,spring,221.73,0.0,11.0,1527.2,30.939999999999998,28.8,0.0,0.0,310.96,11.479999999999999,124.44,10.0,1.0,1732.77,35.290000000000006,219.88,0.0,11.0,1467.21,30.939999999999998,30.65,0.0,0.0,370.95,11.479999999999999,124.44,10.0,1.0,1732.77,35.290000000000006
United States,North Dakota,Wheat,2004,spring,188.28,0.0,26.0,1630.4999999999998,47.27,20.519999999999996,0.0,0.0,336.7200000000001,13.67,162.39,1.0,0.0,1603.52,23.200000000000003,189.38000000000002,0.0,26.0,1754.4499999999998,47.27,45.81999999999999,0.0,0.0,346.72,15.100000000000001,135.99,1.0,0.0,1469.5700000000002,23.200000000000003
United States,North Dakota,Wheat,2005,spring,213.06,0.0,16.0,1594.4499999999998,55.34,113.19999999999999,0.0,0.0,311.11,61.620000000000005,116.61,2.0,0.0,1744.2600000000002,21.4,201.71,0.0,16.0,1509.5300000000004,55.34,123.28999999999999,0.0,0.0,351.47999999999996,61.620000000000005,117.87,2.0,0.0,1788.8099999999997,21.4
United States,North Dakota,Wheat,2006,spring,119.71000000000001,0.0,14.0,1655.69,23.65,17.580000000000002,0.0,0.0,360.40999999999997,14.340000000000002,147.32,10.0,1.0,1742.35,27.78,103.72,0.0,14.0,1414.3900000000003,23.65,31.32,0.0,0.0,387.45,14.340000000000002,149.57,10.0,1.0,1956.6100000000001,27.78
United States,North Dakota,Wheat,2007,spring,323.99,0.0,16.0,1604.34,59.44,14.809999999999999,0.0,0.0,358.32,7.37,129.08,6.0,0.0,1714.37,29.71,305.45,0.0,16.0,1512.5999999999997,59.44,28.66,0.0,0.0,367.07,18.54,133.77,6.0,0.0,1797.36,29.71
United States,North Dakota,Wheat,2008,spring,181.52000000000004,0.0,26.0,1607.48,54.36,10.82,0.0,0.0,366.38,7.02,205.47000000000003,0.0,0.0,1762.4699999999998,25.43,185.32000000000005,0.0,26.0,1739.5100000000002,54.36,17.66,0.0,0.0,387.21000000000004,9.29,194.83,0.0,0.0,1609.61,25.43
United States,North Dakota,Wheat,2009,spring,145.73999999999998,0.0,24.0,1652.1399999999999,35.39,35.809999999999995,0.0,0.0,354.54999999999995,29.400000000000002,131.60000000000002,1.0,0.0,1681.5,29.119999999999997,178.35000000000002,0.0,24.0,1823.85,35.39,54.51,0.0,0.0,401.9,29.119999999999997,80.29000000000002,1.0,0.0,1462.44,28.5
United States,North Dakota,Wheat,2010,spring,232.73,0.0,15.0,1548.58,39.910000000000004,59.27000000000002,0.0,0.0,349.52,29.75,236.54,3.0,1.0,1692.6100000000001,57.05,226.63,0.0,15.0,1521.3899999999999,39.910000000000004,65.37,0.0,0.0,376.7099999999999,30.54,236.54,3.0,1.0,1692.6100000000001,57.05
United States,North Dakota,Wheat,2011,spring,255.68999999999997,0.0,20.0,1458.54,54.41,33.940000000000005,0.0,0.0,325.73,12.189999999999998,223.60000000000002,0.0,0.0,1746.21,35.29,277.86,0.0,20.0,1594.29,54.41,43.63000000000001,0.0,0.0,382.77000000000004,26.990000000000002,191.74,0.0,0.0,1553.42,35.29
United States,North Dakota,Wheat,2012,spring,184.70999999999998,0.0,11.0,1581.1399999999999,26.87,5.13,0.0,0.0,353.23999999999995,3.84,95.72999999999999,5.0,1.0,1697.77,24.4,156.11999999999998,0.0,11.0,1459.4299999999998,26.87,29.85,0.0,0.0,350.95,18.63,99.60000000000002,5.0,1.0,1821.7700000000002,24.43
United States,North Dakota,Wheat,2013,spring,286.15999999999997,0.0,32.0,1559.16,68.52,34.35,0.0,0.0,353.34,27.02,161.48999999999998,1.0,0.0,1690.01,47.76,317.16,0.0,32.0,1687.1100000000001,68.52,25.380000000000003,0.0,0.0,402.27000000000004,12.69,139.46,1.0,0.0,1513.13,47.76
United States,North Dakota,Wheat,2014,spring,171.07,0.0,27.0,1547.8,36.02,72.75,0.0,0.0,282.82000000000005,51.81,195.95000000000002,0.0,1.0,1651.7,49.75,185.28,0.0,27.0,1646.33,36.02,64.6,0.0,0.0,348.97,51.81,189.89,0.0,1.0,1487.02,49.75
United States,North Dakota,Wheat,2015,spring,184.6,0.0,18.0,1633.37,33.57000000000001,32.98,0.0,0.0,322.44999999999993,16.52,120.16,6.0,0.0,1764.01,29.419999999999998,180.63,0.0,18.0,1604.1999999999998,33.57000000000001,36.949999999999996,0.0,0.0,351.62,19.88,120.16,6.0,0.0,1764.01,29.419999999999998
United States,North Dakota,Wheat,2016,spring,168.73999999999998,0.0,16.0,1715.45,33.35,15.26,0.0,0.0,356.42,7.0,196.14,2.0,0.0,1656.96,23.990000000000002,163.15999999999997,0.0,16.0,1565.8999999999999,33.35,15.83,0.0,0.0,435.02,7.0,201.15,2.0,0.0,1727.91,23.99
United States,North Dakota,Wheat,2017,spring,91.67,1.0,14.0,1761.03,33.21,15.510000000000002,1.0,0.0,341.76,11.399999999999999,177.15000000000003,5.0,0.0,1710.44,26.89,82.26,1.0,14.0,1606.8,32.49,22.270000000000003,0.0,0.0,414.77,11.399999999999999,179.8,6.0,0.0,1791.6599999999999,26.89
United States,North Dakota,Wheat,2018,spring,162.51000000000002,0.0,21.0,1689.37,41.05,65.76,0.0,0.0,341.6,26.77,116.22999999999999,5.0,2.0,1699.5299999999997,19.770000000000003,148.14999999999998,0.0,21.0,1569.72,41.05,56.11,0.0,0.0,327.02,26.77,140.23999999999995,5.0,2.0,1833.76,23.1
United States,North Dakota,Wheat,2019,spring,155.21,0.0,23.0,1565.2200000000003,27.04,43.53,0.0,0.0,314.78,18.36,344.20000000000005,0.0,0.0,1618.72,46.25,163.29,0.0,23.0,1624.1700000000003,32.230000000000004,47.85000000000001,0.0,0.0,334.26000000000005,18.36,331.8,0.0,0.0,1540.2900000000004,46.25
United States,North Dakota,Wheat,2020,spring,75.28,0.0,27.0,1731.7499999999998,19.75,66.97,0.0,0.0,350.41999999999996,54.78,102.49000000000001,3.0,0.0,1796.67,16.95,75.29,0.0,27.0,1759.2199999999998,19.75,67.95,0.0,0.0,343.8399999999999,54.78,101.5,3.0,0.0,1775.78,16.950000000000003
United States,North Dakota,Wheat,2021,spring,111.39,1.0,20.0,1719.3700000000001,30.55,12.88,3.0,0.0,355.43999999999994,11.07,144.61,11.0,0.0,1583.67,46.13000000000001,92.88000000000001,1.0,20.0,1549.8400000000001,30.55,30.930000000000003,1.0,0.0,381.55,18.48,145.07000000000002,13.0,0.0,1727.09,46.13000000000001
United States,North Dakota,Wheat,2022,spring,240.23999999999998,1.0,29.0,1531.8600000000001,47.36,31.060000000000002,0.0,0.0,364.28,20.979999999999997,111.63,4.0,0.0,1755.69,21.43,248.04999999999998,1.0,29.0,1676.9800000000002,47.36,50.449999999999996,0.0,0.0,378.7299999999999,21.43,84.43,4.0,0.0,1596.1200000000001,17.939999999999998
United States,North Dakota,Wheat,2023,spring,160.69,0.0,20.0,1650.6599999999999,54.23,71.16,0.0,0.0,298.86,46.28,177.49,3.0,0.0,1604.98,30.410000000000004,134.19,0.0,20.0,1441.24,54.23,84.16999999999999,0.0,0.0,335.88,46.28,190.98000000000002,3.0,0.0,1777.38,30.410000000000004
United States,North Dakota,Wheat,2024,spring,212.06,0.0,14.0,1642.32,35.519999999999996,57.23,0.0,0.0,301.82,15.03,114.28999999999999,3.0,0.0,1649.74,31.05,212.06,0.0,14.0,1586.86,35.519999999999996,58.150000000000006,0.0,0.0,381.35999999999996,15.03,113.37,3.0,0.0,1625.66,31.05
United States,North Dakota,Wheat,2025,spring,234.48999999999998,2.0,17.0,1589.9299999999998,91.25,16.65,0.0,0.0,319.97,6.640000000000001,174.54000000000002,2.0,0.0,1618.47,35.97,229.42999999999998,2.0,17.0,1518.24,91.25,15.070000000000002,0.0,0.0,353.07,8.04,181.18,2.0,0.0,1657.0600000000002,35.97
United States,North Dakota,Barley,1990,spring,186.31000000000003,0.0,25.0,1644.5299999999997,34.199999999999996,52.629999999999995,0.0,0.0,369.87,29.08,126.04999999999998,0.0,0.0,1782.72,21.9,187.25000000000003,0.0,25.0,1668.4199999999998,34.199999999999996,52.339999999999996,0.0,0.0,369.45000000000005,29.08,125.39999999999999,0.0,0.0,1759.2499999999998,21.9
United States,North Dakota,Barley,1991,spring,187.81,0.0,19.0,1516.67,27.88,39.25999999999999,0.0,0.0,277.97999999999996,25.57,145.52,5.0,2.0,1735.29,30.36,146.92,0.0,19.0,1301.8400000000001,27.88,50.839999999999996,0.0,0.0,363.69000000000005,24.58,174.83,5.0,2.0,1864.41,30.36
United States,North Dakota,Barley,1992,spring,120.22,0.0,21.0,1647.7,28.580000000000002,29.46,0.0,0.0,291.97999999999996,23.060000000000002,115.49000000000001,1.0,2.0,1615.52,19.75,108.46000000000001,0.0,21.0,1578.51,28.580000000000002,43.02,0.0,0.0,383.41,23.060000000000002,113.69000000000001,1.0,2.0,1593.2799999999997,19.75
United States,North Dakota,Barley,1993,spring,186.69,0.0,20.0,1563.2900000000002,46.53,88.12,0.0,0.0,286.27,46.07,289.64,0.0,1.0,1536.94,58.73,200.86,0.0,20.0,1613.8400000000001,46.53,104.1,0.0,0.0,387.54999999999995,46.07,259.49,0.0,1.0,1385.11,58.72999999999999
United States,North Dakota,Barley,1994,spring,159.2,0.0,23.0,1653.04,34.46000000000001,24.150000000000002,0.0,0.0,354.35,10.14,148.21,0.0,0.0,1668.1599999999999,43.599999999999994,154.06,0.0,23.0,1608.3000000000002,34.46000000000001,27.63,0.0,0.0,371.11,10.14,149.86999999999998,0.0,0.0,1696.1399999999999,43.599999999999994
United States,North Dakota,Barley,1995,spring,153.86,0.0,24.0,1576.47,41.95,48.36,0.0,0.0,230.89999999999995,23.629999999999995,146.84,3.0,3.0,1765.57,30.909999999999997,174.00000000000003,0.0,24.0,1650.37,41.95,35.47,0.0,0.0,341.93,23.63,139.59,3.0,3.0,1580.6399999999999,30.57
United States,North Dakota,Barley,1996,spring,120.33,0.0,30.0,1540.82,19.92,41.059999999999995,0.0,0.0,309.93999999999994,22.89,155.51,3.0,1.0,1671.37,28.75,150.19000000000003,0.0,30.0,1642.8600000000001,22.89,27.089999999999996,0.0,0.0,363.15000000000003,10.42,139.62,3.0,1.0,1516.12,28.75
United States,North Dakota,Barley,1997,spring,115.53,0.0,22.0,1730.91,63.24,81.33,0.0,0.0,314.91,51.059999999999995,98.19999999999999,2.0,0.0,1741.3600000000001,25.54,115.96000000000001,0.0,22.0,1756.0400000000002,63.24,86.64999999999999,0.0,0.0,368.56,51.059999999999995,92.44999999999999,2.0,0.0,1662.58,25.54
United States,North Dakota,Barley,1998,spring,143.33000000000004,0.0,11.0,1631.48,33.01,56.60000000000001,0.0,0.0,306.12,20.459999999999997,155.32999999999998,2.0,0.0,1833.35,34.59,109.99,0.0,11.0,1583.1,17.810000000000002,72.33000000000001,0.0,0.0,310.86,32.98,172.93999999999997,2.0,0.0,1876.99,51.5
United States,North Dakota,Barley,1999,spring,253.47000000000003,0.0,14.0,1621.04,59.99,32.22,0.0,0.0,316.99,11.64,208.33,3.0,2.0,1691.6100000000001,72.05000000000001,254.79000000000002,0.0,14.0,1644.3899999999999,59.99,42.739999999999995,0.0,0.0,405.55,11.64,196.49,3.0,2.0,1579.6999999999998,72.05000000000001
United States,North Dakota,Barley,2000,spring,237.59,0.0,21.0,1574.3500000000001,79.42999999999999,34.480000000000004,0.0,0.0,322.15,19.72,168.13,3.0,1.0,1689.7199999999998,23.68,239.18,0.0,21.0,1598.6200000000001,79.42999999999999,40.92999999999999,0.0,0.0,367.81,22.439999999999998,160.08999999999997,3.0,1.0,1619.79,23.68
United States,North Dakota,Barley,2001,spring,193.4,0.0,19.0,1620.29,40.019999999999996,8.2,0.0,0.0,343.21000000000004,4.529999999999999,145.67000000000002,6.0,1.0,1766.21,36.27,192.19,0.0,19.0,1599.79,40.019999999999996,9.410000000000002,0.0,0.0,363.71000000000004,4.529999999999999,145.67000000000002,6.0,1.0,1766.21,36.27
United States,North Dakota,Barley,2002,spring,135.82999999999998,0.0,33.0,1597.04,38.78,22.69,2.0,0.0,375.09000000000003,13.73,140.42,8.0,2.0,1666.6100000000001,21.98,149.87,0.0,33.0,1717.12,38.78,11.08,3.0,0.0,327.35,8.08,137.98999999999998,7.0,2.0,1594.2699999999998,20.72
United States,North Dakota,Barley,2003,spring,221.73,0.0,11.0,1527.2,30.939999999999998,28.8,0.0,0.0,310.96,11.479999999999999,124.44,10.0,1.0,1732.77,35.290000000000006,219.88,0.0,11.0,1467.21,30.939999999999998,30.65,0.0,0.0,370.95,11.479999999999999,124.44,10.0,1.0,1732.77,35.290000000000006
United States,North Dakota,Barley,2004,spring,188.28,0.0,26.0,1630.4999999999998,47.27,20.519999999999996,0.0,0.0,336.7200000000001,13.67,162.39,1.0,0.0,1603.52,23.200000000000003,189.38000000000002,0.0,26.0,1754.4499999999998,47.27,50.17999999999999,0.0,0.0,376.86,15.100000000000001,131.63,1.0,0.0,1439.43,23.200000000000003
United States,North Dakota,Barley,2005,spring,213.06,0.0,16.0,1594.4499999999998,55.34,113.19999999999999,0.0,0.0,311.11,61.620000000000005,116.61,2.0,0.0,1744.2600000000002,21.4,201.71,0.0,16.0,1509.5300000000004,55.34,123.28999999999999,0.0,0.0,351.47999999999996,61.620000000000005,117.87,2.0,0.0,1788.8099999999997,21.4
United States,North Dakota,Barley,2006,spring,119.71000000000001,0.0,14.0,1655.69,23.65,17.580000000000002,0.0,0.0,360.40999999999997,14.340000000000002,147.32,10.0,1.0,1742.35,27.78,103.72,0.0,14.0,1414.3900000000003,23.65,31.32,0.0,0.0,387.45,14.340000000000002,149.57,10.0,1.0,1956.6100000000001,27.78
United States,North Dakota,Barley,2007,spring,323.99,0.0,16.0,1604.34,59.44,14.809999999999999,0.0,0.0,358.32,7.37,129.08,6.0,0.0,1714.37,29.71,305.45,0.0,16.0,1512.5999999999997,59.44,28.66,0.0,0.0,367.07,18.54,133.77,6.0,0.0,1797.36,29.71
United States,North Dakota,Barley,2008,spring,181.52000000000004,0.0,26.0,1607.48,54.36,10.82,0.0,0.0,366.38,7.02,205.47000000000003,0.0,0.0,1762.4699999999998,25.43,185.32000000000005,0.0,26.0,1739.5100000000002,54.36,17.66,0.0,0.0,387.21000000000004,9.29,194.83,0.0,0.0,1609.61,25.43
United States,North Dakota,Barley,2009,spring,145.73999999999998,0.0,24.0,1652.1399999999999,35.39,35.809999999999995,0.0,0.0,354.54999999999995,29.400000000000002,131.60000000000002,1.0,0.0,1681.5,29.119999999999997,178.35000000000002,0.0,24.0,1823.85,35.39,54.51,0.0,0.0,401.9,29.119999999999997,80.29000000000002,1.0,0.0,1462.44,28.5
United States,North Dakota,Barley,2010,spring,232.73,0.0,15.0,1548.58,39.910000000000004,59.27000000000002,0.0,0.0,349.52,29.75,236.54,3.0,1.0,1692.6100000000001,57.05,226.63,0.0,15.0,1521.3899999999999,39.910000000000004,65.37,0.0,0.0,376.7099999999999,30.54,236.54,3.0,1.0,1692.6100000000001,57.05
United States,North Dakota,Barley,2011,spring,255.68999999999997,0.0,20.0,1458.54,54.41,33.940000000000005,0.0,0.0,325.73,12.189999999999998,223.60000000000002,0.0,0.0,1746.21,35.29,277.86,0.0,20.0,1594.29,54.41,43.63000000000001,0.0,0.0,382.77000000000004,26.990000000000002,191.74,0.0,0.0,1553.42,35.29
United States,North Dakota,Barley,2012,spring,184.70999999999998,0.0,11.0,1581.1399999999999,26.87,5.13,0.0,0.0,353.23999999999995,3.84,95.72999999999999,5.0,1.0,1697.77,24.4,156.11999999999998,0.0,11.0,1459.4299999999998,26.87,33.21,0.0,0.0,374.86,18.63,96.24000000000001,5.0,1.0,1797.8600000000001,24.43
United States,North Dakota,Barley,2013,spring,286.15999999999997,0.0,32.0,1559.16,68.52,34.35,0.0,0.0,353.34,27.02,161.48999999999998,1.0,0.0,1690.01,47.76,317.17999999999995,0.0,32.0,1717.69,68.52,25.36,0.0,0.0,371.69,12.69,139.46,1.0,0.0,1513.13,47.76
United States,North Dakota,Barley,2014,spring,171.07,0.0,27.0,1547.8,36.02,72.75,0.0,0.0,282.82000000000005,51.81,195.95000000000002,0.0,1.0,1651.7,49.75,185.28,0.0,27.0,1646.33,36.02,64.6,0.0,0.0,348.97,51.81,189.89,0.0,1.0,1487.02,49.75
United States,North Dakota,Barley,2015,spring,184.6,0.0,18.0,1633.37,33.57000000000001,32.98,0.0,0.0,322.44999999999993,16.52,120.16,6.0,0.0,1764.01,29.419999999999998,184.6,0.0,18.0,1633.37,33.57000000000001,38.709999999999994,0.0,0.0,337.11999999999995,16.52,114.43,6.0,0.0,1749.34,29.419999999999998
United States,North Dakota,Barley,2016,spring,168.73999999999998,0.0,16.0,1715.45,33.35,15.26,0.0,0.0,356.42,7.0,196.14,2.0,0.0,1656.96,23.990000000000002,165.60999999999996,0.0,16.0,1594.9499999999998,33.35,13.379999999999999,0.0,0.0,405.9700000000001,7.0,201.15,2.0,0.0,1727.91,23.99
United States,North Dakota,Barley,2017,spring,91.67,1.0,14.0,1761.03,33.21,15.510000000000002,1.0,0.0,341.76,11.399999999999999,177.15000000000003,5.0,0.0,1710.44,26.89,83.2,1.0,14.0,1624.46,33.21,21.330000000000002,0.0,0.0,397.11,11.399999999999999,179.8,6.0,0.0,1791.6599999999999,26.89
United States,North Dakota,Barley,2018,spring,162.51000000000002,0.0,21.0,1689.37,41.05,65.76,0.0,0.0,341.6,26.77,116.22999999999999,5.0,2.0,1699.5299999999997,19.770000000000003,148.14999999999998,0.0,21.0,1569.72,41.05,56.11,0.0,0.0,327.02,26.77,140.23999999999995,5.0,2.0,1833.76,23.1
United States,North Dakota,Barley,2019,spring,155.21,0.0,23.0,1565.2200000000003,27.04,43.53,0.0,0.0,314.78,18.36,344.20000000000005,0.0,0.0,1618.72,46.25,163.29,0.0,23.0,1624.1700000000003,32.230000000000004,47.85000000000001,0.0,0.0,334.26000000000005,18.36,331.8,0.0,0.0,1540.2900000000004,46.25
United States,North Dakota,Barley,2020,spring,75.28,0.0,27.0,1731.7499999999998,19.75,66.97,0.0,0.0,350.41999999999996,54.78,102.49000000000001,3.0,0.0,1796.67,16.95,75.30000000000001,0.0,27.0,1782.4699999999998,19.75,67.94,0.0,0.0,320.59,54.78,101.5,3.0,0.0,1775.78,16.950000000000003
United States,North Dakota,Barley,2021,spring,111.39,1.0,20.0,1719.3700000000001,30.55,12.88,3.0,0.0,355.43999999999994,11.07,144.61,11.0,0.0,1583.67,46.13000000000001,92.88000000000001,1.0,20.0,1549.8400000000001,30.55,30.930000000000003,1.0,0.0,381.55,18.48,145.07000000000002,13.0,0.0,1727.09,46.13000000000001
United States,North Dakota,Barley,2022,spring,240.23999999999998,1.0,29.0,1531.8600000000001,47.36,31.060000000000002,0.0,0.0,364.28,20.979999999999997,111.63,4.0,0.0,1755.69,21.43,248.04999999999998,1.0,29.0,1676.9800000000002,47.36,50.449999999999996,0.0,0.0,378.7299999999999,21.43,84.43,4.0,0.0,1596.1200000000001,17.939999999999998
United States,North Dakota,Barley,2023,spring,160.69,0.0,20.0,1650.6599999999999,54.23,71.16,0.0,0.0,298.86,46.28,177.49,3.0,0.0,1604.98,30.410000000000004,134.19,0.0,20.0,1441.24,54.23,84.16999999999999,0.0,0.0,335.88,46.28,190.98000000000002,3.0,0.0,1777.38,30.410000000000004
United States,North Dakota,Barley,2024,spring,212.06,0.0,14.0,1642.32,35.519999999999996,57.23,0.0,0.0,301.82,15.03,114.28999999999999,3.0,0.0,1649.74,31.05,212.06,0.0,14.0,1586.86,35.519999999999996,58.150000000000006,0.0,0.0,381.35999999999996,15.03,113.37,3.0,0.0,1625.66,31.05
United States,North Dakota,Barley,2025,spring,234.48999999999998,2.0,17.0,1589.9299999999998,91.25,16.65,0.0,0.0,319.97,6.640000000000001,174.54000000000002,2.0,0.0,1618.47,35.97,229.42999999999998,2.0,17.0,1518.24,91.25,15.070000000000002,0.0,0.0,353.07,8.04,181.18,2.0,0.0,1657.0600000000002,35.97
United States,North Dakota,Oats,1990,spring,166.54,0.0,25.0,1588.3200000000002,34.199999999999996,72.4,0.0,0.0,426.08,29.08,126.04999999999998,0.0,0.0,1782.72,21.9,128.42,0.0,25.0,1429.8600000000001,34.16,90.86000000000001,0.0,0.0,474.61999999999995,34.199999999999996,145.71,0.0,0.0,1892.6399999999999,21.9
United States,North Dakota,Oats,1991,spring,163.26999999999998,0.0,19.0,1492.31,27.88,63.8,0.0,0.0,302.34,25.57,145.52,5.0,2.0,1735.29,30.36,120.62000000000002,0.0,19.0,1107.0600000000002,27.88,67.69,0.0,0.0,460.96999999999997,24.58,184.28,5.0,2.0,1961.91,30.36
United States,North Dakota,Oats,1992,spring,119.89,0.0,21.0,1606.85,28.580000000000002,29.790000000000006,0.0,0.0,332.83,23.060000000000002,115.49000000000001,1.0,2.0,1615.52,19.75,77.09,0.0,21.0,1337.0800000000002,23.59,48.849999999999994,0.0,0.0,505.51000000000005,28.580000000000002,139.23,1.0,2.0,1712.61,23.060000000000002
United States,North Dakota,Oats,1993,spring,185.53999999999996,0.0,20.0,1504.2200000000003,46.53,89.27000000000001,0.0,0.0,345.34,46.07,289.64,0.0,1.0,1536.94,58.73,172.0,0.0,20.0,1334.03,46.53,109.01,0.0,0.0,528.7099999999999,46.07,283.44000000000005,0.0,1.0,1523.7600000000002,58.73
United States,North Dakota,Oats,1994,spring,154.06,0.0,23.0,1608.3000000000002,34.46000000000001,29.29,0.0,0.0,399.09000000000003,10.14,148.21,0.0,0.0,1668.1599999999999,43.599999999999994,89.56,0.0,23.0,1385.4,28.77,87.71000000000002,0.0,0.0,459.58000000000004,34.46,154.29000000000002,0.0,0.0,1830.5700000000002,43.599999999999994
United States,North Dakota,Oats,1995,spring,138.41000000000003,0.0,24.0,1535.72,41.95,63.81,0.0,0.0,271.65,25.31,146.84,3.0,3.0,1765.57,30.909999999999997,138.19000000000003,0.0,24.0,1449.56,41.95,65.83999999999999,0.0,0.0,440.36,25.31,145.03,3.0,3.0,1683.0199999999998,30.909999999999997
United States,North Dakota,Oats,1996,spring,117.90999999999998,0.0,30.0,1487.38,19.92,43.480000000000004,0.0,0.0,363.38,22.89,155.51,3.0,1.0,1671.37,28.75,107.53999999999998,0.0,30.0,1436.0300000000002,19.92,54.45,0.0,0.0,431.25,22.89,154.90999999999997,3.0,1.0,1654.85,28.75
United States,North Dakota,Oats,1997,spring,114.95,0.0,22.0,1693.24,63.24,81.91,0.0,0.0,352.58,51.059999999999995,98.19999999999999,2.0,0.0,1741.3600000000001,25.54,101.55,0.0,22.0,1528.62,63.24,78.37,0.0,0.0,448.72,44.47,115.13999999999999,2.0,0.0,1809.84,25.54
United States,North Dakota,Oats,1998,spring,142.23000000000002,0.0,11.0,1601.22,33.01,57.7,0.0,0.0,336.38,20.46,155.32999999999998,2.0,0.0,1833.35,34.59,82.94999999999999,0.0,11.0,1309.51,17.810000000000002,93.66000000000001,0.0,0.0,466.48,33.01,178.64999999999998,2.0,0.0,1994.96,51.5
United States,North Dakota,Oats,1999,spring,243.73000000000002,0.0,14.0,1586.1899999999996,59.99,41.96,0.0,0.0,351.84000000000003,11.64,208.33,3.0,2.0,1691.6100000000001,72.05000000000001,235.51,0.0,14.0,1379.8299999999997,59.99,44.00000000000001,0.0,0.0,518.3,11.77,214.51000000000002,3.0,2.0,1731.5099999999998,72.05000000000001
United States,North Dakota,Oats,2000,spring,234.45,0.0,21.0,1539.1899999999998,79.42999999999999,37.620000000000005,0.0,0.0,357.30999999999995,19.72,168.13,3.0,1.0,1689.7199999999998,23.68,134.69999999999996,0.0,21.0,1341.2000000000003,28.4,120.36,0.0,0.0,531.11,79.42999999999999,185.14,3.0,1.0,1713.9099999999999,23.68
United States,North Dakota,Oats,2001,spring,190.76,0.0,19.0,1573.75,40.019999999999996,10.84,0.0,0.0,389.75,4.529999999999999,145.67000000000002,6.0,1.0,1766.21,36.27,103.74000000000001,0.0,19.0,1328.74,16.46,93.91,0.0,0.0,484.0,40.019999999999996,149.62,6.0,1.0,1916.9699999999996,36.27
United States,North Dakota,Oats,2002,spring,134.64999999999998,0.0,33.0,1553.6999999999998,38.78,23.869999999999997,2.0,0.0,418.42999999999995,13.73,140.42,8.0,2.0,1666.6100000000001,21.98,128.54999999999998,0.0,33.0,1511.9699999999998,38.78,22.419999999999998,2.0,0.0,440.76,13.73,147.97,8.0,2.0,1686.01,21.98
United States,North Dakota,Oats,2003,spring,219.88,0.0,11.0,1467.21,30.939999999999998,30.65,0.0,0.0,370.95,11.479999999999999,124.44,10.0,1.0,1732.77,35.290000000000006,182.64,0.0,11.0,1215.84,30.939999999999998,58.24999999999999,0.0,0.0,518.9399999999999,28.589999999999996,134.08,10.0,1.0,1836.1499999999999,35.290000000000006
United States,North Dakota,Oats,2004,spring,188.22999999999996,0.0,26.0,1574.2700000000002,47.27,20.569999999999997,0.0,0.0,392.95000000000005,13.67,162.39,1.0,0.0,1603.52,23.200000000000003,182.42999999999998,0.0,26.0,1402.69,47.27,33.27,0.0,0.0,596.78,13.67,155.49,1.0,0.0,1571.2700000000002,23.200000000000003
United States,North Dakota,Oats,2005,spring,205.02,0.0,16.0,1537.7600000000004,55.34,121.24,0.0,0.0,367.8,61.620000000000005,116.61,2.0,0.0,1744.2600000000002,21.4,139.23000000000002,0.0,16.0,1271.67,32.04,111.82,0.0,0.0,464.5,48.92,191.82000000000002,2.0,0.0,1913.65,61.620000000000005
United States,North Dakota,Oats,2006,spring,118.41000000000003,0.0,14.0,1601.01,23.65,18.880000000000003,0.0,0.0,415.09,14.340000000000002,147.32,10.0,1.0,1742.35,27.78,75.71000000000001,0.0,14.0,1183.93,23.65,44.00000000000001,0.0,0.0,471.76,17.98,164.9,10.0,1.0,2102.7599999999998,27.78
United States,North Dakota,Oats,2007,spring,323.99,0.0,16.0,1543.0299999999997,59.44,14.81,0.0,0.0,419.63,7.37,129.08,6.0,0.0,1714.37,29.71,247.69,0.0,16.0,1289.8600000000001,59.44,83.71,0.0,0.0,467.78999999999996,33.86,136.48000000000002,6.0,0.0,1919.3799999999997,29.71
United States,North Dakota,Oats,2008,spring,180.56999999999996,0.0,26.0,1548.76,54.36,11.77,0.0,0.0,425.1,7.02,205.47000000000003,0.0,0.0,1762.4699999999998,25.43,172.67999999999998,0.0,26.0,1466.07,54.36,19.659999999999997,0.0,0.0,531.8,8.84,205.47,0.0,0.0,1738.46,25.43
United States,North Dakota,Oats,2009,spring,145.66000000000003,0.0,24.0,1593.89,35.39,35.89,0.0,0.0,412.79999999999995,29.400000000000002,131.60000000000002,1.0,0.0,1681.5,29.119999999999997,143.14000000000001,0.0,24.0,1576.0600000000002,35.39,63.900000000000006,0.0,0.0,522.31,29.400000000000002,106.11000000000001,1.0,0.0,1589.8200000000002,28.5
United States,North Dakota,Oats,2010,spring,224.41000000000003,0.0,15.0,1501.87,39.910000000000004,67.59,0.0,0.0,396.23,30.540000000000003,236.54,3.0,1.0,1692.6100000000001,57.05,175.88000000000002,0.0,15.0,1313.67,35.8,111.27000000000002,0.0,0.0,463.46999999999997,39.91,241.39,3.0,1.0,1813.5700000000002,57.05
United States,North Dakota,Oats,2011,spring,234.14000000000001,0.0,20.0,1428.9900000000002,54.41,55.49,0.0,0.0,355.28,30.450000000000003,223.60000000000002,0.0,0.0,1746.21,35.29,224.3,0.0,20.0,1391.68,54.41,70.41,0.0,0.0,464.49,30.450000000000003,218.51999999999998,0.0,0.0,1674.31,35.29
United States,North Dakota,Oats,2012,spring,176.43999999999997,0.0,11.0,1547.4199999999996,26.87,13.399999999999999,0.0,0.0,386.96,8.29,95.72999999999999,5.0,1.0,1697.77,24.4,124.06,0.0,11.0,1226.6299999999997,26.87,61.44,0.0,0.0,468.3,20.79,100.07,5.0,1.0,1937.22,24.43
United States,North Dakota,Oats,2013,spring,263.79,0.0,32.0,1515.6000000000001,68.52,56.72,0.0,0.0,396.9,38.66,161.48999999999998,1.0,0.0,1690.01,47.76,263.79,0.0,32.0,1485.8500000000001,68.52,66.31,0.0,0.0,476.63,38.66,151.9,1.0,0.0,1640.0300000000002,47.76
United States,North Dakota,Oats,2014,spring,159.91,0.0,27.0,1503.9400000000003,36.02,83.91,0.0,0.0,326.67999999999995,51.81,195.95000000000002,0.0,1.0,1651.7,49.75,149.61999999999998,0.0,27.0,1424.3200000000002,36.02,96.91,0.0,0.0,463.31,51.81,193.23999999999998,0.0,1.0,1594.69,49.75
United States,North Dakota,Oats,2015,spring,171.09000000000003,0.0,18.0,1578.1700000000003,33.57000000000001,46.489999999999995,0.0,0.0,377.65,24.95,120.16,6.0,0.0,1764.01,29.419999999999998,150.72,0.0,18.0,1354.0900000000001,33.57000000000001,63.76999999999999,0.0,0.0,521.34,24.950000000000003,123.25000000000001,6.0,0.0,1844.3999999999999,29.419999999999998
United States,North Dakota,Oats,2016,spring,168.68999999999994,0.0,16.0,1653.9499999999998,33.35,15.309999999999999,0.0,0.0,417.91999999999996,7.0,196.14,2.0,0.0,1656.96,23.990000000000002,142.57999999999998,0.0,16.0,1338.4199999999996,33.35,34.62,0.0,0.0,510.28999999999996,15.450000000000001,202.94,2.0,0.0,1880.1200000000001,23.99
United States,North Dakota,Oats,2017,spring,90.46000000000001,1.0,14.0,1708.29,33.21,16.72,1.0,0.0,394.5,11.399999999999999,177.15000000000003,5.0,0.0,1710.44,26.89,47.27,0.0,14.0,1376.1399999999999,15.22,45.72,1.0,0.0,505.72999999999996,33.21,191.34,6.0,0.0,1931.36,26.89
United States,North Dakota,Oats,2018,spring,162.48,0.0,21.0,1644.1299999999999,41.05,65.79,0.0,0.0,386.84000000000003,26.77,116.22999999999999,5.0,2.0,1699.5299999999997,19.770000000000003,103.80000000000001,0.0,21.0,1298.1499999999999,41.05,69.14999999999999,0.0,0.0,475.31999999999994,38.370000000000005,171.54999999999998,5.0,2.0,1957.0299999999997,26.77
United States,North Dakota,Oats,2019,spring,131.04999999999998,0.0,23.0,1528.3700000000001,27.04,67.69,0.0,0.0,351.63,32.230000000000004,344.20000000000005,0.0,0.0,1618.72,46.25,119.16,0.0,23.0,1373.8600000000001,27.04,78.69,0.0,0.0,488.9299999999999,32.230000000000004,345.09000000000003,0.0,0.0,1635.93,46.25
United States,North Dakota,Oats,2020,spring,73.49,0.0,27.0,1678.9600000000003,19.75,68.75999999999999,0.0,0.0,403.21000000000004,54.78,102.49000000000001,3.0,0.0,1796.67,16.95,71.25999999999999,0.0,27.0,1512.48,19.75,62.26,0.0,0.0,462.05000000000007,54.78,111.22,3.0,0.0,1904.3100000000002,16.95
United States,North Dakota,Oats,2021,spring,92.92000000000002,1.0,20.0,1669.7900000000002,30.55,31.35,3.0,0.0,405.02,18.48,144.61,11.0,0.0,1583.67,46.13000000000001,72.17,1.0,20.0,1317.96,30.55,39.239999999999995,1.0,0.0,484.53999999999996,18.48,157.47,13.0,0.0,1855.98,46.13
United States,North Dakota,Oats,2022,spring,228.03000000000003,0.0,29.0,1484.5200000000002,47.36,43.269999999999996,1.0,0.0,411.62,20.979999999999997,111.63,4.0,0.0,1755.69,21.43,228.03000000000003,0.0,29.0,1458.1200000000001,47.36,45.92,1.0,0.0,482.31999999999994,20.979999999999997,108.98000000000002,4.0,0.0,1711.39,21.43
United States,North Dakota,Oats,2023,spring,156.17,0.0,20.0,1600.34,54.23,75.68,0.0,0.0,349.17999999999995,46.28,177.49,3.0,0.0,1604.98,30.410000000000004,120.94000000000001,0.0,20.0,1235.5500000000002,54.23,47.11999999999999,0.0,0.0,431.9700000000001,21.97,241.28,3.0,0.0,1886.98,46.28
United States,North Dakota,Oats,2024,spring,212.06,0.0,14.0,1586.86,35.519999999999996,57.230000000000004,0.0,0.0,357.28,15.03,114.28999999999999,3.0,0.0,1649.74,31.05,166.64000000000001,0.0,14.0,1334.3200000000002,35.519999999999996,85.07999999999998,0.0,0.0,509.2800000000001,26.130000000000003,131.86,3.0,0.0,1750.28,31.05
United States,North Dakota,Oats,2025,spring,230.59999999999997,2.0,17.0,1541.72,91.25,20.54,0.0,0.0,368.17999999999995,8.04,174.54000000000002,2.0,0.0,1618.47,35.97,198.89,2.0,17.0,1313.6999999999998,91.25,44.779999999999994,0.0,0.0,422.6600000000001,23.19,182.01,2.0,0.0,1792.0100000000002,35.97
United States,North Dakota,Canola,1991,spring,232.04999999999998,0.0,19.0,1823.3700000000001,27.88,35.35,3.0,0.0,672.05,11.270000000000001,105.19,2.0,2.0,1034.52,30.36,117.66000000000001,0.0,19.0,1040.3600000000001,27.88,77.32,0.0,0.0,555.38,24.58,177.60999999999999,5.0,2.0,1934.2000000000003,30.36
United States,North Dakota,Canola,1992,spring,151.48000000000002,0.0,21.0,1961.92,28.580000000000002,57.050000000000004,0.0,0.0,603.9099999999999,16.09,56.64,1.0,2.0,989.37,19.75,75.86,0.0,21.0,1264.0900000000001,23.59,73.75999999999999,0.0,0.0,646.83,28.580000000000002,115.55000000000001,1.0,2.0,1644.2799999999997,19.75
United States,North Dakota,Canola,1993,spring,281.01,0.0,20.0,1862.74,46.53,232.57999999999996,0.0,0.0,525.14,58.73,50.86,0.0,1.0,998.62,12.71,173.09999999999997,0.0,20.0,1357.88,46.53,146.23999999999998,0.0,0.0,682.9399999999999,46.07,245.10999999999999,0.0,1.0,1345.68,56.63
United States,North Dakota,Canola,1994,spring,184.37,0.0,23.0,2033.08,34.46000000000001,53.06999999999999,0.0,0.0,653.75,23.349999999999998,94.12,0.0,0.0,988.72,43.6,84.32,0.0,23.0,1336.38,28.77,93.62,0.0,0.0,591.4200000000001,34.46,153.62,0.0,0.0,1747.75,43.599999999999994
United States,North Dakota,Canola,1995,spring,202.53,0.0,24.0,1834.99,41.95,76.56,0.0,0.0,693.8100000000001,30.909999999999997,69.97,3.0,3.0,1044.1399999999999,30.57,138.23000000000002,0.0,24.0,1479.22,41.95,71.23999999999998,0.0,0.0,513.0799999999999,25.31,139.59,3.0,3.0,1580.6399999999999,30.57
United States,North Dakota,Canola,1996,spring,161.99,0.0,30.0,1867.28,22.89,83.75,0.0,0.0,608.75,24.42,71.16,3.0,1.0,1046.1000000000001,28.75,105.65999999999998,0.0,30.0,1380.7000000000003,19.92,61.199999999999996,0.0,0.0,588.3699999999999,22.89,150.04000000000002,3.0,1.0,1553.06,28.75
United States,North Dakota,Canola,1997,spring,196.89,0.0,22.0,2072.5,63.24,55.27,2.0,0.0,652.7300000000001,25.54,42.900000000000006,0.0,0.0,1061.95,12.940000000000001,101.03,0.0,22.0,1476.13,63.24,96.14999999999999,0.0,0.0,624.6499999999999,51.059999999999995,97.88,2.0,0.0,1686.4,25.54
United States,North Dakota,Canola,1998,spring,223.65999999999997,0.0,11.0,1959.87,41.34,52.190000000000005,0.0,0.0,703.7800000000001,25.19,79.41,2.0,0.0,1107.3000000000002,20.66,79.38999999999999,0.0,11.0,1274.76,17.810000000000002,102.93,0.0,0.0,619.2,33.01,172.93999999999997,2.0,0.0,1876.99,51.5
United States,North Dakota,Canola,1999,spring,286.71000000000004,0.0,14.0,1966.79,59.99,49.870000000000005,3.0,0.0,683.2100000000002,14.8,157.44,0.0,2.0,979.64,72.05,235.12,0.0,14.0,1355.0799999999997,59.99,62.41,0.0,0.0,694.86,11.77,196.49,3.0,2.0,1579.6999999999998,72.05000000000001
United States,North Dakota,Canola,2000,spring,277.5,0.0,21.0,1919.92,79.42999999999999,61.67,1.0,0.0,660.4200000000001,23.68,101.03,2.0,1.0,1005.88,16.0,134.53999999999996,0.0,21.0,1312.6700000000003,28.4,145.04000000000002,0.0,0.0,625.3099999999997,79.42999999999999,160.62,3.0,1.0,1648.2399999999998,23.68
United States,North Dakota,Canola,2001,spring,201.76999999999998,0.0,19.0,1992.27,40.019999999999996,121.25,0.0,0.0,648.7999999999998,36.27,24.25,6.0,1.0,1088.6399999999996,7.209999999999999,87.28,0.0,19.0,1277.79,15.559999999999999,114.22999999999998,0.0,0.0,626.48,40.019999999999996,145.76000000000002,6.0,1.0,1825.4399999999998,36.27
United States,North Dakota,Canola,2002,spring,158.64,3.0,33.0,1998.82,38.78,60.92999999999999,6.0,0.0,643.6499999999999,21.98,79.37,1.0,2.0,996.27,19.740000000000002,126.18999999999998,0.0,33.0,1485.9499999999998,38.78,32.449999999999996,3.0,0.0,512.87,13.73,140.29999999999995,7.0,2.0,1639.9199999999998,21.98
United States,North Dakota,Canola,2003,spring,251.32999999999998,0.0,11.0,1868.9099999999999,30.939999999999998,47.58,2.0,0.0,655.2699999999999,33.81,76.06,8.0,1.0,1046.75,35.290000000000006,180.1,0.0,11.0,1204.1,30.939999999999998,70.08999999999999,0.0,0.0,604.4000000000001,28.589999999999996,124.77999999999999,10.0,1.0,1762.43,35.290000000000006
United States,North Dakota,Canola,2004,spring,215.67000000000002,0.0,26.0,1978.87,47.27,41.900000000000006,1.0,0.0,656.79,15.1,113.62000000000002,0.0,0.0,935.08,23.200000000000003,182.64999999999998,0.0,26.0,1425.02,47.27,56.90999999999999,0.0,0.0,735.28,15.100000000000001,131.63000000000002,1.0,0.0,1410.4400000000003,23.200000000000003
United States,North Dakota,Canola,2005,spring,326.27000000000004,0.0,16.0,1935.21,61.620000000000005,55.900000000000006,2.0,0.0,664.03,21.4,60.7,0.0,0.0,1050.58,19.82,132.13000000000002,0.0,16.0,1242.8500000000001,32.04,184.94,0.0,0.0,590.7700000000001,61.620000000000005,125.8,2.0,0.0,1816.1999999999998,21.4
United States,North Dakota,Canola,2006,spring,137.29,0.0,14.0,2043.13,23.65,38.28,9.0,0.0,686.5199999999999,15.95,109.03999999999999,1.0,1.0,1028.8,27.78,75.51,0.0,14.0,1129.6,23.65,59.34,0.0,0.0,617.06,17.98,149.76000000000002,10.0,1.0,2011.7900000000002,27.78
United States,North Dakota,Canola,2007,spring,338.8,0.0,16.0,1992.91,59.44,36.08,6.0,0.0,689.37,14.110000000000001,93.0,0.0,0.0,994.75,29.71,237.45999999999998,0.0,16.0,1191.81,59.44,93.94,0.0,0.0,643.8199999999999,41.72,136.48,6.0,0.0,1841.4,29.71
United States,North Dakota,Canola,2008,spring,192.33999999999997,0.0,26.0,1997.87,54.36,98.85,0.0,0.0,687.36,25.43,106.61999999999999,0.0,0.0,1051.1,20.89,172.67999999999998,0.0,26.0,1497.25,54.36,30.299999999999997,0.0,0.0,629.47,9.29,194.83,0.0,0.0,1609.61,25.43
United States,North Dakota,Canola,2009,spring,181.76,0.0,24.0,2032.3400000000001,35.39,61.129999999999995,0.0,0.0,642.9899999999999,29.12,70.26,1.0,0.0,1012.8600000000001,28.5,145.73999999999998,0.0,24.0,1623.03,35.39,87.11999999999999,0.0,0.0,659.82,29.400000000000002,80.29000000000002,1.0,0.0,1405.3400000000001,28.5
United States,North Dakota,Canola,2010,spring,292.67,0.0,15.0,1919.81,39.910000000000004,82.50000000000001,0.0,0.0,659.19,24.88,153.36999999999998,3.0,1.0,1011.71,57.05,175.88000000000002,0.0,15.0,1313.67,35.8,116.12,0.0,0.0,584.4300000000001,39.91,236.54,3.0,1.0,1692.6100000000001,57.05
United States,North Dakota,Canola,2011,spring,289.63,0.0,20.0,1814.4,54.41,109.25,0.0,0.0,626.23,28.08,114.35000000000001,0.0,0.0,1089.8500000000001,35.29,224.3,0.0,20.0,1391.68,54.41,97.19,0.0,0.0,585.3800000000001,30.450000000000003,191.74,0.0,0.0,1553.42,35.29
United States,North Dakota,Canola,2012,spring,194.11,0.0,11.0,1957.0699999999997,26.87,45.2,3.0,0.0,618.8299999999999,20.2,46.260000000000005,2.0,1.0,1056.25,16.09,124.06,0.0,11.0,1197.5399999999997,26.87,61.74,0.0,0.0,584.02,20.79,99.77000000000001,5.0,1.0,1850.59,24.43
United States,North Dakota,Canola,2013,spring,327.75,0.0,32.0,1937.3000000000002,68.52,37.489999999999995,0.0,0.0,636.8000000000002,11.59,116.75999999999999,1.0,0.0,1028.41,47.76,259.85,0.0,32.0,1408.2700000000002,68.52,76.83,0.0,0.0,602.02,38.66,145.32000000000002,1.0,0.0,1592.22,47.76
United States,North Dakota,Canola,2014,spring,243.94,0.0,27.0,1858.08,51.81,29.69,0.0,0.0,654.04,13.260000000000002,166.14,0.0,1.0,970.1999999999999,49.75,144.51999999999998,0.0,27.0,1416.63,36.02,105.36000000000001,0.0,0.0,578.67,51.81,189.89,0.0,1.0,1487.02,49.75
United States,North Dakota,Canola,2015,spring,223.31,0.0,18.0,1970.4899999999998,33.57000000000001,43.49000000000001,0.0,0.0,695.6600000000001,15.8,70.94,6.0,0.0,1053.68,29.419999999999998,150.72,0.0,18.0,1354.0900000000001,33.57000000000001,66.86000000000001,0.0,0.0,601.73,24.950000000000003,120.16,6.0,0.0,1764.01,29.419999999999998
United States,North Dakota,Canola,2016,spring,185.98,0.0,16.0,2095.16,33.35,91.45,1.0,0.0,635.3200000000002,23.82,102.71000000000001,1.0,0.0,998.35,23.990000000000002,142.57,0.0,16.0,1282.0299999999997,33.35,34.66,0.0,0.0,644.5999999999999,15.450000000000001,202.91,2.0,0.0,1802.2,23.99
United States,North Dakota,Canola,2017,spring,107.63,3.0,14.0,2131.69,33.21,64.08,3.0,0.0,686.2,26.53,112.62,1.0,0.0,995.34,26.05,47.27,0.0,14.0,1345.1399999999999,15.22,57.120000000000005,1.0,0.0,632.61,33.21,179.94000000000003,6.0,0.0,1835.48,26.89
United States,North Dakota,Canola,2018,spring,228.28,0.0,21.0,2061.17,41.05,32.720000000000006,1.0,0.0,691.96,15.23,83.5,4.0,2.0,977.37,19.770000000000003,67.42,0.0,21.0,1186.7499999999998,26.6,105.52999999999999,0.0,0.0,586.72,38.370000000000005,171.54999999999998,5.0,2.0,1957.0299999999997,26.77
United States,North Dakota,Canola,2019,spring,199.83999999999997,0.0,23.0,1896.39,32.230000000000004,71.92000000000002,0.0,0.0,674.0,38.4,271.18,0.0,0.0,928.3299999999999,46.25,119.16,0.0,23.0,1373.8600000000001,27.04,82.16000000000001,0.0,0.0,571.54,32.230000000000004,341.62,0.0,0.0,1553.3200000000004,46.25
United States,North Dakota,Canola,2020,spring,143.24,0.0,27.0,2103.06,54.78,37.23,0.0,0.0,704.72,16.950000000000003,64.27,3.0,0.0,1071.0600000000002,15.840000000000002,71.18,0.0,27.0,1457.3700000000003,19.75,63.99,0.0,0.0,570.1500000000001,54.78,109.57,3.0,0.0,1851.3200000000002,16.95
United States,North Dakota,Canola,2021,spring,128.39,4.0,20.0,2093.91,30.55,37.38,5.0,0.0,598.04,20.69,103.11,6.0,0.0,966.5300000000001,46.13,69.52,1.0,20.0,1290.18,30.55,51.599999999999994,1.0,0.0,544.8999999999999,18.48,147.76,13.0,0.0,1823.3999999999999,46.13
United States,North Dakota,Canola,2022,spring,273.67,1.0,29.0,1914.7199999999998,47.36,56.51000000000001,2.0,0.0,689.77,21.43,52.75,2.0,0.0,1047.3400000000001,10.110000000000001,228.03000000000003,0.0,29.0,1427.67,47.36,65.99,1.0,0.0,571.48,20.979999999999997,88.91,4.0,0.0,1652.68,17.939999999999998
United States,North Dakota,Canola,2023,spring,231.85,0.0,20.0,1973.9299999999998,54.23,52.809999999999995,1.0,0.0,625.0399999999998,19.88,124.67999999999999,2.0,0.0,955.53,30.410000000000004,117.42000000000002,0.0,20.0,1162.5900000000004,54.23,59.509999999999984,0.0,0.0,521.42,21.97,232.41000000000003,3.0,0.0,1870.49,37.71
United States,North Dakota,Canola,2024,spring,270.21,0.0,14.0,1968.22,35.519999999999996,30.259999999999998,3.0,0.0,642.89,11.229999999999999,83.11,0.0,0.0,982.7699999999999,31.05,166.64000000000001,0.0,14.0,1334.3200000000002,35.519999999999996,103.57,0.0,0.0,633.9,26.130000000000003,113.37,3.0,0.0,1625.66,31.05
United States,North Dakota,Canola,2025,spring,251.14,2.0,17.0,1936.3,91.25,75.06,1.0,0.0,597.5000000000001,35.97,99.47999999999999,1.0,0.0,994.57,32.77,197.91999999999996,2.0,17.0,1244.1299999999999,91.25,46.58,0.0,0.0,566.05,23.19,181.18,2.0,0.0,1718.19,35.97
United States,Oklahoma,Wheat,1990,winter,562.2,1.0,80.0,2887.12,87.71000000000001,221.61,0.0,2.0,445.74,79.17,88.31000000000002,4.0,0.0,1419.16,23.200000000000003,400.8,1.0,76.0,2473.45,87.71000000000001,171.61,0.0,6.0,545.8499999999999,78.17,299.7099999999999,4.0,0.0,1732.7199999999998,79.17
United States,Oklahoma,Wheat,1991,winter,339.18,9.0,78.0,2950.93,67.41,68.34,0.0,0.0,522.4000000000001,27.71,218.5,1.0,0.0,1285.27,44.26,272.46,9.0,66.0,2117.99,67.41,30.28,0.0,11.0,620.9,19.22,323.28000000000003,1.0,1.0,2019.71,44.26
United States,Oklahoma,Wheat,1992,winter,595.4,0.0,67.0,2788.04,82.32000000000001,85.02,0.0,0.0,517.08,36.019999999999996,309.7800000000001,0.0,0.0,1180.4600000000003,39.230000000000004,544.12,0.0,60.0,2136.9,82.32000000000001,51.019999999999996,0.0,7.0,632.04,26.87,395.06000000000006,0.0,0.0,1716.64,39.230000000000004
United States,Oklahoma,Wheat,1993,winter,547.19,0.0,95.0,2507.25,53.36,117.14000000000001,0.0,0.0,515.84,45.39999999999999,294.33,0.0,0.0,1229.71,128.28,508.76,0.0,94.0,2339.41,53.36,79.8,0.0,1.0,532.2400000000001,32.92999999999999,370.1,0.0,0.0,1381.15,128.28
United States,Oklahoma,Wheat,1994,winter,392.12,0.0,95.0,2873.7,60.69,153.84999999999997,0.0,2.0,515.1099999999999,64.25,122.67999999999999,8.0,0.0,1459.37,36.26,376.94,0.0,91.0,2615.48,60.69,67.11,0.0,6.0,589.5899999999999,48.87,224.60000000000002,8.0,0.0,1643.11,64.25
United States,Oklahoma,Wheat,1995,winter,451.53,0.0,70.0,2619.34,79.56,93.66000000000001,0.0,0.0,498.22,36.24,392.56000000000006,0.0,0.0,1219.6999999999998,79.04,346.11,0.0,49.0,1819.0,79.56,87.33000000000001,0.0,20.0,591.05,57.769999999999996,504.31000000000006,0.0,1.0,1927.21,79.04
United States,Oklahoma,Wheat,1996,winter,306.2,6.0,84.0,2936.2599999999998,48.06,42.78,0.0,1.0,581.3199999999999,40.85,148.4,18.0,0.0,1428.87,49.71000000000001,256.46000000000004,6.0,68.0,2326.3799999999997,48.06,51.089999999999996,0.0,17.0,757.1100000000001,26.330000000000002,189.83,18.0,0.0,1862.96,49.71000000000001
United States,Oklahoma,Wheat,1997,winter,461.63,0.0,75.0,2764.48,69.9,137.74,0.0,5.0,526.6800000000001,45.88,180.14000000000001,0.0,0.0,1380.82,27.479999999999997,414.71000000000004,0.0,72.0,2309.9300000000003,69.9,86.22999999999999,0.0,4.0,527.12,38.14,278.57000000000005,0.0,4.0,1834.93,40.050000000000004
United States,Oklahoma,Wheat,1998,winter,560.23,8.0,79.0,2701.6099999999997,87.44999999999999,87.85000000000001,0.0,0.0,584.56,69.07,112.23,17.0,0.0,1467.2299999999998,33.73,412.21999999999997,8.0,63.0,2053.41,57.89999999999999,153.24,0.0,16.0,714.17,87.44999999999999,194.85,17.0,0.0,1985.82,69.07
United States,Oklahoma,Wheat,1999,winter,540.34,11.0,57.0,2790.0200000000004,82.44,147.96,0.0,0.0,549.9599999999999,105.42999999999999,285.08,0.0,0.0,1247.19,54.60000000000001,357.49,11.0,4.0,1378.88,82.44,74.41,0.0,44.0,748.8899999999999,37.58,541.4799999999999,0.0,9.0,2459.4000000000005,105.42999999999999
United States,Oklahoma,Wheat,2000,winter,440.14,2.0,56.0,2960.1400000000003,59.5,99.11,0.0,0.0,520.0600000000001,61.08,230.75000000000003,5.0,0.0,1241.23,46.27,276.82,2.0,27.0,1832.48,59.5,71.03,0.0,27.0,640.9700000000001,22.21,422.15,5.0,2.0,2247.9800000000005,61.08
United States,Oklahoma,Wheat,2001,winter,508.35,16.0,101.0,2642.2799999999997,100.22,28.14,0.0,0.0,558.0,15.69,226.88,0.0,0.0,1438.6599999999999,68.38,495.89,16.0,98.0,2280.6800000000003,100.22,28.619999999999997,0.0,3.0,467.15,15.69,238.86,0.0,0.0,1891.1100000000001,68.38
United States,Oklahoma,Wheat,2002,winter,367.5,0.0,74.0,2928.4,74.9,104.47000000000001,0.0,0.0,452.60999999999996,45.54,173.89,1.0,0.0,1331.6500000000003,35.56,259.64,0.0,38.0,1892.4099999999999,74.9,105.41,0.0,34.0,877.2100000000002,42.31,280.81,1.0,2.0,1943.0400000000002,45.540000000000006
United States,Oklahoma,Wheat,2003,winter,389.41999999999996,7.0,79.0,2699.91,38.57,51.629999999999995,0.0,1.0,588.54,15.78,201.24,1.0,0.0,1336.02,34.22,344.44,7.0,77.0,2312.38,38.57,58.71,0.0,3.0,553.7099999999999,28.13,239.14000000000001,1.0,0.0,1758.3799999999997,34.22
United States,Oklahoma,Wheat,2004,winter,389.67,0.0,66.0,2750.3499999999995,84.83,60.51,0.0,0.0,514.9,21.799999999999997,227.59000000000003,2.0,0.0,1296.35,87.35,249.60999999999999,0.0,61.0,1986.0300000000002,46.15,108.85999999999999,0.0,5.0,530.7099999999999,84.83,319.3,2.0,0.0,2044.8600000000001,87.35
United States,Oklahoma,Wheat,2005,winter,419.46999999999997,2.0,56.0,2742.71,66.85,18.94,0.0,0.0,561.7500000000001,9.97,187.46,10.0,0.0,1341.1899999999998,46.02,346.99,2.0,39.0,1762.1400000000003,66.85,61.95,0.0,16.0,625.4300000000001,16.05,216.93,10.0,1.0,2258.08,46.02
United States,Oklahoma,Wheat,2006,winter,201.10000000000002,1.0,57.0,3055.7699999999995,50.46,73.05000000000001,2.0,0.0,596.5500000000002,59.910000000000004,140.14,21.0,0.0,1513.5900000000001,41.03,118.88,1.0,28.0,1827.9,50.46,13.29,0.0,24.0,668.86,6.029999999999999,282.12,23.0,5.0,2669.15,59.910000000000004
United States,Oklahoma,Wheat,2007,winter,440.91,0.0,71.0,2882.0699999999997,88.77000000000001,93.85000000000001,0.0,4.0,464.49,28.65,533.09,0.0,0.0,1105.6200000000003,102.16999999999999,287.5,0.0,68.0,2246.06,46.74,51.42,0.0,3.0,450.28,27.509999999999998,728.9300000000001,0.0,4.0,1755.8400000000001,102.16999999999999
United States,Oklahoma,Wheat,2008,winter,412.0400000000001,0.0,93.0,2927.2200000000003,56.160000000000004,106.92,0.0,1.0,607.74,81.27,285.68,0.0,0.0,1439.6399999999999,74.13999999999999,331.68,0.0,85.0,2355.44,56.160000000000004,89.83,0.0,8.0,626.84,50.040000000000006,383.13000000000005,0.0,1.0,1992.3200000000002,80.25
United States,Oklahoma,Wheat,2009,winter,260.02,0.0,82.0,3007.8999999999996,29.56,135.42,0.0,2.0,472.45,56.86000000000001,130.34,12.0,0.0,1374.26,27.380000000000003,195.7,0.0,74.0,2340.67,29.56,58.08,0.0,8.0,517.65,23.83,272.00000000000006,12.0,2.0,1996.2900000000002,56.86000000000001
United States,Oklahoma,Wheat,2010,winter,438.42999999999995,0.0,86.0,2531.12,66.39,66.03999999999999,0.0,0.0,555.93,44.56,247.64,5.0,0.0,1358.4099999999999,91.88000000000001,427.01,0.0,86.0,2344.0,66.39,60.82000000000001,0.0,0.0,468.49,44.56,264.28,5.0,0.0,1632.9699999999998,91.88000000000001
United States,Oklahoma,Wheat,2011,winter,232.38,2.0,78.0,3028.54,53.79,59.3,0.0,0.0,527.77,38.78,159.75000000000003,32.0,0.0,1514.9599999999998,67.10000000000001,205.82,2.0,70.0,2271.69,53.79,25.83,0.0,8.0,481.54,17.689999999999998,219.78000000000003,32.0,0.0,2318.0400000000004,67.10000000000001
United States,Oklahoma,Wheat,2012,winter,486.27,5.0,57.0,2940.18,73.98,94.85999999999999,0.0,0.0,542.6,41.019999999999996,117.29999999999998,8.0,0.0,1403.5699999999997,21.09,318.62,5.0,41.0,2037.3,70.71,70.25,0.0,16.0,550.86,19.35,309.56000000000006,8.0,0.0,2298.19,73.98
United States,Oklahoma,Wheat,2013,winter,338.17,7.0,76.0,2915.6299999999997,64.97,101.34000000000002,0.0,4.0,518.47,41.85,285.69000000000005,3.0,0.0,1339.74,89.53,150.37,7.0,38.0,1803.6,39.81,107.97,0.0,35.0,784.2499999999999,35.95,466.86000000000007,3.0,7.0,2185.99,89.53
United States,Oklahoma,Wheat,2014,winter,246.87,6.0,96.0,2913.6899999999996,35.96,33.9,0.0,1.0,603.51,9.76,231.74,7.0,0.0,1367.25,61.44,217.03,6.0,91.0,2387.3500000000004,35.96,36.5,0.0,5.0,626.62,22.66,258.98,7.0,1.0,1870.4800000000002,61.44
United States,Oklahoma,Wheat,2015,winter,315.13,4.0,71.0,2801.0299999999997,41.54,106.6,0.0,0.0,506.87,45.9,499.16999999999996,0.0,0.0,1241.44,95.06000000000002,240.09000000000003,4.0,50.0,1928.4899999999998,41.54,55.790000000000006,0.0,21.0,661.1700000000001,11.0,625.02,0.0,0.0,1959.6799999999998,95.06000000000002
United States,Oklahoma,Wheat,2016,winter,415.44999999999993,3.0,61.0,3070.96,80.51,159.94000000000003,0.0,0.0,542.23,75.07000000000001,142.98,3.0,0.0,1370.89,26.65,347.86,3.0,43.0,1828.9,80.51,38.33,0.0,15.0,672.6800000000001,14.440000000000001,332.18,3.0,3.0,2482.5,75.07000000000001
United States,Oklahoma,Wheat,2017,winter,400.46,1.0,51.0,2933.7699999999995,62.69999999999999,154.15999999999997,0.0,0.0,529.1800000000001,60.7,116.22999999999999,8.0,0.0,1471.7399999999998,41.93,174.48000000000005,1.0,21.0,1599.13,28.179999999999996,106.4,0.0,25.0,591.7399999999999,44.370000000000005,389.97,8.0,5.0,2743.8199999999997,62.7
United States,Oklahoma,Wheat,2018,winter,330.54999999999995,2.0,68.0,2854.7299999999996,68.8,74.2,0.0,4.0,584.8100000000001,39.05,229.04000000000002,7.0,0.0,1469.09,82.8,224.32999999999998,2.0,49.0,2022.1999999999998,68.8,82.63,0.0,16.0,619.2500000000001,40.04,326.83,7.0,7.0,2267.18,82.8
United States,Oklahoma,Wheat,2019,winter,556.58,1.0,82.0,2548.28,74.15,129.26999999999998,0.0,0.0,505.66,41.8,438.0,0.0,0.0,1310.68,86.14,516.18,1.0,81.0,2172.92,74.15,87.35,0.0,1.0,550.9799999999999,41.8,520.3199999999999,0.0,0.0,1640.7200000000003,86.14
United States,Oklahoma,Wheat,2020,winter,472.72,2.0,66.0,2790.34,69.05,52.14,0.0,2.0,576.0,30.189999999999998,152.51999999999998,0.0,0.0,1426.33,42.73,320.72,2.0,51.0,2006.92,69.05,127.47999999999999,0.0,14.0,568.71,57.71,229.17999999999998,0.0,3.0,2217.04,42.73
United States,Oklahoma,Wheat,2021,winter,396.0200000000001,0.0,69.0,2860.4000000000005,74.49,91.58000000000001,0.0,1.0,472.88999999999993,28.7,320.09,3.0,0.0,1230.62,101.87,332.93000000000006,0.0,69.0,2268.77,74.49,63.089999999999996,0.0,0.0,523.72,34.74,411.67,3.0,1.0,1771.42,101.87
United States,Oklahoma,Wheat,2022,winter,296.18,8.0,65.0,3109.8199999999997,41.89,69.26,0.0,0.0,567.1,42.89,252.72,13.0,0.0,1422.9199999999998,89.86,153.85,8.0,6.0,1601.14,39.3,47.239999999999995,0.0,43.0,764.08,17.88,417.07000000000005,13.0,16.0,2734.62,89.86
United States,Oklahoma,Wheat,2023,winter,331.59000000000003,6.0,67.0,2893.8199999999997,42.93000000000001,79.84,0.0,0.0,578.6199999999999,54.04,235.76,3.0,0.0,1298.31,57.86,205.34000000000003,6.0,35.0,1806.6999999999998,42.93000000000001,89.49999999999999,0.0,25.0,612.8100000000001,23.27,352.35,3.0,7.0,2351.2400000000002,57.86
United States,Oklahoma,Wheat,2024,winter,401.95,14.0,54.0,2912.5699999999997,53.56,89.12,0.0,0.0,547.42,39.58,177.54000000000002,10.0,0.0,1376.1399999999999,44.46,209.3,14.0,15.0,1557.8200000000002,53.56,124.47,0.0,35.0,698.23,33.83,334.84,10.0,4.0,2580.0800000000004,44.46
United States,Oklahoma,Wheat,2025,winter,429.83,5.0,60.0,2962.13,132.92,226.22,0.0,0.0,532.14,91.42,339.05,0.0,0.0,1347.4599999999998,57.39,270.2,5.0,9.0,1574.52,132.92,54.8,0.0,49.0,804.67,19.18,670.1,0.0,2.0,2462.54,91.42
United States,Oklahoma,Barley,1990,spring,301.4,0.0,2.0,1621.8699999999997,79.17,11.18,6.0,0.0,406.74000000000007,6.91,248.5,26.0,0.0,1896.6800000000003,67.40999999999998,264.78000000000003,0.0,2.0,1111.8200000000002,79.17,34.809999999999995,0.0,0.0,324.66999999999996,23.200000000000003,261.49,32.0,0.0,2488.8,67.40999999999998
United States,Oklahoma,Barley,1991,spring,285.46,0.0,0.0,1565.35,44.26,41.11,2.0,0.0,374.38,21.16,302.77000000000004,29.0,0.0,1879.95,60.21,150.14,0.0,0.0,951.82,39.28,67.98,0.0,0.0,256.17,44.26,411.22,31.0,0.0,2611.69,60.21
United States,Oklahoma,Barley,1992,spring,305.6,0.0,0.0,1511.0,37.809999999999995,90.73000000000002,0.0,0.0,345.4699999999999,39.230000000000004,318.37000000000006,0.0,0.0,1911.2300000000002,43.769999999999996,174.24,0.0,0.0,1061.09,37.809999999999995,107.22,0.0,0.0,276.53999999999996,36.24,433.24,0.0,0.0,2430.07,43.77000000000001
United States,Oklahoma,Barley,1993,spring,355.73999999999995,0.0,1.0,1491.49,128.27999999999997,69.53000000000002,0.0,0.0,343.53,34.74,256.25,23.0,0.0,1959.6999999999998,60.69,324.03,0.0,1.0,1067.31,128.27999999999997,28.91,0.0,0.0,308.12,23.41,328.58,23.0,0.0,2419.29,60.69
United States,Oklahoma,Barley,1994,spring,268.48999999999995,1.0,3.0,1705.3299999999997,64.25,10.98,9.0,0.0,418.94,6.08,214.76999999999998,28.0,0.0,1969.59,40.7,178.99,0.0,3.0,1091.67,64.25,81.45,0.0,0.0,344.94999999999993,36.26,233.8,38.0,0.0,2657.2400000000002,40.7
United States,Oklahoma,Barley,1995,spring,475.18,0.0,0.0,1498.8799999999999,79.04,23.060000000000002,0.0,0.0,361.69,12.850000000000001,281.3,30.0,0.0,1925.81,72.32,274.53,0.0,0.0,1037.98,77.7,183.26,0.0,0.0,251.85999999999999,79.04,321.75,30.0,0.0,2496.5399999999995,72.32
United States,Oklahoma,Barley,1996,spring,186.81,8.0,2.0,1754.5499999999997,49.71000000000001,14.02,12.0,0.0,407.57,7.65,491.07,11.0,0.0,1738.3,84.43,66.82000000000001,4.0,2.0,1064.22,40.85,73.75,4.0,0.0,299.15000000000003,49.71000000000001,551.3299999999999,23.0,0.0,2537.0499999999997,84.43
United States,Oklahoma,Barley,1997,spring,314.81,0.0,5.0,1634.7199999999998,45.88,36.77,2.0,0.0,391.13,19.32,275.96000000000004,27.0,0.0,1891.7800000000002,55.27,238.65000000000003,0.0,5.0,1204.5,45.88,62.47,0.0,0.0,308.61999999999995,27.480000000000004,326.42,29.0,0.0,2404.5100000000007,55.269999999999996
United States,Oklahoma,Barley,1998,spring,194.29000000000002,4.0,0.0,1790.4599999999998,69.07,11.530000000000001,14.0,0.0,410.63999999999993,9.74,115.85999999999999,61.0,0.0,2039.6399999999999,40.87,128.76000000000002,0.0,0.0,1193.0900000000001,69.07,19.810000000000002,3.0,0.0,319.51,19.78,173.10999999999999,76.0,0.0,2728.14,40.87
United States,Oklahoma,Barley,1999,spring,317.12000000000006,0.0,0.0,1667.7,105.42999999999999,129.03000000000003,0.0,0.0,264.83,54.6,175.86,35.0,0.0,2051.98,59.5,249.98,0.0,0.0,1136.3000000000002,105.42999999999999,28.16,0.0,0.0,284.69,12.69,343.87000000000006,35.0,0.0,2563.5200000000004,59.5
United States,Oklahoma,Oats,1990,spring,145.1,0.0,2.0,463.78000000000003,51.03,124.38999999999999,0.0,0.0,689.29,79.17,291.59,32.0,0.0,2772.22,67.40999999999998,238.56,0.0,2.0,905.21,79.17,59.63,0.0,0.0,410.14000000000004,23.200000000000003,262.89,32.0,0.0,2609.9399999999996,67.40999999999998
United States,Oklahoma,Oats,1991,spring,61.919999999999995,0.0,0.0,503.48999999999995,27.71,150.6,0.0,0.0,664.6,44.26,416.82,31.0,0.0,2651.5900000000006,60.21,139.82,0.0,0.0,775.41,39.28,66.32,0.0,0.0,342.08,44.26,423.2,31.0,0.0,2702.1900000000005,60.21
United States,Oklahoma,Oats,1992,spring,75.60000000000001,0.0,0.0,526.88,36.019999999999996,133.2,0.0,0.0,634.14,37.809999999999995,505.9,0.0,0.0,2606.6800000000003,43.77000000000001,123.83,0.0,0.0,910.83,37.809999999999995,123.00000000000001,0.0,0.0,317.5400000000001,36.24,467.86999999999995,0.0,0.0,2539.3300000000004,43.769999999999996
United States,Oklahoma,Oats,1993,spring,55.69,0.0,1.0,489.72,32.92999999999999,268.34,0.0,0.0,577.59,128.28,357.49,23.0,0.0,2727.4100000000003,60.69,294.73999999999995,0.0,1.0,871.67,128.27999999999997,38.41,0.0,0.0,408.40999999999997,19.97,348.37,23.0,0.0,2514.64,60.690000000000005
United States,Oklahoma,Oats,1994,spring,78.59,0.0,3.0,538.4799999999999,48.87,153.62,0.0,0.0,672.0,50.85,262.03,38.0,0.0,2883.38,40.7,164.05,0.0,3.0,852.88,64.25,68.36,0.0,0.0,475.64000000000004,36.26,261.83,38.0,0.0,2765.34,40.7
United States,Oklahoma,Oats,1995,spring,92.06,0.0,0.0,514.84,36.24,198.56,0.0,0.0,582.4000000000001,77.7,488.92,30.0,0.0,2689.1400000000003,79.04,186.92,0.0,0.0,856.2,77.7,185.58,0.0,0.0,340.08000000000004,68.48,407.04,30.0,0.0,2590.1,78.65
United States,Oklahoma,Oats,1996,spring,48.50000000000001,0.0,2.0,582.6100000000001,40.85,42.36000000000001,8.0,0.0,731.68,19.490000000000002,601.04,23.0,0.0,2586.13,84.43,55.17,0.0,2.0,897.3100000000001,40.85,34.96,8.0,0.0,360.08,19.49,601.77,23.0,0.0,2643.03,84.43
United States,Oklahoma,Oats,1997,spring,146.23,0.0,5.0,459.49999999999994,45.88,96.63,0.0,0.0,770.48,25.46,384.68,29.0,0.0,2687.6500000000005,55.269999999999996,209.54000000000002,0.0,5.0,1004.0699999999999,45.88,47.91,0.0,0.0,424.49,25.46,370.09,29.0,0.0,2489.0700000000006,55.269999999999996
United States,Oklahoma,Oats,1998,spring,87.64,0.0,0.0,590.3799999999999,69.07,60.919999999999995,0.0,0.0,716.61,31.82,173.11999999999998,79.0,0.0,2933.75,40.87,116.27000000000001,0.0,0.0,1029.5200000000002,69.07,32.29,1.0,0.0,364.36,31.82,173.11999999999998,78.0,0.0,2846.8599999999997,40.87
United States,Oklahoma,Oats,1999,spring,152.35,0.0,0.0,529.62,105.42999999999999,110.13,0.0,0.0,717.46,33.89,359.53,35.0,0.0,2737.4300000000003,59.5,216.32000000000002,0.0,0.0,906.92,105.42999999999999,58.85,0.0,0.0,416.95000000000005,17.09,346.84000000000003,35.0,0.0,2660.6400000000003,59.5
United States,Oklahoma,Oats,2000,spring,51.97,0.0,0.0,542.5099999999999,14.860000000000001,118.64,3.0,0.0,682.04,61.08,278.40999999999997,60.0,0.0,2792.57,46.27,124.63000000000001,0.0,0.0,856.8399999999999,61.08,45.97999999999999,4.0,0.0,396.51000000000005,38.61,278.40999999999997,59.0,0.0,2763.77,46.27
United States,Oklahoma,Oats,2001,spring,27.77,0.0,0.0,513.24,15.69,169.79,0.0,0.0,718.03,68.38,278.52,43.0,0.0,2907.4199999999996,74.9,64.63,0.0,0.0,758.3000000000001,30.76,88.64,0.0,0.0,464.57000000000005,50.98,322.80999999999995,43.0,0.0,2915.8199999999993,74.9
United States,Oklahoma,Oats,2002,spring,104.63,0.0,2.0,456.84000000000003,45.540000000000006,77.03,0.0,0.0,606.84,35.56,359.64000000000004,34.0,0.0,2865.87,48.059999999999995,115.36000000000001,0.0,2.0,710.6,45.540000000000006,66.31000000000002,0.0,0.0,411.1799999999999,35.56,359.63,34.0,0.0,2807.7699999999995,48.059999999999995
United States,Oklahoma,Oats,2003,spring,53.67000000000001,0.0,1.0,581.88,15.78,77.38,0.0,0.0,683.34,32.26,308.71000000000004,48.0,0.0,2770.0400000000004,67.94,68.97,0.0,1.0,864.1199999999999,15.78,62.07999999999999,0.0,0.0,401.09999999999997,32.26,308.71000000000004,48.0,0.0,2770.0400000000004,67.94
United States,Oklahoma,Oats,2004,spring,38.73000000000001,0.0,0.0,526.74,14.850000000000001,44.22,1.0,0.0,708.48,21.799999999999997,426.03000000000003,17.0,0.0,2700.01,87.35,61.31,0.0,0.0,854.1700000000001,21.799999999999997,17.32,1.0,0.0,361.83,12.54,430.35,17.0,0.0,2719.23,87.35
United States,Oklahoma,Oats,2005,spring,10.09,0.0,0.0,597.2900000000001,5.040000000000001,54.15,4.0,0.0,629.8,31.380000000000003,453.36999999999995,26.0,0.0,2887.75,63.920000000000016,52.540000000000006,0.0,0.0,872.2299999999999,30.79,11.78,4.0,0.0,371.64,8.74,453.29,26.0,0.0,2870.97,63.920000000000016
United States,Oklahoma,Oats,2006,spring,21.15,2.0,0.0,614.1,12.09,116.63,6.0,0.0,743.21,59.910000000000004,289.34999999999997,53.0,0.0,2949.100000000001,41.03,118.34,2.0,0.0,762.7100000000002,59.910000000000004,10.29,5.0,0.0,459.47,10.26,298.5,54.0,0.0,3084.23,41.03
United States,Oklahoma,Oats,2007,spring,65.7,0.0,4.0,473.37,28.65,233.28999999999996,0.0,0.0,586.77,102.16999999999999,690.78,2.0,0.0,2579.1600000000003,136.45999999999998,221.86999999999998,0.0,4.0,812.67,102.16999999999999,101.73000000000002,0.0,0.0,372.31,37.330000000000005,666.1699999999998,2.0,0.0,2454.32,136.45999999999998
United States,Oklahoma,Oats,2008,spring,110.58,0.0,1.0,565.86,81.27,135.59,0.0,0.0,781.85,69.67,388.92,20.0,0.0,2738.7599999999998,74.13999999999999,205.75,0.0,1.0,1061.03,81.27,43.95,0.0,0.0,394.61,28.04,385.39000000000004,20.0,0.0,2630.83,74.13999999999999
United States,Oklahoma,Oats,2009,spring,67.82999999999998,0.0,2.0,527.43,35.72,152.91000000000003,0.0,0.0,604.74,56.86,394.67,34.0,0.0,2782.8399999999997,60.69,185.04000000000005,0.0,2.0,731.8599999999998,56.86000000000001,50.64999999999999,0.0,0.0,517.08,21.17,379.7199999999999,34.0,0.0,2666.0699999999993,60.69
United States,Oklahoma,Oats,2010,spring,73.08,0.0,0.0,536.16,44.56,95.32,0.0,0.0,675.9000000000001,43.26,410.17,38.0,0.0,2870.109999999999,91.88000000000001,97.24000000000001,0.0,0.0,859.43,44.56,90.00999999999999,0.0,0.0,379.19,30.669999999999998,391.32000000000005,38.0,0.0,2843.5499999999993,91.88000000000001
United States,Oklahoma,Oats,2011,spring,47.94,0.0,0.0,537.88,38.78,131.16,4.0,0.0,742.51,67.10000000000001,155.60999999999999,91.0,0.0,2992.2200000000003,38.17,59.46,3.0,0.0,842.72,38.78,119.64,1.0,0.0,408.75000000000006,67.10000000000001,155.60999999999999,91.0,0.0,3021.14,38.17
United States,Oklahoma,Oats,2012,spring,77.61,0.0,0.0,527.8499999999999,41.019999999999996,87.38999999999999,0.0,0.0,713.4499999999999,34.15,221.36000000000004,62.0,0.0,2873.2299999999996,39.81,112.69,0.0,0.0,709.7499999999999,41.019999999999996,35.68,0.0,0.0,431.41999999999996,17.09,237.99,62.0,0.0,2973.3599999999997,39.81
United States,Oklahoma,Oats,2013,spring,162.64000000000004,0.0,4.0,472.11000000000007,64.97,117.74999999999999,0.0,0.0,633.1300000000001,31.14,508.01,26.0,0.0,2850.9,76.89,212.05,0.0,4.0,915.2,64.97,192.40999999999997,0.0,0.0,360.27,89.53,383.94000000000005,26.0,0.0,2680.6700000000005,63.16
United States,Oklahoma,Oats,2014,spring,34.160000000000004,0.0,1.0,581.7500000000001,9.76,64.62,5.0,0.0,746.31,25.71,370.99,41.0,0.0,2739.5,61.44,49.599999999999994,3.0,1.0,923.47,15.18,49.18000000000001,2.0,0.0,404.59,25.71,370.99,41.0,0.0,2739.5,61.44
United States,Oklahoma,Oats,2015,spring,108.31,0.0,0.0,486.21999999999997,38.589999999999996,376.37,0.0,0.0,560.54,95.06000000000002,383.58,8.0,0.0,2797.61,65.6,270.73,0.0,0.0,754.7900000000001,93.45,213.98000000000002,0.0,0.0,360.13,95.06000000000002,383.55,8.0,0.0,2729.45,65.6
United States,Oklahoma,Oats,2016,spring,146.62,0.0,0.0,557.8999999999999,75.07000000000001,79.22999999999999,0.0,0.0,678.81,26.65,333.17,20.0,0.0,2808.46,39.92999999999999,166.06,0.0,0.0,913.89,75.07000000000001,76.63000000000001,0.0,0.0,374.4700000000001,26.65,316.33,20.0,0.0,2756.81,39.93
United States,Oklahoma,Oats,2017,spring,122.24,0.0,0.0,510.16,44.18,143.41,0.0,0.0,757.4200000000001,60.580000000000005,359.85,32.0,0.0,2770.08,68.8,211.96,0.0,0.0,848.2900000000001,60.7,53.79,0.0,0.0,470.0199999999999,41.93,359.75,32.0,0.0,2719.3500000000004,68.8
United States,Oklahoma,Oats,2018,spring,55.650000000000006,0.0,7.0,558.69,39.05,89.8,0.0,0.0,782.54,32.64,501.62,32.0,0.0,2679.26,82.8,89.97,0.0,7.0,974.0899999999999,39.05,64.28999999999999,0.0,0.0,395.96000000000004,18.66,492.81,32.0,0.0,2650.44,82.8
United States,Oklahoma,Oats,2019,spring,107.82,0.0,0.0,547.5600000000001,41.8,341.12,0.0,0.0,573.3900000000001,86.14,378.62,15.0,0.0,2852.41,38.050000000000004,254.66000000000003,0.0,0.0,837.35,57.58,199.33999999999997,0.0,0.0,359.56000000000006,86.14,373.55999999999995,15.0,0.0,2776.45,38.050000000000004
United States,Oklahoma,Oats,2020,spring,51.10999999999999,0.0,3.0,503.6500000000001,30.189999999999998,99.59,0.0,0.0,687.96,29.85,353.71,24.0,0.0,2875.0499999999993,72.92,102.36999999999999,0.0,3.0,890.2299999999998,30.189999999999998,48.37,0.0,0.0,439.51,29.85,353.66999999999996,24.0,0.0,2736.9199999999996,72.92
United States,Oklahoma,Oats,2021,spring,72.59,0.0,1.0,508.4,26.810000000000002,130.32,0.0,0.0,580.8199999999999,41.01,375.25,27.0,0.0,2797.7,101.87,139.44,0.0,1.0,878.5899999999999,28.7,97.38,0.0,0.0,323.50000000000006,41.01,341.34000000000003,27.0,0.0,2684.8299999999995,101.87
United States,Oklahoma,Oats,2022,spring,40.69,0.0,0.0,556.2099999999999,18.98,206.79,2.0,0.0,699.35,89.86,289.42,66.0,0.0,2925.6,95.97,146.5,0.0,0.0,853.63,78.91,100.98,2.0,0.0,375.55,89.86,289.41999999999996,66.0,0.0,2951.98,95.97
United States,Oklahoma,Oats,2023,spring,76.86999999999999,0.0,0.0,574.4399999999999,54.04,128.54999999999998,0.0,0.0,622.31,57.86,385.03999999999996,50.0,0.0,2879.0699999999997,98.88,118.26999999999998,0.0,0.0,887.9099999999999,54.04,88.33999999999999,0.0,0.0,360.46000000000004,51.42,383.84999999999997,50.0,0.0,2827.4500000000003,98.88
United States,Oklahoma,Canola,2009,spring,49.199999999999996,0.0,2.0,365.96000000000004,35.72,169.63999999999996,0.0,0.0,663.2099999999999,56.86000000000001,396.57000000000005,34.0,0.0,2885.84,60.69,157.45,0.0,2.0,631.28,56.86000000000001,64.13999999999999,0.0,0.0,585.63,27.380000000000003,393.82,34.0,0.0,2698.1,60.69
United States,Oklahoma,Canola,2010,spring,60.800000000000004,0.0,0.0,362.34000000000003,44.56,105.86000000000001,0.0,0.0,743.7800000000001,43.26,411.9100000000001,38.0,0.0,2976.0499999999997,91.88000000000001,77.44,0.0,0.0,704.54,44.56,90.96000000000001,0.0,0.0,478.99,43.26,410.17,38.0,0.0,2898.64,91.88000000000001
United States,Oklahoma,Canola,2011,spring,1.17,0.0,0.0,435.76,0.76,177.60000000000002,3.0,0.0,731.54,67.10000000000001,155.94,92.0,0.0,3105.31,38.17,58.949999999999996,0.0,0.0,629.6899999999999,38.78,119.82000000000001,3.0,0.0,537.61,67.10000000000001,155.94,92.0,0.0,3105.31,38.17
United States,Oklahoma,Canola,2012,spring,75.58,0.0,0.0,325.15,41.019999999999996,72.79,0.0,0.0,816.02,34.15,237.99,62.0,0.0,2973.3599999999997,39.81,102.33000000000001,0.0,0.0,554.2799999999999,41.019999999999996,44.14,0.0,0.0,480.09000000000003,17.09,239.89000000000004,62.0,0.0,3080.1600000000003,39.81
United States,Oklahoma,Canola,2013,spring,142.3,0.0,3.0,311.82,64.97,116.22,0.0,1.0,732.5000000000001,31.14,529.88,26.0,0.0,2911.82,89.53,189.32000000000002,0.0,4.0,832.9499999999999,64.97,209.25,0.0,0.0,419.8499999999999,89.53,389.83000000000004,26.0,0.0,2703.3400000000006,63.16
United States,Oklahoma,Canola,2014,spring,11.259999999999998,0.0,1.0,399.46000000000004,7.109999999999999,67.99000000000001,5.0,0.0,851.42,25.71,390.52,41.0,0.0,2816.6800000000003,61.44,34.42,1.0,1.0,762.7199999999999,9.76,55.849999999999994,4.0,0.0,502.11999999999995,25.71,379.5,41.0,0.0,2802.7200000000003,61.44
United States,Oklahoma,Canola,2015,spring,57.71999999999999,0.0,0.0,343.5300000000001,32.97,406.01,0.0,0.0,626.8499999999999,95.06000000000002,404.53,8.0,0.0,2873.9900000000002,65.6,115.62,0.0,0.0,625.7600000000001,45.9,369.06,0.0,0.0,421.0,95.06000000000002,383.58,8.0,0.0,2797.61,65.6
United States,Oklahoma,Canola,2016,spring,117.41,0.0,0.0,370.59000000000003,75.07000000000001,95.49999999999999,0.0,0.0,771.0799999999999,26.65,346.11,20.0,0.0,2903.5,39.93,159.95000000000002,0.0,0.0,744.0,75.07000000000001,65.9,0.0,0.0,492.71000000000004,26.65,333.17,20.0,0.0,2808.46,39.92999999999999
United States,Oklahoma,Canola,2017,spring,66.37,0.0,0.0,367.15999999999997,30.029999999999998,197.03000000000003,0.0,0.0,786.9399999999999,60.70000000000001,362.1,32.0,0.0,2883.5600000000004,68.8,190.34000000000003,0.0,0.0,678.85,60.7,75.31,0.0,0.0,588.73,41.93,359.85,32.0,0.0,2770.08,68.8
United States,Oklahoma,Canola,2018,spring,2.8699999999999997,0.0,7.0,396.84000000000003,1.92,140.87,0.0,0.0,828.78,39.05,503.33,32.0,0.0,2794.87,82.8,88.36000000000001,0.0,7.0,848.6899999999999,39.05,55.62,0.0,0.0,465.49,18.66,503.09,32.0,0.0,2706.3100000000004,82.8
United States,Oklahoma,Canola,2019,spring,77.52,0.0,0.0,386.72,41.8,350.07000000000005,0.0,0.0,668.3000000000002,86.14,399.96999999999997,15.0,0.0,2918.34,38.050000000000004,179.82,0.0,0.0,657.2900000000001,41.8,269.12,0.0,0.0,463.65999999999997,86.14,378.62,15.0,0.0,2852.41,38.050000000000004
United States,Oklahoma,Canola,2020,spring,19.970000000000002,0.0,3.0,329.12,17.200000000000003,126.13,0.0,0.0,779.73,30.189999999999998,358.31,24.0,0.0,2957.81,72.92,61.05,0.0,3.0,750.96,30.189999999999998,89.65,0.0,0.0,525.07,29.85,353.71,24.0,0.0,2790.6299999999997,72.92
United States,Oklahoma,Canola,2021,spring,36.580000000000005,0.0,0.0,380.20000000000005,26.810000000000002,126.55000000000003,0.0,1.0,620.88,32.41,415.03,27.0,0.0,2885.84,101.87,103.86,0.0,1.0,734.2300000000001,28.7,132.96,0.0,0.0,439.32000000000005,41.01,341.34000000000003,27.0,0.0,2713.3699999999994,101.87
United States,Oklahoma,Canola,2022,spring,21.169999999999998,0.0,0.0,404.15,17.26,226.23999999999998,2.0,0.0,742.1599999999999,89.86,289.49,66.0,0.0,3034.8500000000004,95.97,131.18,0.0,0.0,684.25,78.91,116.22999999999999,2.0,0.0,462.06,89.86,289.49,66.0,0.0,3034.8500000000004,95.97
United States,Oklahoma,Canola,2023,spring,15.43,0.0,0.0,450.53999999999996,10.95,179.34000000000003,0.0,0.0,675.5599999999998,57.86,395.68999999999994,50.0,0.0,2949.7200000000003,98.88,98.52,0.0,0.0,761.0500000000001,54.04,106.9,0.0,0.0,435.7,57.86,385.03999999999996,50.0,0.0,2879.0699999999997,98.88
United States,Oklahoma,Canola,2024,spring,32.74,0.0,0.0,388.90000000000003,16.84,175.93,0.0,0.0,774.6700000000001,43.150000000000006,306.46000000000004,52.0,0.0,2913.5,92.32999999999998,97.16,0.0,0.0,632.58,39.58,109.75000000000001,0.0,0.0,480.32000000000005,43.150000000000006,308.22,52.0,0.0,2964.17,92.32999999999998
United States,Oklahoma,Canola,2025,spring,90.86000000000001,0.0,0.0,358.38,45.1,280.39,0.0,0.0,742.92,91.42,440.71000000000004,12.0,0.0,2753.7,57.39,280.13,0.0,0.0,641.6600000000001,91.42,115.18,0.0,0.0,511.81,54.27,416.65,12.0,0.0,2701.53,57.39
United States,South Dakota,Wheat,1990,spring,151.79000000000002,0.0,22.0,1464.48,33.41,59.22999999999999,0.0,0.0,332.73,32.7,148.27000000000004,17.0,0.0,2082.59,18.919999999999998,157.41000000000003,0.0,22.0,1515.01,33.41,55.120000000000005,2.0,0.0,366.59,32.7,146.76000000000002,15.0,0.0,1998.1999999999998,18.919999999999998
United States,South Dakota,Wheat,1991,spring,310.3,0.0,10.0,1277.09,61.88,21.42,0.0,0.0,351.22,16.14,135.51999999999998,18.0,0.0,2099.2999999999997,26.58,309.18,0.0,10.0,1201.8999999999999,61.88,22.140000000000008,0.0,0.0,377.25,16.14,135.92000000000002,18.0,0.0,2148.46,26.58
United States,South Dakota,Wheat,1992,spring,68.24000000000001,2.0,11.0,1387.67,23.43,76.82000000000001,0.0,0.0,294.81999999999994,51.53,267.93,2.0,0.0,1841.28,40.59,68.21000000000001,2.0,11.0,1350.9,23.43,76.85,0.0,0.0,331.59,51.53,267.93,2.0,0.0,1841.28,40.59
United States,South Dakota,Wheat,1993,spring,176.70000000000002,0.0,14.0,1330.4699999999998,24.87,69.77,0.0,0.0,310.75,33.05,226.08,1.0,0.0,1896.8899999999999,36.91,186.33000000000004,0.0,14.0,1467.8400000000001,24.87,87.63,0.0,0.0,357.41999999999996,33.05,198.59,1.0,0.0,1712.85,36.91
United States,South Dakota,Wheat,1994,spring,119.93,0.0,17.0,1452.2600000000002,25.21,33.5,0.0,0.0,307.1,15.52,193.94,8.0,0.0,2044.7000000000003,70.66,98.01,0.0,17.0,1392.41,21.76,52.190000000000005,0.0,0.0,327.53999999999996,21.92,197.17,8.0,0.0,2084.11,70.66
United States,South Dakota,Wheat,1995,spring,283.49,0.0,19.0,1241.7500000000002,44.480000000000004,54.84,0.0,0.0,370.41999999999996,45.9,143.57,11.0,1.0,2075.6600000000003,23.1,291.48,0.0,19.0,1520.51,44.480000000000004,59.34,0.0,0.0,369.6,45.9,131.08,11.0,1.0,1797.7199999999998,23.1
United States,South Dakota,Wheat,1996,spring,164.15000000000003,0.0,21.0,1254.5900000000004,46.7,28.6,0.0,0.0,334.34000000000003,13.81,253.89000000000001,7.0,0.0,2089.2599999999998,92.31,180.6,0.0,21.0,1446.85,46.7,16.41,2.0,0.0,319.60999999999996,8.38,249.63000000000002,5.0,0.0,1911.73,92.31
United States,South Dakota,Wheat,1997,spring,214.64999999999998,0.0,17.0,1386.6299999999999,47.6,46.42999999999999,0.0,0.0,342.15999999999997,26.79,224.0,2.0,0.0,2016.28,31.22,244.01000000000002,0.0,17.0,1570.64,47.6,56.83,0.0,0.0,374.32000000000005,31.22,184.23999999999998,2.0,0.0,1800.1100000000001,24.759999999999998
United States,South Dakota,Wheat,1998,spring,154.67999999999998,0.0,9.0,1413.3600000000001,44.75,60.08,0.0,0.0,329.06999999999994,32.129999999999995,145.36999999999998,16.0,0.0,2093.2200000000003,24.5,154.67999999999998,0.0,9.0,1413.3600000000001,44.75,66.62,0.0,0.0,384.64,32.129999999999995,138.82999999999998,16.0,0.0,2037.6499999999999,24.5
United States,South Dakota,Wheat,1999,spring,244.28000000000003,0.0,9.0,1382.2,54.989999999999995,24.61,0.0,0.0,310.05,9.73,263.56,16.0,0.0,2030.8799999999999,75.91,246.62000000000003,0.0,9.0,1440.08,54.989999999999995,36.23,0.0,0.0,358.32,13.91,249.60000000000002,16.0,0.0,1924.7300000000002,75.91
United States,South Dakota,Wheat,2000,spring,146.48,2.0,14.0,1422.2499999999998,36.6,40.449999999999996,0.0,0.0,330.61,23.35,126.65,19.0,0.0,2056.5599999999995,24.389999999999997,144.94,1.0,14.0,1391.4599999999998,36.6,41.99,1.0,0.0,361.40000000000003,23.35,126.65,19.0,0.0,2056.5599999999995,24.389999999999997
United States,South Dakota,Wheat,2001,spring,194.70000000000002,0.0,9.0,1379.88,43.400000000000006,32.32,1.0,0.0,353.52,20.830000000000002,156.2,32.0,0.0,2125.3499999999995,38.87,194.70000000000002,0.0,9.0,1379.88,43.400000000000006,32.54,2.0,0.0,382.2,20.830000000000002,155.98000000000002,31.0,0.0,2096.6699999999996,38.87
United States,South Dakota,Wheat,2002,spring,62.769999999999996,1.0,16.0,1472.17,16.37,37.08,1.0,0.0,331.7300000000001,28.71,188.91000000000003,32.0,0.0,2016.67,30.599999999999998,62.95999999999999,1.0,16.0,1546.3,16.37,39.99,2.0,0.0,282.58000000000004,28.71,185.81000000000003,31.0,0.0,1991.6899999999998,30.599999999999998
United States,South Dakota,Wheat,2003,spring,165.23,0.0,9.0,1275.71,35.839999999999996,16.43,0.0,0.0,345.17,7.83,142.3,24.0,0.0,2156.22,40.220000000000006,165.82999999999998,0.0,9.0,1295.1200000000001,35.839999999999996,15.83,0.0,0.0,325.76,7.83,142.3,24.0,0.0,2156.22,40.220000000000006
United States,South Dakota,Wheat,2004,spring,134.89,0.0,9.0,1468.04,27.819999999999997,41.989999999999995,0.0,0.0,329.32,31.41,296.09,10.0,0.0,2051.31,53.88999999999999,115.73,0.0,9.0,1440.69,27.819999999999997,62.480000000000004,0.0,0.0,385.21,47.980000000000004,294.76,10.0,0.0,2022.77,53.88999999999999
United States,South Dakota,Wheat,2005,spring,196.04000000000002,0.0,11.0,1390.65,40.559999999999995,64.59,1.0,0.0,332.98,51.25,120.71,26.0,0.0,2186.54,14.64,196.04000000000002,0.0,11.0,1390.65,40.559999999999995,64.59,1.0,0.0,332.98,51.25,120.71,26.0,0.0,2186.54,14.64
United States,South Dakota,Wheat,2006,spring,67.58,3.0,4.0,1488.59,12.67,22.990000000000002,2.0,0.0,328.0,10.77,198.66,29.0,0.0,2021.8300000000002,37.83,55.51,2.0,4.0,1298.32,12.67,14.620000000000001,3.0,0.0,292.53999999999996,8.52,219.1,29.0,0.0,2247.5600000000004,37.83
United States,South Dakota,Wheat,2007,spring,225.43999999999997,0.0,16.0,1456.05,52.779999999999994,87.31000000000002,0.0,0.0,327.74000000000007,50.49,161.29,15.0,0.0,2044.6399999999996,40.34,225.43999999999997,0.0,16.0,1424.97,52.779999999999994,87.31,0.0,0.0,327.97,50.49,161.29,15.0,0.0,2075.4899999999993,40.34
United States,South Dakota,Wheat,2008,spring,208.51,0.0,20.0,1341.73,50.519999999999996,22.0,0.0,0.0,358.48,8.48,221.53,7.0,0.0,2136.6099999999997,48.55,216.38000000000002,0.0,20.0,1547.48,50.519999999999996,44.74000000000001,0.0,0.0,379.28000000000003,25.099999999999998,190.92000000000002,7.0,0.0,1910.0600000000002,48.55
United States,South Dakota,Wheat,2009,spring,105.90999999999998,1.0,15.0,1457.6,22.590000000000003,25.48,0.0,0.0,318.46000000000004,12.03,219.97,3.0,0.0,2074.6399999999994,34.1,120.12,1.0,15.0,1600.77,22.590000000000003,36.89999999999999,0.0,0.0,346.41,21.61,194.33999999999997,3.0,0.0,1903.52,34.1
United States,South Dakota,Wheat,2010,spring,187.12,0.0,6.0,1404.12,34.44,106.84,0.0,0.0,328.66,51.3,218.72000000000003,13.0,0.0,2065.45,36.02,187.12,0.0,6.0,1404.12,34.44,109.28,0.0,0.0,386.03,51.3,216.28000000000003,13.0,0.0,2008.08,36.02
United States,South Dakota,Wheat,2011,spring,185.3,1.0,15.0,1296.42,39.92999999999999,156.24999999999997,0.0,0.0,295.34999999999997,109.72,202.13,11.0,0.0,2153.42,28.46,224.51,1.0,15.0,1457.3600000000001,39.92999999999999,162.07999999999998,0.0,0.0,314.27000000000004,109.72,157.08999999999997,11.0,0.0,1973.56,19.67
United States,South Dakota,Wheat,2012,spring,185.97000000000003,1.0,2.0,1443.6299999999994,42.14,35.17,1.0,0.0,378.14,18.55,54.42,34.0,0.0,2137.71,9.89,170.42,1.0,2.0,1285.8899999999999,42.14,31.169999999999998,1.0,0.0,375.0,14.39,73.97,34.0,0.0,2298.59,18.549999999999997
United States,South Dakota,Wheat,2013,spring,217.79000000000002,0.0,26.0,1311.3899999999999,44.51,55.95,0.0,0.0,340.68,32.03,162.07000000000002,13.0,0.0,2026.6699999999998,30.919999999999998,241.23999999999998,0.0,26.0,1545.2999999999997,44.51,35.669999999999995,0.0,0.0,313.49,32.03,158.9,13.0,0.0,1819.95,30.919999999999998
United States,South Dakota,Wheat,2014,spring,161.81,0.0,14.0,1400.7899999999997,49.559999999999995,61.74,0.0,0.0,334.28,21.3,188.48,4.0,0.0,1964.73,25.439999999999998,172.59,0.0,14.0,1502.5900000000001,49.559999999999995,80.57000000000001,0.0,0.0,343.09999999999997,22.68,158.86999999999998,4.0,0.0,1854.11,25.439999999999998
United States,South Dakota,Wheat,2015,spring,175.26999999999998,1.0,10.0,1373.9099999999999,52.32,89.34,0.0,0.0,315.81,33.910000000000004,186.0,13.0,0.0,2054.92,48.68000000000001,175.26999999999998,0.0,10.0,1345.4599999999998,52.32,89.34,1.0,0.0,344.26,33.910000000000004,186.0,13.0,0.0,2054.92,48.68000000000001
United States,South Dakota,Wheat,2016,spring,184.28999999999996,1.0,10.0,1519.91,51.81,40.03,2.0,0.0,382.89000000000004,29.25,185.86,16.0,0.0,2108.01,33.669999999999995,184.28999999999996,1.0,10.0,1519.91,51.81,35.68,2.0,0.0,322.82000000000005,29.25,190.21,16.0,0.0,2168.0800000000004,33.669999999999995
United States,South Dakota,Wheat,2017,spring,82.0,2.0,7.0,1489.53,21.86,62.31,0.0,0.0,354.05999999999995,40.739999999999995,181.58000000000004,15.0,0.0,2076.0900000000006,45.099999999999994,81.97,1.0,7.0,1405.31,21.86,48.00999999999999,1.0,0.0,356.56999999999994,40.739999999999995,195.91,15.0,0.0,2157.8000000000006,45.1
United States,South Dakota,Wheat,2018,spring,130.0,3.0,20.0,1488.4299999999996,26.04,49.66,1.0,0.0,291.81,26.730000000000004,182.52,14.0,0.0,1985.76,42.2,115.96,3.0,20.0,1432.6899999999998,26.04,60.080000000000005,1.0,0.0,326.37,26.730000000000004,186.14,14.0,0.0,2006.94,42.2
United States,South Dakota,Wheat,2019,spring,241.17,0.0,12.0,1289.2500000000005,44.1,40.83,0.0,0.0,314.14000000000004,34.74,360.09000000000003,1.0,0.0,1948.3799999999999,57.65,245.83,0.0,12.0,1476.3400000000001,44.1,68.96000000000001,1.0,0.0,332.43,34.74,327.3,0.0,0.0,1743.0000000000002,57.65
United States,South Dakota,Wheat,2020,spring,143.82,0.0,20.0,1414.9499999999998,39.69,17.910000000000004,2.0,0.0,370.98999999999995,14.25,158.73000000000002,10.0,0.0,2093.35,25.02,143.82,0.0,20.0,1505.3799999999999,39.69,26.660000000000004,2.0,0.0,320.3,14.25,149.98,10.0,0.0,2053.61,25.02
United States,South Dakota,Wheat,2021,spring,84.39000000000001,3.0,13.0,1449.7099999999998,28.33,26.540000000000003,4.0,0.0,373.29999999999995,18.89,227.18,21.0,0.0,1979.51,43.279999999999994,83.67000000000002,3.0,13.0,1424.2099999999998,28.33,26.320000000000004,3.0,0.0,311.41999999999996,19.5,228.12,22.0,0.0,2066.89,43.279999999999994
United States,South Dakota,Wheat,2022,spring,194.58999999999995,0.0,21.0,1369.1399999999996,52.89,49.53999999999999,3.0,0.0,383.87000000000006,35.96,166.25999999999996,21.0,0.0,2162.7899999999995,38.2,237.34,0.0,21.0,1517.2499999999998,52.89,14.49,4.0,0.0,380.92999999999995,7.84,158.55999999999997,20.0,0.0,2017.6200000000001,38.2
United States,South Dakota,Wheat,2023,spring,106.88,1.0,15.0,1542.0500000000002,19.860000000000003,38.31,2.0,0.0,329.09,18.99,276.54,15.0,0.0,1960.7200000000003,56.97,100.02,0.0,15.0,1446.45,19.860000000000003,20.72,1.0,0.0,313.5799999999999,13.98,300.99,17.0,0.0,2071.83,56.97
United States,South Dakota,Wheat,2024,spring,158.13,0.0,9.0,1438.7599999999998,38.06,73.02000000000001,0.0,0.0,292.67,50.629999999999995,176.77,14.0,0.0,2002.86,39.99000000000001,158.13,0.0,9.0,1409.9099999999999,38.06,72.99000000000001,0.0,0.0,291.73,50.629999999999995,176.79999999999998,14.0,0.0,2032.6499999999999,39.99000000000001
United States,South Dakota,Wheat,2025,spring,187.65,2.0,9.0,1397.8899999999999,58.28,39.62,3.0,0.0,344.09999999999997,23.650000000000002,265.37,15.0,0.0,1922.88,66.66,187.65,2.0,9.0,1375.6899999999998,58.28,39.32,3.0,0.0,335.41,23.650000000000002,265.6700000000001,15.0,0.0,1953.7700000000002,66.66
United States,South Dakota,Barley,1990,spring,157.95000000000002,0.0,22.0,1540.24,33.41,59.46999999999999,4.0,0.0,450.13,32.7,141.87,13.0,0.0,1889.4299999999998,18.919999999999998,157.41000000000003,0.0,22.0,1515.01,33.41,55.120000000000005,2.0,0.0,366.59,32.7,146.76000000000002,15.0,0.0,1998.1999999999998,18.919999999999998
United States,South Dakota,Barley,1991,spring,310.4700000000001,0.0,10.0,1366.4699999999998,61.88,45.88999999999999,1.0,0.0,427.61,22.6,110.88,17.0,0.0,1933.5300000000002,26.58,309.18,0.0,10.0,1201.8999999999999,61.88,22.140000000000008,0.0,0.0,377.25,16.14,135.92000000000002,18.0,0.0,2148.46,26.58
United States,South Dakota,Barley,1992,spring,68.31,2.0,11.0,1468.7,23.43,100.74000000000001,0.0,0.0,374.83000000000004,51.53,243.94,2.0,0.0,1680.24,40.59,68.21000000000001,2.0,11.0,1350.9,23.43,76.85,0.0,0.0,331.59,51.53,267.93,2.0,0.0,1841.28,40.59
United States,South Dakota,Barley,1993,spring,185.40000000000003,0.0,14.0,1411.3300000000002,24.87,83.17999999999999,0.0,0.0,397.35,33.05,203.97,1.0,0.0,1729.43,36.91,197.64000000000004,0.0,14.0,1485.45,24.87,76.32000000000001,0.0,0.0,339.80999999999995,33.05,198.59,1.0,0.0,1712.85,36.91
United States,South Dakota,Barley,1994,spring,123.63,0.0,17.0,1520.8899999999999,25.21,32.99,0.0,0.0,445.38999999999993,15.52,190.75,8.0,0.0,1837.7800000000002,70.66,98.01,0.0,17.0,1392.41,21.76,52.190000000000005,0.0,0.0,327.53999999999996,21.92,197.17,8.0,0.0,2084.11,70.66
United States,South Dakota,Barley,1995,spring,288.61,0.0,19.0,1318.36,44.480000000000004,49.93000000000001,0.0,0.0,450.63,45.9,143.36,11.0,1.0,1918.8399999999997,23.1,291.48,0.0,19.0,1520.51,44.480000000000004,59.34,0.0,0.0,369.6,45.9,131.08,11.0,1.0,1797.7199999999998,23.1
United States,South Dakota,Barley,1996,spring,165.74,0.0,21.0,1341.4499999999998,46.7,31.269999999999996,2.0,0.0,425.01,13.81,249.63000000000002,5.0,0.0,1911.73,92.31,180.6,0.0,21.0,1446.85,46.7,16.41,2.0,0.0,319.60999999999996,8.38,249.63000000000002,5.0,0.0,1911.73,92.31
United States,South Dakota,Barley,1997,spring,241.44000000000003,0.0,17.0,1434.57,47.6,48.46000000000001,0.0,0.0,474.21,27.31,195.18,2.0,0.0,1836.29,24.759999999999998,247.74,0.0,17.0,1597.97,47.6,53.099999999999994,0.0,0.0,346.99,31.22,184.23999999999998,2.0,0.0,1800.1100000000001,24.759999999999998
United States,South Dakota,Barley,1998,spring,158.41,0.0,9.0,1491.89,44.75,64.64999999999999,0.0,0.0,434.99999999999994,32.129999999999995,137.07,16.0,0.0,1908.76,24.5,154.67999999999998,0.0,9.0,1413.3600000000001,44.75,66.62,0.0,0.0,384.64,32.129999999999995,138.82999999999998,16.0,0.0,2037.6499999999999,24.5
United States,South Dakota,Barley,1999,spring,246.62000000000003,0.0,9.0,1440.08,54.989999999999995,55.03000000000001,0.0,0.0,408.24,29.11,230.79999999999998,16.0,0.0,1874.8100000000002,75.91,246.62000000000003,0.0,9.0,1440.08,54.989999999999995,36.23,0.0,0.0,358.32,13.91,249.60000000000002,16.0,0.0,1924.7300000000002,75.91
United States,South Dakota,Barley,2000,spring,154.95000000000002,2.0,14.0,1499.05,36.6,52.42999999999999,0.0,0.0,415.4,23.35,106.2,19.0,0.0,1894.97,24.389999999999997,144.94,1.0,14.0,1391.4599999999998,36.6,41.99,1.0,0.0,361.40000000000003,23.35,126.65,19.0,0.0,2056.5599999999995,24.389999999999997
United States,South Dakota,Barley,2001,spring,201.56,0.0,9.0,1455.3700000000001,43.400000000000006,36.879999999999995,6.0,0.0,443.04,15.14,144.77999999999997,27.0,0.0,1960.3400000000001,38.87,194.70000000000002,0.0,9.0,1379.88,43.400000000000006,32.54,2.0,0.0,382.2,20.830000000000002,155.98000000000002,31.0,0.0,2096.6699999999996,38.87
United States,South Dakota,Barley,2002,spring,62.95999999999999,1.0,16.0,1546.3,16.37,40.04,7.0,0.0,455.4,28.71,185.76000000000002,26.0,0.0,1818.87,30.599999999999998,62.95999999999999,1.0,16.0,1546.3,16.37,39.99,3.0,0.0,306.83000000000004,28.71,185.81,30.0,0.0,1967.4399999999998,30.599999999999998
United States,South Dakota,Barley,2003,spring,169.50000000000003,0.0,9.0,1347.38,35.839999999999996,56.099999999999994,0.0,0.0,433.94,43.220000000000006,98.36,24.0,0.0,1995.7800000000002,17.58,165.82999999999998,0.0,9.0,1295.1200000000001,35.839999999999996,49.35,0.0,0.0,338.21999999999997,38.11,108.78,24.0,0.0,2143.7599999999998,17.58
United States,South Dakota,Barley,2004,spring,166.29999999999998,0.0,9.0,1536.3999999999999,47.980000000000004,34.8,0.0,0.0,449.13,18.98,271.86999999999995,10.0,0.0,1863.1399999999996,53.88999999999999,115.73,0.0,9.0,1440.69,27.819999999999997,62.480000000000004,0.0,0.0,415.08,47.980000000000004,294.76,10.0,0.0,1992.9000000000003,53.88999999999999
United States,South Dakota,Barley,2005,spring,222.66999999999996,0.0,11.0,1456.08,40.559999999999995,46.32,1.0,0.0,440.2,25.83,112.34999999999998,26.0,0.0,2013.89,14.64,196.04000000000002,0.0,11.0,1390.65,40.559999999999995,64.59,1.0,0.0,332.98,51.25,120.71,26.0,0.0,2186.54,14.64
United States,South Dakota,Barley,2006,spring,68.39,3.0,4.0,1540.5000000000002,12.67,24.3,4.0,0.0,461.20000000000005,10.77,196.54,27.0,0.0,1836.72,37.83,55.51,2.0,4.0,1298.32,12.67,14.620000000000001,3.0,0.0,292.53999999999996,8.52,219.1,29.0,0.0,2247.5600000000004,37.83
United States,South Dakota,Barley,2007,spring,251.26999999999995,0.0,16.0,1524.67,52.779999999999994,61.620000000000005,1.0,0.0,468.32000000000005,28.99,161.15,14.0,0.0,1835.4399999999998,40.34,225.43999999999997,0.0,16.0,1456.05,52.779999999999994,87.31000000000002,0.0,0.0,296.89000000000004,50.49,161.29,15.0,0.0,2075.4899999999993,40.34
United States,South Dakota,Barley,2008,spring,214.56000000000003,0.0,20.0,1407.3999999999999,50.519999999999996,45.61,0.0,0.0,477.32000000000005,25.099999999999998,191.87000000000003,7.0,0.0,1952.1000000000004,48.55,216.38000000000002,0.0,20.0,1547.48,50.519999999999996,44.74000000000001,0.0,0.0,379.28000000000003,25.099999999999998,190.92000000000002,7.0,0.0,1910.0600000000002,48.55
United States,South Dakota,Barley,2009,spring,108.08,1.0,15.0,1513.1699999999998,22.590000000000003,48.94,0.0,0.0,463.08,21.61,194.33999999999997,3.0,0.0,1874.4499999999998,34.1,120.12,1.0,15.0,1600.77,22.590000000000003,36.89999999999999,0.0,0.0,346.41,21.61,194.33999999999997,3.0,0.0,1903.52,34.1
United States,South Dakota,Barley,2010,spring,238.42,0.0,6.0,1454.54,51.3,61.6,1.0,0.0,473.41999999999996,33.44,212.66000000000003,12.0,0.0,1870.27,36.02,187.12,0.0,6.0,1404.12,34.44,109.28,0.0,0.0,386.03,51.3,216.28000000000003,13.0,0.0,2008.08,36.02
United States,South Dakota,Barley,2011,spring,201.33999999999997,1.0,15.0,1361.34,39.92999999999999,170.4,0.0,0.0,399.13000000000005,109.72,171.94,11.0,0.0,1984.72,19.67,224.51,1.0,15.0,1457.3600000000001,39.92999999999999,162.07999999999998,0.0,0.0,314.27000000000004,109.72,157.08999999999997,11.0,0.0,1973.56,19.67
United States,South Dakota,Barley,2012,spring,193.69,1.0,2.0,1517.26,42.14,31.29,2.0,0.0,465.92,18.55,50.58,33.0,0.0,1976.3,9.89,170.47,1.0,2.0,1315.9799999999998,42.14,31.119999999999997,1.0,0.0,344.9099999999999,14.39,73.97,34.0,0.0,2298.59,18.549999999999997
United States,South Dakota,Barley,2013,spring,234.49,0.0,26.0,1384.8099999999997,44.51,42.42,0.0,0.0,447.1,32.03,158.9,13.0,0.0,1846.83,30.919999999999998,241.23999999999998,0.0,26.0,1545.2999999999997,44.51,35.669999999999995,0.0,0.0,313.49,32.03,158.9,13.0,0.0,1819.95,30.919999999999998
United States,South Dakota,Barley,2014,spring,166.69,0.0,14.0,1483.15,49.559999999999995,86.78,0.0,0.0,419.38000000000005,22.68,158.55999999999997,4.0,0.0,1797.27,25.439999999999998,172.59,0.0,14.0,1502.5900000000001,49.559999999999995,80.57000000000001,0.0,0.0,343.09999999999997,22.68,158.86999999999998,4.0,0.0,1854.11,25.439999999999998
United States,South Dakota,Barley,2015,spring,179.57,1.0,10.0,1435.79,52.32,92.04,0.0,0.0,418.9200000000001,33.910000000000004,179.00000000000003,13.0,0.0,1889.9300000000003,48.68000000000001,175.26999999999998,1.0,10.0,1373.9099999999999,52.32,89.59,0.0,0.0,342.93,33.910000000000004,185.75,13.0,0.0,2027.8000000000002,48.68000000000001
United States,South Dakota,Barley,2018,spring,142.87,3.0,20.0,1570.4900000000002,26.04,61.48000000000001,1.0,0.0,360.84000000000003,26.730000000000004,157.83,14.0,0.0,1834.67,42.2,121.83999999999999,3.0,20.0,1459.5599999999997,26.04,54.20000000000001,1.0,0.0,299.5,26.730000000000004,186.14,14.0,0.0,2006.94,42.2
United States,South Dakota,Barley,2019,spring,243.17000000000002,0.0,12.0,1361.64,44.1,52.15,1.0,0.0,433.49999999999994,34.74,346.77000000000004,0.0,0.0,1756.6299999999999,57.65,245.83,0.0,12.0,1476.3400000000001,44.1,68.96000000000001,1.0,0.0,332.43,34.74,327.3,0.0,0.0,1743.0000000000002,57.65
United States,South Dakota,Barley,2020,spring,143.82,0.0,20.0,1505.3799999999999,39.69,32.74,3.0,0.0,445.8,14.25,143.9,9.0,0.0,1928.1100000000001,25.02,143.82,0.0,20.0,1505.3799999999999,39.69,26.660000000000004,2.0,0.0,320.3,14.25,149.98,10.0,0.0,2053.61,25.02
United States,South Dakota,Barley,2021,spring,103.28000000000002,3.0,13.0,1539.03,28.33,15.88,4.0,0.0,448.42,7.890000000000001,218.95,21.0,0.0,1815.0699999999997,43.279999999999994,83.67000000000002,3.0,13.0,1424.2099999999998,28.33,26.320000000000004,3.0,0.0,311.41999999999996,19.5,228.12,22.0,0.0,2066.89,43.279999999999994
United States,South Dakota,Barley,2022,spring,214.51,0.0,21.0,1443.0199999999998,52.89,37.75,5.0,0.0,507.8,22.83,158.12999999999997,19.0,0.0,1964.98,38.2,237.34,0.0,21.0,1517.2499999999998,52.89,14.49,4.0,0.0,380.92999999999995,7.84,158.55999999999997,20.0,0.0,2017.6200000000001,38.2
United States,South Dakota,Barley,2023,spring,114.01000000000002,1.0,15.0,1616.82,19.860000000000003,88.00999999999999,2.0,0.0,412.10999999999996,49.0,219.71000000000006,15.0,0.0,1802.9300000000003,56.97,100.02,0.0,15.0,1446.45,19.860000000000003,20.72,2.0,0.0,343.42999999999995,13.98,300.99,16.0,0.0,2041.98,56.97
United States,South Dakota,Barley,2024,spring,165.86,0.0,9.0,1519.77,38.06,88.77,0.0,0.0,379.56,50.629999999999995,153.29,14.0,0.0,1834.9599999999998,39.99000000000001,158.13,0.0,9.0,1409.9099999999999,38.06,73.02000000000001,0.0,0.0,321.52000000000004,50.629999999999995,176.77,14.0,0.0,2002.86,39.99000000000001
United States,South Dakota,Barley,2025,spring,194.72,3.0,9.0,1464.9599999999998,58.28,69.99,2.0,0.0,449.36,23.650000000000002,227.93,15.0,0.0,1750.55,66.66,187.65,2.0,9.0,1397.8899999999999,58.28,39.32,3.0,0.0,313.21,23.650000000000002,265.6700000000001,15.0,0.0,1953.7700000000002,66.66
United States,South Dakota,Oats,1990,spring,146.09,0.0,22.0,1368.6999999999998,33.41,61.599999999999994,0.0,0.0,322.84,32.7,151.60000000000002,17.0,0.0,2188.2599999999998,18.919999999999998,145.91999999999996,0.0,22.0,1285.79,33.41,65.08999999999999,0.0,0.0,452.84999999999997,32.7,148.28,17.0,0.0,2141.16,18.919999999999998
United States,South Dakota,Oats,1991,spring,308.66,0.0,10.0,1185.1299999999999,61.88,22.400000000000002,0.0,0.0,371.72,16.14,136.18,18.0,0.0,2170.76,26.58,196.59,0.0,10.0,1034.81,58.27,130.02,0.0,0.0,415.68,61.88,140.63,18.0,0.0,2277.12,26.58
United States,South Dakota,Oats,1992,spring,49.85,2.0,11.0,1319.7600000000002,14.68,91.27999999999999,0.0,0.0,261.73999999999995,51.53,271.86,2.0,0.0,1942.27,40.59,34.56,2.0,11.0,1126.22,14.68,105.81,0.0,0.0,410.4699999999999,51.53,272.62,2.0,0.0,1987.08,40.59
United States,South Dakota,Oats,1993,spring,155.23999999999998,0.0,14.0,1250.6599999999999,24.87,75.96000000000001,0.0,0.0,289.09999999999997,33.05,241.35,1.0,0.0,1998.35,36.91,155.23999999999998,0.0,14.0,1250.6599999999999,24.87,91.63000000000002,0.0,0.0,475.92,33.05,225.68,1.0,0.0,1811.5300000000002,36.91
United States,South Dakota,Oats,1994,spring,94.7,0.0,17.0,1381.0,21.76,51.8,0.0,0.0,285.76,25.21,200.86999999999998,8.0,0.0,2137.3000000000006,70.66,79.54999999999998,0.0,17.0,1188.0300000000002,21.76,59.72,0.0,0.0,436.7300000000001,25.21,208.1,8.0,0.0,2179.3,70.66
United States,South Dakota,Oats,1995,spring,233.84,0.0,19.0,1187.64,44.480000000000004,57.64,0.0,0.0,332.87,35.57,190.42,11.0,1.0,2167.32,45.9,288.61,0.0,19.0,1318.36,44.480000000000004,49.93000000000001,0.0,0.0,450.63,45.9,143.36,11.0,1.0,1918.8399999999997,23.1
United States,South Dakota,Oats,1996,spring,163.81000000000003,0.0,21.0,1149.2900000000002,46.7,19.840000000000003,0.0,0.0,344.25,13.81,262.99,7.0,0.0,2184.65,92.31,164.15000000000003,0.0,21.0,1224.3600000000004,46.7,29.509999999999998,1.0,0.0,437.21,13.81,252.98000000000002,6.0,0.0,2016.62,92.31
United States,South Dakota,Oats,1997,spring,214.61999999999998,0.0,17.0,1271.0,47.6,39.41,0.0,0.0,356.09999999999997,26.79,231.05,2.0,0.0,2117.9700000000003,31.22,214.61999999999998,0.0,17.0,1327.27,47.6,47.96999999999999,0.0,0.0,508.32000000000005,26.79,222.49,2.0,0.0,1909.48,31.22
United States,South Dakota,Oats,1998,spring,108.7,0.0,9.0,1357.89,33.14,90.72,0.0,0.0,269.73999999999995,44.75,160.70999999999998,16.0,0.0,2208.0200000000013,24.5,99.69,0.0,9.0,1189.96,33.14,101.16999999999999,0.0,0.0,466.8,44.75,159.26999999999998,16.0,0.0,2178.890000000001,24.5
United States,South Dakota,Oats,1999,spring,239.04000000000002,0.0,9.0,1284.8899999999999,54.989999999999995,25.459999999999997,0.0,0.0,311.61,9.73,267.95,16.0,0.0,2126.63,75.91,197.04000000000002,0.0,9.0,1205.2399999999998,54.989999999999995,71.30999999999999,0.0,0.0,460.61999999999995,42.0,264.1,16.0,0.0,2057.2700000000004,75.91
United States,South Dakota,Oats,2000,spring,144.94,0.0,14.0,1303.9899999999998,36.6,37.94,2.0,0.0,340.64,23.35,130.7,19.0,0.0,2164.7899999999995,24.389999999999997,137.25000000000003,0.0,14.0,1173.7800000000002,36.6,43.739999999999995,2.0,0.0,454.21000000000004,23.35,132.58999999999997,19.0,0.0,2181.4300000000003,24.389999999999997
United States,South Dakota,Oats,2001,spring,190.36,0.0,9.0,1286.07,43.400000000000006,35.279999999999994,0.0,0.0,335.21000000000004,20.83,157.57999999999998,33.0,0.0,2237.4699999999993,38.87,162.04000000000002,0.0,9.0,1150.4399999999998,43.400000000000006,64.93,0.0,0.0,491.16,20.830000000000002,156.25,33.0,0.0,2217.1499999999996,38.87
United States,South Dakota,Oats,2002,spring,58.57999999999999,0.0,16.0,1385.67,16.37,8.459999999999999,1.0,0.0,325.82000000000005,4.17,221.72000000000006,33.0,0.0,2109.0800000000004,30.599999999999998,58.419999999999995,0.0,16.0,1326.32,16.37,32.62,1.0,0.0,426.72,24.830000000000002,197.72000000000003,33.0,0.0,2067.53,30.599999999999998
United States,South Dakota,Oats,2003,spring,158.54,0.0,9.0,1197.1200000000001,35.839999999999996,12.729999999999999,0.0,0.0,342.95000000000005,8.08,152.69000000000003,24.0,0.0,2237.0299999999993,43.220000000000006,143.6,0.0,9.0,1086.9,35.839999999999996,27.669999999999998,0.0,0.0,453.17,9.690000000000001,152.69000000000003,24.0,0.0,2237.0299999999993,43.220000000000006
United States,South Dakota,Oats,2004,spring,115.52000000000001,0.0,9.0,1385.25,27.819999999999997,59.910000000000004,0.0,0.0,310.81,47.980000000000004,297.53999999999996,10.0,0.0,2152.6100000000006,53.88999999999999,96.52,0.0,9.0,1220.7299999999998,27.819999999999997,78.80000000000001,0.0,0.0,456.79,47.980000000000004,297.65,10.0,0.0,2171.15,53.88999999999999
United States,South Dakota,Oats,2005,spring,173.32999999999998,0.0,11.0,1285.6,40.559999999999995,76.67,0.0,0.0,341.21,51.25,131.34,27.0,0.0,2283.3599999999997,14.640000000000002,133.29,0.0,11.0,1177.1599999999999,40.559999999999995,116.71000000000001,0.0,0.0,449.65000000000003,51.25,131.34,27.0,0.0,2283.3599999999997,14.640000000000002
United States,South Dakota,Oats,2006,spring,59.13999999999999,3.0,4.0,1405.71,12.67,23.54,2.0,0.0,298.33,8.44,206.54999999999998,29.0,0.0,2134.38,37.83,46.72,0.0,4.0,1076.13,12.67,21.53,3.0,0.0,421.79,8.52,220.98,31.0,0.0,2340.5,37.83
United States,South Dakota,Oats,2007,spring,212.90999999999997,0.0,16.0,1357.31,52.779999999999994,91.79,0.0,0.0,319.39,50.49,169.34,15.0,0.0,2151.7299999999996,40.34,164.13,0.0,16.0,1209.09,52.779999999999994,140.57000000000002,0.0,0.0,436.71000000000004,50.49,169.33999999999997,15.0,0.0,2182.63,40.34
United States,South Dakota,Oats,2008,spring,203.3,0.0,20.0,1250.01,50.339999999999996,18.490000000000002,0.0,0.0,346.36999999999995,6.049999999999999,230.24999999999997,7.0,0.0,2240.44,48.55,208.0,0.0,20.0,1273.24,50.519999999999996,51.97,0.0,0.0,530.3199999999999,25.0,192.07000000000002,7.0,0.0,2033.2600000000002,48.55
United States,South Dakota,Oats,2009,spring,77.46999999999998,1.0,15.0,1410.68,14.190000000000001,45.04,0.0,0.0,268.14000000000004,21.44,228.85,3.0,0.0,2171.8799999999997,34.1,75.41999999999999,1.0,15.0,1359.7,14.190000000000001,57.120000000000005,0.0,0.0,442.99,22.59,218.81999999999996,3.0,0.0,2048.0099999999998,34.1
United States,South Dakota,Oats,2010,spring,184.08,0.0,6.0,1320.59,34.44,72.46,0.0,0.0,304.14,51.300000000000004,256.14,13.0,0.0,2173.5,36.02,176.34,0.0,6.0,1181.92,34.44,95.0,0.0,0.0,469.19,51.3,241.34,13.0,0.0,2147.12,36.019999999999996
United States,South Dakota,Oats,2011,spring,183.48999999999998,0.0,15.0,1210.16,39.92999999999999,62.519999999999996,1.0,0.0,321.39,27.38,297.66999999999996,11.0,0.0,2213.6399999999994,95.53999999999999,183.51,1.0,15.0,1238.47,39.92999999999999,186.57,0.0,0.0,439.93,109.72,173.6,11.0,0.0,2066.79,19.67
United States,South Dakota,Oats,2012,spring,170.74,1.0,2.0,1334.5899999999997,42.14,38.13,1.0,0.0,375.50999999999993,14.39,66.69000000000001,34.0,0.0,2249.38,11.92,139.39,1.0,2.0,1065.4099999999999,42.14,55.04,0.0,0.0,481.0100000000001,15.64,81.13000000000001,35.0,0.0,2413.06,18.55
United States,South Dakota,Oats,2013,spring,199.14000000000001,0.0,26.0,1227.62,44.51,42.26,0.0,0.0,341.75,18.580000000000002,194.41000000000003,13.0,0.0,2109.3700000000003,32.03,217.52,0.0,26.0,1287.7199999999998,44.51,58.38,0.0,0.0,437.6700000000001,32.03,159.91,13.0,0.0,1953.35,30.919999999999998
United States,South Dakota,Oats,2014,spring,153.87,0.0,14.0,1322.55,49.559999999999995,54.809999999999995,0.0,0.0,299.46000000000004,21.3,203.34999999999997,4.0,0.0,2077.7899999999995,25.439999999999998,139.98999999999998,0.0,14.0,1259.12,49.559999999999995,83.55999999999999,0.0,0.0,475.95,21.3,188.48,4.0,0.0,1964.73,25.439999999999998
United States,South Dakota,Oats,2015,spring,170.83999999999997,0.0,10.0,1276.8299999999997,52.32,69.22999999999999,1.0,0.0,307.03000000000003,32.52,210.54000000000002,13.0,0.0,2160.78,48.68000000000001,163.66,0.0,10.0,1154.4699999999998,52.32,76.41,1.0,0.0,429.3900000000001,32.52,210.54000000000002,13.0,0.0,2160.78,48.68000000000001
United States,South Dakota,Oats,2016,spring,183.95999999999998,0.0,10.0,1401.94,51.81,34.65,3.0,0.0,382.26,29.25,191.57000000000002,16.0,0.0,2226.61,33.669999999999995,172.35999999999999,0.0,10.0,1228.7000000000003,51.81,42.36000000000001,2.0,0.0,504.52000000000004,29.25,195.46,17.0,0.0,2277.59,33.669999999999995
United States,South Dakota,Oats,2017,spring,81.73,1.0,7.0,1385.4299999999998,21.86,45.59,1.0,0.0,350.99,40.739999999999995,198.57000000000002,15.0,0.0,2183.2600000000007,45.1,80.42,0.0,7.0,1175.7800000000002,21.86,42.98,2.0,0.0,474.11,40.739999999999995,202.49,15.0,0.0,2269.790000000001,45.1
United States,South Dakota,Oats,2018,spring,105.05,3.0,20.0,1387.4999999999998,26.04,70.08,1.0,0.0,314.40000000000003,26.730000000000004,187.05,14.0,0.0,2064.0999999999995,42.2,101.59,2.0,20.0,1215.05,26.04,56.06,2.0,0.0,450.8,21.7,204.53,14.0,0.0,2100.1499999999996,42.2
United States,South Dakota,Oats,2019,spring,235.97,0.0,12.0,1191.2400000000002,44.1,18.13,0.0,0.0,340.57,8.27,387.99000000000007,1.0,0.0,2019.9599999999998,57.65,235.98,0.0,12.0,1221.6300000000003,44.1,52.21,0.0,0.0,468.32,34.74,353.90000000000003,1.0,0.0,1861.8199999999997,57.65
United States,South Dakota,Oats,2020,spring,102.06,0.0,20.0,1348.32,29.860000000000003,56.769999999999996,2.0,0.0,342.71000000000004,39.69,161.63000000000002,10.0,0.0,2188.2599999999998,25.02,99.28,0.0,20.0,1295.01,29.860000000000003,61.48,2.0,0.0,419.7,39.69,159.70000000000002,10.0,0.0,2164.5799999999995,25.02
United States,South Dakota,Oats,2021,spring,81.47000000000001,2.0,13.0,1339.87,28.33,25.970000000000006,4.0,0.0,375.37,19.5,230.67,22.0,0.0,2087.28,43.279999999999994,81.46999999999998,0.0,13.0,1222.0500000000002,28.33,25.560000000000002,6.0,0.0,417.84000000000003,19.5,231.07999999999998,22.0,0.0,2162.63,43.279999999999994
United States,South Dakota,Oats,2022,spring,181.36999999999998,0.0,21.0,1301.1999999999998,52.89,56.79,2.0,0.0,336.02,35.96,172.23,22.0,0.0,2278.5799999999995,38.2,189.04999999999998,0.0,21.0,1310.8099999999997,52.89,55.08,3.0,0.0,442.20000000000005,35.96,166.25999999999996,21.0,0.0,2162.7899999999995,38.2
United States,South Dakota,Oats,2023,spring,100.02,0.0,15.0,1446.45,19.860000000000003,20.72,2.0,0.0,343.42999999999995,13.98,300.99,16.0,0.0,2041.98,56.97,86.1,0.0,15.0,1239.8,19.860000000000003,27.91,1.0,0.0,431.18,13.98,307.72,17.0,0.0,2160.88,56.97
United States,South Dakota,Oats,2024,spring,154.44,0.0,9.0,1341.7399999999998,38.06,26.05,0.0,0.0,317.79,10.790000000000003,227.43,14.0,0.0,2074.76,50.629999999999995,146.51000000000002,0.0,9.0,1185.8600000000001,38.06,29.11,0.0,0.0,429.85,7.730000000000001,232.3,14.0,0.0,2118.58,50.629999999999995
United States,South Dakota,Oats,2025,spring,185.93,2.0,9.0,1303.0099999999998,58.28,38.71,1.0,0.0,323.81,23.650000000000002,268.0,17.0,0.0,2038.05,66.66,176.81,2.0,9.0,1151.8799999999997,58.28,47.32,1.0,0.0,444.99,23.650000000000002,268.51,17.0,0.0,2068.0,66.66
United States,Texas,Wheat,1990,winter,410.40999999999997,10.0,29.0,3506.5599999999995,67.19,82.83999999999999,0.0,0.0,444.44,65.01,49.089999999999996,31.0,0.0,1143.4499999999998,16.150000000000002,99.28000000000002,10.0,4.0,1614.7300000000002,25.759999999999998,27.04,0.0,20.0,519.57,13.649999999999999,416.02000000000004,31.0,5.0,2960.1499999999996,67.19
United States,Texas,Wheat,1991,winter,466.38,4.0,26.0,3516.8,42.120000000000005,110.01,0.0,0.0,396.68999999999994,47.57,164.76000000000002,4.0,0.0,1040.73,48.2,258.85,4.0,4.0,1501.9399999999996,42.120000000000005,100.44999999999999,0.0,17.0,426.41,33.64,381.85,4.0,5.0,3025.87,48.20000000000001
United States,Texas,Wheat,1992,winter,870.38,0.0,29.0,3468.26,179.98000000000002,73.0,0.0,0.0,436.44999999999993,41.28,232.99,0.0,0.0,967.5,48.29,354.15999999999997,0.0,14.0,1533.6,105.02000000000001,317.68,0.0,11.0,457.74,119.84,504.53,0.0,4.0,2880.87,60.56
United States,Texas,Wheat,1993,winter,502.44,8.0,33.0,3389.6899999999996,79.65,82.91999999999999,0.0,0.0,412.42,43.39,155.74,3.0,0.0,1028.6799999999998,36.38,179.99,8.0,10.0,1555.6400000000003,79.65,99.56,0.0,12.0,297.42,55.81999999999999,461.54999999999995,3.0,11.0,2977.7300000000005,43.39
United States,Texas,Wheat,1994,winter,390.15,3.0,38.0,3531.1299999999997,51.26,147.46,0.0,0.0,338.14,61.36,82.73,13.0,0.0,1172.22,23.740000000000002,216.37,2.0,11.0,1552.6999999999996,51.26,60.1,0.0,19.0,543.3000000000001,23.07,343.87,14.0,8.0,2945.49,61.36
United States,Texas,Wheat,1995,winter,567.4699999999998,5.0,19.0,3307.91,52.1,58.86,3.0,0.0,411.09999999999997,42.52,174.09000000000003,4.0,0.0,1071.84,59.58,256.73,5.0,0.0,1348.75,40.15,103.78,0.0,9.0,387.15000000000003,50.42,439.90999999999997,7.0,10.0,3054.95,59.58
United States,Texas,Wheat,1996,winter,281.36,11.0,39.0,3811.71,27.269999999999996,29.64,3.0,0.0,463.16,17.22,118.11999999999999,28.0,0.0,1142.4099999999999,31.41,131.66,7.0,0.0,1492.1000000000001,27.06,24.740000000000002,0.0,19.0,480.93,19.599999999999998,272.71999999999997,35.0,20.0,3444.25,31.41
United States,Texas,Wheat,1997,winter,711.24,0.0,38.0,3323.3799999999997,63.05999999999999,49.36000000000001,0.0,0.0,468.29999999999995,31.42,224.01999999999998,0.0,0.0,1003.0400000000001,75.66000000000001,269.69,0.0,5.0,1477.96,58.66,75.99,0.0,24.0,528.8299999999999,40.459999999999994,638.9399999999999,0.0,9.0,2787.93,75.66
United States,Texas,Wheat,1998,winter,553.2199999999999,18.0,26.0,3705.33,72.09,1.01,8.0,0.0,527.49,0.5599999999999999,73.59,31.0,0.0,1124.1500000000003,33.29,178.55,18.0,6.0,1493.6799999999998,35.89,130.42,0.0,11.0,425.56,68.67,318.85,39.0,9.0,3437.7299999999996,72.09
United States,Texas,Wheat,1999,winter,543.48,13.0,21.0,3498.7,80.19,65.0,0.0,0.0,443.87000000000006,48.11,117.65,8.0,0.0,991.91,34.459999999999994,333.0,11.0,0.0,1304.9199999999998,80.19,57.31,0.0,16.0,433.46999999999997,42.41,335.82,10.0,5.0,3196.09,48.11
United States,Texas,Wheat,2000,winter,296.22,18.0,13.0,3844.7999999999997,35.040000000000006,51.49999999999999,6.0,0.0,462.20000000000005,40.58,159.52,14.0,0.0,979.32,36.66,62.5,17.0,0.0,1469.78,27.670000000000005,41.78,0.0,4.0,411.38,26.130000000000003,402.96000000000004,21.0,9.0,3405.16,40.58
United States,Texas,Wheat,2001,winter,622.8499999999999,14.0,38.0,3106.2699999999995,97.00999999999999,64.24000000000001,0.0,0.0,446.67,45.08,68.62,12.0,0.0,1123.84,24.729999999999997,346.03000000000003,14.0,12.0,1392.2499999999998,97.00999999999999,102.39999999999999,0.0,22.0,569.07,29.25,307.28,12.0,4.0,2715.46,45.08
United States,Texas,Wheat,2002,winter,430.87000000000006,2.0,37.0,3568.01,92.36,7.460000000000001,7.0,0.0,445.12,3.9699999999999998,161.53,11.0,0.0,1050.73,65.08,252.68,0.0,2.0,1475.37,92.36,54.290000000000006,0.0,17.0,504.9100000000001,26.509999999999998,292.89,20.0,18.0,3083.58,65.08
United States,Texas,Wheat,2003,winter,446.88,3.0,25.0,3441.62,58.86,12.749999999999998,9.0,0.0,406.82,6.949999999999999,174.88,9.0,0.0,1023.4200000000001,72.53999999999999,287.06,3.0,2.0,1452.3,58.86,48.050000000000004,0.0,13.0,492.93000000000006,19.22,299.4,18.0,10.0,2926.63,72.53999999999999
United States,Texas,Wheat,2004,winter,531.3299999999999,1.0,24.0,3304.8900000000003,58.12,45.499999999999986,0.0,0.0,408.48,22.36,239.12000000000006,6.0,0.0,939.7599999999999,103.66000000000001,199.93,1.0,2.0,1338.3600000000001,49.919999999999995,8.559999999999999,0.0,10.0,432.65,6.63,607.46,6.0,12.0,2882.12,103.65999999999998
United States,Texas,Wheat,2005,winter,543.53,1.0,18.0,3447.96,85.21,54.33,0.0,0.0,394.94000000000005,34.32,86.45,21.0,0.0,1095.96,45.94,334.35,1.0,2.0,1320.7999999999997,85.21,32.870000000000005,0.0,10.0,382.48,11.22,317.09000000000003,21.0,6.0,3235.58,45.940000000000005
United States,Texas,Wheat,2006,winter,243.87,22.0,16.0,3763.31,34.760000000000005,124.70000000000002,0.0,0.0,477.78999999999996,56.42,67.94,16.0,0.0,1183.7799999999997,41.050000000000004,58.739999999999995,18.0,1.0,1411.17,15.75,10.98,0.0,9.0,436.03,8.25,366.78999999999996,20.0,6.0,3577.6799999999994,56.42000000000001
United States,Texas,Wheat,2007,winter,537.46,4.0,37.0,3471.5,74.57,94.92999999999999,0.0,0.0,370.69,54.489999999999995,390.5200000000001,0.0,0.0,897.0500000000002,106.44000000000003,170.97,4.0,5.0,1544.6499999999999,43.56,70.35000000000001,0.0,8.0,388.68999999999994,33.120000000000005,781.5899999999999,0.0,24.0,2805.9,106.44000000000003
United States,Texas,Wheat,2008,winter,314.76,0.0,33.0,3682.6600000000003,51.25000000000001,88.89999999999999,1.0,0.0,472.1099999999999,68.57000000000001,34.83,32.0,0.0,1180.1399999999999,14.84,132.79,0.0,3.0,1474.47,51.25000000000001,16.25,0.0,14.0,470.67,7.68,289.44999999999993,33.0,16.0,3389.77,68.57000000000001
United States,Texas,Wheat,2009,winter,343.88,2.0,23.0,3861.5199999999995,83.11,33.97,1.0,0.0,347.77,20.86,83.42,19.0,0.0,1133.96,25.66,89.42999999999999,2.0,2.0,1604.46,34.64,15.180000000000001,0.0,8.0,405.22999999999996,9.75,356.65999999999997,20.0,13.0,3333.56,83.11
United States,Texas,Wheat,2010,winter,720.37,2.0,52.0,3330.39,84.61,23.790000000000003,0.0,0.0,424.34000000000003,13.34,79.19999999999999,15.0,0.0,1057.68,33.05,430.57,2.0,15.0,1553.3999999999999,84.61,158.63,0.0,32.0,630.8599999999999,70.83,234.16,15.0,5.0,2628.15,33.589999999999996
United States,Texas,Wheat,2011,winter,297.02000000000004,10.0,33.0,3907.67,128.98,50.71,4.0,0.0,454.17,37.11,36.31999999999999,36.0,0.0,1197.7500000000002,21.93,187.42000000000002,1.0,1.0,1577.3600000000001,128.98,73.23,0.0,13.0,491.35999999999996,36.36,123.4,49.0,19.0,3490.87,37.11
United States,Texas,Wheat,2012,winter,494.21999999999997,20.0,16.0,3718.8799999999997,89.87,101.19,3.0,0.0,402.94000000000005,41.349999999999994,50.910000000000004,19.0,0.0,1133.02,25.740000000000002,143.62000000000003,17.0,0.0,1508.36,89.87,97.51,0.0,9.0,419.08000000000004,42.21,405.19000000000005,25.0,7.0,3327.4,69.91
United States,Texas,Wheat,2013,winter,324.4799999999999,8.0,30.0,3757.3399999999997,68.17,59.599999999999994,1.0,0.0,469.21999999999997,32.22,76.55,19.0,0.0,1051.1699999999998,38.03,132.14999999999998,8.0,0.0,1472.5699999999997,44.69,15.18,0.0,15.0,397.00999999999993,4.47,313.30000000000007,20.0,15.0,3408.1500000000005,68.17
United States,Texas,Wheat,2014,winter,362.90999999999997,8.0,53.0,3567.19,71.49,63.97,2.0,0.0,507.84000000000003,48.95,172.10999999999999,2.0,0.0,989.44,87.44,286.28999999999996,8.0,18.0,1515.23,71.49,32.85,0.0,27.0,646.5600000000001,27.8,279.85,4.0,8.0,2902.6800000000003,87.44
United States,Texas,Wheat,2015,winter,449.0,8.0,38.0,3303.51,51.05,109.00999999999999,0.0,0.0,366.19,47.55,225.61,0.0,0.0,1007.5,78.59,223.26999999999998,8.0,7.0,1485.5300000000002,51.05,76.58,0.0,14.0,407.84999999999997,35.29,483.77,0.0,17.0,2783.82,78.59
United States,Texas,Wheat,2016,winter,638.47,16.0,19.0,3696.58,140.35000000000002,68.64,0.0,0.0,440.91999999999996,31.76,176.69,2.0,0.0,991.19,55.400000000000006,264.22,16.0,2.0,1375.34,140.35000000000002,87.50999999999999,0.0,1.0,318.36,51.73,532.07,2.0,16.0,3434.9900000000007,69.71
United States,Texas,Wheat,2017,winter,483.21000000000004,2.0,12.0,3600.7999999999997,66.84,9.129999999999999,0.0,0.0,477.05,3.77,162.24,12.0,0.0,998.8699999999998,41.730000000000004,191.15,2.0,0.0,1387.11,66.84,41.1,0.0,7.0,299.09999999999997,29.61,422.33000000000004,12.0,5.0,3390.5099999999998,45.13
United States,Texas,Wheat,2018,winter,279.97,10.0,28.0,3627.55,64.62,67.64000000000001,1.0,0.0,473.46999999999997,53.24,59.7,34.0,0.0,1165.65,28.75,93.47,10.0,0.0,1435.16,33.08,41.73,0.0,12.0,377.20000000000005,19.980000000000004,272.11,35.0,16.0,3454.3100000000004,64.62
United States,Texas,Wheat,2019,winter,768.0899999999999,2.0,28.0,3294.1400000000003,170.88,116.60000000000001,0.0,0.0,368.25,58.459999999999994,123.36000000000001,3.0,0.0,1010.66,24.259999999999998,553.2099999999999,2.0,8.0,1462.99,170.88,78.69,0.0,11.0,442.26000000000005,32.24,376.15,3.0,9.0,2767.8,58.459999999999994
United States,Texas,Wheat,2020,winter,414.25,34.0,15.0,3421.17,62.239999999999995,66.16999999999999,2.0,0.0,502.88,38.769999999999996,106.44999999999999,7.0,0.0,1135.2800000000002,38.849999999999994,90.71999999999998,34.0,5.0,1404.73,16.99,14.979999999999999,0.0,4.0,373.0,8.969999999999999,481.17,9.0,6.0,3281.6,62.239999999999995
United States,Texas,Wheat,2021,winter,358.17,5.0,29.0,3533.49,59.080000000000005,122.85999999999999,0.0,0.0,348.28999999999996,69.35000000000001,165.39000000000001,7.0,0.0,971.3600000000001,40.7,186.59999999999997,4.0,3.0,1472.49,59.080000000000005,73.05000000000001,0.0,15.0,503.63,47.0,386.77,8.0,11.0,2877.02,69.35
United States,Texas,Wheat,2022,winter,229.31,14.0,32.0,3871.130000000001,49.59,14.84,11.0,0.0,470.25000000000006,12.43,90.63000000000001,34.0,0.0,1165.5100000000002,41.72,157.02,11.0,0.0,1479.2900000000002,49.59,10.889999999999999,0.0,1.0,276.76,5.42,166.87,48.0,31.0,3750.84,41.72
United States,Texas,Wheat,2023,winter,328.68,10.0,22.0,3554.16,58.620000000000005,80.38000000000001,1.0,0.0,416.86,30.57,88.72,22.0,0.0,1057.04,25.29,190.57,9.0,1.0,1491.0100000000002,58.620000000000005,12.069999999999999,0.0,7.0,304.47,5.55,295.14,24.0,14.0,3232.58,30.57
United States,Texas,Wheat,2024,winter,492.06000000000006,19.0,14.0,3575.82,88.35,159.38,0.0,0.0,348.61999999999995,59.11,136.89,18.0,0.0,1074.8,44.34,222.85000000000002,18.0,0.0,1291.39,88.35,22.65,0.0,1.0,359.79,10.24,542.8299999999999,19.0,13.0,3348.06,59.11
United States,Texas,Wheat,2025,winter,272.32,18.0,28.0,3716.8700000000003,39.300000000000004,49.22,5.0,0.0,422.88,22.06,191.24,16.0,0.0,1098.3500000000001,59.43,77.51,17.0,0.0,1312.9299999999998,39.300000000000004,22.340000000000003,0.0,0.0,329.68000000000006,11.29,412.93,22.0,28.0,3595.4900000000002,59.43
United States,Texas,Barley,1990,spring,234.53000000000003,19.0,0.0,1696.7800000000002,67.19,2.27,14.0,0.0,416.10999999999996,1.25,239.01,29.0,0.0,1877.25,46.33,187.70000000000005,0.0,0.0,912.25,67.19,21.0,4.0,0.0,251.32999999999998,16.150000000000002,267.11000000000007,58.0,0.0,2826.5600000000004,46.33
United States,Texas,Barley,1991,spring,312.82,2.0,0.0,1635.96,48.20000000000001,19.040000000000003,3.0,0.0,394.0299999999999,10.61,224.21,33.0,0.0,1884.8100000000002,26.099999999999998,154.14999999999998,0.0,0.0,863.98,47.57,33.86000000000001,1.0,0.0,274.39,16.93,368.05999999999995,37.0,0.0,2776.43,48.2
United States,Texas,Barley,1992,spring,300.44999999999993,0.0,0.0,1635.99,48.29,48.81,0.0,0.0,369.23999999999995,29.15,121.53000000000002,17.0,0.0,2031.4099999999999,23.979999999999997,126.97,0.0,0.0,999.3199999999999,41.28,117.13000000000002,0.0,0.0,245.34,48.29,226.69,17.0,0.0,2791.9799999999996,29.149999999999995
United States,Texas,Barley,1993,spring,219.23999999999998,3.0,0.0,1711.67,43.39,78.06,0.0,0.0,359.59000000000003,36.38,95.71000000000001,52.0,0.0,2103.44,51.25999999999999,142.44,0.0,0.0,1033.89,43.39,29.27,0.0,0.0,315.68,16.09,221.3,55.0,0.0,2825.13,51.25999999999999
United States,Texas,Barley,1994,spring,242.35999999999999,5.0,0.0,1739.4900000000005,61.36,12.61,11.0,0.0,425.08,9.17,144.04,51.0,0.0,2043.2,20.28,164.24,1.0,0.0,891.45,61.36,34.870000000000005,0.0,0.0,324.36000000000007,23.740000000000002,199.89999999999998,66.0,0.0,2991.9600000000005,20.28
United States,Texas,Barley,1995,spring,284.47,4.0,0.0,1733.5199999999998,59.58,41.660000000000004,3.0,0.0,367.9599999999999,34.54,189.84000000000003,41.0,0.0,1942.22,50.64,146.16,2.0,0.0,948.88,52.1,43.120000000000005,1.0,0.0,288.55,19.85,326.69,45.0,0.0,2806.2700000000004,59.58
United States,Texas,Barley,1996,spring,216.16,24.0,0.0,1899.0399999999997,31.41,13.45,12.0,0.0,392.76000000000005,9.74,306.47,31.0,0.0,1899.5300000000002,54.47,111.30999999999999,3.0,0.0,1009.39,30.37,0.33,10.0,0.0,288.13,0.27,424.44,54.0,0.0,2893.81,54.47
United States,Texas,Barley,1997,spring,314.75000000000006,0.0,2.0,1618.6000000000004,63.06,85.04,0.0,0.0,374.9100000000001,75.66000000000001,71.16,61.0,0.0,2093.9000000000005,18.31,195.68000000000004,0.0,2.0,1008.6399999999999,63.06,31.389999999999997,0.0,0.0,317.27,13.629999999999999,243.88,61.0,0.0,2761.5,75.66000000000001
United States,Texas,Barley,1998,spring,98.50999999999999,27.0,0.0,1959.83,33.29,2.56,14.0,0.0,417.18,1.42,227.42000000000002,49.0,0.0,1975.63,44.21,26.339999999999996,7.0,0.0,1155.1699999999998,10.85,21.419999999999998,6.0,0.0,235.21,21.33,280.73,77.0,0.0,2962.26,44.209999999999994
United States,Texas,Barley,1999,spring,186.78,7.0,0.0,1707.9300000000003,48.11,35.42,4.0,0.0,340.73999999999995,27.28,77.46,55.0,0.0,2110.38,39.84,94.61,2.0,0.0,895.66,48.11,19.65,0.0,0.0,297.06999999999994,10.3,185.39999999999998,64.0,0.0,2966.3199999999997,39.839999999999996
United States,Texas,Oats,1990,spring,234.51000000000002,8.0,0.0,1356.2,67.19,0.02,14.0,0.0,428.65,0.02,241.28000000000003,40.0,0.0,2205.29,46.33,170.57999999999998,0.0,0.0,708.4799999999999,67.19,21.28,2.0,0.0,355.27,14.559999999999999,283.95000000000005,60.0,0.0,2926.39,46.33
United States,Texas,Oats,1991,spring,218.42,2.0,0.0,1360.38,47.57,94.42999999999998,0.0,0.0,356.98999999999995,48.199999999999996,243.22,36.0,0.0,2197.43,26.099999999999998,112.16000000000001,0.0,0.0,664.4200000000001,47.57,58.9,0.0,0.0,379.83,33.07,385.01,38.0,0.0,2870.55,48.2
United States,Texas,Oats,1992,spring,251.95,0.0,0.0,1329.05,48.29,49.13,0.0,0.0,390.61,23.07,169.70999999999998,17.0,0.0,2316.9800000000005,29.15,59.550000000000004,0.0,0.0,833.8499999999999,19.040000000000003,138.68,0.0,0.0,310.62,48.29,272.56,17.0,0.0,2892.1700000000005,40.47
United States,Texas,Oats,1993,spring,172.04999999999998,3.0,0.0,1458.01,43.39,70.26,0.0,0.0,312.40999999999997,34.28,150.7,52.0,0.0,2404.2799999999997,51.25999999999999,141.37,0.0,0.0,803.1700000000001,43.39,22.259999999999998,0.0,0.0,436.74,16.09,229.38,55.0,0.0,2934.7899999999995,51.25999999999999
United States,Texas,Oats,1994,spring,219.99,1.0,0.0,1427.2499999999998,61.36,25.57,4.0,0.0,396.05,14.6,153.45,62.0,0.0,2384.4700000000003,20.28,57.56000000000001,1.0,0.0,747.4300000000001,29.990000000000002,115.24999999999999,0.0,0.0,377.63,61.36,226.2,66.0,0.0,3082.71,23.740000000000002
United States,Texas,Oats,1995,spring,251.27,3.0,0.0,1415.6,59.58,33.67,1.0,0.0,396.74,32.98,231.03000000000003,44.0,0.0,2231.36,50.64,129.47,0.0,0.0,756.4000000000001,52.1,38.96,3.0,0.0,388.21,18.310000000000002,347.54,45.0,0.0,2899.09,59.58
United States,Texas,Oats,1996,spring,182.73999999999998,17.0,0.0,1574.5399999999997,30.37,34.82,10.0,0.0,410.2699999999999,29.52,318.5199999999999,40.0,0.0,2206.5200000000004,54.47,102.22000000000001,3.0,0.0,847.3399999999999,30.37,9.149999999999999,7.0,0.0,366.15999999999997,8.37,424.71000000000004,57.0,0.0,2977.83,54.47
United States,Texas,Oats,1997,spring,231.0,0.0,2.0,1350.5600000000002,63.06,85.90000000000002,0.0,0.0,352.67,57.08,154.05,61.0,0.0,2384.1800000000003,75.66,164.31,0.0,2.0,839.74,63.06,60.71000000000001,0.0,0.0,345.91999999999996,21.040000000000003,245.93,61.0,0.0,2901.75,75.66000000000001
United States,Texas,Oats,1998,spring,63.93,21.0,0.0,1663.8799999999997,22.709999999999997,34.61,9.0,0.0,380.7800000000001,33.29,229.95000000000005,60.0,0.0,2307.98,44.209999999999994,26.04,4.0,0.0,954.4399999999999,10.85,0.39,9.0,0.0,361.30999999999995,0.27999999999999997,302.06000000000006,77.0,0.0,3036.8900000000003,44.209999999999994
United States,Texas,Oats,1999,spring,158.02,4.0,0.0,1440.3499999999997,48.11,41.230000000000004,3.0,0.0,329.91,15.759999999999998,100.40999999999998,59.0,0.0,2388.7900000000004,39.84,43.97,2.0,0.0,673.1200000000001,24.85,61.099999999999994,0.0,0.0,406.16,48.11,194.59,64.0,0.0,3079.7700000000004,39.839999999999996
United States,Texas,Oats,2000,spring,186.5,13.0,0.0,1463.0199999999998,40.58,75.31000000000002,0.0,0.0,290.3599999999999,36.66,67.68,82.0,0.0,2471.1600000000003,27.81,96.04,1.0,0.0,731.0599999999998,40.58,38.589999999999996,6.0,0.0,352.44,29.549999999999997,194.86,88.0,0.0,3141.04,36.66
United States,Texas,Oats,2001,spring,123.92,2.0,0.0,1389.64,45.08,29.46,4.0,0.0,395.09999999999997,24.729999999999997,209.25000000000003,54.0,0.0,2392.27,47.47,64.03999999999999,0.0,0.0,625.8299999999999,34.59,36.769999999999996,0.0,0.0,411.40000000000003,18.99,261.82,60.0,0.0,3139.78,47.47
United States,Texas,Oats,2002,spring,87.11,9.0,0.0,1381.96,34.15,36.28,6.0,0.0,362.40999999999997,29.98,345.65999999999997,26.0,0.0,2245.5400000000004,104.55,26.589999999999996,6.0,0.0,578.9499999999999,19.31,7.03,3.0,0.0,343.78999999999996,3.9699999999999998,435.43000000000006,32.0,0.0,3067.17,104.55
United States,Texas,Oats,2003,spring,134.81,14.0,0.0,1446.27,72.53999999999999,54.510000000000005,0.0,0.0,353.45000000000005,26.52,188.1,42.0,0.0,2235.9800000000005,43.06,15.24,0.0,0.0,737.27,6.949999999999999,3.4499999999999997,10.0,0.0,312.95000000000005,2.53,358.72999999999996,46.0,0.0,2985.48,72.53999999999999
United States,Texas,Oats,2004,spring,204.15,6.0,0.0,1310.1299999999999,48.38999999999999,110.15,0.0,0.0,330.97999999999996,103.66000000000001,256.03000000000003,16.0,0.0,2222.89,55.48,157.47,0.0,0.0,713.3,48.38999999999999,18.46,0.0,0.0,328.18,15.96,394.4,22.0,0.0,2822.5200000000004,103.66000000000001
United States,Texas,Oats,2005,spring,152.95000000000002,5.0,0.0,1442.78,45.94,0.44000000000000006,6.0,0.0,382.39000000000004,0.41000000000000003,189.82999999999996,56.0,0.0,2278.2200000000003,55.660000000000004,57.16,0.0,0.0,847.5400000000002,32.19,11.55,5.0,0.0,374.76,7.37,274.51,62.0,0.0,2881.09,55.660000000000004
United States,Texas,Oats,2006,spring,168.7,9.0,0.0,1598.1700000000003,56.42,42.99,11.0,0.0,422.03999999999996,41.050000000000004,122.19999999999997,47.0,0.0,2356.33,22.73,81.84,4.0,0.0,721.4300000000001,39.14,81.38999999999999,2.0,0.0,452.96000000000004,56.42,170.66,61.0,0.0,3202.1499999999996,41.050000000000004
United States,Texas,Oats,2007,spring,283.98999999999995,0.0,1.0,1261.31,89.29,92.92,0.0,0.0,341.47,67.87,408.66,0.0,0.0,2091.99,106.44000000000001,118.89999999999999,0.0,1.0,705.4499999999999,54.489999999999995,136.28,0.0,0.0,361.01,89.29,530.39,0.0,0.0,2628.3100000000004,106.44000000000001
United States,Texas,Oats,2008,spring,164.89,13.0,0.0,1579.2800000000002,68.57000000000001,15.1,13.0,0.0,402.78000000000003,14.509999999999998,143.51,40.0,0.0,2316.100000000001,25.75,80.78999999999999,0.0,0.0,806.34,31.57,82.16999999999999,3.0,0.0,420.56,68.57000000000001,160.54000000000002,63.0,0.0,3071.2599999999998,25.75
United States,Texas,Oats,2009,spring,196.71,1.0,0.0,1416.6800000000003,61.83,26.060000000000006,10.0,0.0,378.55999999999995,25.66,252.37,59.0,0.0,2206.8599999999997,84.61,125.4,0.0,0.0,699.3500000000001,61.83,45.83,1.0,0.0,392.96,22.78,303.91,69.0,0.0,2909.79,84.61
United States,Texas,Oats,2010,spring,114.12,2.0,0.0,1400.22,33.589999999999996,6.1,8.0,0.0,363.52000000000004,5.52,331.71999999999997,45.0,0.0,2290.9,128.98,58.37,0.0,0.0,797.46,33.589999999999996,26.88,0.0,0.0,303.33000000000004,13.34,366.68999999999994,55.0,0.0,2953.8500000000004,128.98
United States,Texas,Oats,2011,spring,82.63,26.0,0.0,1584.6599999999999,37.11,0.09,15.0,0.0,431.26000000000005,0.06,51.859999999999985,85.0,0.0,2532.06,21.869999999999997,24.360000000000003,10.0,0.0,735.1999999999998,13.26,44.00000000000001,3.0,0.0,405.24,37.11,66.22,113.0,0.0,3407.54,21.93
United States,Texas,Oats,2012,spring,112.74000000000001,11.0,0.0,1506.7900000000002,41.349999999999994,46.77,6.0,0.0,358.8,25.46,217.23999999999998,53.0,0.0,2359.18,44.68999999999999,7.890000000000001,3.0,0.0,704.8600000000001,3.38,101.16,3.0,0.0,391.45,41.349999999999994,267.7,64.0,0.0,3128.46,44.68999999999999
United States,Texas,Oats,2013,spring,152.55,5.0,0.0,1411.7099999999998,38.03,27.860000000000003,7.0,0.0,374.64,13.75,257.15000000000003,49.0,0.0,2314.7400000000002,84.78,74.86,0.0,0.0,800.4699999999999,33.89,73.68,1.0,0.0,360.28999999999996,38.03,289.02,60.0,0.0,2940.33,84.78
United States,Texas,Oats,2014,spring,187.51999999999998,2.0,0.0,1481.64,87.44,52.36000000000001,0.0,0.0,355.94,28.29,187.08,53.0,0.0,2230.65,51.05,24.860000000000003,2.0,0.0,803.57,11.07,65.88000000000001,0.0,0.0,398.13,48.95,336.22,53.0,0.0,2866.5299999999997,87.44
United States,Texas,Oats,2015,spring,326.77,0.0,0.0,1231.55,78.59,45.42,0.0,0.0,372.19999999999993,32.25,71.41,59.0,0.0,2425.67,15.82,66.57,0.0,0.0,651.57,27.85,128.18,0.0,0.0,268.26,47.55,248.85000000000002,59.0,0.0,3109.59,78.59
United States,Texas,Oats,2016,spring,358.13000000000005,0.0,0.0,1296.98,55.400000000000006,3.4499999999999997,1.0,0.0,405.71,2.9,276.7800000000001,41.0,0.0,2350.0700000000006,78.41,140.25,0.0,0.0,762.6700000000002,49.35,101.5,0.0,0.0,313.11,52.71,396.61,42.0,0.0,2976.9800000000005,78.41
United States,Texas,Oats,2017,spring,208.65,1.0,0.0,1386.9799999999998,43.74,2.79,6.0,0.0,395.25,1.6600000000000001,244.01999999999995,49.0,0.0,2282.47,61.0,85.18,0.0,0.0,761.24,43.74,57.34,0.0,0.0,346.69,41.73,312.94,56.0,0.0,2956.7699999999995,61.0
United States,Texas,Oats,2018,spring,131.0,13.0,0.0,1578.66,53.24,7.59,12.0,0.0,382.97,6.369999999999999,269.33,60.0,0.0,2270.6499999999996,45.18,66.7,0.0,0.0,821.99,53.24,33.47,2.0,0.0,367.0699999999999,19.330000000000002,307.75,83.0,0.0,3043.22,45.18
United States,Texas,Oats,2019,spring,251.8,0.0,0.0,1333.07,58.459999999999994,54.93000000000001,3.0,0.0,376.3,24.259999999999998,96.44000000000001,74.0,0.0,2429.7200000000003,18.99,170.1,0.0,0.0,751.7700000000001,58.459999999999994,57.870000000000005,0.0,0.0,361.25,34.82,175.2,77.0,0.0,3026.07,24.259999999999998
United States,Texas,Oats,2020,spring,198.61,3.0,0.0,1498.9899999999998,38.849999999999994,8.1,6.0,0.0,430.34999999999997,7.550000000000001,229.48,55.0,0.0,2260.74,59.080000000000005,76.62,2.0,0.0,764.76,27.09,64.48,1.0,0.0,417.03999999999996,38.769999999999996,295.09,61.0,0.0,3008.2799999999997,59.080000000000005
United States,Texas,Oats,2021,spring,277.27,1.0,0.0,1181.94,69.35,10.55,3.0,0.0,395.27,7.34,224.19999999999996,41.0,0.0,2280.0399999999995,49.59,101.45,1.0,0.0,688.73,69.35,85.52,0.0,0.0,295.83000000000004,30.12,325.05,44.0,0.0,2872.69,49.59
United States,Texas,Oats,2022,spring,101.17999999999999,25.0,0.0,1513.4500000000003,41.72,0.0,15.0,0.0,424.3499999999999,0.0,171.34000000000003,69.0,0.0,2439.3399999999997,44.33,21.66,3.0,0.0,674.9100000000001,7.37,13.630000000000003,10.0,0.0,349.05,12.43,237.23000000000002,96.0,0.0,3353.18,44.33
United States,Texas,Oats,2023,spring,192.82,2.0,0.0,1362.7800000000004,30.57,16.72,12.0,0.0,357.27,5.14,88.29999999999997,86.0,0.0,2469.75,38.34,72.27000000000001,2.0,0.0,709.7999999999998,18.73,75.55000000000001,0.0,0.0,347.2,30.57,150.01999999999998,98.0,0.0,3132.7999999999997,38.34
United States,Texas,Oats,2024,spring,324.83,4.0,0.0,1281.7199999999998,59.11,39.17,7.0,0.0,366.49000000000007,21.07,191.4,65.0,0.0,2396.13,80.47999999999999,111.25,1.0,0.0,611.42,32.419999999999995,118.03999999999999,0.0,0.0,304.36,51.34,326.11,75.0,0.0,3128.5599999999995,80.48
United States,Texas,Oats,2025,spring,220.19,10.0,0.0,1410.02,41.190000000000005,79.35000000000001,3.0,0.0,384.59000000000003,59.43,338.13000000000005,43.0,0.0,2258.2899999999995,125.82,79.85,1.0,0.0,664.96,24.88,34.44,6.0,0.0,337.7,22.06,523.38,49.0,0.0,3050.24,125.82
United States,Washington,Wheat,1990,winter,737.8100000000002,0.0,158.0,2207.6,82.5,25.83,0.0,4.0,380.71000000000004,7.279999999999999,116.19000000000001,0.0,0.0,811.8599999999999,16.77,879.8299999999999,0.0,162.0,3400.17,82.5,0.0,0.0,0.0,0.0,0.0,0.0,0.0,0.0,0.0,0.0
United States,Washington,Wheat,1991,winter,871.09,0.0,175.0,2184.5199999999995,79.13999999999999,49.25,0.0,5.0,317.67,24.880000000000003,89.07,0.0,2.0,834.6199999999999,30.870000000000005,1009.4100000000001,0.0,182.0,3336.8100000000004,79.13999999999999,0.0,0.0,0.0,0.0,0.0,0.0,0.0,0.0,0.0,0.0
United States,Washington,Wheat,1992,winter,612.56,0.0,160.0,2291.22,34.32,23.840000000000003,0.0,4.0,407.97,11.200000000000001,73.80000000000001,0.0,0.0,992.8699999999999,39.0,709.61,0.0,164.0,3668.27,39.0,0.59,0.0,0.0,23.79,0.59,0.0,0.0,0.0,0.0,0.0
United States,Washington,Wheat,1993,winter,613.27,0.0,177.0,2085.71,37.18,38.04,0.0,3.0,350.54999999999995,12.84,97.40999999999998,0.0,0.0,830.68,20.419999999999998,748.72,0.0,180.0,3266.9399999999996,37.18,0.0,0.0,0.0,0.0,0.0,0.0,0.0,0.0,0.0,0.0
United States,Washington,Wheat,1994,winter,539.29,0.0,164.0,2198.46,44.06999999999999,28.619999999999997,0.0,4.0,363.88000000000005,9.74,69.76000000000002,0.0,0.0,867.4000000000002,12.83,637.67,0.0,168.0,3429.7400000000002,44.06999999999999,0.0,0.0,0.0,0.0,0.0,0.0,0.0,0.0,0.0,0.0
United States,Washington,Wheat,1995,winter,860.0999999999999,0.0,182.0,2208.6100000000006,56.629999999999995,43.650000000000006,0.0,2.0,322.5,16.229999999999997,47.74,0.0,0.0,982.59,14.04,951.49,0.0,184.0,3513.7,56.629999999999995,0.0,0.0,0.0,0.0,0.0,0.0,0.0,0.0,0.0,0.0
United States,Washington,Wheat,1996,winter,1052.29,0.0,162.0,2043.21,89.63,40.65,0.0,13.0,339.62,14.829999999999998,56.48,0.0,1.0,955.48,12.060000000000002,1149.42,0.0,176.0,3338.3099999999995,89.63,0.0,0.0,0.0,0.0,0.0,0.0,0.0,0.0,0.0,0.0
United States,Washington,Wheat,1997,winter,987.5800000000002,0.0,179.0,2115.34,73.78,23.149999999999995,0.0,5.0,436.46999999999997,10.93,83.95,0.0,0.0,939.2,15.33,1094.6799999999998,0.0,184.0,3491.0099999999998,73.78,0.0,0.0,0.0,0.0,0.0,0.0,0.0,0.0,0.0,0.0
United States,Washington,Wheat,1998,winter,699.78,0.0,175.0,2140.6500000000005,54.25999999999999,25.89,0.0,1.0,387.99999999999994,11.520000000000001,91.37999999999998,0.0,0.0,929.7900000000002,31.39,817.05,0.0,176.0,3458.44,54.25999999999999,0.0,0.0,0.0,0.0,0.0,0.0,0.0,0.0,0.0,0.0
United States,Washington,Wheat,1999,winter,840.9200000000001,0.0,176.0,2162.38,60.97,44.25,0.0,14.0,360.74999999999994,11.780000000000001,36.279999999999994,0.0,2.0,1020.74,11.59,921.45,0.0,192.0,3543.87,60.97,0.0,0.0,0.0,0.0,0.0,0.0,0.0,0.0,0.0,0.0
United States,Washington,Wheat,2000,winter,671.02,0.0,167.0,2257.01,38.96,30.439999999999998,0.0,9.0,388.42,13.5,61.519999999999996,0.0,0.0,964.51,21.130000000000003,762.98,0.0,176.0,3609.9399999999996,38.96,0.0,0.0,0.0,0.0,0.0,0.0,0.0,0.0,0.0,0.0
United States,Washington,Wheat,2001,winter,457.22,0.0,182.0,2176.6,26.599999999999994,45.970000000000006,0.0,12.0,381.97999999999996,19.78,49.39,0.0,2.0,996.27,14.09,552.58,0.0,196.0,3554.85,26.599999999999994,0.0,0.0,0.0,0.0,0.0,0.0,0.0,0.0,0.0,0.0
United States,Washington,Wheat,2002,winter,755.3,0.0,171.0,2036.7999999999997,43.64,17.97,0.0,14.0,421.01000000000005,7.079999999999999,57.46,0.0,0.0,953.7,15.27,830.73,0.0,185.0,3411.51,43.64,0.0,0.0,0.0,0.0,0.0,0.0,0.0,0.0,0.0,0.0
United States,Washington,Wheat,2003,winter,631.8499999999999,0.0,169.0,2181.24,45.61,21.52,0.0,8.0,357.51,6.299999999999999,19.320000000000004,0.0,2.0,1025.7399999999998,4.449999999999999,672.69,0.0,179.0,3564.49,45.61,0.0,0.0,0.0,0.0,0.0,0.0,0.0,0.0,0.0,0.0
United States,Washington,Wheat,2004,winter,645.03,0.0,158.0,2225.2,50.57000000000001,21.25,0.0,0.0,395.65,7.1,65.66,0.0,0.0,981.65,14.239999999999998,731.9399999999999,0.0,158.0,3602.5,50.57000000000001,0.0,0.0,0.0,0.0,0.0,0.0,0.0,0.0,0.0,0.0
United States,Washington,Wheat,2005,winter,569.1199999999999,0.0,160.0,2179.5699999999997,55.03999999999999,66.84,0.0,0.0,322.59000000000003,41.42,58.52,0.0,1.0,953.05,13.76,694.4799999999999,0.0,161.0,3455.2099999999996,55.03999999999999,0.0,0.0,0.0,0.0,0.0,0.0,0.0,0.0,0.0,0.0
United States,Washington,Wheat,2006,winter,791.2299999999999,0.0,171.0,2100.7799999999997,61.190000000000005,8.03,0.0,8.0,461.4299999999999,5.33,97.58000000000001,0.0,0.0,918.1300000000001,21.000000000000004,896.8399999999999,0.0,179.0,3480.3399999999997,61.190000000000005,0.0,0.0,0.0,0.0,0.0,0.0,0.0,0.0,0.0,0.0
United States,Washington,Wheat,2007,winter,812.2900000000002,0.0,171.0,2124.2699999999995,119.54999999999998,16.190000000000005,0.0,7.0,434.74999999999994,9.290000000000001,57.15,0.0,0.0,991.6099999999999,18.49,885.6300000000001,0.0,178.0,3550.63,119.54999999999998,0.0,0.0,0.0,0.0,0.0,0.0,0.0,0.0,0.0,0.0
United States,Washington,Wheat,2008,winter,640.01,0.0,188.0,2142.45,84.66,16.66,0.0,9.0,386.73,5.7700000000000005,56.720000000000006,0.0,1.0,957.9300000000001,13.17,713.3899999999999,0.0,198.0,3487.1100000000006,84.66,0.0,0.0,0.0,0.0,0.0,0.0,0.0,0.0,0.0,0.0
United States,Washington,Wheat,2009,winter,621.96,0.0,174.0,2200.37,76.59,48.84,0.0,13.0,371.99000000000007,22.15,23.740000000000006,0.0,0.0,1078.8,4.82,694.54,0.0,187.0,3651.1600000000003,76.59,0.0,0.0,0.0,0.0,0.0,0.0,0.0,0.0,0.0,0.0
United States,Washington,Wheat,2010,winter,602.95,0.0,180.0,2088.8399999999997,26.720000000000006,38.88,0.0,9.0,391.37,17.7,114.66,0.0,3.0,866.6,25.58,756.49,0.0,192.0,3346.81,26.720000000000006,0.0,0.0,0.0,0.0,0.0,0.0,0.0,0.0,0.0,0.0
United States,Washington,Wheat,2011,winter,789.4600000000002,0.0,171.0,1956.25,50.32000000000001,64.89,0.0,12.0,359.32,43.57,61.759999999999984,0.0,2.0,903.85,15.620000000000001,916.1099999999999,0.0,185.0,3219.42,50.32000000000001,0.0,0.0,0.0,0.0,0.0,0.0,0.0,0.0,0.0,0.0
United States,Washington,Wheat,2012,winter,703.53,0.0,182.0,2063.89,53.88,21.790000000000003,0.0,9.0,451.31999999999994,11.299999999999999,91.89000000000001,0.0,0.0,818.93,16.23,817.21,0.0,191.0,3334.14,53.88,0.0,0.0,0.0,0.0,0.0,0.0,0.0,0.0,0.0,0.0
United States,Washington,Wheat,2013,winter,652.3299999999999,0.0,173.0,2148.61,44.64,17.19,0.0,4.0,446.25000000000006,6.44,67.77999999999999,0.0,1.0,880.49,21.5,737.3000000000001,0.0,178.0,3475.35,44.64,0.0,0.0,0.0,0.0,0.0,0.0,0.0,0.0,0.0,0.0
United States,Washington,Wheat,2014,winter,732.48,0.0,174.0,2116.29,51.02,23.860000000000003,0.0,2.0,428.19,10.37,38.89,0.0,0.0,995.0999999999999,8.01,795.23,0.0,176.0,3539.58,51.02,0.0,0.0,0.0,0.0,0.0,0.0,0.0,0.0,0.0,0.0
United States,Washington,Wheat,2015,winter,621.08,0.0,144.0,2214.4700000000003,41.980000000000004,27.26,0.0,3.0,406.11999999999995,18.959999999999997,19.870000000000005,0.0,0.0,1111.1,5.78,665.3699999999999,0.0,147.0,3546.3,41.980000000000004,2.84,0.0,0.0,185.39,2.8399999999999994,0.0,0.0,0.0,0.0,0.0
United States,Washington,Wheat,2016,winter,841.05,0.0,151.0,2139.6800000000003,72.06,19.259999999999998,0.0,0.0,421.63,11.54,60.46,0.0,0.0,989.8199999999998,16.59,920.77,0.0,151.0,3551.13,72.06,0.0,0.0,0.0,0.0,0.0,0.0,0.0,0.0,0.0,0.0
United States,Washington,Wheat,2017,winter,831.98,0.0,157.0,1952.0700000000002,52.25,47.910000000000004,0.0,10.0,364.44999999999993,15.23,33.720000000000006,0.0,0.0,1052.24,12.22,913.6099999999999,0.0,167.0,3368.7599999999998,52.25,0.0,0.0,0.0,0.0,0.0,0.0,0.0,0.0,0.0,0.0
United States,Washington,Wheat,2018,winter,763.03,0.0,181.0,2014.04,57.67,22.009999999999998,0.0,2.0,414.29,7.79,36.69999999999999,0.0,0.0,989.9100000000001,10.21,821.74,0.0,183.0,3418.24,57.67,0.0,0.0,0.0,0.0,0.0,0.0,0.0,0.0,0.0,0.0
United States,Washington,Wheat,2019,winter,564.35,0.0,167.0,2233.8900000000003,43.11000000000001,17.56,0.0,4.0,443.3,14.45,44.91,0.0,0.0,996.6100000000001,16.11,626.8199999999999,0.0,171.0,3673.7999999999997,43.11000000000001,0.0,0.0,0.0,0.0,0.0,0.0,0.0,0.0,0.0,0.0
United States,Washington,Wheat,2020,winter,642.5,0.0,175.0,2179.99,54.489999999999995,61.37,0.0,4.0,398.0199999999999,18.360000000000003,76.77,0.0,0.0,924.48,18.78,780.6400000000001,0.0,179.0,3502.49,54.489999999999995,0.0,0.0,0.0,0.0,0.0,0.0,0.0,0.0,0.0,0.0
United States,Washington,Wheat,2021,winter,704.8,0.0,176.0,2232.8999999999996,57.080000000000005,7.430000000000001,0.0,0.0,434.07000000000005,3.2399999999999998,40.96,4.0,1.0,1072.81,12.379999999999999,753.19,4.0,177.0,3739.7799999999997,57.080000000000005,0.0,0.0,0.0,0.0,0.0,0.0,0.0,0.0,0.0,0.0
United States,Washington,Wheat,2022,winter,718.4200000000001,0.0,171.0,2050.07,62.1,52.19000000000001,0.0,10.0,322.53,15.19,91.0,0.0,1.0,873.35,22.799999999999997,861.6099999999999,0.0,182.0,3245.95,62.1,0.0,0.0,0.0,0.0,0.0,0.0,0.0,0.0,0.0,0.0
United States,Washington,Wheat,2023,winter,542.48,0.0,172.0,2078.61,69.28999999999999,25.939999999999998,0.0,0.0,420.87999999999994,11.3,37.480000000000004,0.0,0.0,1054.93,17.29,605.9,0.0,172.0,3554.4199999999996,69.28999999999999,0.0,0.0,0.0,0.0,0.0,0.0,0.0,0.0,0.0,0.0
United States,Washington,Wheat,2024,winter,588.8399999999999,0.0,163.0,2137.9800000000005,47.769999999999996,20.85,0.0,7.0,422.24,11.51,72.78,0.0,2.0,953.6,27.19,682.47,0.0,172.0,3513.82,47.769999999999996,0.0,0.0,0.0,0.0,0.0,0.0,0.0,0.0,0.0,0.0
United States,Washington,Wheat,2025,winter,618.8700000000001,0.0,188.0,2165.33,41.49999999999999,17.16,0.0,8.0,410.76,7.88,21.46,0.0,3.0,1097.47,7.739999999999999,657.4899999999999,0.0,199.0,3673.5599999999995,41.49999999999999,0.0,0.0,0.0,0.0,0.0,0.0,0.0,0.0,0.0,0.0
United States,Washington,Barley,1990,spring,183.97,0.0,13.0,1320.8600000000001,24.78,11.02,0.0,0.0,322.36,4.08,71.09000000000002,0.0,0.0,1817.15,28.64,198.87,0.0,13.0,1753.41,24.78,3.7199999999999998,0.0,0.0,430.53,1.98,63.49,0.0,0.0,1276.43,28.64
United States,Washington,Barley,1991,spring,173.20000000000002,0.0,27.0,1346.1900000000003,32.17,41.35,0.0,0.0,316.92,30.870000000000005,47.81999999999999,0.0,0.0,1825.6999999999998,9.850000000000001,219.92,0.0,27.0,1999.8799999999999,32.17,10.0,0.0,0.0,437.3999999999999,4.930000000000001,32.45,0.0,0.0,1051.5299999999997,9.850000000000001
United States,Washington,Barley,1992,spring,138.08999999999997,0.0,18.0,1500.05,39.0,26.54,0.0,0.0,357.84000000000003,20.560000000000002,116.08999999999999,0.0,1.0,1715.28,24.25,139.23,0.0,18.0,1698.4899999999998,39.0,45.989999999999995,0.0,0.0,402.59,20.560000000000002,95.49999999999999,0.0,1.0,1472.0899999999997,24.25
United States,Washington,Barley,1993,spring,197.19000000000003,0.0,25.0,1287.5299999999997,20.419999999999998,18.98,0.0,0.0,306.95,9.16,76.25,0.0,1.0,1641.81,12.719999999999999,218.57,0.0,25.0,1668.73,20.419999999999998,50.86,0.0,0.0,442.05,12.719999999999999,22.99,0.0,1.0,1125.5099999999998,7.350000000000001
United States,Washington,Barley,1994,spring,140.13000000000002,0.0,20.0,1333.48,20.659999999999997,23.319999999999993,0.0,0.0,330.66999999999996,9.62,45.54,0.0,0.0,1839.75,10.440000000000001,172.38000000000002,0.0,20.0,1748.56,20.659999999999997,0.98,0.0,0.0,435.38,0.39,35.629999999999995,0.0,0.0,1319.96,10.440000000000001
United States,Washington,Barley,1995,spring,137.73000000000005,0.0,26.0,1452.3099999999997,21.45,8.98,0.0,0.0,347.45000000000005,6.03,105.89999999999999,0.0,0.0,1678.06,19.330000000000002,162.06999999999996,0.0,26.0,1908.8300000000004,21.45,17.81,0.0,0.0,437.10999999999996,9.15,72.73,0.0,0.0,1131.88,15.399999999999999
United States,Washington,Barley,1996,spring,171.72,0.0,31.0,1402.41,37.269999999999996,19.919999999999998,0.0,0.0,318.64,10.200000000000001,83.66,0.0,1.0,1775.48,18.849999999999998,195.96,0.0,31.0,2040.6100000000001,37.269999999999996,16.889999999999997,0.0,0.0,419.56,12.649999999999999,62.45,0.0,1.0,1036.36,18.849999999999998
United States,Washington,Barley,1997,spring,147.00000000000003,0.0,27.0,1533.72,24.900000000000002,24.78,0.0,0.0,332.74,9.48,110.73,0.0,0.0,1844.22,23.88,189.2,0.0,27.0,2067.0899999999997,24.900000000000002,9.81,0.0,0.0,494.09,8.08,83.5,0.0,0.0,1149.5,23.88
United States,Washington,Barley,1998,spring,137.92,0.0,21.0,1495.8100000000004,31.390000000000008,23.0,0.0,0.0,341.59000000000003,7.67,47.120000000000005,0.0,0.0,1963.3799999999999,13.78,167.44,0.0,21.0,1895.3000000000002,31.390000000000008,7.22,0.0,0.0,426.12,3.2,33.38,0.0,0.0,1479.36,13.78
United States,Washington,Barley,1999,spring,92.8,0.0,39.0,1540.6000000000004,11.780000000000001,24.13,0.0,0.0,329.53999999999996,11.59,55.37,0.0,2.0,1896.04,8.170000000000002,132.17,0.0,39.0,2363.89,11.780000000000001,12.679999999999998,0.0,0.0,407.66999999999996,8.170000000000002,27.45,0.0,2.0,994.62,7.9399999999999995
United States,Washington,Barley,2000,spring,128.23999999999998,0.0,22.0,1478.43,21.130000000000003,4.709999999999999,0.0,0.0,373.17,2.1100000000000003,72.93,0.0,1.0,1871.76,18.310000000000002,143.03,0.0,22.0,2030.53,21.130000000000003,3.1300000000000003,0.0,0.0,489.22,1.38,59.72,0.0,1.0,1203.6100000000001,18.310000000000002
United States,Washington,Barley,2001,spring,116.24,0.0,35.0,1498.39,19.78,17.91,0.0,0.0,369.12,14.09,48.23,0.0,0.0,1858.3999999999999,20.009999999999998,134.31,0.0,35.0,2136.2900000000004,19.78,13.77,0.0,0.0,456.84000000000003,4.370000000000001,34.3,0.0,0.0,1132.78,20.009999999999998
United States,Washington,Barley,2002,spring,119.34000000000002,0.0,34.0,1491.3400000000001,24.119999999999997,19.33,0.0,0.0,359.4700000000001,15.27,30.39,0.0,0.0,1942.1299999999999,7.840000000000001,148.19,0.0,34.0,2084.21,24.119999999999997,2.14,0.0,0.0,428.07,0.8300000000000001,18.73,0.0,0.0,1280.66,2.98
United States,Washington,Barley,2003,spring,92.17,0.0,28.0,1464.5199999999998,18.009999999999998,7.159999999999998,0.0,0.0,357.77,4.45,23.160000000000004,0.0,0.0,1995.0,6.35,99.50999999999999,0.0,28.0,1962.6900000000003,18.009999999999998,1.94,0.0,0.0,442.16,1.28,21.040000000000006,0.0,0.0,1412.4399999999998,6.35
United States,Washington,Barley,2004,spring,107.33999999999999,0.0,8.0,1534.0999999999997,14.239999999999998,2.66,0.0,0.0,403.39000000000004,1.5299999999999998,142.46,0.0,0.0,1770.3399999999997,35.79,108.35999999999999,0.0,8.0,1805.7399999999998,14.239999999999998,5.72,0.0,0.0,469.88000000000005,1.9100000000000001,138.38000000000002,0.0,0.0,1432.21,35.79
United States,Washington,Barley,2005,spring,166.03999999999994,0.0,19.0,1417.81,41.42,9.329999999999998,0.0,0.0,337.17999999999995,5.17,66.96000000000001,0.0,0.0,1936.42,33.779999999999994,175.37999999999997,0.0,19.0,1785.1300000000003,41.42,15.79,0.0,0.0,451.08,7.63,51.16,0.0,0.0,1455.1999999999998,33.779999999999994
United States,Washington,Barley,2006,spring,150.33999999999997,0.0,29.0,1445.7,21.000000000000004,0.12999999999999998,0.0,0.0,428.24,0.07,38.839999999999996,0.0,0.0,1934.3,11.76,153.41000000000003,0.0,29.0,1945.4099999999999,21.000000000000004,3.78,0.0,0.0,438.17,2.67,32.12,0.0,0.0,1424.66,11.76
United States,Washington,Barley,2007,spring,94.31,0.0,27.0,1547.3899999999999,18.489999999999995,11.329999999999998,0.0,0.0,370.6600000000001,6.02,47.73,0.0,1.0,1842.98,16.5,105.64000000000001,0.0,27.0,2069.7,18.489999999999995,14.18,0.0,0.0,364.73,9.129999999999999,33.550000000000004,0.0,1.0,1326.6,16.5
United States,Washington,Barley,2008,spring,101.69999999999999,0.0,34.0,1451.85,13.17,8.030000000000001,0.0,0.0,379.89000000000004,6.48,53.29,0.0,1.0,1834.7199999999998,12.48,112.75,0.0,34.0,2146.8599999999997,13.17,5.73,0.0,0.0,488.76,2.7700000000000005,44.54,0.0,1.0,1030.84,12.48
United States,Washington,Barley,2009,spring,107.24000000000001,0.0,37.0,1582.9499999999998,22.15,7.83,0.0,0.0,388.34,4.82,49.81999999999999,0.0,0.0,1861.97,18.939999999999998,116.81000000000002,0.0,37.0,2096.6399999999994,22.15,5.2,0.0,0.0,436.61,3.58,42.879999999999995,0.0,0.0,1300.0100000000002,18.939999999999998
United States,Washington,Barley,2010,spring,206.79000000000002,0.0,31.0,1346.55,25.58,14.09,0.0,0.0,330.86,10.249999999999998,102.22,0.0,0.0,1824.47,22.23,222.82999999999998,0.0,31.0,2082.57,25.58,19.14,0.0,0.0,434.18000000000006,15.540000000000001,81.13,0.0,0.0,985.1300000000001,22.23
United States,Washington,Barley,2011,spring,183.91,0.0,41.0,1388.11,43.57,10.379999999999999,0.0,0.0,342.46000000000004,3.79,49.47,0.0,0.0,1836.59,12.899999999999999,219.50000000000003,0.0,41.0,2244.37,43.57,1.1700000000000002,0.0,0.0,469.81,0.52,23.09,0.0,0.0,852.9800000000002,12.899999999999999
United States,Washington,Barley,2012,spring,141.37000000000003,0.0,30.0,1445.7400000000002,20.69,30.16,0.0,0.0,287.58000000000004,12.96,32.300000000000004,0.0,0.0,1916.8299999999997,10.4,176.98000000000002,0.0,30.0,2030.98,20.69,21.68,0.0,0.0,400.33000000000004,10.399999999999999,5.170000000000001,0.0,0.0,1218.8400000000001,3.5500000000000003
United States,Washington,Barley,2013,spring,131.90000000000003,0.0,23.0,1520.9899999999998,26.560000000000002,28.009999999999994,0.0,0.0,281.65,10.64,162.3,0.0,0.0,1790.67,51.02,160.21999999999997,0.0,23.0,1885.33,26.560000000000002,2.08,0.0,0.0,470.0,1.34,159.91,0.0,0.0,1237.98,51.02
United States,Washington,Barley,2014,spring,109.61000000000001,0.0,21.0,1571.4000000000003,19.32,11.549999999999997,0.0,0.0,352.97999999999996,8.01,108.4,0.0,0.0,1819.8099999999997,38.489999999999995,121.47999999999999,0.0,21.0,1997.0600000000002,19.32,2.2800000000000002,0.0,0.0,399.98,1.0099999999999998,105.80000000000001,0.0,0.0,1347.15,38.489999999999995
United States,Washington,Barley,2015,spring,67.78000000000002,0.0,24.0,1649.7699999999998,18.959999999999997,3.4399999999999995,0.0,0.0,408.67999999999995,2.8399999999999994,38.96,0.0,1.0,1795.1000000000001,10.299999999999999,68.38000000000002,0.0,24.0,1831.8,18.959999999999997,3.14,0.0,0.0,402.41,2.8399999999999994,38.66,0.0,1.0,1619.3400000000001,10.299999999999999
United States,Washington,Barley,2016,spring,83.56,0.0,7.0,1601.0600000000002,16.59,21.3,0.0,0.0,368.21,14.799999999999999,53.23,0.0,0.0,1796.7399999999998,11.25,104.56,0.0,7.0,1803.6900000000005,16.59,10.02,0.0,0.0,447.58000000000004,5.09,43.50999999999999,0.0,0.0,1514.7399999999998,11.25
United States,Washington,Barley,2017,spring,164.48,0.0,30.0,1457.1400000000003,24.419999999999998,1.0700000000000003,0.0,0.0,417.04,0.8500000000000001,22.139999999999997,0.0,0.0,1929.3500000000001,10.79,165.57999999999998,0.0,30.0,1992.7599999999998,24.419999999999998,0.77,0.0,0.0,500.69999999999993,0.35000000000000003,21.339999999999996,0.0,0.0,1310.0700000000002,10.79
United States,Washington,Barley,2018,spring,142.70000000000002,0.0,23.0,1517.7,26.310000000000002,8.840000000000002,0.0,0.0,341.12,4.48,21.32,0.0,0.0,1888.58,3.95,151.54,0.0,23.0,1858.82,26.310000000000002,1.8599999999999999,0.0,0.0,466.19,0.74,19.46,0.0,0.0,1422.39,3.95
United States,Washington,Barley,2019,spring,100.72,0.0,23.0,1562.15,19.77,19.990000000000002,0.0,0.0,327.69,11.049999999999999,71.75,0.0,3.0,1692.48,14.190000000000001,117.97000000000001,0.0,23.0,1847.4899999999998,19.77,10.149999999999999,0.0,0.0,409.12,3.16,64.34,0.0,3.0,1325.71,14.190000000000001
United States,Washington,Barley,2020,spring,156.23,0.0,19.0,1499.8000000000002,18.78,11.940000000000001,0.0,0.0,350.91999999999996,4.05,61.86,0.0,0.0,1879.2399999999998,37.05,169.52,0.0,19.0,1993.4,18.78,4.609999999999999,0.0,0.0,473.96000000000004,2.98,55.9,0.0,0.0,1262.6,37.05
United States,Washington,Barley,2021,spring,63.95,0.0,20.0,1665.8,12.379999999999999,0.48000000000000004,4.0,0.0,438.39,0.32,68.25999999999999,1.0,0.0,1815.68,16.86,64.10999999999999,2.0,20.0,1996.5700000000002,12.379999999999999,2.67,2.0,0.0,427.66999999999996,2.2,65.91,1.0,0.0,1495.63,16.86
United States,Washington,Barley,2022,spring,210.01999999999998,0.0,36.0,1250.3099999999997,22.800000000000004,4.6,0.0,0.0,390.8199999999999,2.79,27.870000000000005,2.0,0.0,1895.4500000000003,6.45,226.46,0.0,36.0,1981.82,22.800000000000004,0.9299999999999999,2.0,0.0,384.93,0.74,15.1,0.0,0.0,1169.83,4.33
United States,Washington,Barley,2023,spring,113.46,0.0,21.0,1535.8899999999999,19.79,10.209999999999999,0.0,0.0,376.06,4.18,61.14,1.0,1.0,1855.59,22.71,123.64,0.0,21.0,1787.64,19.79,4.75,0.0,0.0,442.23,4.3,56.42,1.0,1.0,1537.6699999999998,22.71
United States,Washington,Barley,2024,spring,105.35000000000001,0.0,27.0,1520.8999999999999,27.19,17.29,0.0,0.0,363.95,12.629999999999999,47.52,1.0,1.0,1828.2800000000002,13.86,122.67999999999998,0.0,27.0,2070.6,27.19,1.75,1.0,0.0,413.97999999999996,1.47,45.730000000000004,0.0,1.0,1228.55,13.86
United States,Washington,Barley,2025,spring,63.36999999999999,0.0,33.0,1729.94,18.439999999999998,6.91,0.0,0.0,345.59000000000003,3.89,78.05999999999999,0.0,0.0,1834.63,15.579999999999998,72.27999999999999,0.0,33.0,2247.27,18.439999999999998,12.709999999999999,0.0,0.0,507.45,10.66,63.349999999999994,0.0,0.0,1155.44,15.579999999999998
United States,Washington,Oats,1990,spring,149.97,0.0,13.0,1117.6499999999999,24.78,35.160000000000004,0.0,0.0,269.57000000000005,14.2,80.95,0.0,0.0,2073.15,28.64,187.71,0.0,13.0,1457.9699999999998,24.78,13.739999999999998,0.0,0.0,570.25,4.08,64.63000000000001,0.0,0.0,1432.15,28.64
United States,Washington,Oats,1991,spring,151.25000000000006,0.0,27.0,1113.0700000000002,32.17,51.42,0.0,0.0,291.81000000000006,29.470000000000002,59.7,0.0,0.0,2083.93,9.850000000000001,214.59,0.0,27.0,1691.2800000000002,32.17,12.9,0.0,0.0,594.33,5.140000000000001,34.879999999999995,0.0,0.0,1203.2,9.850000000000001
United States,Washington,Oats,1992,spring,96.14,0.0,18.0,1275.37,27.73,42.39,0.0,0.0,306.33,39.0,142.19000000000003,0.0,1.0,1991.4699999999996,24.25,136.73999999999998,0.0,18.0,1444.31,39.0,43.53,0.0,0.0,506.55,20.560000000000002,100.44999999999999,0.0,1.0,1622.3099999999997,24.25
United States,Washington,Oats,1993,spring,170.33,0.0,25.0,1066.4099999999999,20.419999999999998,26.890000000000004,0.0,0.0,310.07000000000005,13.11,95.2,0.0,1.0,1859.8099999999997,12.72,197.20999999999998,0.0,25.0,1345.5099999999998,20.419999999999998,59.32,0.0,0.0,613.72,12.72,35.89,0.0,1.0,1277.06,9.0
United States,Washington,Oats,1994,spring,118.59,0.0,20.0,1111.99,20.659999999999997,31.159999999999997,0.0,0.0,298.68,12.83,59.239999999999995,0.0,0.0,2093.23,10.440000000000001,149.97,0.0,20.0,1440.0500000000002,20.659999999999997,23.16,0.0,0.0,610.23,8.82,35.86,0.0,0.0,1453.62,10.440000000000001
United States,Washington,Oats,1995,spring,108.55,0.0,26.0,1255.36,21.45,35.21,0.0,0.0,240.71000000000004,14.04,108.85,0.0,0.0,1981.7499999999995,19.330000000000002,144.53000000000003,0.0,26.0,1646.9099999999999,21.45,27.72,0.0,0.0,560.09,19.330000000000002,80.36,0.0,0.0,1270.8200000000002,15.399999999999999
United States,Washington,Oats,1996,spring,166.36999999999998,0.0,31.0,1096.94,37.269999999999996,7.35,0.0,0.0,383.03,3.42,101.57999999999997,0.0,1.0,2016.5600000000002,18.849999999999998,192.28000000000003,0.0,31.0,1741.36,37.269999999999996,18.310000000000002,0.0,0.0,570.9300000000001,12.649999999999999,64.71,0.0,1.0,1184.2400000000002,18.849999999999998
United States,Washington,Oats,1997,spring,132.80999999999997,0.0,27.0,1251.04,24.900000000000002,18.43,0.0,0.0,355.81000000000006,8.770000000000001,131.27000000000004,0.0,0.0,2103.8300000000004,23.88,161.79999999999998,0.0,27.0,1759.97,24.900000000000002,29.079999999999995,0.0,0.0,620.19,12.64,91.63000000000001,0.0,0.0,1330.52,23.88
United States,Washington,Oats,1998,spring,126.33999999999999,0.0,21.0,1230.7699999999998,31.390000000000008,16.25,0.0,0.0,326.53,4.669999999999999,65.45,0.0,0.0,2243.48,13.78,143.83,0.0,21.0,1580.3300000000002,31.390000000000008,30.430000000000003,0.0,0.0,603.79,13.250000000000002,33.78,0.0,0.0,1616.66,13.78
United States,Washington,Oats,1999,spring,86.74999999999999,0.0,38.0,1246.41,11.780000000000001,8.579999999999998,0.0,1.0,354.83,4.43,76.97,0.0,2.0,2164.9400000000005,11.59,121.97,0.0,39.0,2045.9299999999998,11.780000000000001,12.649999999999999,0.0,0.0,607.24,6.8,37.68,0.0,2.0,1113.01,8.17
United States,Washington,Oats,2000,spring,95.82,0.0,22.0,1237.7400000000002,13.92,33.61,0.0,0.0,307.02,21.130000000000003,76.44999999999999,0.0,1.0,2178.6000000000004,18.310000000000002,130.51,0.0,22.0,1706.16,21.130000000000003,14.370000000000001,0.0,0.0,641.69,9.41,61.0,0.0,1.0,1375.51,18.310000000000002
United States,Washington,Oats,2001,spring,98.85,0.0,35.0,1247.1599999999999,19.78,17.580000000000005,0.0,0.0,341.34000000000003,10.69,65.95,0.0,0.0,2137.4099999999994,20.009999999999998,134.01999999999998,0.0,35.0,1805.31,19.78,8.920000000000002,0.0,0.0,606.35,4.01,39.44,0.0,0.0,1314.25,20.009999999999998
United States,Washington,Oats,2002,spring,106.38000000000001,0.0,34.0,1210.9199999999998,24.119999999999997,15.160000000000002,0.0,0.0,352.7100000000001,6.199999999999999,47.52,0.0,0.0,2229.3099999999995,15.27,126.67999999999999,0.0,34.0,1746.9299999999998,24.119999999999997,22.66,0.0,0.0,616.45,11.26,19.72,0.0,0.0,1429.56,2.98
United States,Washington,Oats,2003,spring,86.98,0.0,28.0,1153.5700000000002,18.009999999999998,7.990000000000001,0.0,0.0,362.33000000000004,2.99,27.520000000000007,0.0,0.0,2301.39,6.35,97.91000000000001,0.0,28.0,1598.17,18.009999999999998,3.45,0.0,0.0,660.1500000000001,1.28,21.130000000000003,0.0,0.0,1558.97,6.35
United States,Washington,Oats,2004,spring,87.03,0.0,8.0,1265.24,14.239999999999998,20.330000000000002,0.0,0.0,358.29999999999995,8.89,145.1,0.0,0.0,2084.2900000000004,35.79,107.33999999999999,0.0,8.0,1534.0999999999997,14.239999999999998,6.430000000000001,0.0,0.0,576.74,1.9099999999999997,138.69000000000003,0.0,0.0,1596.9899999999998,35.79
United States,Washington,Oats,2005,spring,152.13,0.0,19.0,1169.56,41.42,15.24,0.0,0.0,327.11,5.309999999999999,74.96,0.0,0.0,2194.7400000000002,33.779999999999994,167.37,0.0,19.0,1496.6699999999998,41.42,19.06,0.0,0.0,578.0400000000001,7.629999999999999,55.9,0.0,0.0,1616.6999999999998,33.779999999999994
United States,Washington,Oats,2006,spring,119.91999999999999,0.0,29.0,1224.89,21.000000000000004,30.490000000000002,0.0,0.0,297.06,20.54,38.89999999999999,0.0,0.0,2286.2900000000004,11.76,150.44000000000003,0.0,29.0,1670.1899999999998,21.000000000000004,6.7,0.0,0.0,587.03,3.1100000000000003,32.17,0.0,0.0,1551.0200000000002,11.76
United States,Washington,Oats,2007,spring,80.21,0.0,27.0,1314.3500000000001,18.489999999999995,14.31,0.0,0.0,315.90000000000003,5.92,58.85000000000001,0.0,1.0,2130.78,16.5,99.57000000000002,0.0,27.0,1779.72,18.489999999999995,8.12,0.0,0.0,533.51,6.0200000000000005,45.67999999999999,0.0,1.0,1447.8,16.5
United States,Washington,Oats,2008,spring,85.92,0.0,33.0,1175.7400000000002,13.17,16.15,0.0,1.0,352.12,9.04,60.95,0.0,1.0,2138.600000000001,12.48,109.72999999999999,0.0,34.0,1831.7400000000002,13.17,4.300000000000001,0.0,0.0,649.1999999999999,2.8200000000000003,48.99,0.0,1.0,1185.52,12.48
United States,Washington,Oats,2009,spring,97.25,0.0,37.0,1331.9,22.15,12.889999999999999,0.0,0.0,314.6,4.2700000000000005,54.74999999999999,0.0,0.0,2186.7599999999998,18.939999999999998,114.27000000000001,0.0,37.0,1731.52,22.15,6.950000000000001,0.0,0.0,672.0699999999999,3.58,43.67,0.0,0.0,1429.67,18.939999999999998
United States,Washington,Oats,2010,spring,183.89,0.0,31.0,1097.8700000000001,25.58,32.59,0.0,0.0,297.94999999999993,10.79,106.62,0.0,0.0,2106.06,22.23,222.27,0.0,31.0,1769.05,25.58,1.77,0.0,0.0,608.08,0.83,99.06,0.0,0.0,1124.75,22.23
United States,Washington,Oats,2011,spring,169.62,0.0,41.0,1128.1999999999998,43.57,17.319999999999997,0.0,0.0,317.34999999999997,9.499999999999998,56.81999999999999,0.0,0.0,2121.6099999999997,12.899999999999999,197.38,0.0,41.0,1978.69,43.57,22.6,0.0,0.0,572.92,11.51,23.779999999999998,0.0,0.0,1015.5500000000001,12.899999999999999
United States,Washington,Oats,2012,spring,119.47000000000001,0.0,30.0,1202.9600000000003,20.69,24.94,0.0,0.0,310.46999999999997,13.77,59.42,0.0,0.0,2136.72,12.96,174.62,0.0,30.0,1752.4800000000002,20.69,23.04,0.0,0.0,532.2900000000001,10.4,6.169999999999999,0.0,0.0,1365.38,3.5500000000000003
United States,Washington,Oats,2013,spring,128.78,0.0,23.0,1225.1,26.560000000000002,13.760000000000002,0.0,0.0,336.02,10.64,179.67,0.0,0.0,2032.19,51.02,148.72999999999993,0.0,23.0,1626.72,26.560000000000002,12.36,0.0,0.0,560.56,6.49,161.11999999999998,0.0,0.0,1406.03,51.02
United States,Washington,Oats,2014,spring,94.86999999999999,0.0,21.0,1315.7800000000002,19.32,15.89,0.0,0.0,331.88,7.3500000000000005,118.80000000000001,0.0,0.0,2096.5299999999997,38.489999999999995,110.76,0.0,21.0,1702.88,19.32,11.93,0.0,0.0,545.5500000000001,8.01,106.87,0.0,0.0,1495.76,38.489999999999995
United States,Washington,Oats,2015,spring,67.56,0.0,24.0,1283.7199999999998,18.959999999999997,0.8,0.0,0.0,443.51000000000005,0.5800000000000001,41.81999999999999,0.0,1.0,2126.3199999999997,10.299999999999999,67.77000000000001,0.0,24.0,1498.4799999999998,18.959999999999997,3.4499999999999997,0.0,0.0,591.23,2.8399999999999994,38.96,0.0,1.0,1763.8400000000001,10.299999999999999
United States,Washington,Oats,2016,spring,70.73,0.0,7.0,1333.1200000000003,16.59,27.63,0.0,0.0,329.2299999999999,16.38,59.72999999999999,0.0,0.0,2103.66,11.25,72.88000000000001,0.0,7.0,1393.6400000000003,16.59,36.760000000000005,0.0,0.0,688.6899999999999,16.38,48.449999999999996,0.0,0.0,1683.6799999999998,11.25
United States,Washington,Oats,2017,spring,142.77999999999997,0.0,30.0,1225.5199999999998,24.419999999999998,22.55,0.0,0.0,296.21999999999997,12.22,22.36,0.0,0.0,2281.7899999999995,10.79,165.32999999999998,0.0,30.0,1680.7000000000003,24.419999999999998,0.6400000000000001,0.0,0.0,655.2600000000001,0.18,21.719999999999995,0.0,0.0,1467.5700000000002,10.79
United States,Washington,Oats,2018,spring,128.48,0.0,23.0,1252.3400000000001,26.310000000000002,15.360000000000001,0.0,0.0,341.15000000000003,8.73,29.02,0.0,0.0,2153.9100000000003,4.48,142.98000000000002,0.0,23.0,1542.93,26.310000000000002,10.06,0.0,0.0,639.9599999999999,4.48,19.819999999999997,0.0,0.0,1564.5099999999998,3.95
United States,Washington,Canola,2011,spring,194.09,0.0,41.0,1669.2,43.57,25.439999999999998,0.0,0.0,627.1200000000001,11.51,24.230000000000004,0.0,0.0,1270.8400000000001,12.899999999999999,202.60999999999999,0.0,41.0,2081.58,43.57,19.06,0.0,0.0,816.9499999999999,11.51,22.09,0.0,0.0,668.6300000000001,12.899999999999999
United States,Washington,Canola,2012,spring,170.06,0.0,30.0,1691.3700000000001,20.69,28.41,0.0,0.0,666.39,10.4,5.36,0.0,0.0,1292.3899999999999,3.5500000000000003,175.13000000000002,0.0,30.0,1898.1900000000003,20.69,23.599999999999998,0.0,0.0,665.35,10.4,5.1,0.0,0.0,1086.6100000000001,3.5500000000000003
United States,Washington,Canola,2013,spring,157.92000000000002,0.0,23.0,1748.1799999999998,26.560000000000002,4.46,0.0,0.0,781.71,1.99,159.83,0.0,0.0,1063.42,51.02,155.38,0.0,23.0,1696.9099999999999,26.560000000000002,6.919999999999999,0.0,0.0,746.5500000000001,4.51,159.90999999999997,0.0,0.0,1149.8500000000001,51.02
United States,Washington,Canola,2014,spring,121.11999999999999,0.0,21.0,1873.5100000000002,19.32,26.619999999999997,0.0,0.0,694.5399999999998,23.639999999999997,81.82,0.0,0.0,1176.1399999999999,38.489999999999995,117.19999999999999,0.0,21.0,1805.0700000000002,19.32,30.539999999999996,0.0,0.0,679.87,23.639999999999997,81.82000000000001,0.0,0.0,1259.2499999999998,38.489999999999995
United States,Washington,Canola,2015,spring,71.22,0.0,24.0,1996.16,18.959999999999997,5.31,0.0,0.0,699.7299999999999,3.0999999999999996,33.650000000000006,0.0,1.0,1157.66,10.299999999999999,67.78000000000002,0.0,24.0,1528.5199999999998,18.959999999999997,3.7399999999999998,0.0,0.0,705.69,2.8399999999999994,38.66,0.0,1.0,1619.3400000000001,10.299999999999999
United States,Washington,Canola,2016,spring,104.82,0.0,7.0,1917.98,16.59,24.27,0.0,0.0,613.27,10.850000000000001,29.0,0.0,0.0,1234.76,11.25,76.49,0.0,7.0,1452.8600000000004,16.59,51.830000000000005,0.0,0.0,939.9399999999999,16.38,29.770000000000003,0.0,0.0,1373.2099999999996,11.25
United States,Washington,Canola,2017,spring,165.51999999999995,0.0,30.0,1815.3399999999997,24.419999999999998,0.9000000000000001,0.0,0.0,791.53,0.35000000000000003,21.27,0.0,0.0,1196.6599999999999,10.79,165.50999999999996,0.0,30.0,1785.7299999999998,24.419999999999998,0.9100000000000001,0.0,0.0,821.14,0.35000000000000003,21.27,0.0,0.0,1196.6599999999999,10.79
United States,Washington,Canola,2018,spring,150.37,0.0,23.0,1816.1899999999998,26.310000000000002,3.3900000000000006,0.0,0.0,758.5899999999999,1.26,19.1,0.0,0.0,1172.62,3.95,143.39000000000001,0.0,23.0,1570.48,26.310000000000002,10.05,0.0,0.0,841.4300000000001,4.48,19.419999999999998,0.0,0.0,1335.4899999999998,3.95
United States,Washington,Canola,2019,spring,117.97000000000001,0.0,23.0,1847.4899999999998,19.77,11.05,0.0,0.0,620.49,3.16,63.44,0.0,3.0,1114.34,14.190000000000001,100.72,0.0,23.0,1562.15,19.77,28.09,0.0,0.0,826.2900000000002,11.049999999999999,63.65,0.0,3.0,1193.88,14.190000000000001
United States,Washington,Canola,2020,spring,165.99,0.0,19.0,1813.51,18.78,8.14,0.0,0.0,710.11,3.67,55.89999999999999,0.0,0.0,1206.34,37.05,167.78,0.0,19.0,1830.17,18.78,6.3999999999999995,0.0,0.0,773.5099999999999,3.67,55.85,0.0,0.0,1126.2799999999995,37.05
United States,Washington,Canola,2021,spring,64.17999999999998,4.0,20.0,2055.5,12.379999999999999,3.2399999999999993,0.0,0.0,776.69,2.2,65.27000000000001,1.0,0.0,1087.68,16.86,64.08,0.0,20.0,1844.8500000000001,12.379999999999999,2.7399999999999998,4.0,0.0,609.1300000000001,2.2,65.87,1.0,0.0,1465.8900000000003,16.86
United States,Washington,Canola,2022,spring,214.11,0.0,36.0,1588.8000000000002,22.800000000000004,13.280000000000001,1.0,0.0,721.1700000000001,6.45,15.099999999999998,1.0,0.0,1226.6100000000001,4.33,226.31999999999996,0.0,36.0,1780.0300000000002,22.800000000000004,1.08,2.0,0.0,664.01,0.77,15.09,0.0,0.0,1092.54,4.33
United States,Washington,Canola,2023,spring,123.67,0.0,21.0,1848.85,19.79,7.25,0.0,0.0,751.8100000000001,4.3,53.89,1.0,1.0,1166.88,22.71,111.0,0.0,21.0,1395.5700000000002,19.79,17.39,0.0,0.0,803.9,4.300000000000001,56.420000000000016,1.0,1.0,1568.07,22.71
United States,Washington,Canola,2024,spring,122.5,0.0,27.0,1832.77,27.19,2.23,1.0,0.0,777.5599999999998,1.47,45.43,0.0,1.0,1102.8000000000002,13.86,122.67999999999998,0.0,27.0,1977.49,27.19,2.05,1.0,0.0,632.8399999999999,1.47,45.43,0.0,1.0,1102.8000000000002,13.86
United States,Washington,Canola,2025,spring,70.12999999999998,0.0,33.0,2016.7599999999998,18.439999999999998,14.86,0.0,0.0,737.9599999999999,10.66,63.349999999999994,0.0,0.0,1155.44,15.579999999999998,70.38999999999999,0.0,33.0,2105.1699999999996,18.439999999999998,31.63,0.0,0.0,835.52,12.32,46.31999999999999,0.0,0.0,969.4700000000001,15.579999999999998
