country,region,crop,year,window,rain_sum_cal_early,heat_days_35_cal_early,frost_days_0_cal_early,radiation_sum_cal_early,max_3day_rain_cal_early,rain_sum_cal_mid,heat_days_35_cal_mid,frost_days_0_cal_mid,radiation_sum_cal_mid,max_3day_rain_cal_mid,rain_sum_cal_late,heat_days_35_cal_late,frost_days_0_cal_late,radiation_sum_cal_late,max_3day_rain_cal_late,rain_sum_gdd_early,heat_days_35_gdd_early,frost_days_0_gdd_early,radiation_sum_gdd_early,max_3day_rain_gdd_early,rain_sum_gdd_mid,heat_days_35_gdd_mid,frost_days_0_gdd_mid,radiation_sum_gdd_mid,max_3day_rain_gdd_mid,rain_sum_gdd_late,heat_days_35_gdd_late,frost_days_0_gdd_late,radiation_sum_gdd_late,max_3day_rain_gdd_late
United States,Colorado,Wheat,1990,winter,227.39999999999998,0.0,209.0,3394.75,28.310000000000002,22.16,0.0,19.0,620.67,7.630000000000001,19.380000000000003,0.0,5.0,887.4300000000001,10.83,268.94000000000005,0.0,233.0,4902.85,28.310000000000002,0.0,0.0,0.0,0.0,0.0,0.0,0.0,0.0,0.0,0.0
United States,Colorado,Wheat,1991,winter,208.87,0.0,209.0,3505.8199999999997,15.819999999999999,41.12,0.0,13.0,600.41,14.32,52.61000000000001,0.0,1.0,784.1099999999999,16.59,302.5999999999999,0.0,223.0,4890.34,16.589999999999996,0.0,0.0,0.0,0.0,0.0,0.0,0.0,0.0,0.0,0.0
United States,Colorado,Wheat,1992,winter,203.19,0.0,204.0,3556.53,23.48,34.64,0.0,4.0,575.3600000000001,15.32,59.269999999999996,0.0,4.0,716.2800000000001,15.129999999999999,297.1,0.0,212.0,4848.17,23.48,0.0,0.0,0.0,0.0,0.0,0.0,0.0,0.0,0.0,0.0
United States,Colorado,Wheat,1993,winter,198.62,0.0,204.0,3392.14,16.810000000000002,37.629999999999995,0.0,13.0,630.7099999999999,12.75,34.910000000000004,0.0,7.0,860.04,15.66,271.15999999999997,0.0,224.0,4882.889999999999,16.810000000000002,0.0,0.0,0.0,0.0,0.0,0.0,0.0,0.0,0.0,0.0
United States,Colorado,Wheat,1994,winter,242.63,0.0,209.0,3362.17,16.46,60.03999999999999,0.0,5.0,618.6999999999999,25.349999999999998,27.73,0.0,0.0,902.4100000000001,14.919999999999998,330.4,0.0,214.0,4883.280000000001,25.349999999999998,0.0,0.0,0.0,0.0,0.0,0.0,0.0,0.0,0.0,0.0
United States,Colorado,Wheat,1995,winter,289.74,0.0,212.0,3397.8599999999997,18.650000000000006,92.22,0.0,23.0,542.5799999999999,40.21,91.91,0.0,8.0,756.58,27.740000000000002,473.87,0.0,243.0,4697.0199999999995,40.21000000000001,0.0,0.0,0.0,0.0,0.0,0.0,0.0,0.0,0.0,0.0
United States,Colorado,Wheat,1996,winter,229.91000000000003,0.0,216.0,3395.4700000000003,12.879999999999999,52.59,0.0,10.0,658.28,44.02,48.32000000000001,0.0,2.0,838.8500000000001,18.14,330.82,0.0,228.0,4892.6,44.02,0.0,0.0,0.0,0.0,0.0,0.0,0.0,0.0,0.0,0.0
United States,Colorado,Wheat,1997,winter,257.80999999999995,0.0,206.0,3347.04,23.95,32.29,0.0,15.0,656.51,15.990000000000002,66.9,0.0,0.0,817.16,29.52,357.0,0.0,221.0,4820.71,29.52,0.0,0.0,0.0,0.0,0.0,0.0,0.0,0.0,0.0,0.0
United States,Colorado,Wheat,1998,winter,258.12,0.0,205.0,3505.13,29.71,18.29,0.0,19.0,673.0899999999999,7.709999999999999,22.660000000000004,0.0,6.0,858.1700000000001,6.19,299.07,0.0,230.0,5036.39,29.71,0.0,0.0,0.0,0.0,0.0,0.0,0.0,0.0,0.0,0.0
United States,Colorado,Wheat,1999,winter,276.42,0.0,203.0,3457.64,51.36,40.42999999999999,0.0,17.0,629.34,23.53,39.76,0.0,4.0,827.39,11.48,356.61,0.0,224.0,4914.37,51.36,0.0,0.0,0.0,0.0,0.0,0.0,0.0,0.0,0.0,0.0
United States,Colorado,Wheat,2000,winter,217.20999999999998,0.0,210.0,3439.1400000000003,14.13,33.13,0.0,15.0,618.5600000000001,16.53,32.28999999999999,0.0,0.0,831.7199999999999,19.7,282.63,0.0,225.0,4889.42,19.7,0.0,0.0,0.0,0.0,0.0,0.0,0.0,0.0,0.0,0.0
United States,Colorado,Wheat,2001,winter,195.19,0.0,207.0,3392.05,13.389999999999999,68.13999999999999,0.0,12.0,579.6999999999999,39.28,26.71,0.0,3.0,850.52,7.94,290.03999999999996,0.0,222.0,4822.2699999999995,39.28,0.0,0.0,0.0,0.0,0.0,0.0,0.0,0.0,0.0,0.0
United States,Colorado,Wheat,2002,winter,114.28999999999999,0.0,202.0,3619.42,9.53,23.79,0.0,18.0,627.8399999999999,9.89,18.07,0.0,0.0,845.18,8.7,156.14999999999998,0.0,220.0,5092.4400000000005,9.89,0.0,0.0,0.0,0.0,0.0,0.0,0.0,0.0,0.0,0.0
United States,Colorado,Wheat,2003,winter,240.61999999999995,0.0,212.0,3260.66,43.5,25.099999999999998,0.0,15.0,595.85,7.859999999999999,53.99000000000001,0.0,2.0,791.8,12.45,319.71000000000004,0.0,229.0,4648.3099999999995,43.5,0.0,0.0,0.0,0.0,0.0,0.0,0.0,0.0,0.0,0.0
United States,Colorado,Wheat,2004,winter,218.85999999999999,0.0,201.0,3463.5299999999997,25.63,10.310000000000002,0.0,9.0,660.2500000000001,8.3,64.91999999999999,0.0,2.0,754.36,20.39,294.09,0.0,212.0,4878.139999999999,25.63,0.0,0.0,0.0,0.0,0.0,0.0,0.0,0.0,0.0,0.0
United States,Colorado,Wheat,2005,winter,227.57999999999998,0.0,208.0,3356.71,18.509999999999998,9.780000000000001,0.0,13.0,664.5200000000001,2.75,48.79,0.0,5.0,812.7900000000001,16.14,286.15,0.0,226.0,4834.02,18.509999999999998,0.0,0.0,0.0,0.0,0.0,0.0,0.0,0.0,0.0,0.0
United States,Colorado,Wheat,2006,winter,196.18,0.0,206.0,3467.8600000000006,30.14,19.320000000000004,0.0,11.0,650.72,8.43,18.14,0.0,1.0,846.26,5.49,233.64000000000004,0.0,218.0,4964.84,30.14,0.0,0.0,0.0,0.0,0.0,0.0,0.0,0.0,0.0,0.0
United States,Colorado,Wheat,2007,winter,265.18,0.0,211.0,3283.9700000000003,21.060000000000002,55.959999999999994,0.0,12.0,579.0899999999999,24.07,24.24,0.0,5.0,816.3399999999999,8.09,345.38,0.0,228.0,4679.4,24.07,0.0,0.0,0.0,0.0,0.0,0.0,0.0,0.0,0.0,0.0
United States,Colorado,Wheat,2008,winter,201.2,0.0,209.0,3590.81,14.5,32.660000000000004,0.0,18.0,601.2299999999999,15.64,17.36,0.0,6.0,891.7600000000001,8.94,251.22000000000003,0.0,233.0,5083.8,15.64,0.0,0.0,0.0,0.0,0.0,0.0,0.0,0.0,0.0,0.0
United States,Colorado,Wheat,2009,winter,208.58000000000004,0.0,208.0,3402.01,30.369999999999997,50.63999999999999,0.0,10.0,603.52,22.240000000000002,66.23,0.0,2.0,753.6899999999999,22.779999999999998,325.45,0.0,220.0,4759.22,30.369999999999997,0.0,0.0,0.0,0.0,0.0,0.0,0.0,0.0,0.0,0.0
United States,Colorado,Wheat,2010,winter,272.16999999999996,0.0,216.0,3393.73,23.060000000000002,26.63,0.0,20.0,643.42,14.79,38.260000000000005,0.0,2.0,852.72,24.26,337.06,0.0,238.0,4889.87,24.259999999999998,0.0,0.0,0.0,0.0,0.0,0.0,0.0,0.0,0.0,0.0
United States,Colorado,Wheat,2011,winter,205.17,0.0,203.0,3465.2000000000003,13.73,45.12,0.0,24.0,562.16,19.96,20.560000000000002,0.0,2.0,900.24,11.96,270.85,0.0,229.0,4927.6,19.96,0.0,0.0,0.0,0.0,0.0,0.0,0.0,0.0,0.0,0.0
United States,Colorado,Wheat,2012,winter,208.06,0.0,205.0,3650.44,21.340000000000003,38.12,0.0,12.0,643.12,15.090000000000002,11.59,0.0,0.0,886.02,3.9400000000000004,257.77,0.0,217.0,5179.58,21.340000000000003,0.0,0.0,0.0,0.0,0.0,0.0,0.0,0.0,0.0,0.0
United States,Colorado,Wheat,2013,winter,194.76999999999998,0.0,208.0,3356.8499999999995,25.659999999999997,45.59000000000001,0.0,16.0,586.16,29.05,17.48,0.0,5.0,867.47,6.5600000000000005,257.84,0.0,229.0,4810.48,29.049999999999997,0.0,0.0,0.0,0.0,0.0,0.0,0.0,0.0,0.0,0.0
United States,Colorado,Wheat,2014,winter,309.38,0.0,213.0,3450.16,54.22,55.31000000000001,0.0,16.0,554.33,22.490000000000002,24.23,0.0,2.0,861.77,8.17,388.91999999999996,0.0,231.0,4866.26,54.22,0.0,0.0,0.0,0.0,0.0,0.0,0.0,0.0,0.0,0.0
United States,Colorado,Wheat,2015,winter,279.35,0.0,201.0,3349.9900000000002,30.93,126.42,0.0,19.0,459.61000000000007,35.51,53.49,0.0,1.0,822.37,16.38,459.26,0.0,221.0,4631.969999999999,35.51,0.0,0.0,0.0,0.0,0.0,0.0,0.0,0.0,0.0,0.0
United States,Colorado,Wheat,2016,winter,239.36,0.0,193.0,3362.2800000000007,29.93,32.339999999999996,0.0,18.0,591.6,14.04,49.989999999999995,0.0,0.0,851.8399999999999,13.92,321.69,0.0,211.0,4805.719999999999,29.93,0.0,0.0,0.0,0.0,0.0,0.0,0.0,0.0,0.0,0.0
United States,Colorado,Wheat,2017,winter,196.55999999999995,0.0,197.0,3421.62,14.459999999999999,63.050000000000004,0.0,14.0,584.8199999999999,25.43,12.790000000000001,0.0,1.0,866.96,4.45,272.4,0.0,212.0,4873.4,25.43,0.0,0.0,0.0,0.0,0.0,0.0,0.0,0.0,0.0,0.0
United States,Colorado,Wheat,2018,winter,201.26999999999998,0.0,210.0,3458.79,18.16,24.05,0.0,3.0,601.3,12.03,15.740000000000002,0.0,0.0,863.84,9.760000000000002,241.06,0.0,213.0,4923.93,18.16,0.0,0.0,0.0,0.0,0.0,0.0,0.0,0.0,0.0,0.0
United States,Colorado,Wheat,2019,winter,264.70000000000005,0.0,210.0,3371.63,25.72,53.92,0.0,22.0,527.94,20.47,46.809999999999995,0.0,6.0,751.0500000000001,17.12,365.43,0.0,238.0,4650.62,25.72,0.0,0.0,0.0,0.0,0.0,0.0,0.0,0.0,0.0,0.0
United States,Colorado,Wheat,2020,winter,221.09,0.0,210.0,3611.16,16.46,21.43,0.0,11.0,686.84,12.13,39.2,0.0,2.0,805.98,8.11,281.71999999999997,0.0,223.0,5103.98,16.46,0.0,0.0,0.0,0.0,0.0,0.0,0.0,0.0,0.0,0.0
United States,Colorado,Wheat,2021,winter,196.33999999999997,0.0,203.0,3509.91,18.790000000000003,61.279999999999994,0.0,13.0,554.09,20.51,51.68,0.0,1.0,785.03,19.68,309.3,0.0,217.0,4849.03,20.51,0.0,0.0,0.0,0.0,0.0,0.0,0.0,0.0,0.0,0.0
United States,Colorado,Wheat,2022,winter,177.79999999999998,0.0,206.0,3539.83,12.4,51.93000000000001,0.0,17.0,600.6400000000001,28.79,36.48,0.0,4.0,793.82,11.68,266.21000000000004,0.0,227.0,4934.29,28.79,0.0,0.0,0.0,0.0,0.0,0.0,0.0,0.0,0.0,0.0
United States,Colorado,Wheat,2023,winter,178.49,0.0,201.0,3508.34,20.86,91.18,0.0,5.0,512.14,52.949999999999996,68.86,0.0,0.0,725.59,16.61,338.53,0.0,206.0,4746.07,52.949999999999996,0.0,0.0,0.0,0.0,0.0,0.0,0.0,0.0,0.0,0.0
United States,Colorado,Wheat,2024,winter,270.96000000000004,0.0,201.0,3582.12,33.57,51.66,0.0,21.0,612.42,28.939999999999998,37.86,0.0,0.0,818.7199999999999,14.79,360.48,0.0,222.0,5013.26,33.57,0.0,0.0,0.0,0.0,0.0,0.0,0.0,0.0,0.0,0.0
United States,Colorado,Wheat,2025,winter,198.03000000000003,0.0,192.0,3492.6299999999997,19.1,52.580000000000005,0.0,14.0,570.17,30.91,51.61000000000001,0.0,0.0,805.34,20.189999999999998,302.22,0.0,206.0,4868.14,30.910000000000004,0.0,0.0,0.0,0.0,0.0,0.0,0.0,0.0,0.0,0.0
United States,Colorado,Barley,1990,spring,101.66000000000001,0.0,54.0,1620.92,20.9,3.5100000000000002,0.0,0.0,489.91,1.3800000000000001,196.42,0.0,0.0,1832.9199999999998,21.87,148.19,0.0,54.0,2264.52,21.87,42.23,0.0,0.0,432.05,16.58,111.17000000000002,0.0,0.0,1247.1799999999998,15.819999999999999
United States,Colorado,Barley,1991,spring,122.22,0.0,45.0,1602.13,16.59,9.299999999999997,0.0,0.0,461.44999999999993,5.739999999999999,176.26,0.0,6.0,1849.9599999999998,26.75,156.07999999999998,0.0,45.0,2371.83,16.59,59.99999999999999,0.0,0.0,362.81999999999994,26.75,91.69999999999999,0.0,6.0,1178.8899999999999,19.73
United States,Colorado,Barley,1992,spring,86.58,0.0,34.0,1589.83,15.32,23.87,0.0,0.0,417.60999999999996,10.89,149.11,0.0,5.0,1851.2,50.550000000000004,116.22000000000003,0.0,34.0,2220.69,15.32,38.63,0.0,0.0,389.1400000000001,12.43,104.71,0.0,5.0,1248.81,50.550000000000004
United States,Colorado,Barley,1993,spring,93.10000000000001,0.0,49.0,1638.5400000000002,12.749999999999998,17.619999999999997,0.0,2.0,496.51000000000005,15.66,127.73000000000002,0.0,10.0,1898.1699999999998,12.68,132.77000000000004,0.0,51.0,2569.72,15.659999999999997,12.3,0.0,0.0,407.83000000000004,4.09,93.38,0.0,10.0,1055.6699999999998,12.68
United States,Colorado,Barley,1994,spring,134.04999999999998,0.0,30.0,1633.99,25.349999999999998,20.150000000000002,0.0,0.0,483.7,14.919999999999998,128.11999999999998,0.0,4.0,1838.83,16.86,157.01,0.0,30.0,2265.92,25.349999999999998,9.32,0.0,0.0,366.95000000000005,2.62,115.99,0.0,4.0,1323.6500000000003,16.86
United States,Colorado,Barley,1995,spring,213.03999999999996,0.0,61.0,1533.5399999999997,40.21,56.08,0.0,1.0,412.35,27.740000000000002,144.88,0.0,6.0,1929.2400000000002,16.599999999999998,307.34000000000003,0.0,62.0,2623.0699999999997,40.21,9.79,0.0,0.0,381.2,3.74,96.87000000000002,0.0,6.0,870.86,16.599999999999998
United States,Colorado,Barley,1996,spring,103.85,0.0,42.0,1717.73,44.02,36.02,0.0,0.0,431.00999999999993,15.92,165.55,0.0,7.0,1896.5000000000002,15.480000000000002,156.04,0.0,42.0,2329.19,44.02,28.93,0.0,0.0,405.46,9.48,120.44999999999997,0.0,7.0,1310.5900000000001,12.659999999999998
United States,Colorado,Barley,1997,spring,150.95000000000002,0.0,46.0,1622.8099999999997,29.520000000000003,12.969999999999997,0.0,0.0,482.9599999999999,4.68,189.04,0.0,2.0,1913.94,26.54,168.04,0.0,46.0,2476.7800000000007,29.520000000000003,57.129999999999995,0.0,0.0,383.15,26.259999999999998,127.79,0.0,2.0,1159.78,26.54
United States,Colorado,Barley,1998,spring,81.66999999999997,0.0,54.0,1716.5800000000002,13.559999999999999,13.34,0.0,1.0,483.78000000000003,5.75,190.91000000000003,0.0,0.0,1955.22,25.259999999999998,134.23,0.0,55.0,2547.85,25.259999999999998,72.4,0.0,0.0,392.59,24.54,79.29000000000002,0.0,0.0,1215.14,14.42
United States,Colorado,Barley,1999,spring,191.81999999999996,0.0,52.0,1635.68,51.36,22.1,0.0,0.0,449.33,11.48,175.37000000000003,0.0,6.0,1875.0900000000001,21.72,251.94999999999996,0.0,52.0,2534.52,51.36,71.33999999999999,0.0,0.0,378.25,21.72,65.99999999999999,0.0,6.0,1047.33,9.58
United States,Colorado,Barley,2000,spring,72.1,0.0,45.0,1687.0500000000002,16.53,30.37,0.0,0.0,421.62,19.7,159.93,0.0,5.0,1900.5300000000002,23.240000000000002,104.94999999999999,0.0,45.0,2184.5000000000005,19.7,46.94,0.0,0.0,380.78999999999996,23.240000000000002,110.50999999999999,0.0,5.0,1443.9099999999999,16.82
United States,Colorado,Barley,2001,spring,116.04,0.0,38.0,1626.3999999999999,39.28,12.86,0.0,2.0,466.28000000000003,5.0200000000000005,136.43,0.0,2.0,1858.82,15.350000000000001,130.95000000000002,0.0,40.0,2183.73,39.28,37.71,0.0,0.0,362.7,15.350000000000001,96.66999999999997,0.0,2.0,1405.0699999999997,11.93
United States,Colorado,Barley,2002,spring,41.48999999999999,0.0,46.0,1761.0199999999998,9.89,8.479999999999999,0.0,0.0,442.44,2.8599999999999994,111.73,0.0,4.0,1956.61,21.610000000000003,49.300000000000004,0.0,46.0,2178.85,9.89,21.119999999999997,0.0,0.0,398.88,10.35,91.28,0.0,4.0,1582.3400000000001,21.610000000000003
United States,Colorado,Barley,2003,spring,85.76,0.0,46.0,1583.41,14.29,24.319999999999997,0.0,0.0,448.33,12.45,116.14,0.0,7.0,1956.06,14.27,110.22,0.0,46.0,2263.1800000000003,14.29,13.41,0.0,0.0,339.55,7.11,102.59,0.0,7.0,1385.07,14.27
United States,Colorado,Barley,2004,spring,109.16000000000001,0.0,41.0,1649.6399999999999,25.63,58.56,0.0,0.0,369.82000000000005,20.39,154.48999999999998,0.0,4.0,1862.67,26.36,174.14999999999995,0.0,41.0,2274.6000000000004,25.63,66.16,0.0,0.0,364.36999999999995,26.36,81.9,0.0,4.0,1243.16,22.959999999999997
United States,Colorado,Barley,2005,spring,92.08000000000001,0.0,48.0,1669.3600000000001,18.509999999999998,15.74,0.0,1.0,472.73,5.859999999999999,132.39,0.0,2.0,1941.22,28.610000000000003,109.25,0.0,49.0,2360.1899999999996,18.509999999999998,22.619999999999997,0.0,0.0,349.64000000000004,10.790000000000001,108.33999999999999,0.0,2.0,1373.48,28.610000000000003
United States,Colorado,Barley,2006,spring,48.24,0.0,41.0,1742.8700000000001,8.43,14.28,0.0,0.0,450.11999999999995,5.49,231.57,0.0,11.0,1800.05,33.97,68.27,0.0,41.0,2211.1200000000003,9.4,75.35999999999999,0.0,0.0,358.4799999999999,33.97,150.46,0.0,11.0,1423.44,20.73
United States,Colorado,Barley,2007,spring,129.31,0.0,45.0,1532.5300000000002,24.07,7.8500000000000005,0.0,0.0,472.18,3.4900000000000007,195.66,0.0,4.0,1872.05,22.080000000000005,150.50000000000003,0.0,45.0,2218.96,24.07,51.14,0.0,0.0,353.32000000000005,19.04,131.18,0.0,4.0,1304.48,22.08
United States,Colorado,Barley,2008,spring,73.0,0.0,55.0,1732.83,15.64,7.2,0.0,0.0,457.09,3.04,142.55999999999997,0.0,1.0,1924.34,34.660000000000004,94.10999999999999,0.0,55.0,2561.1,15.64,17.81,0.0,0.0,341.13,7.14,110.84,0.0,1.0,1212.03,34.660000000000004
United States,Colorado,Barley,2009,spring,144.67999999999998,0.0,43.0,1532.6699999999998,30.369999999999997,28.57,0.0,0.0,440.3399999999999,13.139999999999999,150.89999999999998,0.0,7.0,1886.26,19.33,198.87,0.0,43.0,2284.27,30.369999999999997,48.739999999999995,0.0,0.0,416.67999999999995,19.279999999999998,76.54,0.0,7.0,1158.32,19.33
United States,Colorado,Barley,2010,spring,100.72,0.0,50.0,1628.1200000000001,24.259999999999998,11.280000000000001,0.0,1.0,514.13,5.9,133.25,0.0,0.0,2034.66,21.39,130.95,0.0,51.0,2433.05,24.259999999999998,25.94,0.0,0.0,353.0300000000001,13.700000000000001,88.36,0.0,0.0,1390.83,21.39
United States,Colorado,Barley,2011,spring,88.25999999999999,0.0,57.0,1637.9199999999998,19.96,19.810000000000002,0.0,0.0,473.32,11.96,160.70000000000002,0.0,3.0,1924.9700000000003,24.630000000000003,150.04999999999998,0.0,57.0,2451.96,19.96,21.93,0.0,0.0,364.76,10.44,96.79,0.0,3.0,1219.4900000000002,24.630000000000003
United States,Colorado,Barley,2012,spring,76.30000000000001,0.0,37.0,1766.95,15.090000000000002,6.0,0.0,0.0,474.67999999999995,3.94,166.82,0.0,0.0,1844.9199999999998,33.21,81.85000000000002,0.0,37.0,2191.51,15.090000000000002,49.89,0.0,0.0,354.37,33.21,117.37999999999998,0.0,0.0,1540.67,26.43
United States,Colorado,Barley,2013,spring,102.89,0.0,52.0,1579.99,29.05,15.57,0.0,0.0,462.91,8.190000000000001,253.77000000000004,0.0,5.0,1791.0700000000002,54.22,135.01999999999995,0.0,52.0,2279.4,29.05,48.599999999999994,0.0,0.0,395.52,16.34,188.61000000000004,0.0,5.0,1159.0500000000002,54.22
United States,Colorado,Barley,2014,spring,114.05,0.0,48.0,1587.95,22.490000000000002,5.2299999999999995,0.0,1.0,482.13,2.6900000000000004,209.00999999999996,0.0,2.0,1804.23,30.25,152.22000000000003,0.0,49.0,2367.03,22.490000000000002,71.80000000000001,0.0,0.0,349.46999999999997,30.25,104.27,0.0,2.0,1157.81,14.170000000000002
United States,Colorado,Barley,2015,spring,221.44,0.0,50.0,1450.29,35.51,25.259999999999998,0.0,0.0,459.95000000000005,13.59,110.06,0.0,0.0,1892.5700000000002,21.06,291.9200000000001,0.0,50.0,2248.5099999999998,35.51,20.17,0.0,0.0,375.22999999999996,9.44,44.67,0.0,0.0,1179.0700000000002,12.090000000000002
United States,Colorado,Barley,2016,spring,130.29,0.0,49.0,1534.15,29.93,33.4,0.0,0.0,463.43000000000006,13.92,100.79,0.0,3.0,1933.84,16.36,172.64999999999998,0.0,49.0,2261.43,29.93,14.840000000000002,0.0,0.0,352.47,7.26,76.99000000000001,0.0,3.0,1317.5199999999998,16.36
United States,Colorado,Barley,2017,spring,116.54999999999998,0.0,45.0,1632.3,25.43,2.5199999999999996,0.0,0.0,497.85999999999996,0.95,200.8,0.0,3.0,1759.8700000000001,23.04,121.74999999999999,0.0,45.0,2285.5699999999997,25.43,52.42,0.0,0.0,354.22,21.72,145.70000000000002,0.0,3.0,1250.2400000000002,23.04
United States,Colorado,Barley,2018,spring,63.220000000000006,0.0,33.0,1685.9499999999998,13.999999999999998,11.76,0.0,0.0,455.52,9.760000000000002,115.34,0.0,3.0,1940.8700000000003,20.31,74.97999999999999,0.0,33.0,2141.47,13.999999999999998,28.59,0.0,0.0,365.09,13.58,86.75,0.0,3.0,1575.78,20.310000000000002
United States,Colorado,Barley,2019,spring,107.24,0.0,57.0,1508.76,20.47,33.52,0.0,2.0,393.97999999999996,17.12,106.45,0.0,1.0,1999.9099999999999,16.46,159.39,0.0,59.0,2360.17,20.47,41.980000000000004,0.0,0.0,351.28,16.0,45.84,0.0,1.0,1191.2,16.46
United States,Colorado,Barley,2020,spring,69.71,0.0,41.0,1734.1399999999999,12.13,15.51,0.0,0.0,451.53,6.58,97.57000000000001,0.0,8.0,1895.96,23.049999999999997,93.15,0.0,41.0,2300.14,12.13,12.32,0.0,0.0,358.82000000000005,6.210000000000001,77.32,0.0,8.0,1422.6699999999996,23.049999999999997
United States,Colorado,Barley,2021,spring,108.74000000000001,0.0,43.0,1606.6000000000001,20.51,43.379999999999995,0.0,0.0,398.77,19.68,137.09,0.0,2.0,1965.6500000000003,26.289999999999996,168.23000000000002,0.0,43.0,2179.49,20.51,37.769999999999996,0.0,0.0,344.7900000000001,25.95,83.21000000000001,0.0,2.0,1446.7400000000002,26.289999999999996
United States,Colorado,Barley,2022,spring,87.08,0.0,52.0,1660.49,28.79,28.770000000000003,0.0,0.0,426.53000000000003,11.690000000000001,202.73000000000002,0.0,0.0,1847.6000000000001,37.97,133.21,0.0,52.0,2270.7599999999998,28.79,31.009999999999998,0.0,0.0,329.65,12.879999999999999,154.35999999999999,0.0,0.0,1334.21,37.97
United States,Colorado,Barley,2023,spring,170.95,0.0,35.0,1425.9400000000003,52.95,25.19,0.0,0.0,477.99,14.470000000000002,143.16,0.0,2.0,2000.9599999999996,28.599999999999998,205.45999999999998,0.0,35.0,2209.32,52.95,12.009999999999998,0.0,0.0,359.29,6.92,121.83,0.0,2.0,1336.2799999999997,28.599999999999998
United States,Colorado,Barley,2024,spring,99.65,0.0,51.0,1687.94,28.939999999999998,30.790000000000003,0.0,0.0,428.74,17.119999999999997,121.29,0.0,0.0,1966.77,13.98,132.05,0.0,51.0,2326.11,28.939999999999998,28.42,0.0,0.0,365.9,13.98,91.26,0.0,0.0,1391.44,13.75
United States,Colorado,Barley,2025,spring,120.12,0.0,43.0,1564.45,30.909999999999997,12.49,0.0,0.0,467.15999999999997,5.87,155.13,0.0,0.0,1782.4400000000003,27.98,134.82,0.0,43.0,2136.35,30.909999999999997,18.590000000000003,0.0,0.0,336.27,8.32,134.33,0.0,0.0,1341.4299999999998,27.98
United States,Colorado,Oats,1990,spring,93.13999999999999,0.0,49.0,1206.08,20.9,9.929999999999998,0.0,5.0,589.31,3.56,198.51999999999998,0.0,0.0,2148.36,21.87,103.86999999999999,0.0,54.0,1968.0999999999997,20.9,64.46000000000001,0.0,0.0,523.01,21.87,133.26,0.0,0.0,1452.6399999999999,15.819999999999999
United States,Colorado,Oats,1991,spring,77.97,0.0,44.0,1277.1999999999998,14.32,50.32,0.0,1.0,466.40000000000003,16.59,179.48999999999998,0.0,6.0,2169.9399999999996,26.75,129.47,0.0,45.0,1984.87,16.59,66.91,0.0,0.0,556.42,26.75,111.39999999999998,0.0,6.0,1372.25,20.9
United States,Colorado,Oats,1992,spring,51.98,0.0,31.0,1283.62,15.32,37.699999999999996,0.0,3.0,467.88,15.13,169.88,0.0,5.0,2107.1400000000003,50.550000000000004,94.47999999999999,0.0,34.0,1835.87,15.32,42.870000000000005,0.0,0.0,600.4499999999999,10.89,122.21000000000001,0.0,5.0,1422.3200000000002,50.550000000000004
United States,Colorado,Oats,1993,spring,78.53999999999999,0.0,44.0,1271.1699999999998,12.749999999999998,30.58,0.0,6.0,501.20000000000005,15.66,129.32999999999998,0.0,11.0,2260.8499999999995,12.68,110.71999999999998,0.0,51.0,2135.0499999999997,15.659999999999997,27.46,0.0,0.0,652.7500000000001,7.42,100.27,0.0,10.0,1245.4199999999998,12.68
United States,Colorado,Oats,1994,spring,126.35000000000001,0.0,30.0,1216.02,25.349999999999998,13.09,0.0,0.0,581.0500000000002,6.17,142.87999999999997,0.0,4.0,2159.45,16.86,153.5,0.0,30.0,1851.26,25.349999999999998,8.37,0.0,0.0,616.78,2.81,120.44999999999997,0.0,4.0,1488.48,16.86
United States,Colorado,Oats,1995,spring,180.71,0.0,55.0,1185.93,40.21,47.42000000000001,0.0,7.0,489.40999999999997,13.77,185.87000000000003,0.0,6.0,2199.790000000001,27.740000000000002,281.96000000000004,0.0,62.0,2235.41,40.21,28.729999999999997,0.0,0.0,610.93,11.05,103.31000000000002,0.0,6.0,1028.7900000000002,16.599999999999998
United States,Colorado,Oats,1996,spring,91.53,0.0,41.0,1311.7,44.02,28.51,0.0,1.0,545.15,18.14,185.38000000000002,0.0,7.0,2188.39,15.480000000000002,132.87,0.0,42.0,1956.0400000000002,44.02,38.45,0.0,0.0,576.5899999999999,15.480000000000002,134.10000000000002,0.0,7.0,1512.6100000000001,12.66
United States,Colorado,Oats,1997,spring,101.05,0.0,46.0,1273.2099999999998,23.950000000000003,55.45000000000001,0.0,0.0,503.48999999999995,29.52,196.45999999999998,0.0,2.0,2243.0099999999998,26.54,163.11999999999998,0.0,46.0,2041.99,29.520000000000003,20.78,0.0,0.0,614.1500000000001,10.52,169.06,0.0,2.0,1363.57,26.54
United States,Colorado,Oats,1998,spring,72.25999999999999,0.0,49.0,1340.99,13.559999999999999,15.6,0.0,6.0,515.97,6.19,198.06000000000003,0.0,0.0,2298.62,25.259999999999998,95.00999999999999,0.0,55.0,2200.36,13.559999999999999,66.14,0.0,0.0,536.56,25.259999999999998,124.77000000000002,0.0,0.0,1418.66,20.24
United States,Colorado,Oats,1999,spring,174.86999999999995,0.0,48.0,1243.9199999999998,51.36,30.919999999999998,0.0,4.0,504.75,11.48,183.50000000000006,0.0,6.0,2211.4300000000003,21.72,214.54,0.0,52.0,2162.4700000000007,51.36,55.92,0.0,0.0,551.27,16.75,118.83,0.0,6.0,1246.36,21.72
United States,Colorado,Oats,2000,spring,70.03999999999998,0.0,45.0,1281.5599999999997,16.53,8.76,0.0,0.0,545.77,5.779999999999999,183.6,0.0,5.0,2181.8699999999994,23.240000000000002,74.17999999999999,0.0,45.0,1787.27,16.53,49.09,0.0,0.0,591.8100000000001,19.7,139.13,0.0,5.0,1630.12,23.240000000000002
United States,Colorado,Oats,2001,spring,102.24999999999999,0.0,37.0,1239.42,39.28,15.16,0.0,3.0,563.27,7.94,147.92000000000002,0.0,2.0,2148.8100000000004,15.350000000000001,120.15,0.0,40.0,1881.2,39.28,40.62,0.0,0.0,477.46000000000004,15.350000000000001,104.55999999999997,0.0,2.0,1592.8400000000001,11.93
United States,Colorado,Oats,2002,spring,31.309999999999995,0.0,46.0,1356.6499999999999,9.89,11.649999999999999,0.0,0.0,562.64,8.7,118.74,0.0,4.0,2240.78,21.61,42.11999999999998,0.0,46.0,1864.84,9.89,23.26,0.0,0.0,489.91999999999996,10.35,96.32000000000001,0.0,4.0,1805.3100000000002,21.610000000000003
United States,Colorado,Oats,2003,spring,56.690000000000005,0.0,44.0,1243.69,14.29,45.73,0.0,2.0,460.6,12.45,123.8,0.0,7.0,2283.51,14.27,105.74000000000001,0.0,46.0,1864.5100000000002,14.29,7.38,0.0,0.0,572.09,3.4099999999999997,113.10000000000001,0.0,7.0,1551.1999999999998,14.27
United States,Colorado,Oats,2004,spring,102.86999999999999,0.0,39.0,1256.3799999999999,25.63,18.85,0.0,2.0,507.74,10.01,200.48999999999998,0.0,4.0,2118.01,26.36,131.17,0.0,41.0,1861.73,25.63,82.0,0.0,0.0,578.42,26.36,109.03999999999999,0.0,4.0,1441.98,22.959999999999997
United States,Colorado,Oats,2005,spring,60.82,0.0,44.0,1319.37,18.509999999999998,33.15,0.0,5.0,526.66,16.14,146.24,0.0,2.0,2237.2800000000007,28.610000000000003,104.54999999999998,0.0,49.0,1976.3300000000002,18.509999999999998,18.44,0.0,0.0,591.96,10.790000000000001,117.21999999999998,0.0,2.0,1515.02,28.610000000000003
United States,Colorado,Oats,2006,spring,41.239999999999995,0.0,41.0,1352.7099999999998,8.43,8.82,0.0,0.0,550.49,2.71,244.02999999999997,0.0,11.0,2089.8399999999997,33.97,49.69,0.0,41.0,1814.7800000000002,8.43,87.19000000000001,0.0,0.0,582.74,33.97,157.21,0.0,11.0,1595.52,20.73
United States,Colorado,Oats,2007,spring,115.18000000000002,0.0,40.0,1175.08,24.07,15.760000000000002,0.0,5.0,531.84,8.09,201.88000000000002,0.0,4.0,2169.8400000000006,22.080000000000005,132.72000000000003,0.0,45.0,1870.5100000000002,24.07,39.300000000000004,0.0,0.0,524.6999999999999,10.27,160.8,0.0,4.0,1481.5500000000002,22.08
United States,Colorado,Oats,2008,spring,62.540000000000006,0.0,49.0,1308.18,15.64,11.3,0.0,6.0,585.8099999999998,8.94,148.92,0.0,1.0,2220.27,34.660000000000004,80.2,0.0,55.0,2189.9200000000005,15.64,25.250000000000004,0.0,0.0,554.21,9.81,117.31,0.0,1.0,1370.1299999999999,34.660000000000004
United States,Colorado,Oats,2009,spring,107.53999999999999,0.0,41.0,1219.8199999999997,30.369999999999997,39.88,0.0,2.0,459.82000000000005,22.78,176.72999999999993,0.0,7.0,2179.629999999999,19.33,172.4,0.0,43.0,1919.7300000000002,30.369999999999997,36.98,0.0,0.0,574.21,12.150000000000002,114.77000000000001,0.0,7.0,1365.3299999999997,19.33
United States,Colorado,Oats,2010,spring,73.05,0.0,49.0,1292.21,23.060000000000002,29.95,0.0,2.0,510.84,24.26,142.25,0.0,0.0,2373.8599999999997,21.39,107.88,0.0,51.0,2031.57,24.259999999999998,36.489999999999995,0.0,0.0,593.78,12.510000000000002,100.88,0.0,0.0,1551.56,21.39
United States,Colorado,Oats,2011,spring,87.56,0.0,55.0,1212.23,19.96,4.16,0.0,2.0,575.3299999999999,3.37,177.05,0.0,3.0,2248.65,24.630000000000003,108.07,0.0,57.0,2111.24,19.96,48.86000000000001,0.0,0.0,519.6999999999999,16.9,111.84000000000002,0.0,3.0,1405.2700000000002,24.630000000000003
United States,Colorado,Oats,2012,spring,70.67999999999999,0.0,37.0,1359.59,15.090000000000002,7.02,0.0,0.0,576.75,3.42,171.42,0.0,0.0,2150.2100000000005,33.21,77.70000000000002,0.0,37.0,1839.23,15.090000000000002,30.980000000000004,0.0,0.0,522.29,23.03,140.43999999999997,0.0,0.0,1725.0300000000002,26.43
United States,Colorado,Oats,2013,spring,99.72999999999999,0.0,48.0,1172.8500000000001,29.05,7.91,0.0,4.0,556.9799999999999,4.359999999999999,264.59000000000003,0.0,5.0,2104.14,54.22,108.58000000000001,0.0,52.0,1957.75,29.05,57.35,0.0,0.0,523.7800000000001,16.34,206.3,0.0,5.0,1352.44,54.22
United States,Colorado,Oats,2014,spring,97.13000000000001,0.0,47.0,1202.8,22.490000000000002,17.93,0.0,2.0,551.98,8.17,213.23000000000002,0.0,2.0,2119.53,30.25,119.14000000000001,0.0,49.0,2013.46,22.490000000000002,52.33,0.0,0.0,535.82,20.580000000000002,156.82,0.0,2.0,1325.03,30.25
United States,Colorado,Oats,2015,spring,192.13000000000002,0.0,50.0,1088.84,35.51,44.269999999999996,0.0,0.0,509.19,16.38,120.36000000000001,0.0,0.0,2204.7799999999997,21.06,243.66,0.0,50.0,1890.57,35.51,60.839999999999996,0.0,0.0,550.72,21.06,52.260000000000005,0.0,0.0,1361.52,12.090000000000002
United States,Colorado,Oats,2016,spring,108.1,0.0,49.0,1155.3600000000001,29.93,22.73,0.0,0.0,567.2299999999999,8.809999999999999,133.65,0.0,3.0,2208.8299999999995,16.6,149.41,0.0,49.0,1855.69,29.93,29.68,0.0,0.0,607.9200000000001,16.6,85.39000000000001,0.0,3.0,1467.81,16.36
United States,Colorado,Oats,2017,spring,106.69,0.0,44.0,1253.77,25.43,9.86,0.0,1.0,554.8000000000001,4.45,203.32,0.0,3.0,2081.46,23.04,117.73999999999998,0.0,45.0,1907.2400000000002,25.43,34.93,0.0,0.0,569.49,21.72,167.2,0.0,3.0,1413.3000000000002,23.040000000000003
United States,Colorado,Oats,2018,spring,59.6,0.0,33.0,1269.7299999999998,13.999999999999998,13.73,0.0,0.0,541.74,9.760000000000002,116.99000000000001,0.0,3.0,2270.87,20.31,63.7,0.0,33.0,1748.9399999999998,13.999999999999998,27.099999999999998,0.0,0.0,590.26,13.58,99.52000000000001,0.0,3.0,1743.1400000000003,20.31
United States,Illinois,Wheat,1990,winter,461.76,0.0,135.0,2550.8,58.379999999999995,163.64,0.0,0.0,390.5199999999999,59.230000000000004,235.23,0.0,0.0,917.6199999999999,70.28,583.4200000000001,0.0,135.0,2919.67,59.230000000000004,84.6,0.0,0.0,401.5799999999999,42.0,192.61,0.0,0.0,537.69,70.28
United States,Illinois,Wheat,1991,winter,630.0799999999999,1.0,121.0,2550.1800000000003,75.67,115.61,0.0,0.0,397.9399999999999,62.33,90.7,0.0,0.0,1023.8399999999999,23.36,724.34,1.0,121.0,2751.95,75.67,46.56,0.0,0.0,327.87,28.76,65.49,0.0,0.0,892.14,17.94
United States,Illinois,Wheat,1992,winter,567.1500000000001,0.0,129.0,2328.5699999999997,88.75999999999999,21.27,0.0,2.0,450.07000000000005,6.180000000000001,79.65,0.0,0.0,939.8999999999999,28.879999999999995,584.02,0.0,131.0,2720.07,88.75999999999999,23.740000000000002,0.0,0.0,431.3,8.5,60.31,0.0,0.0,567.17,28.879999999999995
United States,Illinois,Wheat,1993,winter,704.1500000000001,0.0,137.0,2224.72,59.78,52.43000000000001,0.0,0.0,419.61,19.490000000000002,211.4,0.0,0.0,883.14,61.19,771.8900000000001,0.0,137.0,2846.01,59.78,86.24,0.0,0.0,374.99000000000007,41.41,109.85,0.0,0.0,306.46999999999997,61.19
United States,Illinois,Wheat,1994,winter,674.24,0.0,133.0,2371.9299999999994,96.77,103.94,0.0,0.0,449.25000000000006,44.269999999999996,116.39999999999999,0.0,0.0,1076.83,29.47,817.0500000000001,0.0,133.0,3284.35,96.77,50.69,0.0,0.0,375.79999999999995,29.47,26.84,0.0,0.0,237.85999999999996,18.509999999999998
United States,Illinois,Wheat,1995,winter,559.1399999999999,0.0,116.0,2464.38,52.69,144.13,0.0,0.0,353.07000000000005,56.77,205.46,0.0,0.0,918.7299999999999,44.480000000000004,582.06,0.0,116.0,2654.3399999999997,52.69,240.10999999999999,0.0,0.0,360.36999999999995,94.67,86.56,0.0,0.0,721.47,22.86
United States,Illinois,Wheat,1996,winter,382.40999999999997,0.0,143.0,2572.63,32.29,157.53999999999996,0.0,0.0,296.75,56.010000000000005,170.25,0.0,0.0,908.14,59.69,544.01,0.0,143.0,3014.01,56.010000000000005,141.24,0.0,0.0,343.77,59.69,24.95,0.0,0.0,419.74,13.579999999999998
United States,Illinois,Wheat,1997,winter,463.5199999999999,0.0,137.0,2465.8199999999997,50.76,38.50999999999999,0.0,0.0,452.88000000000005,21.14,141.03,0.0,0.0,903.3000000000001,26.87,514.03,0.0,137.0,3088.0000000000005,50.76,86.66999999999999,0.0,0.0,329.59,22.9,42.36,0.0,0.0,404.41,26.87
United States,Illinois,Wheat,1998,winter,593.39,0.0,114.0,2423.5,51.26,128.35,0.0,0.0,400.48,45.209999999999994,271.05999999999995,0.0,0.0,922.7199999999999,37.57,703.8599999999999,0.0,114.0,2605.78,51.26,76.44,0.0,0.0,396.15999999999997,37.379999999999995,212.49999999999997,0.0,0.0,744.76,37.57
United States,Illinois,Wheat,1999,winter,498.48,0.0,111.0,2519.55,50.27,101.8,0.0,0.0,419.46,34.22,157.85999999999999,0.0,0.0,995.78,49.02,503.20000000000005,0.0,111.0,2559.7500000000005,50.27,107.13,0.0,0.0,416.05999999999995,34.22,147.81,0.0,0.0,958.98,49.02
United States,Illinois,Wheat,2000,winter,351.19000000000005,0.0,110.0,2683.3199999999997,36.92,30.590000000000003,0.0,0.0,457.04,13.14,209.73,0.0,0.0,866.54,61.49999999999999,336.08000000000004,0.0,110.0,2630.0299999999997,36.92,45.169999999999995,0.0,0.0,446.93,15.110000000000001,210.26000000000005,0.0,0.0,929.9399999999999,61.49999999999999
United States,Illinois,Wheat,2001,winter,522.56,1.0,143.0,2611.88,52.260000000000005,37.910000000000004,0.0,0.0,467.19,12.61,158.23999999999998,0.0,0.0,935.48,59.3,552.2700000000001,1.0,143.0,2961.0999999999995,52.260000000000005,83.53,0.0,0.0,392.85,30.47,82.91000000000003,0.0,0.0,660.6,59.3
United States,Illinois,Wheat,2002,winter,633.49,0.0,112.0,2591.35,68.33000000000001,222.79,0.0,0.0,395.23,88.33999999999999,141.96999999999997,0.0,2.0,967.18,71.95,691.5899999999999,0.0,112.0,2728.63,68.33000000000001,192.32,0.0,2.0,506.41999999999996,88.33999999999999,114.34,0.0,0.0,718.71,71.95
United States,Illinois,Wheat,2003,winter,361.18,0.0,129.0,2593.5299999999997,33.230000000000004,105.57999999999998,0.0,0.0,409.59999999999997,48.510000000000005,118.92,0.0,0.0,956.7,32.17,458.75000000000006,0.0,129.0,2900.8999999999996,48.510000000000005,36.989999999999995,0.0,0.0,440.19,11.589999999999998,89.94,0.0,0.0,618.7399999999999,32.17
United States,Illinois,Wheat,2004,winter,488.41,0.0,120.0,2662.33,68.13999999999999,78.06,0.0,0.0,428.52,42.68,168.14999999999998,0.0,0.0,982.3000000000002,43.709999999999994,512.11,0.0,120.0,2897.33,68.13999999999999,78.17000000000002,0.0,0.0,307.16,42.68,144.34,0.0,0.0,868.6600000000002,35.870000000000005
United States,Illinois,Wheat,2005,winter,601.8599999999999,0.0,109.0,2604.6,72.74,28.2,0.0,1.0,446.00000000000006,16.43,68.68,1.0,0.0,1047.7499999999998,24.239999999999995,607.94,0.0,109.0,2745.9700000000003,72.74,44.22,0.0,1.0,484.87,21.96,46.580000000000005,1.0,0.0,867.5099999999999,24.240000000000002
United States,Illinois,Wheat,2006,winter,520.45,1.0,116.0,2629.64,48.34,67.32000000000001,0.0,0.0,360.15999999999997,35.52,82.82000000000001,0.0,0.0,1044.8500000000001,26.29,520.21,1.0,116.0,2529.6099999999997,48.34,67.56,0.0,0.0,460.19000000000005,35.52,82.82000000000001,0.0,0.0,1044.8500000000001,26.29
United States,Illinois,Wheat,2007,winter,576.93,0.0,125.0,2456.1499999999996,81.3,67.71000000000001,0.0,0.0,432.33000000000004,36.09,145.23000000000002,0.0,0.0,975.74,57.129999999999995,629.87,0.0,125.0,2638.86,81.3,21.97,0.0,0.0,459.10999999999996,11.12,138.03000000000003,0.0,0.0,766.2500000000001,57.129999999999995
United States,Illinois,Wheat,2008,winter,636.74,1.0,128.0,2541.06,69.11,88.26,0.0,0.0,382.2799999999999,33.33,241.58000000000004,0.0,0.0,993.37,88.35000000000001,663.2199999999999,1.0,128.0,2722.37,69.11,93.23,0.0,0.0,454.27,33.33,210.13,0.0,0.0,740.0699999999999,88.35000000000001
United States,Illinois,Wheat,2009,winter,725.6099999999999,0.0,131.0,2571.55,136.1,170.88,0.0,0.0,370.0799999999999,75.04,176.75000000000003,0.0,0.0,972.9099999999999,51.6,887.8000000000001,0.0,131.0,2921.66,136.1,62.82,0.0,0.0,476.76000000000005,22.86,122.61999999999999,0.0,0.0,516.1199999999999,51.6
United States,Illinois,Wheat,2010,winter,733.9000000000001,0.0,109.0,2455.2200000000003,70.25,72.46,0.0,0.0,421.7,34.97,310.19,0.0,0.0,991.2299999999999,66.97999999999999,802.2299999999999,0.0,109.0,2833.25,70.25,98.85999999999999,0.0,0.0,390.58000000000004,39.39,215.45999999999998,0.0,0.0,644.3199999999999,66.97999999999999
United States,Illinois,Wheat,2011,winter,559.77,0.0,124.0,2554.45,64.14,76.43,0.0,0.0,374.21,31.720000000000002,220.60999999999996,0.0,0.0,870.65,44.53,604.33,0.0,124.0,2850.3100000000004,64.14,101.38,0.0,0.0,334.86,44.53,151.09999999999997,0.0,0.0,614.14,40.81
United States,Illinois,Wheat,2012,winter,431.78999999999996,3.0,99.0,2663.26,37.5,64.24,0.0,0.0,436.4800000000001,38.95,55.7,4.0,0.0,1140.89,15.57,390.33,3.0,98.0,2411.4800000000005,31.830000000000002,97.05999999999999,0.0,1.0,425.46000000000004,38.95,64.34,4.0,0.0,1403.69,15.57
United States,Illinois,Wheat,2013,winter,662.5899999999999,0.0,138.0,2500.6400000000003,69.91999999999999,81.79,0.0,0.0,437.82000000000005,42.61,243.44,0.0,0.0,881.1100000000001,64.29,745.5699999999999,0.0,138.0,2970.9,69.91999999999999,161.94,0.0,0.0,369.57,64.29,80.30999999999999,0.0,0.0,479.1,22.04
United States,Illinois,Wheat,2014,winter,442.10999999999996,3.0,141.0,2623.05,55.36,83.53,0.0,0.0,401.18,29.55,184.89000000000001,0.0,0.0,1019.12,39.34,525.64,3.0,141.0,3074.1099999999997,55.36,12.6,0.0,0.0,372.62,7.199999999999999,172.29,0.0,0.0,596.62,39.34
United States,Illinois,Wheat,2015,winter,524.05,0.0,132.0,2526.8900000000003,79.29,92.04999999999998,0.0,0.0,443.31,34.4,271.63999999999993,0.0,0.0,907.9999999999999,56.87,616.3699999999999,0.0,132.0,3012.6099999999997,79.29,65.25,0.0,0.0,419.79,43.11,206.11999999999998,0.0,0.0,445.79999999999995,53.16
United States,Illinois,Wheat,2016,winter,634.1700000000001,0.0,100.0,2619.7300000000005,132.38,99.16000000000001,0.0,0.0,363.61999999999995,28.42,130.00000000000003,0.0,0.0,1103.95,28.150000000000002,616.32,0.0,100.0,2444.08,132.38,91.3,0.0,0.0,399.37,28.42,155.71,0.0,0.0,1243.8500000000001,28.150000000000002
United States,Illinois,Wheat,2017,winter,470.41,0.0,102.0,2533.1400000000003,54.99,169.97000000000003,0.0,0.0,410.06,74.11,132.19,0.0,0.0,1065.51,44.28,446.1,0.0,102.0,2246.53,54.99,172.05,0.0,0.0,429.92,74.11,154.42000000000002,0.0,0.0,1332.2600000000002,44.28
United States,Illinois,Wheat,2018,winter,599.73,0.0,134.0,2527.79,151.76,29.27,0.0,1.0,496.88,11.85,231.75999999999996,0.0,0.0,990.8500000000001,89.83,612.24,0.0,135.0,2839.7599999999998,151.76,33.46,0.0,0.0,356.27000000000004,15.860000000000001,215.05999999999997,0.0,0.0,819.49,89.83
United States,Illinois,Wheat,2019,winter,664.3100000000002,0.0,133.0,2492.44,73.25999999999999,92.91999999999999,0.0,1.0,365.93,34.0,209.17,0.0,0.0,920.13,42.22999999999999,754.74,0.0,134.0,2837.82,73.25999999999999,82.89999999999999,0.0,0.0,329.78000000000003,39.41,128.76,0.0,0.0,610.9,42.22999999999999
United States,Illinois,Wheat,2020,winter,588.61,0.0,126.0,2433.45,83.5,128.31,0.0,0.0,391.02,46.269999999999996,178.02000000000004,0.0,0.0,1010.91,39.57,685.37,0.0,126.0,2664.28,83.5,100.66,0.0,0.0,395.62999999999994,54.27,108.91,0.0,0.0,775.47,39.34
United States,Illinois,Wheat,2021,winter,478.96000000000004,0.0,121.0,2611.8,41.129999999999995,82.83000000000001,0.0,0.0,442.63999999999993,28.65,258.21,0.0,0.0,943.21,89.57,515.79,0.0,121.0,2826.0599999999995,41.129999999999995,78.72,0.0,0.0,414.33000000000004,35.03,225.48999999999998,0.0,0.0,757.26,89.57
United States,Illinois,Wheat,2022,winter,645.63,0.0,123.0,2517.67,55.63,52.20999999999999,0.0,1.0,393.6,26.18,84.47,0.0,0.0,1005.2600000000001,21.25,660.02,0.0,124.0,2645.97,55.63,64.21,0.0,0.0,344.52000000000004,26.18,58.08,0.0,0.0,926.04,18.759999999999998
United States,Illinois,Wheat,2023,winter,496.51000000000005,0.0,117.0,2559.4599999999996,42.24,59.90999999999999,0.0,0.0,444.85999999999996,41.339999999999996,65.41000000000001,0.0,0.0,1068.0100000000002,34.019999999999996,505.21000000000004,0.0,117.0,2713.46,42.24,55.32,0.0,0.0,411.00000000000006,41.339999999999996,61.30000000000001,0.0,0.0,947.8700000000001,34.019999999999996
United States,Illinois,Wheat,2024,winter,554.56,0.0,103.0,2610.27,53.43000000000001,96.86,0.0,1.0,405.62000000000006,38.349999999999994,106.20999999999998,0.0,0.0,1059.74,43.55,526.32,0.0,102.0,2375.21,53.43000000000001,85.1,0.0,2.0,440.8299999999999,38.349999999999994,146.21,0.0,0.0,1259.59,43.55
United States,Illinois,Wheat,2025,winter,498.58000000000004,0.0,100.0,2677.77,83.92,52.62,0.0,0.0,451.13,13.36,151.40999999999997,0.0,0.0,958.2600000000001,40.480000000000004,480.64,0.0,100.0,2573.6899999999996,83.92,56.17999999999999,0.0,0.0,442.8299999999999,17.56,165.79000000000002,0.0,0.0,1070.6399999999999,40.480000000000004
United States,Illinois,Oats,1990,spring,238.45000000000002,0.0,9.0,1015.0,59.230000000000004,97.93,0.0,0.0,454.46,42.72,337.9100000000001,1.0,0.0,1945.2699999999998,68.7,235.36,0.0,9.0,946.11,59.230000000000004,85.39,0.0,0.0,458.43000000000006,42.72,353.54,1.0,0.0,2010.19,70.28
United States,Illinois,Oats,1991,spring,228.46,0.0,2.0,1073.5700000000002,62.33,24.37,0.0,0.0,516.76,15.42,267.55,2.0,0.0,2060.88,69.83,210.07000000000002,0.0,2.0,852.1500000000001,62.33,25.159999999999997,0.0,0.0,400.87,13.540000000000001,285.15000000000003,2.0,0.0,2398.19,69.83
United States,Illinois,Oats,1992,spring,96.73000000000002,0.0,9.0,1031.04,22.490000000000002,63.959999999999994,0.0,0.0,440.34999999999997,28.879999999999995,376.6,0.0,0.0,1851.23,56.379999999999995,96.36000000000001,0.0,9.0,956.03,22.490000000000002,62.46,0.0,0.0,452.82,28.879999999999995,378.47,0.0,0.0,1913.77,56.379999999999995
United States,Illinois,Oats,1993,spring,175.68000000000004,0.0,8.0,999.16,54.349999999999994,111.35999999999999,0.0,0.0,398.8500000000001,41.41,591.3499999999999,0.0,0.0,1753.89,62.970000000000006,172.41000000000003,0.0,8.0,944.53,54.349999999999994,94.03000000000002,0.0,0.0,413.1600000000001,41.41,611.9499999999999,0.0,0.0,1794.21,62.970000000000006
United States,Illinois,Oats,1994,spring,282.96000000000004,0.0,7.0,1223.17,96.77000000000001,70.07,0.0,0.0,486.41,29.47,241.49999999999997,0.0,0.0,1939.79,30.87,282.94000000000005,0.0,7.0,1165.21,96.77000000000001,68.62,0.0,0.0,471.5799999999999,29.47,242.96999999999997,0.0,0.0,2012.58,30.87
United States,Illinois,Oats,1995,spring,346.78000000000003,0.0,4.0,916.0899999999999,94.67,25.5,0.0,0.0,481.52,13.250000000000002,247.92999999999998,0.0,1.0,2077.58,35.94,320.67,0.0,4.0,872.67,94.67,51.050000000000004,0.0,0.0,448.75,26.11,248.48999999999998,0.0,1.0,2153.7700000000004,35.94
United States,Illinois,Oats,1996,spring,288.87999999999994,0.0,10.0,951.47,59.69,82.69,0.0,0.0,407.03000000000003,30.13,201.85,2.0,0.0,2065.49,37.790000000000006,241.39,0.0,10.0,894.3199999999999,56.010000000000005,118.33999999999999,0.0,0.0,411.54,47.46,213.69,2.0,0.0,2118.1299999999997,37.790000000000006
United States,Illinois,Oats,1997,spring,115.66000000000001,0.0,12.0,1142.7299999999998,22.9,61.13999999999999,0.0,0.0,396.39,22.65,261.27000000000004,6.0,0.0,2024.9599999999998,44.63,128.25,0.0,12.0,1187.0899999999997,22.9,49.39,0.0,0.0,384.1,22.65,260.43,6.0,0.0,1992.8899999999999,44.63
United States,Illinois,Oats,1998,spring,259.90000000000003,0.0,2.0,1056.42,45.209999999999994,145.29000000000002,0.0,0.0,390.18,37.57,301.7400000000001,0.0,0.0,2057.59,55.20000000000001,213.26,0.0,2.0,874.74,45.209999999999994,98.43,0.0,0.0,403.2,36.29,395.24,0.0,0.0,2226.25,55.2
United States,Illinois,Oats,1999,spring,227.23000000000002,0.0,0.0,1057.21,50.27,113.36000000000001,0.0,0.0,458.56,49.02,255.77,2.0,0.0,2153.41,69.30000000000001,216.92000000000002,0.0,0.0,822.29,50.27,72.72000000000001,0.0,0.0,460.88,36.9,306.71999999999997,2.0,0.0,2386.0099999999998,69.30000000000001
United States,Illinois,Oats,2000,spring,150.89000000000001,0.0,4.0,1030.49,37.550000000000004,50.35000000000001,0.0,0.0,429.49,24.77,380.89,3.0,0.0,2019.6100000000004,61.33,106.82000000000001,0.0,4.0,874.3700000000001,20.84,58.27,0.0,0.0,415.9800000000001,37.550000000000004,417.04,3.0,0.0,2189.24,61.49999999999999
United States,Illinois,Oats,2001,spring,150.97999999999996,0.0,4.0,1122.7,33.76,93.64,0.0,0.0,434.95,59.3,260.67999999999995,6.0,0.0,2106.8999999999996,46.379999999999995,96.19999999999999,0.0,4.0,837.5299999999999,33.76,141.25,0.0,0.0,410.09000000000003,59.3,267.84999999999997,6.0,0.0,2416.9299999999994,46.379999999999995
United States,Illinois,Oats,2002,spring,359.48999999999995,0.0,8.0,1039.56,88.34,104.18999999999998,0.0,0.0,441.26,71.95,286.11,0.0,0.0,2120.94,48.330000000000005,346.11,0.0,8.0,989.6800000000001,88.34,110.96000000000001,0.0,0.0,341.8,71.95,292.72,0.0,0.0,2270.2799999999997,48.330000000000005
United States,Illinois,Oats,2003,spring,185.72,0.0,6.0,1074.58,48.510000000000005,77.37000000000002,0.0,0.0,405.61,32.17,371.36999999999995,6.0,0.0,2137.95,107.78999999999999,176.99999999999997,0.0,6.0,843.1199999999999,48.510000000000005,80.69,0.0,0.0,477.40999999999997,32.17,376.77,6.0,0.0,2297.6099999999997,107.78999999999999
United States,Illinois,Oats,2004,spring,182.07999999999998,0.0,5.0,1144.3,43.709999999999994,91.48,0.0,0.0,462.59000000000003,31.73,251.96,0.0,0.0,2074.6,58.47,131.01999999999998,0.0,5.0,926.8100000000001,42.68,74.0,0.0,0.0,436.49,43.709999999999994,320.5,0.0,0.0,2318.19,58.47
United States,Illinois,Oats,2005,spring,96.67999999999999,0.0,2.0,1182.6599999999999,23.590000000000003,42.91,0.0,0.0,474.93000000000006,24.240000000000002,253.04999999999998,14.0,0.0,2107.33,28.07,95.46,0.0,2.0,984.5799999999999,23.590000000000003,14.44,0.0,0.0,467.55,11.1,282.74,14.0,0.0,2312.79,28.07
United States,Illinois,Oats,2006,spring,176.88000000000005,0.0,3.0,1134.2900000000002,48.34,50.379999999999995,0.0,0.0,475.33,26.29,298.5399999999999,4.0,0.0,1923.78,53.02,163.95000000000002,0.0,3.0,941.09,48.34,45.0,0.0,0.0,450.52,26.29,316.85,4.0,0.0,2141.79,53.02
United States,Illinois,Oats,2007,spring,133.73,0.0,13.0,1118.6199999999997,41.160000000000004,29.66,0.0,0.0,495.67999999999995,16.76,265.75,7.0,0.0,2119.2799999999997,57.129999999999995,110.74,0.0,13.0,996.71,41.160000000000004,42.39,0.0,0.0,382.07,19.9,276.01,7.0,0.0,2354.7999999999997,57.129999999999995
United States,Illinois,Oats,2008,spring,172.16000000000003,0.0,5.0,1031.07,33.980000000000004,171.52,0.0,0.0,483.40000000000003,88.35000000000001,523.21,0.0,0.0,2069.82,136.1,172.15000000000003,0.0,5.0,978.31,33.980000000000004,169.07,0.0,0.0,394.98,88.35000000000001,525.6700000000001,0.0,0.0,2211.0,136.1
United States,Illinois,Oats,2009,spring,301.63000000000005,0.0,8.0,1070.92,75.03999999999999,124.32,0.0,0.0,402.53,51.6,307.40000000000003,0.0,0.0,1973.94,35.550000000000004,287.59999999999997,0.0,8.0,994.6500000000002,75.03999999999999,79.04999999999998,0.0,0.0,411.56,26.369999999999997,366.69999999999993,0.0,0.0,2041.1799999999996,51.599999999999994
United States,Illinois,Oats,2010,spring,206.89000000000001,0.0,0.0,1150.49,40.64000000000001,160.07999999999998,0.0,0.0,434.77000000000004,46.629999999999995,424.91999999999996,0.0,0.0,2163.830000000001,69.52999999999999,175.14000000000001,0.0,0.0,891.81,40.64000000000001,76.58,0.0,0.0,427.51,31.369999999999997,540.17,0.0,0.0,2429.770000000001,69.52999999999999
United States,Illinois,Oats,2011,spring,271.76000000000005,0.0,1.0,935.6999999999999,44.53,102.72,0.0,0.0,451.19999999999993,40.81,180.82999999999998,5.0,0.0,2057.87,39.540000000000006,211.63000000000002,0.0,1.0,835.63,34.35,83.27000000000001,0.0,0.0,350.07000000000005,44.53,260.41,5.0,0.0,2259.07,40.81
United States,Illinois,Oats,2012,spring,126.25,0.0,1.0,1248.1399999999999,38.95,38.87,0.0,0.0,523.96,15.57,230.79000000000002,32.0,0.0,2143.96,79.66,112.33,0.0,1.0,933.7199999999998,38.95,32.1,0.0,0.0,483.6199999999999,15.57,251.48000000000002,32.0,0.0,2498.7200000000003,79.66
United States,Illinois,Oats,2013,spring,332.34999999999997,0.0,7.0,1038.23,69.92,84.45,0.0,0.0,446.24,57.16,187.18,4.0,0.0,2060.31,27.8,261.73,0.0,7.0,934.4300000000001,69.92,130.89000000000001,0.0,0.0,384.43,64.29,211.35999999999999,4.0,0.0,2225.919999999999,27.8
United States,Illinois,Oats,2014,spring,158.27000000000004,0.0,6.0,1121.6200000000001,41.84,110.13000000000001,0.0,0.0,468.9,36.96,401.01,0.0,0.0,2003.67,79.29,150.38999999999996,0.0,6.0,990.7400000000001,41.84,98.61999999999999,0.0,0.0,403.78000000000003,36.96,420.4,0.0,0.0,2199.67,79.29
United States,Illinois,Oats,2015,spring,168.6,0.0,3.0,1146.1499999999999,34.4,177.32999999999998,0.0,0.0,410.96999999999997,56.87,316.7699999999999,0.0,0.0,1983.7,53.16,153.56,0.0,3.0,904.21,34.4,109.02,0.0,0.0,469.42,56.87,400.12,0.0,0.0,2167.19,53.16
United States,Illinois,Oats,2016,spring,178.83999999999997,0.0,8.0,1100.28,28.42,58.519999999999996,0.0,0.0,529.32,25.03,431.9200000000001,0.0,0.0,2041.4200000000003,67.26,158.89,0.0,8.0,993.2099999999999,28.42,53.3,0.0,0.0,417.65,24.689999999999998,457.09,0.0,0.0,2260.1600000000003,67.26
United States,Illinois,Oats,2017,spring,297.05,0.0,1.0,1075.77,74.11,39.03,0.0,0.0,572.81,23.950000000000003,189.35000000000002,1.0,0.0,2150.9800000000005,27.82,241.81,0.0,1.0,884.86,74.11,56.85,0.0,0.0,477.97,36.660000000000004,226.76999999999998,1.0,0.0,2436.73,27.82
United States,Illinois,Oats,2018,spring,127.94000000000001,0.0,17.0,1145.76,35.4,137.96999999999997,0.0,0.0,476.33,89.83,369.7699999999999,0.0,0.0,2015.0200000000002,73.25999999999999,116.09,0.0,17.0,1000.0600000000001,35.4,60.57,0.0,0.0,410.34000000000003,30.720000000000002,459.02,0.0,0.0,2226.7099999999996,81.39999999999999
United States,Illinois,Oats,2019,spring,248.69,0.0,4.0,1005.53,39.41,84.66,0.0,0.0,450.18,42.22999999999999,270.2,0.0,0.0,2067.42,34.190000000000005,206.40999999999997,0.0,4.0,871.6,34.0,53.63,0.0,0.0,414.56,23.15,343.51,0.0,0.0,2236.97,42.22999999999999
United States,Illinois,Oats,2020,spring,238.02000000000004,0.0,7.0,1071.98,54.269999999999996,47.980000000000004,0.0,0.0,531.8299999999999,39.34,300.03,0.0,0.0,2097.5900000000006,49.74,234.18000000000004,0.0,7.0,1022.46,54.269999999999996,51.82000000000001,0.0,0.0,472.78,39.34,300.03000000000003,0.0,0.0,2206.1600000000003,49.74
United States,Illinois,Oats,2021,spring,167.43,0.0,6.0,1120.18,35.03,59.8,0.0,0.0,513.13,34.29,429.8600000000001,0.0,0.0,1954.49,89.57,140.15,0.0,6.0,999.55,35.03,45.06999999999999,0.0,0.0,422.58000000000004,26.939999999999998,471.87000000000006,0.0,0.0,2165.67,89.57
United States,Illinois,Oats,2022,spring,164.64,0.0,9.0,1014.0999999999998,26.18,19.79,0.0,0.0,468.88,7.24,302.09999999999997,2.0,0.0,2068.1,50.67,145.75,0.0,9.0,899.56,26.18,35.51,0.0,0.0,390.58000000000004,18.759999999999998,305.27,2.0,0.0,2260.9399999999996,50.67
United States,Illinois,Oats,2023,spring,102.34,0.0,4.0,1217.3400000000001,41.339999999999996,24.25,0.0,0.0,493.96999999999997,16.28,284.49,9.0,0.0,2018.5500000000002,53.010000000000005,102.33999999999999,0.0,4.0,970.65,41.339999999999996,7.83,0.0,0.0,517.5500000000001,4.4,300.90999999999997,9.0,0.0,2241.6599999999994,53.010000000000005
United States,Illinois,Oats,2024,spring,265.61,0.0,5.0,1116.3600000000004,53.43,33.99,0.0,0.0,501.56000000000006,16.85,387.39999999999986,4.0,0.0,2085.2500000000005,89.10999999999999,215.05,0.0,5.0,831.01,53.43,73.64999999999999,0.0,0.0,457.43000000000006,43.55,398.29999999999995,4.0,0.0,2414.7300000000005,89.10999999999999
United States,Illinois,Oats,2025,spring,190.72,0.0,3.0,1066.94,50.16,94.35,0.0,0.0,449.57,40.480000000000004,197.09,3.0,0.0,2148.1299999999997,29.49,158.74,0.0,3.0,905.0500000000001,50.16,85.7,0.0,0.0,453.46,40.480000000000004,237.72,3.0,0.0,2306.13,29.49
United States,Iowa,Wheat,1990,winter,371.35,0.0,157.0,2631.9700000000003,62.95,107.13999999999999,0.0,1.0,411.37,35.699999999999996,330.23999999999995,0.0,0.0,946.3599999999999,100.09,593.8299999999999,0.0,158.0,3538.5099999999998,62.95,194.19,0.0,0.0,354.82000000000005,100.09,20.709999999999997,0.0,0.0,96.37,19.59
United States,Iowa,Wheat,1991,winter,448.64,0.0,136.0,2633.5400000000004,53.83,136.86999999999998,0.0,0.0,373.75,44.29,201.40999999999997,0.0,0.0,940.3900000000001,46.75,611.23,0.0,136.0,3069.87,53.83,114.57,0.0,0.0,348.47999999999996,46.75,61.12,0.0,0.0,529.33,43.56999999999999
United States,Iowa,Wheat,1992,winter,510.74,0.0,153.0,2266.4700000000003,49.26000000000001,13.05,0.0,2.0,483.16,10.35,60.86,0.0,0.0,1027.45,20.75,552.21,0.0,155.0,3206.05,49.26000000000001,29.810000000000002,0.0,0.0,420.47,20.75,2.6300000000000003,0.0,0.0,150.56,2.6
United States,Iowa,Wheat,1993,winter,526.28,0.0,157.0,2467.81,60.09,121.04,0.0,0.0,364.08,35.69,265.59999999999997,0.0,0.0,839.18,50.14,804.17,0.0,157.0,3390.71,60.09,108.75,0.0,0.0,280.36,50.019999999999996,0.0,0.0,0.0,0.0,0.0
United States,Iowa,Wheat,1994,winter,284.66,0.0,156.0,2586.66,37.4,48.71000000000001,0.0,3.0,422.7099999999999,21.66,189.74999999999994,0.0,0.0,1022.65,44.55,442.03,0.0,159.0,3747.9800000000005,37.4,81.09000000000002,0.0,0.0,284.03999999999996,44.55,0.0,0.0,0.0,0.0,0.0
United States,Iowa,Wheat,1995,winter,430.97,0.0,136.0,2438.5099999999998,47.269999999999996,124.64,0.0,1.0,330.76000000000005,53.06,153.08000000000004,0.0,0.0,936.08,38.57,607.23,0.0,137.0,3066.36,53.059999999999995,46.870000000000005,0.0,0.0,393.63,17.6,54.59,0.0,0.0,245.35999999999999,38.57
United States,Iowa,Wheat,1996,winter,281.11,0.0,161.0,2519.26,37.370000000000005,131.09,0.0,1.0,338.53999999999996,64.74,235.83999999999995,0.0,0.0,854.3900000000001,49.239999999999995,552.61,0.0,162.0,3340.07,64.74,95.42,0.0,0.0,341.79,44.24,0.01,0.0,0.0,30.33,0.01
United States,Iowa,Wheat,1997,winter,410.71000000000004,0.0,153.0,2524.4800000000005,42.18,78.82,0.0,3.0,463.49,51.7,148.73999999999998,0.0,0.0,1043.01,54.230000000000004,542.1800000000001,0.0,156.0,3605.33,51.7,83.42,0.0,0.0,380.92,54.230000000000004,12.669999999999998,0.0,0.0,44.730000000000004,12.669999999999998
United States,Iowa,Wheat,1998,winter,438.33000000000004,0.0,143.0,2458.4,45.2,49.69999999999999,0.0,0.0,446.67999999999995,16.49,325.73,0.0,0.0,908.8499999999999,50.39,518.23,0.0,143.0,3036.17,45.2,129.67,0.0,0.0,388.69000000000005,35.32,165.85999999999999,0.0,0.0,389.07,50.39
United States,Iowa,Wheat,1999,winter,336.49,0.0,129.0,2566.2999999999997,35.989999999999995,73.02,0.0,0.0,367.75,30.25,194.24000000000004,0.0,0.0,972.9000000000001,44.99,394.37,0.0,129.0,2916.9900000000002,35.989999999999995,70.88,0.0,0.0,431.4,24.520000000000003,138.50000000000003,0.0,0.0,558.5600000000001,44.99
United States,Iowa,Wheat,2000,winter,246.37,0.0,123.0,2661.65,16.83,20.820000000000004,1.0,0.0,484.57000000000005,10.370000000000001,173.32999999999998,1.0,0.0,934.72,36.9,262.09,0.0,123.0,3001.81,16.83,46.33,1.0,0.0,383.05,22.41,132.1,1.0,0.0,696.08,36.9
United States,Iowa,Wheat,2001,winter,376.46000000000004,2.0,156.0,2570.21,28.330000000000005,82.75999999999999,0.0,0.0,426.28,29.490000000000002,160.44000000000003,0.0,0.0,962.86,33.21000000000001,511.47,2.0,156.0,3211.82,29.49000000000001,88.60000000000001,0.0,0.0,398.49,33.21,19.59,0.0,0.0,349.03999999999996,7.550000000000001
United States,Iowa,Wheat,2002,winter,363.42,0.0,136.0,2555.4400000000005,67.72,80.78999999999999,0.0,1.0,426.43,30.089999999999996,108.66000000000001,3.0,0.0,1074.5700000000002,38.849999999999994,455.53,0.0,137.0,3197.2200000000003,67.72,49.92,0.0,0.0,361.82,21.58,47.42,3.0,0.0,497.3999999999999,25.02
United States,Iowa,Wheat,2003,winter,313.42999999999995,0.0,156.0,2504.99,32.19,156.88,0.0,0.0,400.57000000000005,55.37,121.77000000000001,0.0,0.0,1028.83,42.94,488.76000000000005,0.0,156.0,3327.29,55.37,46.739999999999995,0.0,0.0,418.20000000000005,26.08,56.58,0.0,0.0,188.89999999999998,42.94
United States,Iowa,Wheat,2004,winter,385.74,0.0,145.0,2612.0499999999997,76.89,42.339999999999996,0.0,0.0,424.8500000000001,19.88,238.70000000000002,0.0,0.0,966.59,83.82000000000001,493.26000000000005,0.0,145.0,3142.8999999999996,76.89,104.11,0.0,0.0,396.34,58.25,69.41000000000001,0.0,0.0,464.24999999999994,24.04
United States,Iowa,Wheat,2005,winter,307.33000000000004,0.0,135.0,2587.6899999999996,40.830000000000005,85.08,0.0,4.0,402.73,69.23,139.02,1.0,0.0,985.84,47.06,394.48,0.0,139.0,3010.17,69.23,25.74,0.0,0.0,413.46999999999997,11.45,111.21,1.0,0.0,552.62,47.06
United States,Iowa,Wheat,2006,winter,266.57000000000005,1.0,132.0,2531.27,30.730000000000004,70.14999999999998,0.0,1.0,367.23,46.85,61.17,1.0,0.0,1026.14,14.03,332.66,1.0,133.0,2836.19,46.85,31.63,0.0,0.0,397.88,14.03,33.6,1.0,0.0,690.57,12.760000000000002
United States,Iowa,Wheat,2007,winter,475.34000000000003,0.0,141.0,2579.9999999999995,63.230000000000004,99.26999999999998,0.0,0.0,433.55999999999995,47.1,165.68,0.0,0.0,1055.8100000000002,56.519999999999996,631.14,0.0,141.0,3220.8499999999995,83.55,52.089999999999996,0.0,0.0,461.01,32.2,57.059999999999995,0.0,0.0,387.51,45.86
United States,Iowa,Wheat,2008,winter,462.16,0.0,152.0,2575.3099999999995,52.22,52.6,0.0,3.0,453.15999999999997,23.889999999999997,343.60999999999996,0.0,0.0,981.2600000000001,72.58000000000001,656.13,0.0,155.0,3400.7099999999996,65.52000000000001,153.63,0.0,0.0,401.65000000000003,72.58,48.61,0.0,0.0,207.36999999999998,45.739999999999995
United States,Iowa,Wheat,2009,winter,426.21000000000004,0.0,154.0,2624.6,42.68999999999999,120.50000000000001,0.0,0.0,390.68999999999994,72.95,178.07999999999998,0.0,0.0,921.7099999999998,47.529999999999994,610.26,0.0,154.0,3456.620000000001,72.94999999999999,96.96,0.0,0.0,294.78000000000003,29.41,17.57,0.0,0.0,185.6,17.439999999999998
United States,Iowa,Wheat,2010,winter,458.6,0.0,125.0,2594.09,60.25,103.25000000000001,0.0,0.0,402.17,53.129999999999995,298.74,0.0,0.0,1027.98,72.93,576.3000000000001,0.0,125.0,3250.84,60.25,146.42000000000002,0.0,0.0,363.56,60.3,137.87,0.0,0.0,409.84000000000003,72.93
United States,Iowa,Wheat,2011,winter,319.43999999999994,0.0,148.0,2482.2400000000007,46.739999999999995,66.14,0.0,3.0,432.47,26.409999999999997,238.49,0.0,0.0,902.2600000000001,58.989999999999995,468.48,0.0,151.0,3290.1400000000003,46.739999999999995,127.63999999999999,0.0,0.0,330.91,58.989999999999995,27.95,0.0,0.0,195.92,26.08
United States,Iowa,Wheat,2012,winter,329.83000000000004,1.0,123.0,2697.86,57.95,60.45,0.0,0.0,473.5399999999999,22.63,93.88000000000001,3.0,0.0,1065.3,24.71,370.25000000000006,1.0,123.0,2829.54,57.95,20.46,0.0,0.0,492.3599999999999,17.29,93.45,3.0,0.0,914.8,24.71
United States,Iowa,Wheat,2013,winter,394.03,1.0,158.0,2558.05,56.669999999999995,77.81000000000003,0.0,3.0,454.94,35.81,243.67,0.0,0.0,869.5,79.56,636.3599999999999,1.0,161.0,3385.34,79.56,52.35,0.0,0.0,358.87999999999994,24.299999999999997,26.8,0.0,0.0,138.26999999999998,25.66
United States,Iowa,Wheat,2014,winter,297.64,2.0,156.0,2633.96,50.37,108.74,0.0,0.0,354.92,45.769999999999996,275.24,0.0,0.0,944.62,68.27,433.03000000000003,2.0,156.0,3309.61,50.37,90.6,0.0,0.0,393.80000000000007,43.669999999999995,157.99,0.0,0.0,230.09,68.27
United States,Iowa,Wheat,2015,winter,338.02,0.0,141.0,2680.46,40.62,63.080000000000005,0.0,0.0,419.6699999999999,23.0,229.81,0.0,0.0,920.55,58.04999999999999,461.08,0.0,141.0,3345.98,44.480000000000004,85.86,0.0,0.0,380.10999999999996,37.879999999999995,83.97,0.0,0.0,294.59000000000003,58.05
United States,Iowa,Wheat,2016,winter,478.1700000000001,0.0,130.0,2644.42,87.71000000000001,70.39,0.0,0.0,373.38,29.270000000000003,128.75,0.0,0.0,1144.58,30.16,548.3199999999999,0.0,130.0,2973.05,87.71000000000001,70.21,0.0,0.0,468.0200000000001,30.16,58.78000000000001,0.0,0.0,721.31,16.96
United States,Iowa,Wheat,2017,winter,440.75,0.0,115.0,2428.53,51.03,78.82,0.0,0.0,431.29,36.35,128.16,0.0,0.0,1033.17,37.14,485.83000000000004,0.0,115.0,2675.44,51.03,91.53999999999999,0.0,0.0,432.18,37.14,70.36,0.0,0.0,785.3700000000002,25.59
United States,Iowa,Wheat,2018,winter,367.26,0.0,167.0,2567.12,60.739999999999995,72.9,0.0,0.0,452.45,52.089999999999996,264.1,2.0,0.0,976.6100000000001,57.0,459.54999999999995,1.0,167.0,3264.05,60.739999999999995,60.84,1.0,0.0,353.78,21.07,183.87,0.0,0.0,378.34999999999997,57.0
United States,Iowa,Oats,1990,spring,223.15000000000003,0.0,13.0,1112.1599999999999,47.39,187.10999999999999,0.0,0.0,436.67,100.09,382.12,0.0,0.0,2057.21,58.41,223.15000000000003,0.0,13.0,1161.6299999999997,47.39,188.41,0.0,0.0,416.28000000000003,100.09,380.82,0.0,0.0,2028.1299999999999,58.41
United States,Iowa,Oats,1991,spring,343.24,0.0,2.0,986.2899999999998,53.83,129.30999999999997,0.0,0.0,462.9699999999999,46.75000000000001,217.10999999999999,0.0,2.0,2061.19,52.77,307.51000000000005,0.0,2.0,864.5500000000001,53.83,120.13,0.0,0.0,396.18,46.75000000000001,262.02000000000004,0.0,2.0,2249.7200000000003,52.77
United States,Iowa,Oats,1992,spring,128.01,0.0,10.0,1065.26,47.84,26.199999999999996,0.0,0.0,480.4599999999999,20.75,440.2,0.0,0.0,1936.1000000000004,63.18,128.01,0.0,10.0,1065.26,47.84,25.959999999999997,0.0,0.0,459.63999999999993,20.75,440.44000000000005,0.0,0.0,1956.9199999999998,63.18
United States,Iowa,Oats,1993,spring,233.85000000000002,0.0,8.0,941.07,35.69,156.44,0.0,0.0,384.71,50.14,732.4299999999998,0.0,0.0,1773.91,115.75,238.34000000000003,0.0,8.0,948.85,35.69,152.2,0.0,0.0,425.86999999999995,50.14,732.1799999999998,0.0,0.0,1724.97,115.75
United States,Iowa,Oats,1994,spring,112.28,0.0,9.0,1222.0900000000001,22.060000000000002,106.23000000000002,0.0,0.0,480.38,34.71,352.11,0.0,0.0,1897.0800000000004,47.269999999999996,112.28,0.0,9.0,1222.0900000000001,22.060000000000002,97.18,0.0,0.0,436.32,34.71,361.16,0.0,0.0,1941.14,47.269999999999996
United States,Iowa,Oats,1995,spring,262.21999999999997,0.0,12.0,974.2499999999999,53.059999999999995,46.95,0.0,0.0,449.71999999999997,17.6,335.09999999999997,1.0,1.0,1996.98,38.57,271.40999999999997,0.0,12.0,1039.7099999999998,53.059999999999995,38.57,0.0,0.0,466.8,17.6,334.28999999999996,1.0,1.0,1914.4399999999998,38.57
United States,Iowa,Oats,1996,spring,235.96999999999997,0.0,14.0,979.14,64.74,100.42,0.0,0.0,389.74999999999994,44.24,328.52,0.0,0.0,2049.4,58.15,263.72999999999996,0.0,14.0,1025.0900000000001,64.74,100.57000000000001,0.0,0.0,391.37999999999994,44.24,300.60999999999996,0.0,0.0,2001.8200000000002,58.15
United States,Iowa,Oats,1997,spring,160.42,0.0,14.0,1099.34,51.7,28.94,0.0,0.0,535.2,13.290000000000001,278.88999999999993,7.0,0.0,2040.7900000000002,49.85,165.58,0.0,14.0,1280.65,51.7,74.67000000000002,0.0,0.0,448.23999999999995,54.230000000000004,227.99999999999997,7.0,0.0,1946.4399999999998,30.370000000000005
United States,Iowa,Oats,1998,spring,185.78999999999996,0.0,5.0,1125.98,34.239999999999995,176.13000000000002,0.0,0.0,372.5000000000001,50.39,324.6,0.0,0.0,2076.4599999999996,41.56,142.85,0.0,5.0,981.0200000000001,27.21,174.34,0.0,0.0,423.7900000000001,45.66,369.33,0.0,0.0,2170.1299999999997,43.2
United States,Iowa,Oats,1999,spring,219.31,0.0,3.0,1031.03,30.25,111.82000000000001,0.0,0.0,426.59,44.99,338.11999999999995,5.0,0.0,2137.959999999999,26.91,217.91,0.0,3.0,921.4200000000001,30.25,100.93,0.0,0.0,414.03000000000003,44.99,350.40999999999997,5.0,0.0,2260.129999999999,26.91
United States,Iowa,Oats,2000,spring,94.81,1.0,5.0,1126.61,22.41,94.83999999999999,1.0,0.0,429.8999999999999,36.9,288.74000000000007,6.0,0.0,1976.3400000000001,26.12,70.43999999999998,1.0,5.0,984.6999999999999,15.25,56.09,1.0,0.0,384.0999999999999,22.41,351.86,6.0,0.0,2164.05,36.9
United States,Iowa,Oats,2001,spring,196.31000000000003,0.0,8.0,1053.56,29.490000000000002,92.82999999999998,0.0,0.0,418.3,33.21,323.14000000000004,7.0,0.0,2059.31,67.72,149.45,0.0,8.0,887.92,29.490000000000002,121.62,0.0,0.0,451.94,24.640000000000004,341.21000000000004,7.0,0.0,2191.3100000000004,67.72
United States,Iowa,Oats,2002,spring,151.2,0.0,9.0,1161.6599999999999,30.089999999999996,66.28000000000002,0.0,0.0,449.03,38.849999999999994,362.1000000000001,11.0,0.0,2123.44,50.97,146.06,0.0,9.0,1140.4999999999998,30.089999999999996,66.48,0.0,0.0,412.04,38.849999999999994,367.0400000000001,11.0,0.0,2181.5899999999997,50.97
United States,Iowa,Oats,2003,spring,218.72999999999996,0.0,7.0,1087.06,55.37,58.57000000000001,0.0,0.0,461.00000000000006,26.08,252.25000000000003,10.0,0.0,2167.33,54.28000000000001,216.63,0.0,7.0,1009.14,55.37,58.72000000000001,0.0,0.0,484.58,26.08,254.20000000000002,10.0,0.0,2221.67,54.28000000000001
United States,Iowa,Oats,2004,spring,238.70999999999998,0.0,8.0,1156.55,83.82000000000001,68.68000000000002,0.0,0.0,454.17,26.43,271.08,0.0,0.0,2075.59,52.400000000000006,156.29000000000002,0.0,8.0,1010.6500000000001,45.93,121.69999999999999,0.0,0.0,438.90999999999997,58.25,300.47999999999996,0.0,0.0,2236.7499999999995,52.400000000000006
United States,Iowa,Oats,2005,spring,183.26,0.0,6.0,1118.0900000000004,69.23,54.400000000000006,0.0,0.0,468.38999999999993,24.52,302.88000000000005,12.0,0.0,2150.9900000000002,47.06,177.33999999999997,0.0,6.0,958.32,69.23,48.25,0.0,0.0,420.47,24.52,314.95000000000005,12.0,0.0,2358.6800000000003,47.06
United States,Iowa,Oats,2006,spring,136.2,0.0,4.0,1104.3200000000004,46.85,10.879999999999999,1.0,0.0,477.76,3.67,385.83000000000004,11.0,0.0,1970.52,63.23,111.49,0.0,4.0,952.9100000000002,46.85,30.13,0.0,0.0,401.87,14.03,391.29,12.0,0.0,2197.8199999999997,63.23
United States,Iowa,Oats,2007,spring,253.26999999999998,0.0,13.0,1176.8700000000001,83.55,52.489999999999995,0.0,0.0,519.8000000000001,32.2,420.53999999999996,1.0,0.0,2101.9500000000003,64.14,243.09,0.0,13.0,1090.53,83.55,52.089999999999996,0.0,0.0,516.48,32.2,431.1199999999999,1.0,0.0,2191.61,64.14
United States,Iowa,Oats,2008,spring,239.94,0.0,14.0,1063.2100000000003,44.089999999999996,219.64000000000001,0.0,0.0,462.85,72.58,366.02000000000004,0.0,0.0,2069.3,72.13,274.38,0.0,14.0,1114.1500000000003,65.52000000000001,186.79,0.0,0.0,440.71000000000004,72.58,364.42999999999995,0.0,0.0,2040.4999999999998,72.13
United States,Iowa,Oats,2009,spring,202.36,0.0,14.0,1118.25,72.95,97.13,0.0,0.0,399.01,29.41,279.84,0.0,0.0,2039.4900000000002,39.35,202.36,0.0,14.0,1118.25,72.95,97.55,0.0,0.0,425.62,29.41,279.42,0.0,0.0,2012.8800000000003,39.35
United States,Iowa,Oats,2010,spring,185.93,0.0,1.0,1133.2400000000002,53.129999999999995,183.4,0.0,0.0,428.20000000000005,60.3,633.41,0.0,0.0,2109.1900000000005,120.99,175.93,0.0,1.0,945.6200000000001,53.129999999999995,96.54,0.0,0.0,443.57,26.25,730.27,0.0,0.0,2281.44,120.99
United States,Iowa,Oats,2011,spring,208.10999999999999,0.0,11.0,1018.79,41.46000000000001,105.07,0.0,0.0,437.56,58.989999999999995,228.58,1.0,0.0,2033.9800000000005,28.4,208.10999999999999,0.0,11.0,1018.79,41.46000000000001,89.07,0.0,0.0,403.47,58.989999999999995,244.58000000000004,1.0,0.0,2068.07,40.129999999999995
United States,Iowa,Oats,2012,spring,156.69,0.0,3.0,1243.9000000000003,57.95,47.559999999999995,1.0,0.0,505.22999999999996,22.67,165.4,34.0,0.0,2195.3300000000004,24.71,144.12,0.0,3.0,996.6800000000001,57.95,30.050000000000008,0.0,0.0,442.79,15.030000000000001,195.48000000000002,35.0,0.0,2504.99,24.71
United States,Iowa,Oats,2013,spring,361.36,0.0,19.0,1028.4499999999998,79.56,58.8,0.0,0.0,426.71000000000004,24.3,134.84,8.0,0.0,2124.9500000000003,35.089999999999996,366.75,0.0,19.0,1082.8799999999999,79.56,53.989999999999995,0.0,0.0,414.46000000000004,24.299999999999997,134.26,8.0,0.0,2082.77,35.089999999999996
United States,Iowa,Oats,2014,spring,208.78,0.0,10.0,1055.58,50.37,115.74000000000001,0.0,0.0,445.84,44.89,460.04000000000013,0.0,0.0,1892.8200000000004,68.27,208.78,0.0,10.0,1029.08,50.37,86.07,0.0,0.0,425.88999999999993,39.73,489.71000000000004,0.0,0.0,1939.27,68.27
United States,Iowa,Oats,2015,spring,191.26999999999998,0.0,5.0,1084.6000000000001,44.480000000000004,88.46000000000001,0.0,0.0,452.3499999999999,37.879999999999995,506.89,0.0,0.0,2017.76,70.37,158.09000000000003,0.0,5.0,985.5300000000001,32.239999999999995,94.2,0.0,0.0,420.90999999999997,37.879999999999995,534.33,0.0,0.0,2148.27,70.37
United States,Iowa,Oats,2016,spring,146.79000000000002,0.0,10.0,1115.9599999999998,30.159999999999997,55.26,0.0,0.0,554.6600000000001,16.96,466.99000000000007,0.0,0.0,2022.73,65.31,131.74,0.0,10.0,1057.03,29.270000000000003,69.82999999999998,0.0,0.0,467.37000000000006,16.890000000000004,467.47,0.0,0.0,2168.95,65.31
United States,Iowa,Oats,2017,spring,195.06,0.0,1.0,1030.4199999999998,37.13999999999999,34.3,0.0,0.0,546.3299999999999,25.59,218.73000000000002,6.0,0.0,2108.03,39.7,185.64000000000001,0.0,1.0,915.25,37.13999999999999,11.71,0.0,0.0,495.99,9.180000000000001,250.74000000000004,6.0,0.0,2273.5400000000004,39.7
United States,Iowa,Oats,2018,spring,136.82,2.0,18.0,1155.3299999999997,52.089999999999996,142.0,0.0,0.0,480.79,47.690000000000005,480.19999999999993,0.0,0.0,1943.21,71.13,131.06,1.0,18.0,1109.59,52.089999999999996,62.86,1.0,0.0,405.01000000000005,21.07,565.1,0.0,0.0,2064.73,71.13
United States,Iowa,Oats,2019,spring,241.79000000000002,0.0,8.0,983.2800000000001,45.76,54.379999999999995,0.0,0.0,461.15000000000003,26.43,330.8299999999999,0.0,0.0,1936.3,46.769999999999996,241.79000000000002,0.0,8.0,983.2800000000001,45.76,54.379999999999995,0.0,0.0,461.15000000000003,26.43,330.8299999999999,0.0,0.0,1936.3,46.769999999999996
United States,Iowa,Oats,2020,spring,158.37,0.0,13.0,1067.72,38.42,60.07000000000001,0.0,0.0,532.42,26.64,211.47000000000003,7.0,0.0,2045.7900000000004,57.53,158.39000000000001,0.0,13.0,1097.04,38.42,39.410000000000004,0.0,0.0,469.65999999999997,26.64,232.11000000000004,7.0,0.0,2079.23,57.53
United States,Iowa,Oats,2021,spring,101.6,0.0,7.0,1122.5600000000002,22.380000000000003,8.17,3.0,0.0,561.97,4.28,271.18999999999994,6.0,0.0,2040.58,38.36,84.66,0.0,7.0,1008.6899999999999,22.380000000000003,19.97,0.0,0.0,447.34,16.33,276.33,9.0,0.0,2269.08,38.36
United States,Iowa,Oats,2022,spring,160.68,0.0,14.0,982.5300000000001,35.849999999999994,101.46,0.0,0.0,476.36,46.660000000000004,218.76999999999998,8.0,0.0,2191.830000000001,50.699999999999996,160.68,0.0,14.0,982.5300000000001,35.849999999999994,101.32999999999998,0.0,0.0,416.68000000000006,46.660000000000004,218.9,8.0,0.0,2251.5099999999998,50.699999999999996
United States,Iowa,Oats,2023,spring,111.5,0.0,8.0,1222.06,30.34,65.34,0.0,0.0,466.65999999999997,28.18,208.91,13.0,0.0,2029.3200000000002,40.150000000000006,111.44999999999999,0.0,8.0,1054.56,30.34,37.81,0.0,0.0,431.78,28.18,236.48999999999998,13.0,0.0,2231.7,40.150000000000006
United States,Iowa,Oats,2024,spring,274.06999999999994,0.0,4.0,1134.35,82.37,62.72,0.0,0.0,465.49,27.040000000000003,288.08,2.0,0.0,2059.3399999999997,54.949999999999996,205.66,0.0,4.0,935.96,41.3,93.38000000000001,0.0,0.0,480.28999999999996,52.81,325.83000000000004,2.0,0.0,2242.93,54.949999999999996
United States,Iowa,Oats,2025,spring,165.51,0.0,7.0,1126.0799999999997,63.47,102.00999999999999,0.0,0.0,444.48999999999995,46.58,444.0,0.0,0.0,2015.6700000000003,63.6,162.24999999999997,0.0,7.0,1040.59,63.47,74.46000000000001,0.0,0.0,429.2599999999999,46.58,474.80999999999995,0.0,0.0,2116.3900000000003,63.6
United States,Kansas,Wheat,1990,winter,251.11,0.0,121.0,2921.9300000000003,37.21000000000001,100.15,0.0,0.0,450.08000000000004,38.7,136.17000000000002,13.0,0.0,1089.05,33.49,251.16000000000003,0.0,121.0,2944.1200000000003,37.21000000000001,103.89000000000001,0.0,0.0,445.92999999999995,38.7,132.38000000000002,13.0,0.0,1071.0100000000002,33.49
United States,Kansas,Wheat,1991,winter,223.43,9.0,110.0,2992.35,36.6,59.36,0.0,0.0,451.6,20.34,143.88999999999996,9.0,0.0,1086.8000000000002,41.61,185.96,9.0,110.0,2638.2999999999997,36.6,54.49999999999999,0.0,0.0,412.1,20.25,186.22,9.0,0.0,1480.3500000000001,41.61
United States,Kansas,Wheat,1992,winter,254.78,2.0,111.0,2806.58,27.27,52.02,1.0,0.0,576.01,26.18,257.43,0.0,0.0,891.2299999999999,72.78,239.13,2.0,111.0,2626.9399999999996,27.27,22.51,0.0,0.0,402.04999999999995,10.31,302.59000000000003,1.0,0.0,1244.83,72.78
United States,Kansas,Wheat,1993,winter,396.99,0.0,129.0,2553.0699999999997,56.95,123.31000000000002,0.0,0.0,372.40000000000003,47.71,198.66,0.0,0.0,1052.3999999999999,62.669999999999995,519.5,0.0,129.0,2898.2699999999995,56.95,61.52,0.0,0.0,448.11000000000007,18.46,137.94,0.0,0.0,631.4899999999998,62.669999999999995
United States,Kansas,Wheat,1994,winter,222.10000000000002,0.0,132.0,2829.96,39.489999999999995,58.629999999999995,0.0,2.0,457.21000000000004,34.0,56.99999999999999,13.0,0.0,1198.18,21.189999999999998,271.99,0.0,134.0,3210.1600000000003,39.489999999999995,9.4,0.0,0.0,434.76,8.67,56.339999999999996,13.0,0.0,840.43,21.189999999999998
United States,Kansas,Wheat,1995,winter,278.55000000000007,1.0,106.0,2768.0299999999997,29.9,118.53999999999999,0.0,1.0,380.98,59.699999999999996,275.10999999999996,0.0,0.0,936.46,56.57,240.82,1.0,103.0,2483.97,29.9,78.53999999999999,0.0,4.0,509.71,21.49,352.84,0.0,0.0,1091.79,59.699999999999996
United States,Kansas,Wheat,1996,winter,158.31,4.0,124.0,2971.79,38.370000000000005,90.9,0.0,0.0,409.52,30.450000000000003,183.44000000000005,13.0,0.0,1120.32,79.71000000000001,158.49,4.0,124.0,3037.4800000000005,38.370000000000005,90.72000000000001,0.0,0.0,343.83,30.450000000000003,183.44000000000005,13.0,0.0,1120.32,79.71000000000001
United States,Kansas,Wheat,1997,winter,313.52,0.0,120.0,2904.55,69.78,26.540000000000003,0.0,0.0,544.99,17.71,179.29999999999998,4.0,0.0,1111.6000000000001,51.480000000000004,334.89,0.0,120.0,3159.35,69.78,29.26,1.0,0.0,514.06,15.02,155.21,3.0,0.0,887.7300000000001,51.480000000000004
United States,Kansas,Wheat,1998,winter,412.58000000000004,1.0,122.0,2770.74,55.97,50.92,0.0,0.0,502.2,24.46,96.61999999999999,12.0,0.0,1173.0500000000002,39.86,414.07000000000005,1.0,122.0,2901.0499999999997,55.97,55.349999999999994,0.0,0.0,453.12,24.46,90.69999999999999,12.0,0.0,1091.8200000000002,39.86
United States,Kansas,Wheat,1999,winter,446.90999999999997,8.0,103.0,2895.17,98.80000000000001,70.77000000000001,0.0,0.0,415.93,18.509999999999998,212.59,0.0,0.0,1009.5,27.830000000000005,360.54,8.0,102.0,2402.88,98.80000000000001,112.46000000000001,0.0,1.0,539.4399999999999,50.22,257.27,0.0,0.0,1378.28,27.830000000000002
United States,Kansas,Wheat,2000,winter,354.38,2.0,100.0,2957.74,61.91,54.400000000000006,0.0,0.0,480.14,32.72,163.31000000000003,0.0,0.0,1083.95,41.78,330.68,2.0,95.0,2545.4000000000005,61.91,37.2,0.0,5.0,585.3000000000001,15.15,204.21,0.0,0.0,1391.13,41.78
United States,Kansas,Wheat,2001,winter,361.40999999999997,12.0,139.0,2829.37,62.510000000000005,73.16,0.0,0.0,571.3299999999999,51.760000000000005,188.48999999999998,0.0,0.0,1094.3300000000002,54.37,375.61,12.0,139.0,2888.19,62.510000000000005,58.04,0.0,0.0,455.42999999999995,51.760000000000005,189.41,0.0,0.0,1151.41,54.37
United States,Kansas,Wheat,2002,winter,248.60999999999999,1.0,115.0,3035.1800000000003,71.16,55.88,0.0,0.0,493.73,19.630000000000003,147.33999999999997,13.0,0.0,1116.4199999999998,41.44,203.0,1.0,115.0,2807.3999999999996,71.16,61.57000000000001,0.0,0.0,434.43999999999994,25.39,187.26,13.0,0.0,1403.4899999999998,41.440000000000005
United States,Kansas,Wheat,2003,winter,372.65999999999997,7.0,123.0,2858.0600000000004,89.74000000000001,66.19,0.0,0.0,487.29999999999995,38.72,143.03000000000003,1.0,0.0,1060.81,31.939999999999998,411.38,7.0,123.0,2916.74,89.74000000000001,29.45,0.0,0.0,437.83,15.450000000000001,141.05000000000004,1.0,0.0,1051.6,31.939999999999998
United States,Kansas,Wheat,2004,winter,305.29999999999995,0.0,113.0,2973.62,55.54,71.50999999999999,0.0,0.0,487.74,19.36,170.94,3.0,0.0,1111.5299999999997,51.599999999999994,297.55999999999995,0.0,113.0,2922.63,55.54,55.81999999999999,0.0,0.0,455.22,19.36,194.37,3.0,0.0,1195.04,51.599999999999994
United States,Kansas,Wheat,2005,winter,338.25,1.0,104.0,2817.8199999999997,39.809999999999995,43.52,0.0,2.0,516.3900000000001,30.54,179.47999999999996,6.0,0.0,1164.98,52.419999999999995,289.79999999999995,1.0,104.0,2505.25,39.809999999999995,58.4,0.0,1.0,543.97,28.68,213.04999999999998,6.0,1.0,1449.9699999999998,52.419999999999995
United States,Kansas,Wheat,2006,winter,185.44,1.0,94.0,3098.3,29.62,79.09,1.0,0.0,451.96999999999997,28.19,129.67,12.0,0.0,1207.6200000000001,30.86,119.48000000000002,1.0,84.0,2403.2,22.19,65.93,0.0,10.0,561.41,29.62,208.79,13.0,0.0,1793.2800000000002,30.86
United States,Kansas,Wheat,2007,winter,403.15999999999997,1.0,110.0,2880.39,48.69,139.04999999999998,0.0,0.0,447.51,85.17999999999999,242.19999999999996,0.0,0.0,1007.9499999999999,96.41,403.15999999999997,1.0,110.0,2810.28,48.69,128.83,0.0,0.0,361.35,85.17999999999999,252.42,0.0,0.0,1164.22,96.41
United States,Kansas,Wheat,2008,winter,339.65999999999997,0.0,123.0,2942.7799999999997,47.93,76.4,0.0,0.0,510.7,46.92,186.86,2.0,0.0,1144.81,45.480000000000004,349.95,0.0,123.0,2998.6,47.93,66.28,0.0,0.0,570.83,46.92,186.69,2.0,0.0,1028.8600000000001,45.480000000000004
United States,Kansas,Wheat,2009,winter,368.65,0.0,119.0,2964.4299999999994,66.42000000000002,96.03,0.0,0.0,433.55,42.4,149.95,7.0,0.0,1150.6899999999998,46.93,374.51,0.0,119.0,3079.0199999999995,66.42000000000002,92.0,0.0,0.0,416.39000000000004,42.4,148.12,7.0,0.0,1053.26,46.93
United States,Kansas,Wheat,2010,winter,281.09999999999997,0.0,115.0,2632.0899999999997,29.38,66.73,0.0,0.0,540.5799999999999,34.25,186.05,6.0,0.0,1088.1200000000001,68.74,330.80999999999995,0.0,115.0,2897.58,34.25,71.52000000000001,0.0,0.0,445.53999999999996,37.529999999999994,131.55,6.0,0.0,917.6700000000001,68.74000000000001
United States,Kansas,Wheat,2011,winter,210.26,2.0,124.0,2950.7,55.580000000000005,17.46,3.0,0.0,499.31000000000006,9.22,155.22,16.0,0.0,1121.25,44.61,201.85,2.0,123.0,2794.64,55.580000000000005,20.799999999999997,0.0,1.0,509.81000000000006,9.22,160.29,19.0,0.0,1266.81,44.61
United States,Kansas,Wheat,2012,winter,331.46999999999997,3.0,100.0,3046.9800000000005,37.54,14.350000000000001,1.0,0.0,534.33,8.59,91.2,12.0,0.0,1255.8200000000002,50.6,271.98,3.0,100.0,2609.56,37.54,59.49,0.0,0.0,437.41999999999996,29.14,105.55,13.0,0.0,1790.1500000000003,50.6
United States,Kansas,Wheat,2013,winter,219.12,5.0,120.0,2926.04,21.98,63.68000000000001,0.0,3.0,500.5,27.32,155.06,12.0,0.0,1143.72,58.0,219.12,5.0,119.0,2882.1499999999996,21.98,63.68,0.0,4.0,544.39,27.32,155.06,12.0,0.0,1143.72,58.0
United States,Kansas,Wheat,2014,winter,164.94,3.0,130.0,3028.5999999999995,21.07,48.06,3.0,0.0,544.25,25.95,258.27,1.0,0.0,1060.17,61.120000000000005,174.88,3.0,130.0,3104.8799999999997,21.07,38.220000000000006,3.0,0.0,493.86999999999995,25.95,258.17,1.0,0.0,1034.27,61.120000000000005
United States,Kansas,Wheat,2015,winter,251.58999999999997,3.0,105.0,2972.8199999999997,37.42000000000001,94.30000000000001,0.0,0.0,474.67999999999995,36.8,218.52,6.0,0.0,1036.08,50.1,197.27999999999997,3.0,105.0,2766.45,28.640000000000004,71.48,0.0,0.0,463.35,37.42,295.65,6.0,0.0,1253.78,50.1
United States,Kansas,Wheat,2016,winter,356.95,7.0,93.0,3081.8599999999997,74.31,75.82000000000001,0.0,0.0,519.62,42.17,197.17999999999998,4.0,0.0,1082.5700000000002,61.1,273.78,7.0,85.0,2316.49,74.31,22.15,0.0,8.0,621.14,9.22,334.02,4.0,0.0,1746.4199999999996,61.1
United States,Kansas,Wheat,2017,winter,357.95,0.0,84.0,2968.67,64.46000000000001,96.58000000000001,0.0,0.0,501.02,41.28,140.1,1.0,0.0,1138.4799999999998,51.24,194.71,0.0,84.0,2436.6699999999996,33.4,137.74000000000004,0.0,0.0,425.8299999999999,64.46000000000001,262.18,1.0,0.0,1745.67,51.239999999999995
United States,Kansas,Wheat,2018,winter,198.45999999999998,5.0,119.0,2934.79,60.72999999999999,73.23,0.0,0.0,500.76000000000005,31.990000000000002,149.0,13.0,0.0,1193.52,30.789999999999996,196.42,5.0,115.0,2696.72,60.72999999999999,61.97000000000001,0.0,4.0,529.0100000000001,31.990000000000002,162.3,13.0,0.0,1403.3400000000001,30.789999999999996
United States,Kansas,Wheat,2019,winter,501.76000000000005,0.0,127.0,2744.82,114.85,184.98000000000002,0.0,0.0,453.32000000000005,100.49000000000001,314.29999999999995,0.0,0.0,1088.4199999999998,76.16999999999999,582.74,0.0,127.0,3026.67,114.85,269.79,0.0,0.0,390.15,100.49000000000001,148.51000000000002,0.0,0.0,869.7399999999999,68.48
United States,Kansas,Wheat,2020,winter,270.04,0.0,125.0,2915.64,36.03999999999999,71.92,0.0,0.0,460.21000000000004,24.75,154.18,4.0,0.0,1167.7400000000002,43.97,271.77,0.0,125.0,2941.71,36.03999999999999,74.04,0.0,0.0,455.94,24.75,150.33,4.0,0.0,1145.94,43.97
United States,Kansas,Wheat,2021,winter,344.21000000000004,5.0,114.0,2926.6900000000005,42.04,48.14,0.0,1.0,504.53999999999996,21.92,164.79000000000002,9.0,0.0,1014.83,38.98,329.9,5.0,112.0,2840.9900000000002,42.04,40.599999999999994,0.0,3.0,541.76,10.139999999999999,186.64000000000001,9.0,0.0,1063.31,41.38
United States,Kansas,Wheat,2022,winter,255.04999999999998,5.0,102.0,3140.88,67.22999999999999,54.16,0.0,0.0,497.23,30.32,252.32999999999998,9.0,0.0,1111.0800000000002,93.58,212.74999999999997,5.0,96.0,2549.39,67.22999999999999,42.32,0.0,6.0,602.75,28.55,306.47,9.0,0.0,1597.05,93.58
United States,Kansas,Wheat,2023,winter,210.8,9.0,127.0,3140.09,38.24,33.760000000000005,1.0,0.0,527.25,16.66,180.00000000000003,2.0,0.0,1075.3600000000001,29.21,185.23000000000002,9.0,127.0,2846.3900000000003,38.24,33.05,0.0,0.0,575.0400000000001,17.61,206.28000000000003,3.0,0.0,1321.27,31.61
United States,Kansas,Wheat,2024,winter,259.59000000000003,7.0,91.0,3044.8500000000004,24.749999999999996,53.27,0.0,0.0,491.62,19.3,196.33999999999997,8.0,0.0,1121.68,40.09,247.50000000000003,7.0,83.0,2209.74,24.749999999999996,8.739999999999998,0.0,8.0,673.53,3.9099999999999997,252.95999999999998,8.0,0.0,1774.88,40.09
United States,Kansas,Wheat,2025,winter,294.62,3.0,95.0,3125.39,45.599999999999994,48.120000000000005,0.0,0.0,513.54,18.15,273.7,0.0,0.0,1064.7199999999998,58.14,246.69,3.0,92.0,2473.8900000000003,45.599999999999994,27.380000000000003,0.0,3.0,560.55,14.709999999999999,342.37,0.0,0.0,1669.2099999999998,58.14
United States,Kansas,Barley,1990,spring,218.34,2.0,7.0,1438.37,38.7,41.089999999999996,12.0,0.0,468.81,23.75,252.69,29.0,0.0,1980.9800000000002,41.42,203.58,0.0,7.0,1189.34,38.7,23.7,3.0,0.0,268.65000000000003,12.12,284.8399999999999,40.0,0.0,2430.17,41.42
United States,Kansas,Barley,1991,spring,235.41,0.0,0.0,1459.13,41.61,11.95,10.0,0.0,453.05,8.559999999999999,137.98,27.0,0.0,1946.48,20.53,160.95,0.0,0.0,1022.27,41.61,62.12,0.0,0.0,283.74,29.75,162.26999999999998,37.0,0.0,2552.649999999999,20.53
United States,Kansas,Barley,1992,spring,241.1,1.0,3.0,1427.23,72.78,84.96000000000001,0.0,0.0,389.22999999999996,26.840000000000003,314.03,5.0,0.0,1891.99,46.980000000000004,107.97999999999999,1.0,3.0,1180.18,31.159999999999997,133.12,0.0,0.0,247.04999999999998,72.78,398.98999999999995,5.0,0.0,2281.22,46.980000000000004
United States,Kansas,Barley,1993,spring,220.41000000000003,0.0,4.0,1298.52,47.71,160.65999999999997,0.0,0.0,423.8399999999999,62.669999999999995,442.31,5.0,0.0,1810.3400000000001,79.58,219.71000000000004,0.0,4.0,1142.17,47.71,64.02999999999999,0.0,0.0,284.04,62.669999999999995,539.6399999999999,5.0,0.0,2106.4900000000002,79.58
United States,Kansas,Barley,1994,spring,132.54,4.0,6.0,1570.5,39.489999999999995,35.33,10.0,0.0,467.12,21.189999999999998,204.78,19.0,0.0,1964.0099999999998,51.46,108.96999999999998,2.0,6.0,1276.63,39.489999999999995,23.270000000000003,0.0,0.0,238.39000000000001,12.89,240.40999999999997,31.0,0.0,2486.6100000000006,58.290000000000006
United States,Kansas,Barley,1995,spring,390.9100000000001,0.0,4.0,1286.72,59.699999999999996,42.56,0.0,0.0,396.44,27.75,207.83999999999997,32.0,1.0,1915.1100000000001,38.370000000000005,361.51000000000005,0.0,4.0,1156.2499999999998,59.699999999999996,29.44,0.0,0.0,325.67,29.26,250.35999999999996,32.0,1.0,2116.35,38.370000000000005
United States,Kansas,Barley,1996,spring,251.81000000000003,5.0,6.0,1549.61,79.71000000000001,34.08,9.0,0.0,452.26,18.08,332.38,14.0,0.0,1813.6100000000001,44.89,184.84,5.0,6.0,1151.31,79.71000000000001,65.23,0.0,0.0,347.6199999999999,45.66,368.20000000000005,23.0,0.0,2316.5499999999997,44.89
United States,Kansas,Barley,1997,spring,173.39,1.0,8.0,1583.9900000000002,31.990000000000002,82.16000000000001,4.0,0.0,453.19,51.480000000000004,319.51,14.0,0.0,1915.4400000000003,55.97,147.26,1.0,8.0,1428.05,31.990000000000002,35.96,0.0,0.0,295.37999999999994,25.589999999999996,391.84000000000003,18.0,0.0,2229.1900000000005,55.97
United States,Kansas,Barley,1998,spring,117.67999999999999,2.0,2.0,1629.8299999999997,24.46,73.44,10.0,0.0,475.5,39.86,271.24,30.0,0.0,1887.1499999999999,48.72,105.15,1.0,2.0,1296.34,24.46,12.53,1.0,0.0,333.48999999999995,10.190000000000001,344.68,40.0,0.0,2362.65,48.72
United States,Kansas,Barley,1999,spring,269.23999999999995,0.0,1.0,1515.83,50.22,100.91000000000001,0.0,0.0,326.8,28.96,266.15000000000003,18.0,0.0,1900.9000000000003,69.22,231.95999999999998,0.0,1.0,1245.9200000000003,50.22,37.49,0.0,0.0,297.80999999999995,21.0,366.85,18.0,0.0,2199.8,69.22
United States,Kansas,Barley,2000,spring,142.34,0.0,5.0,1583.34,41.78,85.69,0.0,0.0,415.01,41.21,158.26999999999998,50.0,0.0,1993.5200000000002,60.96000000000001,121.87000000000002,0.0,5.0,1235.79,41.78,10.619999999999997,0.0,0.0,300.21000000000004,7.53,253.80999999999997,50.0,0.0,2455.8699999999994,60.96000000000001
United States,Kansas,Barley,2001,spring,274.21,0.0,1.0,1554.8300000000002,54.37,26.470000000000002,0.0,0.0,484.39,19.630000000000003,249.59,37.0,0.0,2015.9499999999998,71.16,131.89999999999998,0.0,1.0,1183.54,51.760000000000005,137.17000000000002,0.0,0.0,255.84,54.370000000000005,281.2,37.0,0.0,2615.79,71.16
United States,Kansas,Barley,2002,spring,212.81,5.0,4.0,1528.1199999999997,41.44,39.24,8.0,0.0,452.84,35.6,196.75,34.0,0.0,1971.5000000000005,62.94,154.41,0.0,4.0,1202.4299999999998,25.39,16.96,5.0,0.0,263.91999999999996,12.030000000000001,277.43,42.0,0.0,2486.1099999999997,62.94
United States,Kansas,Barley,2003,spring,231.80000000000004,0.0,5.0,1521.3700000000001,38.72,25.699999999999996,1.0,0.0,434.91,11.96,200.16000000000003,43.0,0.0,2003.31,61.54,184.55999999999997,0.0,5.0,1248.32,38.72,47.73,0.0,0.0,327.43,25.32,225.37,44.0,0.0,2383.84,61.540000000000006
United States,Kansas,Barley,2004,spring,147.56,3.0,2.0,1626.3900000000003,20.56,134.17000000000002,0.0,0.0,398.05000000000007,51.599999999999994,278.23,13.0,0.0,1992.39,68.02,112.1,1.0,2.0,1204.7,20.56,27.069999999999997,1.0,0.0,324.52,15.47,420.79,14.0,0.0,2487.61,68.02
United States,Kansas,Barley,2005,spring,239.75999999999996,1.0,2.0,1596.27,52.419999999999995,31.81,5.0,0.0,499.33,25.62,250.97000000000003,22.0,0.0,1943.92,45.38,118.16,1.0,2.0,1292.7500000000002,30.54,96.63,0.0,0.0,268.09000000000003,36.449999999999996,307.75,27.0,0.0,2478.6800000000003,45.38
United States,Kansas,Barley,2006,spring,175.54000000000002,6.0,0.0,1647.43,28.19,60.12,8.0,0.0,489.63,30.86,271.37,28.0,0.0,1948.8899999999999,60.519999999999996,118.98000000000002,2.0,0.0,1160.9399999999998,28.19,32.809999999999995,1.0,0.0,262.13000000000005,26.53,355.24,39.0,0.0,2662.88,60.519999999999996
United States,Kansas,Barley,2007,spring,393.53999999999996,0.0,8.0,1481.9099999999999,96.41,39.71,0.0,0.0,352.16,13.98,252.83999999999997,11.0,0.0,1933.9699999999998,43.41,356.89,0.0,8.0,1211.1299999999999,96.41,43.470000000000006,0.0,0.0,339.23,34.489999999999995,285.72999999999996,11.0,0.0,2217.68,43.41
United States,Kansas,Barley,2008,spring,248.9,0.0,6.0,1591.38,46.92,75.62,3.0,0.0,469.53999999999996,38.01,322.48999999999995,17.0,0.0,1792.2299999999998,54.26999999999999,214.34,0.0,6.0,1338.85,46.92,34.559999999999995,0.0,0.0,284.04999999999995,17.310000000000002,398.11,20.0,0.0,2230.25,54.26999999999999
United States,Kansas,Barley,2009,spring,215.7,1.0,5.0,1532.77,42.4,86.77,6.0,0.0,468.14,46.93,287.43,12.0,0.0,1823.8500000000001,44.029999999999994,191.38,0.0,5.0,1288.39,42.4,67.8,1.0,0.0,285.01,43.650000000000006,330.71999999999997,18.0,0.0,2251.36,44.029999999999994
United States,Kansas,Barley,2010,spring,255.85999999999999,2.0,0.0,1585.22,65.9,12.42,4.0,0.0,486.99000000000007,6.06,291.02000000000004,30.0,0.0,1965.3,62.849999999999994,156.79999999999998,0.0,0.0,1259.64,37.53,33.15,2.0,0.0,245.06000000000003,29.779999999999998,369.35,34.0,0.0,2532.81,68.74000000000001
United States,Kansas,Barley,2011,spring,165.15000000000003,11.0,1.0,1558.0,44.61,21.66,9.0,0.0,485.72,20.900000000000002,166.05,49.0,0.0,2026.6399999999999,39.150000000000006,117.42999999999999,4.0,1.0,1193.6399999999999,44.61,30.589999999999996,5.0,0.0,243.45,30.49,204.84,60.0,0.0,2633.2700000000004,39.150000000000006
United States,Kansas,Barley,2012,spring,105.03,5.0,0.0,1688.8200000000002,29.14,62.449999999999996,9.0,0.0,491.65999999999997,50.6,146.93,39.0,0.0,1998.2299999999998,55.739999999999995,75.85,1.0,0.0,1099.22,29.14,27.210000000000004,2.0,0.0,291.9,20.740000000000002,211.35,50.0,0.0,2787.59,55.739999999999995
United States,Kansas,Barley,2013,spring,209.45,5.0,11.0,1519.8500000000001,58.0,49.330000000000005,7.0,0.0,461.71000000000004,33.78,383.97999999999996,17.0,0.0,1817.5700000000002,71.91,180.06,2.0,11.0,1254.6,58.0,35.309999999999995,4.0,0.0,311.02,19.990000000000002,427.38999999999993,23.0,0.0,2233.51,71.91
United States,Kansas,Barley,2014,spring,227.22,4.0,4.0,1578.9,61.120000000000005,87.5,0.0,0.0,415.01,33.33,231.16,28.0,0.0,1956.8600000000001,42.3,87.9,4.0,4.0,1236.3799999999997,27.51,128.35999999999999,0.0,0.0,257.68,58.099999999999994,329.62,28.0,0.0,2456.71,42.3
United States,Kansas,Barley,2015,spring,338.84999999999997,0.0,0.0,1458.5600000000002,50.1,35.269999999999996,7.0,0.0,443.18,29.75,228.76000000000002,21.0,0.0,1908.41,37.61,288.86999999999995,0.0,0.0,1110.2900000000002,50.1,23.2,0.0,0.0,294.61,20.11,290.81,28.0,0.0,2405.25,44.87
United States,Kansas,Barley,2018,spring,152.53,6.0,12.0,1641.5200000000002,31.990000000000002,81.8,7.0,0.0,463.84,30.79,346.94000000000005,16.0,0.0,1862.0199999999998,70.85,113.22,1.0,12.0,1229.6399999999999,31.990000000000002,33.160000000000004,2.0,0.0,287.90000000000003,27.650000000000002,434.89,26.0,0.0,2449.84,70.85
United States,Kansas,Barley,2019,spring,407.52,0.0,4.0,1525.5300000000002,100.49000000000001,103.74000000000001,0.0,0.0,451.86,68.48,269.28000000000003,1.0,0.0,1898.1199999999997,50.53,374.95,0.0,4.0,1246.6000000000001,100.49000000000001,46.7,0.0,0.0,354.0,24.22,358.89,1.0,0.0,2274.91,68.48
United States,Kansas,Barley,2020,spring,168.9,3.0,11.0,1594.9299999999998,39.779999999999994,70.05999999999999,1.0,0.0,453.51,43.97,258.2,15.0,0.0,1917.31,43.75,154.63,0.0,11.0,1296.12,39.779999999999994,14.270000000000001,3.0,0.0,326.77,13.05,328.26000000000005,16.0,0.0,2342.8600000000006,43.97
United States,Kansas,Barley,2021,spring,201.83,0.0,4.0,1494.1,41.38,55.86000000000001,9.0,0.0,434.71000000000004,37.66,238.30000000000004,29.0,0.0,1960.8700000000001,67.23,196.92000000000002,0.0,4.0,1228.8600000000001,41.38,4.91,1.0,0.0,325.77000000000004,4.54,294.15999999999997,37.0,0.0,2335.05,67.22999999999999
United States,Kansas,Barley,2022,spring,285.15999999999997,1.0,3.0,1580.04,93.58,52.019999999999996,8.0,0.0,454.72999999999996,29.2,140.54999999999998,46.0,0.0,2041.7500000000002,31.96,180.83,0.0,3.0,1208.89,93.58,103.99000000000001,0.0,0.0,293.65,45.940000000000005,192.91,55.0,0.0,2573.98,33.11
United States,Kansas,Barley,2023,spring,178.3,1.0,2.0,1637.52,31.61,67.13,2.0,0.0,456.87,22.020000000000003,186.63,37.0,0.0,1971.2599999999998,31.93,99.88,1.0,2.0,1282.0,31.61,41.160000000000004,0.0,0.0,245.1,29.21,291.02000000000004,39.0,0.0,2538.55,31.93
United States,Kansas,Barley,2024,spring,189.42000000000002,1.0,0.0,1628.3100000000002,40.09,69.31,8.0,0.0,438.11,34.83,212.45000000000002,31.0,0.0,1940.8,47.20000000000001,107.76,0.0,0.0,1189.2299999999998,33.00000000000001,40.67999999999999,0.0,0.0,272.19000000000005,21.31,322.74,40.0,0.0,2545.7999999999997,47.20000000000001
United States,Kansas,Barley,2025,spring,245.32999999999996,0.0,1.0,1564.18,53.809999999999995,119.19999999999999,0.0,0.0,443.42,58.13999999999999,340.12,15.0,0.0,1836.7399999999998,41.440000000000005,194.88,0.0,1.0,1189.62,53.809999999999995,48.14,0.0,0.0,331.16999999999996,23.28,461.63,15.0,0.0,2323.55,58.13999999999999
United States,Kansas,Oats,1990,spring,181.68,0.0,7.0,1081.7599999999998,38.7,71.78,7.0,0.0,507.02000000000004,21.900000000000002,258.65999999999997,36.0,0.0,2299.3799999999997,41.42,144.25,0.0,7.0,936.4599999999998,38.7,68.14999999999999,0.0,0.0,405.26,33.49,299.71999999999997,43.0,0.0,2546.4400000000005,41.42
United States,Kansas,Oats,1991,spring,183.42,0.0,0.0,1104.75,41.61,53.550000000000004,1.0,0.0,516.03,29.75,148.37,36.0,0.0,2237.8799999999997,20.53,96.83,0.0,0.0,805.6500000000001,20.34,94.91,0.0,0.0,348.64,41.61,193.60000000000002,37.0,0.0,2704.37,23.38
United States,Kansas,Oats,1992,spring,107.97999999999999,1.0,3.0,1180.18,31.159999999999997,176.30999999999997,0.0,0.0,383.56000000000006,72.78,355.79999999999995,5.0,0.0,2144.71,46.980000000000004,68.63,1.0,3.0,901.73,26.18,139.14,0.0,0.0,383.58,72.78,432.31999999999994,5.0,0.0,2423.1400000000003,46.980000000000004
United States,Kansas,Oats,1993,spring,205.53,0.0,4.0,967.96,47.71,78.21,0.0,0.0,458.25000000000006,62.669999999999995,539.6399999999999,5.0,0.0,2106.4900000000002,79.58,189.38000000000002,0.0,4.0,850.54,47.71,31.03,0.0,0.0,447.98,18.46,602.97,5.0,0.0,2234.1800000000003,79.58
United States,Kansas,Oats,1994,spring,108.74999999999999,0.0,6.0,1220.0400000000002,39.489999999999995,23.8,8.0,0.0,498.62999999999994,12.89,240.1,25.0,0.0,2282.960000000001,58.290000000000006,103.6,0.0,6.0,948.89,39.489999999999995,25.870000000000005,2.0,0.0,432.21000000000004,12.889999999999999,243.18,31.0,0.0,2620.53,58.290000000000006
United States,Kansas,Oats,1995,spring,331.09999999999997,0.0,4.0,967.58,59.699999999999996,59.85,0.0,0.0,486.66999999999996,44.03,250.35999999999996,32.0,1.0,2144.02,38.370000000000005,278.56,0.0,4.0,882.23,59.699999999999996,112.39000000000001,0.0,0.0,434.22,52.33,250.35999999999999,32.0,1.0,2281.82,38.370000000000005
United States,Kansas,Oats,1996,spring,184.91,5.0,6.0,1183.86,79.71000000000001,75.9,2.0,0.0,519.32,45.66,357.46,21.0,0.0,2112.2999999999997,44.89,102.61999999999999,1.0,6.0,906.3299999999999,30.450000000000003,132.65,4.0,0.0,416.99999999999994,79.71000000000001,382.99999999999994,23.0,0.0,2492.149999999999,44.89
United States,Kansas,Oats,1997,spring,141.91000000000003,1.0,8.0,1226.1599999999999,31.990000000000002,42.04,1.0,0.0,520.7299999999999,25.589999999999996,391.1099999999999,17.0,0.0,2205.7300000000005,55.97,100.34,1.0,8.0,1120.6799999999998,31.990000000000002,72.81,0.0,0.0,443.32000000000005,27.67,401.9099999999999,18.0,0.0,2388.620000000001,55.97
United States,Kansas,Oats,1998,spring,105.11,0.0,2.0,1270.07,24.46,14.64,4.0,0.0,514.74,10.190000000000001,342.61,38.0,0.0,2207.67,48.72,93.41,0.0,2.0,1033.49,24.46,16.23,1.0,0.0,443.12000000000006,11.18,352.71999999999997,41.0,0.0,2515.8700000000003,48.72
United States,Kansas,Oats,1999,spring,214.45999999999998,0.0,1.0,1162.5800000000002,50.22,90.25000000000001,0.0,0.0,446.36999999999995,27.830000000000002,331.59,18.0,0.0,2134.5800000000004,69.22,175.82,0.0,1.0,926.3,50.22,64.53999999999999,0.0,0.0,468.49999999999994,26.16,395.94000000000005,18.0,0.0,2348.73,69.22
United States,Kansas,Oats,2000,spring,121.83000000000001,0.0,5.0,1208.35,41.78,30.17,0.0,0.0,506.18,11.810000000000002,234.3,50.0,0.0,2277.3399999999997,60.96000000000001,69.61,0.0,5.0,945.46,32.72,60.06,0.0,0.0,472.38999999999993,41.78,256.63000000000005,50.0,0.0,2574.019999999999,60.96000000000001
United States,Kansas,Oats,2001,spring,179.85999999999999,0.0,1.0,1241.1699999999998,51.760000000000005,109.03,0.0,0.0,471.8999999999999,35.07,261.38,37.0,0.0,2342.1,71.16,111.22999999999999,0.0,1.0,860.27,51.760000000000005,106.41,0.0,0.0,470.15000000000003,54.37,332.63,37.0,0.0,2724.75,71.16
United States,Kansas,Oats,2002,spring,153.85,0.0,4.0,1174.82,25.39,95.87,5.0,0.0,497.54999999999995,41.44,199.08000000000004,42.0,0.0,2280.0899999999997,62.94,123.96000000000001,0.0,4.0,892.46,25.39,42.56,4.0,0.0,437.59,21.060000000000002,282.28,43.0,0.0,2622.41,62.94
United States,Kansas,Oats,2003,spring,179.91,0.0,5.0,1203.24,38.72,64.72,0.0,0.0,467.87000000000006,29.05,213.03,44.0,0.0,2288.48,61.54,142.09000000000003,0.0,5.0,906.6400000000001,38.72,77.54,0.0,0.0,501.67999999999995,31.939999999999998,238.03,44.0,0.0,2551.27,61.540000000000006
United States,Kansas,Oats,2004,spring,118.46,2.0,2.0,1257.19,20.56,104.42,1.0,0.0,491.8599999999999,51.599999999999994,337.08,13.0,0.0,2267.78,68.02,110.49,0.0,2.0,973.1499999999999,20.47,10.06,2.0,0.0,419.22999999999996,6.930000000000001,439.40999999999997,14.0,0.0,2624.4500000000003,68.02
United States,Kansas,Oats,2005,spring,118.16,1.0,2.0,1292.7500000000002,30.54,147.22,0.0,0.0,476.64,52.419999999999995,257.16,27.0,0.0,2270.1299999999997,45.38,92.42,0.0,2.0,1005.5800000000002,30.54,78.92,1.0,0.0,417.83000000000004,35.98,351.2,27.0,0.0,2616.1100000000006,52.42
United States,Kansas,Oats,2006,spring,126.07999999999998,3.0,0.0,1288.8200000000002,28.19,73.17,6.0,0.0,518.75,25.47,307.78000000000003,33.0,0.0,2278.3800000000006,60.519999999999996,105.99000000000001,1.0,0.0,848.8700000000001,28.19,28.5,2.0,0.0,454.57,12.84,372.54,39.0,0.0,2782.5099999999998,60.519999999999996
United States,Kansas,Oats,2007,spring,321.85999999999996,0.0,8.0,1128.25,96.41,81.78999999999999,0.0,0.0,479.55999999999995,35.019999999999996,282.4399999999999,11.0,0.0,2160.23,43.41,206.62,0.0,8.0,970.39,85.17999999999999,158.01999999999998,0.0,0.0,456.64,96.41,321.45,11.0,0.0,2341.01,43.41
United States,Kansas,Oats,2008,spring,208.06999999999996,0.0,6.0,1210.71,46.92,77.22999999999999,0.0,0.0,521.6800000000001,34.14,361.71,20.0,0.0,2120.76,54.26999999999999,144.70000000000002,0.0,6.0,1099.3400000000001,46.92,84.12,0.0,0.0,359.13,45.480000000000004,418.19,20.0,0.0,2394.68,54.26999999999999
United States,Kansas,Oats,2009,spring,178.24,0.0,5.0,1190.61,42.4,85.24,1.0,0.0,480.7799999999999,46.93,326.41999999999996,18.0,0.0,2153.3700000000003,44.029999999999994,154.25,0.0,5.0,1005.76,42.4,43.74,1.0,0.0,437.71999999999997,22.81,391.91,18.0,0.0,2381.28,46.93
United States,Kansas,Oats,2010,spring,156.79999999999998,0.0,0.0,1259.64,37.53,107.01000000000002,2.0,0.0,474.20000000000005,68.74000000000001,295.48999999999995,34.0,0.0,2303.6699999999996,62.849999999999994,89.38999999999999,0.0,0.0,975.21,34.25,69.08,1.0,0.0,433.15999999999997,37.53,400.83000000000004,35.0,0.0,2629.1399999999994,68.74000000000001
United States,Kansas,Oats,2011,spring,117.42999999999999,4.0,1.0,1193.6399999999999,44.61,68.89999999999999,9.0,0.0,514.11,30.49,166.52999999999997,56.0,0.0,2362.6100000000006,39.150000000000006,31.59,3.0,1.0,941.56,9.22,116.33,2.0,0.0,383.6,44.61,204.94,64.0,0.0,2745.2000000000007,39.150000000000006
United States,Kansas,Oats,2012,spring,82.32,3.0,0.0,1301.36,29.14,73.5,2.0,0.0,552.13,50.6,158.59,48.0,0.0,2325.2199999999993,55.739999999999995,71.33,1.0,0.0,787.77,29.14,9.67,2.0,0.0,428.63,5.15,233.41000000000003,50.0,0.0,2962.3099999999995,55.739999999999995
United States,Kansas,Oats,2013,spring,167.06,2.0,11.0,1131.72,46.89,82.11000000000001,4.0,0.0,543.07,33.78,393.59000000000003,23.0,0.0,2124.3399999999997,71.91,119.36,0.0,11.0,1016.6400000000001,27.32,90.08,3.0,0.0,414.13000000000005,58.0,433.32000000000005,26.0,0.0,2368.36,71.91
United States,Kansas,Oats,2014,spring,87.9,4.0,4.0,1236.3799999999997,27.51,158.82999999999998,0.0,0.0,501.28,61.120000000000005,299.15,28.0,0.0,2213.1099999999997,42.3,57.739999999999995,3.0,4.0,990.33,25.95,55.71,1.0,0.0,368.64,27.51,432.43000000000006,28.0,0.0,2591.7999999999997,61.120000000000005
United States,Kansas,Oats,2015,spring,288.86999999999995,0.0,0.0,1110.2900000000002,50.1,80.6,0.0,0.0,467.70000000000005,44.87,233.41000000000003,28.0,0.0,2232.1600000000003,37.61,155.60000000000002,0.0,0.0,847.25,37.42,155.07000000000002,0.0,0.0,419.67999999999995,50.1,292.2099999999999,28.0,0.0,2543.2200000000003,44.87
United States,Kansas,Oats,2016,spring,262.93000000000006,0.0,1.0,1190.3500000000001,61.1,49.4,1.0,0.0,574.0300000000001,23.720000000000002,412.60999999999996,13.0,0.0,2158.88,66.53999999999999,162.5,0.0,1.0,1000.99,51.07,114.7,0.0,0.0,412.81000000000006,61.1,447.73999999999995,14.0,0.0,2509.46,66.53999999999999
United States,Kansas,Oats,2017,spring,247.33,0.0,0.0,1198.0799999999997,51.239999999999995,34.489999999999995,1.0,0.0,542.59,14.009999999999998,191.73,23.0,0.0,2205.64,39.38,181.23999999999998,0.0,0.0,935.83,41.28,81.98000000000002,0.0,0.0,485.35,48.62,210.32999999999998,24.0,0.0,2525.13,39.379999999999995
United States,Kansas,Oats,2018,spring,137.14,1.0,12.0,1249.8799999999999,31.990000000000002,36.33,9.0,0.0,550.7500000000001,20.939999999999998,407.79999999999995,19.0,0.0,2166.75,70.85,83.37999999999998,0.0,12.0,980.28,31.990000000000002,58.67,1.0,0.0,415.28,27.65,439.22,28.0,0.0,2571.82,70.85
United States,Kansas,Oats,2019,spring,374.94,0.0,4.0,1141.48,100.49000000000001,60.60000000000001,0.0,0.0,513.86,24.22,345.0,1.0,0.0,2220.17,68.48,277.04,0.0,4.0,977.17,100.49000000000001,121.79000000000002,0.0,0.0,436.47999999999996,48.22,381.71,1.0,0.0,2461.8600000000006,68.48
United States,Kansas,Oats,2020,spring,153.77000000000004,0.0,11.0,1160.9,39.779999999999994,48.84,3.0,0.0,583.1800000000001,33.71,294.55,16.0,0.0,2221.67,43.75,111.67,0.0,11.0,1028.8899999999999,24.75,54.980000000000004,2.0,0.0,445.3,39.779999999999994,330.51,17.0,0.0,2491.56,43.97
United States,Kansas,Oats,2021,spring,157.35,0.0,4.0,1144.8299999999997,41.38,44.75,5.0,0.0,520.6899999999999,38.98,293.88999999999993,33.0,0.0,2224.16,67.22999999999999,125.79,0.0,4.0,1002.8399999999998,41.38,75.67,0.0,0.0,385.2199999999999,38.98,294.53000000000003,38.0,0.0,2501.62,67.22999999999999
United States,Kansas,Oats,2022,spring,180.94000000000003,0.0,3.0,1229.2700000000002,93.58,104.22,5.0,0.0,523.9000000000001,45.940000000000005,192.56999999999996,50.0,0.0,2323.35,33.11,63.790000000000006,0.0,3.0,907.1000000000001,30.32,182.77,0.0,0.0,458.26,93.58,231.16999999999996,55.0,0.0,2711.16,33.11
United States,Kansas,Oats,2023,spring,100.22999999999999,1.0,2.0,1309.79,31.61,103.93,0.0,0.0,489.97,29.21,227.89999999999998,39.0,0.0,2265.89,31.93,81.96,1.0,2.0,1001.34,31.53,50.13,0.0,0.0,396.69000000000005,29.21,299.97,39.0,0.0,2667.62,31.93
United States,Kansas,Oats,2024,spring,110.53,0.0,0.0,1290.0799999999997,33.00000000000001,123.38,2.0,0.0,469.61,40.09,237.27,38.0,0.0,2247.5299999999997,47.20000000000001,61.580000000000005,0.0,0.0,890.25,19.3,63.81,0.0,0.0,446.51000000000005,33.00000000000001,345.79,40.0,0.0,2670.46,47.20000000000001
United States,Kansas,Oats,2025,spring,199.01999999999998,0.0,1.0,1207.9299999999998,53.809999999999995,118.05000000000001,0.0,0.0,486.55999999999995,58.13999999999999,387.58000000000004,15.0,0.0,2149.8500000000004,41.440000000000005,90.83,0.0,1.0,912.44,18.15,132.44000000000003,0.0,0.0,449.65999999999997,53.81,481.38000000000005,15.0,0.0,2482.24,58.13999999999999
United States,Kansas,Canola,2016,spring,337.04,4.0,1.0,2023.1499999999999,61.1,132.82,6.0,0.0,654.3800000000001,66.53999999999999,255.07999999999998,4.0,0.0,1245.73,35.89,139.68000000000004,0.0,1.0,861.6899999999998,51.07,137.51999999999998,0.0,0.0,582.0,61.1,447.73999999999995,14.0,0.0,2479.5699999999997,66.53999999999999
United States,Kansas,Canola,2017,spring,314.96999999999997,1.0,0.0,2003.57,51.239999999999995,38.709999999999994,16.0,0.0,715.4899999999999,13.620000000000001,119.87,7.0,0.0,1227.25,39.38,174.86999999999998,0.0,0.0,865.09,41.28,88.46,0.0,0.0,584.06,51.24,210.22,24.0,0.0,2497.16,39.379999999999995
United States,Kansas,Canola,2018,spring,227.75000000000003,13.0,12.0,2077.9600000000005,31.990000000000002,79.5,11.0,0.0,701.17,26.89,274.02,5.0,0.0,1188.25,70.85,76.17999999999999,0.0,12.0,865.2000000000002,31.990000000000002,65.87,1.0,0.0,499.3,27.65,439.22,28.0,0.0,2602.8799999999997,70.85
United States,Kansas,Canola,2019,spring,511.26,0.0,4.0,1949.4900000000002,100.49000000000001,47.57,0.0,0.0,727.0699999999999,27.53,221.70999999999998,1.0,0.0,1198.9500000000003,50.53,196.95999999999998,0.0,4.0,917.2400000000001,100.49000000000001,209.72,0.0,0.0,552.74,76.16999999999999,373.86,1.0,0.0,2405.53,68.48
United States,Kansas,Canola,2020,spring,238.57000000000002,4.0,11.0,2024.2,43.97,136.47,1.0,0.0,679.9800000000001,36.07,122.12,14.0,0.0,1261.57,42.04,88.39,0.0,11.0,972.5799999999999,24.75,80.47999999999999,2.0,0.0,532.71,39.779999999999994,328.29,17.0,0.0,2460.46,43.97
United States,Kansas,Canola,2021,spring,253.12000000000003,9.0,4.0,1914.57,41.38,59.29,7.0,0.0,652.0699999999999,25.44,183.57999999999998,22.0,0.0,1323.04,67.23,122.44,0.0,4.0,960.1499999999999,41.38,79.02,0.0,0.0,454.94000000000005,38.98,294.53,38.0,0.0,2474.59,67.22999999999999
United States,Kansas,Canola,2022,spring,316.12,9.0,3.0,2018.18,93.58,84.54999999999998,17.0,0.0,691.5300000000001,33.11,77.06,29.0,0.0,1366.8100000000002,27.03,60.68000000000001,0.0,3.0,830.25,30.32,198.01999999999998,0.0,0.0,557.83,93.58,219.02999999999994,55.0,0.0,2688.44,33.11
United States,Kansas,Canola,2023,spring,239.41000000000003,3.0,2.0,2068.52,31.61,78.51,13.0,0.0,651.4399999999999,25.16,114.13999999999999,24.0,0.0,1345.69,31.93,50.32,1.0,2.0,909.13,17.61,81.77,0.0,0.0,488.90000000000003,31.61,299.97,39.0,0.0,2667.62,31.93
United States,Kansas,Canola,2024,spring,258.01,8.0,0.0,2040.6100000000004,40.09,47.93,13.0,0.0,675.6099999999999,29.09,165.24,19.0,0.0,1291.0,47.20000000000001,50.46,0.0,0.0,754.7600000000001,19.3,71.29,0.0,0.0,559.31,33.00000000000001,349.43,40.0,0.0,2693.15,47.20000000000001
United States,Kansas,Canola,2025,spring,364.53,0.0,1.0,1977.1599999999999,58.13999999999999,99.55000000000001,7.0,0.0,687.2399999999998,37.01,240.57,8.0,0.0,1179.94,41.440000000000005,90.82,0.0,1.0,795.5799999999999,18.15,132.45000000000002,0.0,0.0,566.52,53.81,481.38000000000005,15.0,0.0,2482.24,58.13999999999999
United States,Minnesota,Wheat,1990,spring,259.86,0.0,23.0,1319.54,71.58000000000001,79.94000000000001,0.0,0.0,360.75,44.599999999999994,304.18999999999994,0.0,0.0,1722.47,51.78,317.78,0.0,23.0,1479.0600000000002,71.58000000000001,22.71,0.0,0.0,340.45000000000005,16.040000000000003,303.49999999999994,0.0,0.0,1583.2500000000002,51.78
United States,Minnesota,Wheat,1991,spring,268.70000000000005,0.0,16.0,1303.3,51.92,81.14,0.0,0.0,364.94999999999993,31.550000000000004,318.38,0.0,1.0,1704.89,63.910000000000004,268.70000000000005,0.0,16.0,1303.3,51.92,79.34,0.0,0.0,350.56999999999994,31.550000000000004,320.18,0.0,1.0,1719.27,63.910000000000004
United States,Minnesota,Wheat,1992,spring,115.69,0.0,19.0,1361.51,31.950000000000003,79.55000000000001,0.0,0.0,352.15,49.04,256.81999999999994,0.0,0.0,1530.27,52.78,154.27,0.0,19.0,1451.3400000000001,35.21,94.74,0.0,0.0,380.54999999999995,52.78,203.05,0.0,0.0,1412.0400000000002,36.239999999999995
United States,Minnesota,Wheat,1993,spring,220.78999999999996,0.0,18.0,1270.27,53.589999999999996,109.50999999999999,0.0,0.0,338.69,48.08,311.40999999999997,0.0,1.0,1527.32,32.94,286.65,0.0,18.0,1475.4299999999998,53.589999999999996,131.43,0.0,0.0,327.71999999999997,41.63,223.63,0.0,1.0,1333.1299999999999,30.83
United States,Minnesota,Wheat,1994,spring,169.66,0.0,23.0,1468.6399999999999,46.96,97.89,0.0,0.0,344.74,42.38,301.9099999999999,0.0,0.0,1605.88,41.17999999999999,222.22,0.0,23.0,1566.1299999999997,46.96,47.67999999999999,0.0,0.0,332.51,19.759999999999998,299.55999999999995,0.0,0.0,1520.6200000000001,41.18
United States,Minnesota,Wheat,1995,spring,185.08,0.0,23.0,1296.3400000000001,27.19,14.879999999999999,0.0,0.0,432.39000000000004,8.96,391.90999999999997,0.0,1.0,1581.5500000000002,75.21,188.55,0.0,23.0,1598.6999999999998,27.19,84.60000000000001,0.0,0.0,294.75,49.75,318.71999999999997,0.0,1.0,1416.83,75.21
United States,Minnesota,Wheat,1996,spring,143.56,0.0,29.0,1439.69,39.91,67.36,0.0,0.0,326.29,24.47,193.02000000000004,0.0,0.0,1709.39,24.46,201.90999999999997,0.0,29.0,1696.9399999999998,39.91,52.980000000000004,0.0,0.0,353.94,20.240000000000002,149.05,0.0,0.0,1424.49,23.86
United States,Minnesota,Wheat,1997,spring,67.74000000000001,0.0,23.0,1450.17,16.16,85.76,0.0,0.0,391.56,32.76,326.41999999999996,0.0,0.0,1628.6399999999999,44.84,88.9,0.0,23.0,1698.82,17.59,121.61000000000001,0.0,0.0,336.25,32.54,269.40999999999997,0.0,0.0,1435.2999999999997,44.84
United States,Minnesota,Wheat,1998,spring,153.83,0.0,10.0,1507.1800000000003,39.09,107.69000000000001,0.0,0.0,346.62,38.010000000000005,190.5,0.0,0.0,1827.99,33.52,153.83,0.0,10.0,1507.1800000000003,39.09,106.68,0.0,0.0,323.76,38.010000000000005,191.51,0.0,0.0,1850.85,33.52
United States,Minnesota,Wheat,1999,spring,273.5,0.0,9.0,1299.4900000000002,82.64,69.94999999999999,0.0,0.0,390.64,35.23,314.43999999999994,0.0,0.0,1663.89,34.38,273.53,0.0,9.0,1352.2,82.64,79.84,0.0,0.0,373.77,35.23,304.52,0.0,0.0,1628.05,34.38
United States,Minnesota,Wheat,2000,spring,126.06,0.0,23.0,1363.1100000000001,23.1,74.55,0.0,0.0,326.82,27.47,205.92,0.0,1.0,1667.8400000000001,40.78,164.09,0.0,23.0,1452.5100000000002,27.47,52.99000000000001,0.0,0.0,354.38,16.86,189.45000000000002,0.0,1.0,1550.88,40.78
United States,Minnesota,Wheat,2001,spring,349.90999999999997,0.0,15.0,1201.7199999999998,83.10000000000001,87.91,0.0,0.0,415.20000000000005,57.97,196.12,0.0,0.0,1766.52,30.38,417.95,0.0,15.0,1318.0299999999997,83.10000000000001,21.230000000000004,0.0,0.0,424.77000000000004,12.850000000000001,194.76,0.0,0.0,1640.6399999999999,30.379999999999995
United States,Minnesota,Wheat,2002,spring,147.86,0.0,28.0,1324.9300000000003,32.64,101.27000000000001,0.0,0.0,392.15000000000003,53.660000000000004,425.07000000000005,0.0,0.0,1701.3599999999997,66.11,224.62999999999997,0.0,28.0,1558.18,41.4,43.08,0.0,0.0,335.75,24.44,406.49,0.0,0.0,1524.5099999999998,66.11
United States,Minnesota,Wheat,2003,spring,221.66000000000003,0.0,15.0,1379.6100000000001,47.419999999999995,104.03,0.0,0.0,404.19000000000005,65.73,204.15,1.0,1.0,1756.53,64.02,233.09000000000003,0.0,15.0,1588.15,47.419999999999995,126.75,0.0,0.0,356.7,65.73,170.0,1.0,1.0,1595.48,64.02
United States,Minnesota,Wheat,2004,spring,232.24,0.0,17.0,1258.92,39.97,31.169999999999998,0.0,0.0,416.26,13.529999999999998,243.51999999999998,0.0,0.0,1638.6599999999999,39.7,248.99,0.0,17.0,1482.82,39.97,37.449999999999996,0.0,0.0,385.92,14.69,220.48999999999995,0.0,0.0,1445.1,39.7
United States,Minnesota,Wheat,2005,spring,166.29000000000002,0.0,16.0,1192.7,26.04,77.75999999999999,0.0,0.0,406.97,27.38,148.04999999999998,5.0,0.0,1762.2499999999998,25.990000000000002,188.05,0.0,16.0,1228.82,26.57,37.76,0.0,0.0,363.24,26.0,166.28999999999996,5.0,0.0,1769.86,25.990000000000002
United States,Minnesota,Wheat,2006,spring,101.25999999999999,0.0,8.0,1387.98,26.36,23.739999999999995,0.0,0.0,418.94000000000005,13.549999999999999,143.76999999999998,8.0,0.0,1765.9799999999998,24.38,95.66,0.0,8.0,1301.47,26.36,20.259999999999998,0.0,0.0,364.19000000000005,13.549999999999999,152.85,8.0,0.0,1907.24,24.38
United States,Minnesota,Wheat,2007,spring,130.2,0.0,16.0,1420.04,27.669999999999998,18.18,0.0,0.0,444.12000000000006,10.21,256.44,3.0,0.0,1707.51,54.12,128.48999999999998,0.0,16.0,1394.57,27.669999999999998,19.279999999999998,0.0,0.0,350.41,10.21,257.05,3.0,0.0,1826.69,54.12
United States,Minnesota,Wheat,2008,spring,249.13,0.0,18.0,1254.03,36.98,59.580000000000005,0.0,0.0,428.97,32.2,238.46,0.0,0.0,1756.11,38.660000000000004,284.5,0.0,18.0,1575.0700000000004,50.24,47.36,0.0,0.0,375.65,24.16,215.31,0.0,0.0,1488.3899999999999,38.660000000000004
United States,Minnesota,Wheat,2009,spring,86.84,0.0,17.0,1445.1799999999998,19.19,58.71,0.0,0.0,384.06,22.47,237.20999999999998,0.0,0.0,1680.0400000000002,47.129999999999995,121.97000000000001,0.0,17.0,1650.44,22.470000000000002,24.689999999999998,0.0,0.0,358.32,14.08,236.1,0.0,0.0,1500.5200000000002,47.129999999999995
United States,Minnesota,Wheat,2010,spring,183.22,0.0,6.0,1354.2199999999998,32.93,76.61,0.0,0.0,332.42999999999995,26.11,425.32000000000005,0.0,0.0,1699.0200000000004,49.86999999999999,167.07999999999998,0.0,6.0,1347.3200000000002,32.93,92.61,0.0,0.0,285.30999999999995,26.11,425.46000000000004,0.0,0.0,1753.0400000000004,49.86999999999999
United States,Minnesota,Wheat,2011,spring,217.10999999999996,0.0,21.0,1288.2,56.370000000000005,94.12000000000002,0.0,0.0,301.38,32.21,273.97,0.0,0.0,1740.8200000000002,32.23,300.2899999999999,0.0,21.0,1443.81,56.370000000000005,45.45,0.0,0.0,386.17,24.660000000000004,239.45999999999998,0.0,0.0,1500.42,32.23
United States,Minnesota,Wheat,2012,spring,324.25,0.0,10.0,1366.15,73.60999999999999,114.46000000000001,0.0,0.0,374.82,67.54,183.14999999999998,0.0,0.0,1861.68,31.349999999999998,324.06000000000006,0.0,10.0,1343.84,73.60999999999999,114.64999999999999,0.0,0.0,341.3,67.54,183.14999999999998,0.0,0.0,1917.51,31.349999999999998
United States,Minnesota,Wheat,2013,spring,227.08,0.0,29.0,1167.57,49.769999999999996,100.27,0.0,0.0,391.44,71.18,174.0,1.0,0.0,1731.92,24.87,311.25000000000006,0.0,29.0,1470.8599999999997,71.18,37.67,0.0,0.0,345.74,16.27,152.43,1.0,0.0,1474.33,24.87
United States,Minnesota,Wheat,2014,spring,329.49,0.0,20.0,1334.76,68.09,93.36999999999999,0.0,0.0,343.74,44.48,283.27000000000004,0.0,0.0,1641.7600000000002,47.620000000000005,406.16,0.0,20.0,1541.42,68.09,30.770000000000003,0.0,0.0,371.12,13.77,269.20000000000005,0.0,0.0,1407.7200000000003,47.620000000000005
United States,Minnesota,Wheat,2015,spring,204.7,0.0,14.0,1355.77,41.82,57.550000000000004,0.0,0.0,417.45,24.9,297.96000000000004,0.0,0.0,1706.8999999999999,57.66,214.17,0.0,14.0,1477.7399999999998,41.82,48.4,0.0,0.0,382.9,24.9,297.64000000000004,0.0,0.0,1619.4799999999998,57.66
United States,Minnesota,Wheat,2016,spring,139.98000000000002,0.0,17.0,1348.77,42.629999999999995,58.47,0.0,0.0,394.51000000000005,21.82,438.17,0.0,0.0,1633.9500000000003,108.13000000000001,164.56,0.0,17.0,1395.4600000000003,42.629999999999995,35.77,0.0,0.0,427.52000000000004,16.85,436.29,0.0,0.0,1554.2500000000002,108.13000000000001
United States,Minnesota,Wheat,2017,spring,204.82999999999998,0.0,10.0,1326.96,39.95,62.459999999999994,0.0,0.0,373.44,28.02,340.12,0.0,0.0,1658.12,44.41,233.35999999999996,0.0,10.0,1437.91,39.95,49.37,0.0,0.0,385.27000000000004,33.43,324.67999999999995,0.0,0.0,1535.3400000000001,44.41
United States,Minnesota,Wheat,2018,spring,139.92,0.0,23.0,1483.5900000000001,27.07,72.75,0.0,0.0,378.63,46.45,328.79,0.0,2.0,1593.7999999999997,39.17999999999999,145.76,0.0,23.0,1571.13,29.23,72.82,0.0,0.0,308.59999999999997,46.45,322.88,0.0,2.0,1576.29,39.17999999999999
United States,Minnesota,Wheat,2019,spring,216.27,0.0,16.0,1295.1999999999998,43.55,64.46,0.0,0.0,376.1,32.99,388.75,0.0,0.0,1624.53,44.06999999999999,267.25,0.0,16.0,1560.3100000000002,43.55,73.78,0.0,0.0,316.33,35.040000000000006,328.45,0.0,0.0,1419.1899999999998,44.06999999999999
United States,Minnesota,Wheat,2020,spring,111.32,0.0,23.0,1465.2600000000002,18.759999999999998,52.489999999999995,0.0,0.0,441.80000000000007,29.69,293.08,0.0,0.0,1689.6600000000005,56.16,129.47000000000003,0.0,23.0,1684.1999999999998,18.759999999999998,46.92,0.0,0.0,340.12999999999994,41.27,280.5,0.0,0.0,1572.39,56.16
United States,Minnesota,Wheat,2021,spring,135.69,0.0,13.0,1386.73,50.96,37.76,0.0,0.0,439.74,18.860000000000003,258.07,2.0,0.0,1751.9799999999998,52.56,135.69,0.0,13.0,1418.25,50.96,35.82,0.0,0.0,385.0,18.860000000000003,260.01,2.0,0.0,1775.2,52.56
United States,Minnesota,Wheat,2022,spring,245.69,0.0,25.0,1255.5700000000002,61.27,76.74,0.0,0.0,399.90000000000003,40.11999999999999,245.82000000000002,0.0,0.0,1684.2399999999998,37.199999999999996,278.5899999999999,0.0,25.0,1475.6599999999999,61.27,65.44,0.0,0.0,348.71000000000004,40.12,224.22,0.0,0.0,1515.3400000000001,37.199999999999996
United States,Minnesota,Wheat,2023,spring,154.51,0.0,19.0,1425.83,43.050000000000004,56.41,0.0,0.0,391.47,45.17,200.99000000000007,3.0,0.0,1590.4799999999998,49.76,154.51999999999998,0.0,19.0,1524.17,43.050000000000004,56.39999999999999,0.0,0.0,320.15,45.17,200.99000000000004,3.0,0.0,1563.4599999999998,49.76
United States,Minnesota,Wheat,2024,spring,328.15999999999997,0.0,11.0,1347.56,66.94,119.31000000000002,0.0,0.0,331.49,43.35,259.72,0.0,0.0,1721.66,48.78,337.15,0.0,11.0,1428.1599999999999,66.94,116.33,0.0,0.0,318.78000000000003,43.35,253.71,0.0,0.0,1653.77,48.779999999999994
United States,Minnesota,Wheat,2025,spring,184.17000000000002,0.0,14.0,1355.6999999999998,43.18000000000001,112.27000000000001,0.0,0.0,331.22999999999996,38.28,244.67,0.0,0.0,1574.6799999999998,42.88,220.43000000000004,0.0,14.0,1422.9599999999998,43.18000000000001,76.87,0.0,0.0,314.44,38.28,243.81,0.0,0.0,1524.2099999999998,42.88
United States,Minnesota,Barley,1990,spring,267.52000000000004,0.0,23.0,1391.45,71.58000000000001,72.28,0.0,0.0,288.84000000000003,44.599999999999994,304.18999999999994,0.0,0.0,1722.47,51.78,321.78,0.0,23.0,1572.8600000000001,71.58000000000001,39.14,0.0,0.0,283.47,20.439999999999998,283.06999999999994,0.0,0.0,1546.43,51.78
United States,Minnesota,Barley,1991,spring,286.81000000000006,0.0,16.0,1365.5,51.92,63.029999999999994,0.0,0.0,302.74999999999994,31.550000000000004,318.38,0.0,1.0,1704.89,63.910000000000004,288.46000000000004,0.0,16.0,1379.22,51.92,80.22999999999999,0.0,0.0,294.4,31.550000000000004,299.53000000000003,0.0,1.0,1699.52,63.910000000000004
United States,Minnesota,Barley,1992,spring,124.73,0.0,19.0,1433.2,31.950000000000003,70.51,0.0,0.0,280.46,49.04,256.81999999999994,0.0,0.0,1530.27,52.78,192.27,0.0,19.0,1548.93,49.04,70.41,0.0,0.0,327.14,52.78,189.38,0.0,0.0,1367.86,36.239999999999995
United States,Minnesota,Barley,1993,spring,230.98999999999995,0.0,18.0,1323.3400000000001,53.589999999999996,99.30999999999999,0.0,0.0,285.62,48.08,311.40999999999997,0.0,1.0,1527.32,32.94,328.29999999999995,0.0,18.0,1551.18,53.589999999999996,91.98,0.0,0.0,301.62,32.94,221.43,0.0,1.0,1283.48,30.83
United States,Minnesota,Barley,1994,spring,179.84,0.0,23.0,1540.5999999999997,46.96,87.71000000000001,0.0,0.0,272.78,42.379999999999995,301.9099999999999,0.0,0.0,1605.88,41.17999999999999,241.98,0.0,23.0,1633.2,46.96,46.72,0.0,0.0,300.93,18.97,280.75999999999993,0.0,0.0,1485.13,41.17999999999999
United States,Minnesota,Barley,1995,spring,185.32000000000002,0.0,23.0,1378.79,27.19,14.639999999999999,0.0,0.0,349.93999999999994,8.96,391.90999999999997,0.0,1.0,1581.5500000000002,75.21,193.33,0.0,23.0,1684.18,27.19,80.15000000000002,0.0,0.0,236.71999999999997,49.75,318.39000000000004,0.0,1.0,1389.3799999999999,75.21
United States,Minnesota,Barley,1996,spring,144.16,0.0,29.0,1523.02,39.91,66.75999999999999,0.0,0.0,242.96000000000004,24.47,193.02000000000004,0.0,0.0,1709.39,24.46,210.92000000000002,0.0,29.0,1765.9800000000002,39.91,51.980000000000004,0.0,0.0,318.39000000000004,24.46,141.04000000000005,0.0,0.0,1391.0,23.86
United States,Minnesota,Barley,1997,spring,68.08000000000001,0.0,23.0,1536.0800000000002,16.16,85.42,0.0,0.0,305.65,32.76,326.41999999999996,0.0,0.0,1628.6399999999999,44.84,121.92000000000002,0.0,23.0,1787.9999999999998,32.76,90.91,0.0,0.0,299.36,31.580000000000002,267.09,0.0,0.0,1383.01,44.84
United States,Minnesota,Barley,1998,spring,163.23000000000002,0.0,10.0,1568.1300000000003,39.09,98.29,0.0,0.0,285.67,38.010000000000005,190.5,0.0,0.0,1827.99,33.52,169.82000000000002,0.0,10.0,1587.2900000000004,39.09,91.70000000000002,0.0,0.0,266.51,38.01,190.5,0.0,0.0,1827.99,33.52
United States,Minnesota,Barley,1999,spring,273.54999999999995,0.0,9.0,1377.22,82.64,69.89999999999999,0.0,0.0,312.91,35.23,314.43999999999994,0.0,0.0,1663.89,34.38,274.59999999999997,0.0,9.0,1475.3500000000001,82.64,88.42999999999999,0.0,0.0,273.13000000000005,35.23,294.85999999999996,0.0,0.0,1605.5399999999997,34.38
United States,Minnesota,Barley,2000,spring,144.81000000000003,0.0,23.0,1405.7000000000003,23.1,55.800000000000004,0.0,0.0,284.23,19.28,205.92,0.0,1.0,1667.8400000000001,40.78,184.89000000000001,0.0,23.0,1515.97,27.47,39.83,0.0,0.0,306.27,12.73,181.80999999999997,0.0,1.0,1535.5300000000004,40.78
United States,Minnesota,Barley,2001,spring,407.88,0.0,15.0,1254.1799999999996,83.10000000000001,29.94,0.0,0.0,362.73999999999995,17.1,196.12,0.0,0.0,1766.52,30.38,433.79,0.0,15.0,1442.9399999999998,83.10000000000001,6.330000000000001,0.0,0.0,346.27,2.0700000000000003,193.81999999999996,0.0,0.0,1594.23,30.379999999999995
United States,Minnesota,Barley,2002,spring,154.86,0.0,28.0,1392.0600000000002,32.64,94.27000000000002,0.0,0.0,325.02000000000004,53.660000000000004,425.07000000000005,0.0,0.0,1701.3599999999997,66.11,249.07999999999996,0.0,28.0,1637.04,53.660000000000004,45.75,0.0,0.0,270.15,43.89,379.37,0.0,0.0,1511.2499999999998,66.11
United States,Minnesota,Barley,2003,spring,224.07000000000002,0.0,15.0,1448.8200000000002,47.419999999999995,101.62,0.0,0.0,334.98,65.73,204.15,1.0,1.0,1756.53,64.02,268.91,0.0,15.0,1665.2100000000003,47.419999999999995,97.91,0.0,0.0,333.52000000000004,47.22,163.02,1.0,1.0,1541.6,64.02
United States,Minnesota,Barley,2004,spring,238.13,0.0,17.0,1338.1100000000001,39.97,25.28,0.0,0.0,337.06999999999994,10.83,243.51999999999998,0.0,0.0,1638.6599999999999,39.7,258.08,0.0,17.0,1585.2200000000003,39.97,37.28,0.0,0.0,302.96000000000004,14.69,211.56999999999996,0.0,0.0,1425.66,39.7
United States,Minnesota,Barley,2005,spring,193.58,0.0,16.0,1238.78,27.290000000000003,50.47,0.0,0.0,360.89000000000004,26.0,148.04999999999998,5.0,0.0,1762.2499999999998,25.990000000000002,193.73000000000002,0.0,16.0,1329.8999999999999,27.38,50.31999999999999,0.0,0.0,269.77000000000004,26.0,148.04999999999998,5.0,0.0,1762.2499999999998,25.990000000000002
United States,Minnesota,Barley,2006,spring,101.74,0.0,8.0,1467.63,26.36,23.259999999999998,0.0,0.0,339.28999999999996,13.549999999999999,143.76999999999998,8.0,0.0,1765.9799999999998,24.38,101.27999999999999,0.0,8.0,1417.19,26.36,19.65,0.0,0.0,294.82,13.549999999999999,147.84,8.0,0.0,1860.89,24.38
United States,Minnesota,Barley,2007,spring,130.23999999999998,0.0,16.0,1499.8799999999999,27.669999999999998,18.139999999999997,0.0,0.0,364.2800000000001,10.21,256.44,3.0,0.0,1707.51,54.12,130.23999999999998,0.0,16.0,1473.56,27.669999999999998,18.14,0.0,0.0,317.04,10.21,256.44,3.0,0.0,1781.0700000000002,54.12
United States,Minnesota,Barley,2008,spring,281.33,0.0,18.0,1323.79,50.24,27.38,0.0,0.0,359.21000000000004,24.16,238.46,0.0,0.0,1756.11,38.660000000000004,308.67999999999995,0.0,18.0,1656.5100000000002,50.24,40.75,0.0,0.0,335.39,35.089999999999996,197.74,0.0,0.0,1447.21,38.660000000000004
United States,Minnesota,Barley,2009,spring,88.85000000000001,0.0,17.0,1517.4699999999998,19.19,56.699999999999996,0.0,0.0,311.77,22.47,237.20999999999998,0.0,0.0,1680.0400000000002,47.129999999999995,131.82000000000002,0.0,17.0,1748.51,22.470000000000002,16.0,0.0,0.0,307.83,13.690000000000001,234.94,0.0,0.0,1452.94,47.129999999999995
United States,Minnesota,Barley,2010,spring,191.69,0.0,6.0,1385.4099999999996,32.93,68.14,0.0,0.0,301.24,26.11,425.32000000000005,0.0,0.0,1699.0200000000004,49.86999999999999,207.38,0.0,6.0,1394.0899999999997,32.93,52.45,0.0,0.0,292.56,22.7,425.32000000000005,0.0,0.0,1699.0200000000004,49.86999999999999
United States,Minnesota,Barley,2011,spring,228.14999999999998,0.0,21.0,1354.6200000000001,56.370000000000005,83.08000000000001,0.0,0.0,234.96,32.21,273.97,0.0,0.0,1740.8200000000002,32.23,303.6299999999999,0.0,21.0,1520.1999999999998,56.370000000000005,45.39000000000001,0.0,0.0,325.75,24.660000000000004,236.18,0.0,0.0,1484.45,32.23
United States,Minnesota,Barley,2012,spring,345.13,0.0,10.0,1419.11,73.60999999999999,93.58000000000001,0.0,0.0,321.85999999999996,67.54,183.14999999999998,0.0,0.0,1861.68,31.349999999999998,345.32,0.0,10.0,1441.4699999999998,73.60999999999999,93.39,0.0,0.0,299.49999999999994,67.54,183.14999999999998,0.0,0.0,1861.68,31.349999999999998
United States,Minnesota,Barley,2013,spring,231.21,0.0,29.0,1236.04,49.769999999999996,96.14,0.0,0.0,322.97,71.18,174.0,1.0,0.0,1731.92,24.87,325.12,0.0,29.0,1537.6999999999998,71.18,23.799999999999997,0.0,0.0,307.37,16.27,152.42999999999998,1.0,0.0,1445.8600000000001,24.87
United States,Minnesota,Barley,2014,spring,358.69,0.0,20.0,1386.7,68.09,64.17,0.0,0.0,291.79999999999995,24.069999999999997,283.27000000000004,0.0,0.0,1641.7600000000002,47.620000000000005,409.39,0.0,20.0,1619.6899999999998,68.09,28.390000000000004,0.0,0.0,319.34999999999997,13.47,268.35,0.0,0.0,1381.2200000000003,47.620000000000005
United States,Minnesota,Barley,2015,spring,205.72,0.0,14.0,1435.7099999999998,41.82,56.53,0.0,0.0,337.51,24.9,297.96000000000004,0.0,0.0,1706.8999999999999,57.66,241.39000000000001,0.0,14.0,1555.8899999999999,41.82,21.18,0.0,0.0,328.03999999999996,12.97,297.64000000000004,0.0,0.0,1596.1899999999998,57.66
United States,Minnesota,Barley,2016,spring,161.8,0.0,17.0,1386.5600000000002,42.629999999999995,36.65,0.0,0.0,356.71999999999997,16.85,438.17,0.0,0.0,1633.9500000000003,108.13000000000001,181.49,0.0,17.0,1483.22,42.629999999999995,18.84,0.0,0.0,365.21,14.690000000000001,436.2900000000001,0.0,0.0,1528.8000000000002,108.13000000000001
United States,Minnesota,Barley,2017,spring,232.84999999999997,0.0,10.0,1388.3600000000001,39.95,34.44,0.0,0.0,312.04,19.8,340.12,0.0,0.0,1658.12,44.41,240.85,0.0,10.0,1517.76,39.95,46.08,0.0,0.0,359.3,33.43,320.48,0.0,0.0,1481.46,44.41
United States,Minnesota,Barley,2018,spring,144.38,0.0,23.0,1559.5900000000001,29.23,68.28999999999999,0.0,0.0,302.63,46.449999999999996,328.79,0.0,2.0,1593.7999999999997,39.17999999999999,192.21,0.0,23.0,1620.0800000000002,46.45,49.65,0.0,0.0,290.89,33.33,299.6,0.0,2.0,1545.05,39.17999999999999
United States,Minnesota,Barley,2019,spring,224.73000000000002,0.0,16.0,1374.2799999999997,43.55,56.0,0.0,0.0,297.02000000000004,32.99,388.75,0.0,0.0,1624.53,44.06999999999999,279.59000000000003,0.0,16.0,1623.18,43.55,62.55,0.0,0.0,270.26,35.040000000000006,327.34,0.0,0.0,1402.3899999999999,44.06999999999999
United States,Minnesota,Barley,2020,spring,112.41,0.0,23.0,1556.0800000000004,18.759999999999998,51.4,0.0,0.0,350.9800000000001,29.69,293.08,0.0,0.0,1689.6600000000005,56.16,133.27000000000004,0.0,23.0,1779.7799999999997,18.759999999999998,46.19,0.0,0.0,284.22,41.27,277.43,0.0,0.0,1532.7200000000005,56.16
United States,Minnesota,Barley,2021,spring,135.78,0.0,13.0,1477.3200000000002,50.96,37.669999999999995,0.0,0.0,349.15,18.860000000000003,258.07,2.0,0.0,1751.9799999999998,52.56,135.84,0.0,13.0,1534.7800000000002,50.96,37.61,0.0,0.0,291.68999999999994,18.860000000000003,258.07,2.0,0.0,1751.9799999999998,52.56
United States,Minnesota,Barley,2022,spring,252.42,0.0,25.0,1307.0200000000002,61.27,70.00999999999999,0.0,0.0,348.44999999999993,40.12,245.82000000000002,0.0,0.0,1684.2399999999998,37.199999999999996,318.7399999999999,0.0,25.0,1567.0799999999997,61.27,25.48,0.0,0.0,309.06999999999994,20.13,224.03000000000003,0.0,0.0,1463.5600000000002,37.199999999999996
United States,Minnesota,Barley,2023,spring,154.51,0.0,19.0,1497.67,43.050000000000004,56.41,0.0,0.0,319.63,45.17,200.99000000000007,3.0,0.0,1590.4799999999998,49.76,157.54000000000002,0.0,19.0,1609.96,43.050000000000004,53.739999999999995,0.0,0.0,285.15000000000003,45.17,200.63000000000002,3.0,0.0,1512.6699999999998,49.76
United States,Minnesota,Barley,2024,spring,337.15,0.0,11.0,1428.1599999999999,66.94,110.32000000000001,0.0,0.0,250.89,43.35,259.72,0.0,0.0,1721.66,48.78,394.32,0.0,11.0,1472.7499999999998,66.94,70.21000000000001,0.0,0.0,319.18,32.43,242.65999999999997,0.0,0.0,1608.78,48.779999999999994
United States,Minnesota,Barley,2025,spring,208.29000000000005,0.0,14.0,1394.9399999999998,43.18000000000001,88.15000000000003,0.0,0.0,291.98999999999995,38.28,244.67,0.0,0.0,1574.6799999999998,42.88,229.44000000000003,0.0,14.0,1516.8999999999999,43.18000000000001,68.26,0.0,0.0,273.87999999999994,38.28,243.40999999999997,0.0,0.0,1470.83,42.88
United States,Minnesota,Oats,1990,spring,151.70000000000002,0.0,23.0,1013.8299999999999,35.49,169.99999999999997,0.0,0.0,502.9,71.58000000000001,322.28999999999996,0.0,0.0,1886.03,51.78,236.05,0.0,23.0,1312.3200000000004,71.58000000000001,103.75,0.0,0.0,396.79,44.599999999999994,304.18999999999994,0.0,0.0,1693.6499999999999,51.78
United States,Minnesota,Oats,1991,spring,229.62000000000003,0.0,16.0,1006.38,51.92,97.05000000000001,0.0,0.0,527.26,31.550000000000004,341.55,0.0,1.0,1839.5,63.91,249.92000000000004,0.0,16.0,1060.9199999999998,51.92,76.75,0.0,0.0,500.12,31.550000000000004,341.55,0.0,1.0,1812.1,63.91
United States,Minnesota,Oats,1992,spring,105.91,0.0,19.0,1032.76,31.950000000000003,86.35999999999999,0.0,0.0,516.1700000000001,49.04,259.78999999999996,0.0,0.0,1694.9999999999998,52.78,114.72,0.0,19.0,1256.15,31.950000000000003,112.69,0.0,0.0,474.33000000000004,49.04,224.64999999999998,0.0,0.0,1513.45,36.239999999999995
United States,Minnesota,Oats,1993,spring,161.01,0.0,18.0,1011.75,53.589999999999996,125.64,0.0,0.0,463.68,32.2,355.05999999999995,0.0,1.0,1660.85,41.63,220.78999999999996,0.0,18.0,1270.27,53.589999999999996,163.05999999999995,0.0,0.0,410.34000000000003,48.08,257.86,0.0,1.0,1455.67,30.83
United States,Minnesota,Oats,1994,spring,145.17000000000002,0.0,23.0,1140.83,46.96,97.67,0.0,0.0,538.8600000000001,42.38,326.61999999999995,0.0,0.0,1739.57,41.17999999999999,164.29999999999998,0.0,23.0,1380.0000000000002,46.96,99.97,0.0,0.0,401.74000000000007,42.38,305.18999999999994,0.0,0.0,1637.52,41.17999999999999
United States,Minnesota,Oats,1995,spring,138.53,0.0,23.0,1001.8499999999999,27.19,50.02,0.0,0.0,596.85,25.869999999999997,403.32,0.0,1.0,1711.58,75.21,185.32000000000002,0.0,23.0,1407.3,27.19,39.870000000000005,0.0,0.0,385.37,24.81,366.68,0.0,1.0,1517.6100000000001,75.21
United States,Minnesota,Oats,1996,spring,126.02000000000001,0.0,29.0,1131.48,39.91,50.58,0.0,0.0,508.29,16.09,227.34,0.0,0.0,1835.6000000000001,24.46,150.78,0.0,29.0,1529.51,39.91,79.22,0.0,0.0,403.82000000000005,24.47,173.94000000000003,0.0,0.0,1542.04,24.46
United States,Minnesota,Oats,1997,spring,60.989999999999995,0.0,23.0,1117.65,16.16,27.910000000000004,0.0,0.0,581.17,17.59,391.02,0.0,0.0,1771.55,44.839999999999996,67.97000000000001,0.0,23.0,1476.3400000000001,16.16,119.78,0.0,0.0,436.22999999999996,32.76,292.17,0.0,0.0,1557.8000000000002,44.84
United States,Minnesota,Oats,1998,spring,87.93,0.0,10.0,1246.68,20.270000000000003,124.77999999999999,0.0,0.0,457.53000000000003,39.089999999999996,239.31000000000003,0.0,0.0,1977.58,36.51,87.93,0.0,10.0,1246.68,20.270000000000003,126.42999999999999,0.0,0.0,473.74,39.089999999999996,237.66,0.0,0.0,1961.3700000000001,36.51
United States,Minnesota,Oats,1999,spring,216.95000000000002,0.0,9.0,1020.5799999999999,82.64,84.34,0.0,0.0,520.2199999999999,34.58,356.59999999999997,0.0,0.0,1813.22,35.23,222.49,0.0,9.0,1139.92,82.64,85.43,0.0,0.0,482.2,34.58,349.97,0.0,0.0,1731.9,35.23
United States,Minnesota,Oats,2000,spring,95.64999999999999,0.0,23.0,1080.1200000000001,23.1,89.28,0.0,0.0,452.41,27.47,221.6,0.0,1.0,1825.2400000000002,40.78,124.3,0.0,23.0,1248.95,23.1,76.30999999999997,0.0,0.0,440.97999999999996,27.47,205.92,0.0,1.0,1667.8400000000001,40.78
United States,Minnesota,Oats,2001,spring,298.62,0.0,15.0,921.4100000000001,83.10000000000001,135.17,0.0,0.0,521.53,57.97,200.14999999999998,0.0,0.0,1940.5,30.38,318.7099999999999,0.0,15.0,1143.6299999999999,83.10000000000001,117.27000000000002,0.0,0.0,451.46999999999997,57.97,197.95999999999998,0.0,0.0,1788.3400000000001,30.38
United States,Minnesota,Oats,2002,spring,126.72,0.0,28.0,1049.8899999999999,32.64,97.91,0.0,0.0,508.28999999999996,41.4,449.57,0.0,0.0,1860.2599999999998,66.11,153.05,0.0,28.0,1365.5200000000002,32.64,96.11000000000001,0.0,0.0,406.89,53.660000000000004,425.04,0.0,0.0,1646.03,66.11
United States,Minnesota,Oats,2003,spring,175.5,0.0,15.0,1101.6200000000001,47.419999999999995,93.41,0.0,0.0,563.5899999999999,35.82,260.92999999999995,1.0,1.0,1875.1200000000001,64.02,201.28000000000003,0.0,15.0,1340.3999999999999,47.419999999999995,124.42999999999999,0.0,0.0,469.09000000000003,65.73,204.13,1.0,1.0,1730.8400000000001,64.02
United States,Minnesota,Oats,2004,spring,137.46,0.0,17.0,1024.6100000000001,36.29,113.29,0.0,0.0,503.82000000000005,39.97,256.18,0.0,0.0,1785.4099999999999,39.7,207.6,0.0,17.0,1210.9699999999998,39.97,62.75000000000001,0.0,0.0,560.36,24.64,236.57999999999998,0.0,0.0,1542.5100000000002,39.7
United States,Minnesota,Oats,2005,spring,114.49,0.0,16.0,939.61,26.04,105.24000000000001,0.0,0.0,517.15,27.38,172.36999999999998,5.0,0.0,1905.1599999999999,25.990000000000002,117.35,0.0,16.0,1061.51,26.04,102.53000000000002,0.0,0.0,422.77000000000004,27.38,172.21999999999997,5.0,0.0,1877.6399999999996,25.990000000000002
United States,Minnesota,Oats,2006,spring,84.3,0.0,8.0,1043.8600000000001,26.36,31.25,0.0,0.0,596.4,13.549999999999999,153.22,8.0,0.0,1932.6399999999999,24.38,86.45,0.0,8.0,1066.69,26.36,28.849999999999998,0.0,0.0,473.98,13.549999999999999,153.47000000000003,8.0,0.0,2032.2299999999998,24.38
United States,Minnesota,Oats,2007,spring,83.94,0.0,16.0,1117.43,27.669999999999998,61.78999999999999,0.0,0.0,576.98,19.369999999999997,259.09000000000003,3.0,0.0,1877.26,54.12,103.27,0.0,16.0,1178.0700000000002,27.669999999999998,42.16,0.0,0.0,460.44,19.369999999999997,259.39,3.0,0.0,1933.1599999999999,54.12
United States,Minnesota,Oats,2008,spring,156.88,0.0,18.0,1043.77,36.98,127.33,0.0,0.0,479.43,50.24,262.96,0.0,0.0,1915.91,38.660000000000004,281.33,0.0,18.0,1323.79,50.24,30.230000000000004,0.0,0.0,516.98,24.16,235.61,0.0,0.0,1598.3400000000001,38.660000000000004
United States,Minnesota,Oats,2009,spring,61.72,0.0,17.0,1138.3300000000002,16.97,66.09,0.0,0.0,531.29,22.47,254.94999999999996,0.0,0.0,1839.66,47.129999999999995,86.92,0.0,17.0,1468.4699999999998,19.19,58.71,0.0,0.0,406.59,22.47,237.13,0.0,0.0,1634.2200000000003,47.129999999999995
United States,Minnesota,Oats,2010,spring,112.49,0.0,6.0,1092.87,32.93,116.57,0.0,0.0,455.26000000000005,29.35,456.09000000000003,0.0,0.0,1837.5400000000004,49.86999999999999,114.08,0.0,6.0,1137.7399999999998,32.93,114.98000000000002,0.0,0.0,410.39000000000004,29.35,456.09000000000003,0.0,0.0,1837.5400000000004,49.86999999999999
United States,Minnesota,Oats,2011,spring,189.33999999999997,0.0,21.0,982.2,56.370000000000005,110.95,0.0,0.0,461.61,30.619999999999997,284.91,0.0,0.0,1886.5900000000001,32.23,216.99000000000004,0.0,21.0,1265.31,56.370000000000005,118.9,0.0,0.0,427.05,32.21,249.31000000000003,0.0,0.0,1638.04,32.23
United States,Minnesota,Oats,2012,spring,295.62,0.0,10.0,1036.13,73.60999999999999,141.54,0.0,0.0,530.47,67.54,184.7,0.0,0.0,2036.0500000000002,31.349999999999998,296.29,0.0,10.0,1126.6399999999999,73.60999999999999,140.87,0.0,0.0,439.9599999999999,67.54,184.7,0.0,0.0,2036.0500000000002,31.349999999999998
United States,Minnesota,Oats,2013,spring,169.23000000000002,0.0,29.0,948.55,49.769999999999996,137.19,0.0,0.0,449.06,71.18,194.93,1.0,0.0,1893.32,24.87,232.18,0.0,29.0,1253.3,49.769999999999996,96.42,0.0,0.0,471.37,71.18,172.75,1.0,0.0,1566.26,24.87
United States,Minnesota,Oats,2014,spring,219.89,0.0,20.0,1024.78,52.4,186.26999999999998,0.0,0.0,516.64,68.09,299.97,0.0,0.0,1778.8400000000004,47.62,332.22,0.0,20.0,1348.14,68.09,92.23,0.0,0.0,448.89000000000004,44.48,281.68,0.0,0.0,1523.23,47.620000000000005
United States,Minnesota,Oats,2015,spring,159.67000000000002,0.0,14.0,1062.6,41.82,87.47,0.0,0.0,541.0600000000001,24.9,313.07000000000005,0.0,0.0,1876.4599999999998,57.66,197.45,0.0,14.0,1241.9999999999998,41.82,57.91,0.0,0.0,493.2799999999999,24.9,304.85,0.0,0.0,1744.84,57.66
United States,Minnesota,Oats,2016,spring,107.02,0.0,17.0,1070.6099999999997,42.629999999999995,76.62,0.0,0.0,497.71999999999997,21.82,452.97999999999996,0.0,0.0,1808.9,108.13000000000001,135.27,0.0,17.0,1225.5399999999997,42.629999999999995,63.059999999999995,0.0,0.0,444.91999999999996,21.82,438.29,0.0,0.0,1706.77,108.13000000000001
United States,Minnesota,Oats,2017,spring,184.72999999999996,0.0,10.0,988.19,39.95,59.43,0.0,0.0,579.97,33.839999999999996,363.25,0.0,0.0,1790.36,44.41,190.74999999999997,0.0,10.0,1242.7399999999998,39.95,76.54,0.0,0.0,457.66,33.839999999999996,340.12,0.0,0.0,1658.12,44.41
United States,Minnesota,Oats,2018,spring,60.86999999999999,0.0,23.0,1218.33,12.620000000000001,132.77,0.0,0.0,500.43,46.45,347.82,0.0,2.0,1737.2599999999998,39.17999999999999,102.79999999999998,0.0,23.0,1372.07,24.36,103.72999999999999,0.0,0.0,424.87,46.45,334.93,0.0,2.0,1659.08,39.17999999999999
United States,Minnesota,Oats,2019,spring,200.39999999999998,0.0,16.0,949.36,43.55,35.45,0.0,0.0,593.55,10.26,433.63,0.0,0.0,1752.92,44.06999999999999,217.95000000000002,0.0,16.0,1353.6099999999997,43.55,109.71000000000001,0.0,0.0,410.61,35.040000000000006,341.82,0.0,0.0,1531.6100000000001,44.06999999999999
United States,Minnesota,Oats,2020,spring,85.64,0.0,23.0,1129.06,18.759999999999998,47.07,0.0,0.0,601.4200000000001,14.75,324.18,0.0,0.0,1866.2400000000002,56.16,110.78,0.0,23.0,1441.7099999999996,18.759999999999998,64.61,0.0,0.0,485.9200000000001,41.27,281.5,0.0,0.0,1669.0900000000001,56.16
United States,Minnesota,Oats,2021,spring,124.46,0.0,13.0,1033.18,50.96,30.420000000000005,0.0,0.0,634.84,18.860000000000003,276.64,2.0,0.0,1910.43,52.56,130.45,0.0,13.0,1230.76,50.96,24.63,0.0,0.0,467.25,18.860000000000003,276.44,2.0,0.0,1880.44,52.56
United States,Minnesota,Oats,2022,spring,211.76999999999998,0.0,25.0,934.1,61.27,66.85,0.0,0.0,570.3299999999999,27.19,289.63000000000005,0.0,0.0,1835.2800000000002,40.12,252.03,0.0,25.0,1288.9400000000003,61.27,71.61000000000001,0.0,0.0,449.92,40.12,244.61,0.0,0.0,1600.8500000000001,37.199999999999996
United States,Minnesota,Oats,2023,spring,136.59,0.0,19.0,1088.1,43.050000000000004,21.93,0.0,0.0,607.87,6.36,253.39000000000001,3.0,0.0,1711.8099999999997,49.76,146.57000000000002,0.0,19.0,1280.94,43.050000000000004,57.12,0.0,0.0,457.67,45.17,208.22,3.0,0.0,1669.17,49.76
United States,Minnesota,Oats,2024,spring,249.13,0.0,11.0,1028.24,66.94,161.28,0.0,0.0,506.5,53.26,296.78,0.0,0.0,1865.97,48.78,318.07,0.0,11.0,1193.3700000000001,66.94,96.96999999999998,0.0,0.0,433.95,43.349999999999994,292.15,0.0,0.0,1773.39,48.78
United States,Minnesota,Oats,2025,spring,148.25,0.0,14.0,1076.43,43.18000000000001,85.06,0.0,0.0,484.39000000000004,24.12,307.8,0.0,0.0,1700.79,42.88,164.01000000000002,0.0,14.0,1246.1399999999999,43.18000000000001,112.19,0.0,0.0,392.09000000000003,38.28,264.90999999999997,0.0,0.0,1623.38,42.88
United States,Minnesota,Canola,1997,spring,156.82,0.0,23.0,1865.04,32.76,171.0,0.0,0.0,566.43,44.84,152.10000000000002,0.0,0.0,1038.8999999999999,32.09,68.08000000000001,0.0,23.0,1536.0800000000002,16.16,144.75000000000003,0.0,0.0,551.28,32.76,267.09,0.0,0.0,1383.01,44.84
United States,Minnesota,Canola,1998,spring,261.95000000000005,0.0,10.0,1875.6399999999999,39.09,69.09,0.0,0.0,650.2900000000001,33.52,120.98,0.0,0.0,1155.8600000000001,24.33,85.81,0.0,10.0,1216.99,20.270000000000003,174.7,0.0,0.0,613.9499999999999,39.089999999999996,191.51,0.0,0.0,1850.85,33.52
United States,Minnesota,Canola,1999,spring,349.36000000000007,0.0,9.0,1706.38,82.64,112.62999999999998,0.0,0.0,634.83,32.25,195.89999999999998,0.0,0.0,1012.81,34.38,236.09,0.0,9.0,1164.45,82.64,126.94,0.0,0.0,584.03,35.23,294.85999999999996,0.0,0.0,1605.5399999999997,34.38
United States,Minnesota,Canola,2000,spring,201.64000000000001,0.0,23.0,1719.72,27.47,118.47999999999999,0.0,0.0,596.17,40.78,86.41,0.0,1.0,1041.88,21.58,124.3,0.0,23.0,1248.95,23.1,92.78000000000002,0.0,0.0,557.94,27.47,189.45000000000002,0.0,1.0,1550.88,40.78
United States,Minnesota,Canola,2001,spring,437.84,0.0,15.0,1644.5399999999997,83.10000000000001,66.77,0.0,0.0,632.22,30.38,129.33,0.0,0.0,1106.6799999999998,24.72,333.4899999999999,0.0,15.0,1170.55,83.10000000000001,106.63,0.0,0.0,618.66,57.97,193.81999999999996,0.0,0.0,1594.23,30.379999999999995
United States,Minnesota,Canola,2002,spring,249.13999999999996,0.0,28.0,1744.6599999999999,53.660000000000004,165.59000000000003,0.0,0.0,602.6800000000001,66.11,259.46999999999997,0.0,0.0,1071.1,49.06,154.86,0.0,28.0,1392.0600000000002,32.64,112.85,0.0,0.0,501.87,53.660000000000004,406.49,0.0,0.0,1524.5099999999998,66.11
United States,Minnesota,Canola,2003,spring,325.71,0.0,15.0,1809.49,65.73,88.63000000000001,0.0,0.0,634.6,34.0,115.5,1.0,1.0,1096.24,64.02,201.28000000000003,0.0,15.0,1340.3999999999999,47.419999999999995,158.56,0.0,0.0,604.45,65.73,170.0,1.0,1.0,1595.48,64.02
United States,Minnesota,Canola,2004,spring,264.20000000000005,0.0,17.0,1702.6799999999998,39.97,79.78,0.0,0.0,598.75,36.34,162.95,0.0,0.0,1012.4100000000001,39.7,232.24,0.0,17.0,1258.92,39.97,88.72999999999999,0.0,0.0,648.7100000000002,34.86,185.95999999999998,0.0,0.0,1406.21,39.7
United States,Minnesota,Canola,2005,spring,245.94,0.0,16.0,1612.6999999999998,27.38,30.69,2.0,0.0,643.72,16.810000000000002,115.47,3.0,0.0,1105.5,25.990000000000002,117.35,0.0,16.0,1061.51,26.04,108.35,0.0,0.0,508.32,27.38,166.39999999999998,5.0,0.0,1792.09,25.990000000000002
United States,Minnesota,Canola,2006,spring,126.98,0.0,8.0,1830.2799999999997,26.36,16.45,5.0,0.0,698.59,4.0200000000000005,125.34,3.0,0.0,1044.03,24.38,86.45,0.0,8.0,1066.69,26.36,29.1,0.0,0.0,573.5699999999999,13.549999999999999,153.22,8.0,0.0,1932.6399999999999,24.38
United States,Minnesota,Canola,2007,spring,148.38,0.0,16.0,1892.0199999999998,27.669999999999998,57.300000000000004,2.0,0.0,642.8099999999998,23.45,199.14,1.0,0.0,1036.8400000000001,54.12,83.94,0.0,16.0,1117.43,27.669999999999998,61.78999999999999,0.0,0.0,576.98,19.369999999999997,259.09000000000003,3.0,0.0,1877.26,54.12
United States,Minnesota,Canola,2008,spring,308.7699999999999,0.0,18.0,1711.2400000000002,50.24,69.35000000000001,0.0,0.0,630.47,35.089999999999996,169.05,0.0,0.0,1097.4,38.660000000000004,282.09999999999997,0.0,18.0,1368.74,50.24,67.32999999999998,0.0,0.0,623.16,35.089999999999996,197.74,0.0,0.0,1447.21,38.660000000000004
United States,Minnesota,Canola,2009,spring,145.62,0.0,17.0,1838.81,22.470000000000002,96.24,0.0,0.0,591.5799999999999,46.43,140.89999999999998,0.0,0.0,1078.8899999999999,47.129999999999995,89.48,0.0,17.0,1541.4599999999998,19.19,58.34,0.0,0.0,514.8800000000001,22.47,234.94,0.0,0.0,1452.94,47.129999999999995
United States,Minnesota,Canola,2010,spring,265.78999999999996,0.0,6.0,1712.18,32.93,129.19,0.0,0.0,631.1299999999999,32.78,290.16999999999996,0.0,0.0,1042.36,49.87,114.08,0.0,6.0,1137.7399999999998,32.93,145.75,0.0,0.0,517.17,29.35,425.32000000000005,0.0,0.0,1730.7600000000004,49.86999999999999
United States,Minnesota,Canola,2011,spring,311.51,0.0,21.0,1608.21,56.370000000000005,134.5,0.0,0.0,624.47,32.23,139.19,0.0,0.0,1097.72,31.57,217.10999999999996,0.0,21.0,1309.88,56.370000000000005,131.91,0.0,0.0,536.0699999999999,32.21,236.18,0.0,0.0,1484.45,32.23
United States,Minnesota,Canola,2012,spring,438.75000000000006,0.0,10.0,1766.1399999999999,73.60999999999999,109.07000000000001,0.0,0.0,639.9399999999999,31.35,74.04,0.0,0.0,1196.5700000000002,16.049999999999997,296.29,0.0,10.0,1126.6399999999999,73.60999999999999,142.42,0.0,0.0,558.5,67.54,183.14999999999998,0.0,0.0,1917.51,31.349999999999998
United States,Minnesota,Canola,2013,spring,327.35,0.0,29.0,1584.3599999999997,71.18,57.769999999999996,0.0,0.0,611.12,18.24,116.22999999999999,1.0,0.0,1095.4499999999998,24.87,231.21,0.0,29.0,1236.04,49.769999999999996,103.16999999999999,0.0,0.0,540.81,71.18,166.97000000000003,1.0,0.0,1514.0800000000002,24.87
United States,Minnesota,Canola,2014,spring,422.87999999999994,0.0,20.0,1705.7299999999998,68.09,71.4,0.0,0.0,593.5,29.64,211.85,0.0,0.0,1021.03,47.620000000000005,332.36,0.0,20.0,1377.92,68.09,105.42,0.0,0.0,561.12,44.48,268.35,0.0,0.0,1381.2200000000003,47.620000000000005
United States,Minnesota,Canola,2015,spring,262.4599999999999,0.0,14.0,1795.4799999999998,41.82,116.66,0.0,0.0,619.1899999999999,36.34,181.09,0.0,0.0,1065.45,57.66,197.45,0.0,14.0,1241.9999999999998,41.82,65.11999999999999,0.0,0.0,618.64,24.9,297.64000000000004,0.0,0.0,1619.4799999999998,57.66
United States,Minnesota,Canola,2016,spring,200.33,0.0,17.0,1765.3599999999997,42.629999999999995,185.25,0.0,0.0,589.1,108.13000000000001,251.04000000000002,0.0,0.0,1022.77,61.39,133.81,0.0,17.0,1180.2299999999998,42.629999999999995,66.52,0.0,0.0,585.1300000000001,21.82,436.29,0.0,0.0,1611.8700000000001,108.13000000000001
United States,Minnesota,Canola,2017,spring,281.34000000000003,0.0,10.0,1718.88,39.95,70.83000000000001,0.0,0.0,633.1999999999999,22.83,255.24,0.0,0.0,1006.44,44.41,190.83999999999997,0.0,10.0,1268.5999999999997,39.95,96.09,0.0,0.0,608.4599999999999,33.839999999999996,320.48,0.0,0.0,1481.46,44.41
United States,Minnesota,Canola,2018,spring,218.58,0.0,23.0,1879.73,46.45,119.89,0.0,0.0,607.0199999999999,37.699999999999996,202.98999999999998,0.0,2.0,969.27,39.17999999999999,84.58999999999999,0.0,23.0,1296.13,24.36,122.7,0.0,0.0,521.6899999999999,46.45,334.1700000000001,0.0,2.0,1638.2,39.17999999999999
United States,Minnesota,Canola,2019,spring,308.92,0.0,16.0,1681.9900000000002,43.55,107.18,0.0,0.0,605.0,35.07,253.38,0.0,0.0,1008.8400000000001,44.06999999999999,225.64000000000001,0.0,16.0,1397.7899999999997,43.55,116.50000000000001,0.0,0.0,495.65000000000003,35.040000000000006,327.34,0.0,0.0,1402.3899999999999,44.06999999999999
United States,Minnesota,Canola,2020,spring,175.39,0.0,23.0,1927.6300000000003,41.27,124.38999999999999,0.0,0.0,630.01,42.87,157.11,0.0,0.0,1039.08,56.16,104.10000000000001,0.0,23.0,1425.4799999999996,18.759999999999998,72.25,0.0,0.0,576.1800000000001,41.27,280.53999999999996,0.0,0.0,1595.06,56.16
United States,Minnesota,Canola,2021,spring,173.45,0.0,13.0,1854.2,50.96,50.440000000000005,2.0,0.0,598.9800000000001,25.91,207.63,0.0,0.0,1125.27,52.56,130.45,0.0,13.0,1230.76,50.96,34.29,0.0,0.0,552.78,18.860000000000003,266.78000000000003,2.0,0.0,1794.9099999999999,52.56
United States,Minnesota,Canola,2022,spring,323.21,0.0,25.0,1682.4399999999996,61.27,78.69999999999999,0.0,0.0,587.75,20.13,166.34,0.0,0.0,1069.52,37.2,252.03,0.0,25.0,1288.9400000000003,61.27,91.54,0.0,0.0,513.73,40.12,224.68,0.0,0.0,1537.0400000000002,37.199999999999996
United States,Minnesota,Canola,2023,spring,210.92000000000002,0.0,19.0,1844.32,45.17000000000001,37.61,0.0,0.0,582.34,17.930000000000003,163.38,3.0,0.0,981.12,49.760000000000005,145.37,0.0,19.0,1207.4299999999998,43.050000000000004,59.72,0.0,0.0,578.44,45.17,206.82000000000002,3.0,0.0,1621.9099999999999,49.76
United States,Minnesota,Canola,2024,spring,447.46999999999997,0.0,11.0,1710.51,66.94,80.52000000000001,0.0,0.0,619.7400000000001,21.73,179.20000000000002,0.0,0.0,1070.46,48.779999999999994,318.07,0.0,11.0,1193.3700000000001,66.94,135.42000000000002,0.0,0.0,581.7600000000001,43.349999999999994,253.70000000000002,0.0,0.0,1625.58,48.779999999999994
United States,Minnesota,Canola,2025,spring,297.3,0.0,14.0,1709.82,43.18000000000001,110.74,0.0,0.0,578.63,42.88,133.07,0.0,0.0,973.1600000000001,21.14,172.36,0.0,14.0,1262.58,43.18000000000001,124.94,0.0,0.0,474.82,38.28,243.81,0.0,0.0,1524.2099999999998,42.88
United States,Montana,Wheat,1990,spring,151.01000000000002,0.0,28.0,1486.6899999999998,33.879999999999995,25.370000000000005,0.0,0.0,379.5,12.28,105.96,1.0,0.0,2071.2299999999996,32.65,176.92999999999998,1.0,28.0,1926.46,33.879999999999995,9.71,0.0,0.0,429.84,6.13,95.69999999999999,0.0,0.0,1581.12,32.65
United States,Montana,Wheat,1991,spring,228.79000000000002,0.0,28.0,1438.44,39.25,62.88,0.0,0.0,325.36999999999995,25.32,92.99000000000001,0.0,2.0,2051.1200000000003,17.02,297.5,0.0,28.0,1889.8400000000001,39.25,21.330000000000002,0.0,0.0,446.42999999999995,9.51,65.83,0.0,2.0,1478.66,17.02
United States,Montana,Wheat,1992,spring,110.21,0.0,15.0,1529.9599999999998,18.069999999999997,75.88,0.0,0.0,323.61,59.51,152.91,0.0,5.0,1842.6699999999998,22.92,172.57999999999998,0.0,15.0,1622.73,59.51,66.11,0.0,0.0,457.07000000000005,29.83,100.31,0.0,5.0,1616.44,22.590000000000003
United States,Montana,Wheat,1993,spring,160.39,0.0,27.0,1460.38,24.1,51.94,0.0,0.0,370.69,24.87,308.63999999999993,0.0,5.0,1709.7900000000002,39.040000000000006,213.39000000000001,0.0,27.0,1882.6600000000003,24.870000000000005,153.1,0.0,0.0,437.70000000000005,39.040000000000006,154.48,0.0,5.0,1220.5,34.57
United States,Montana,Wheat,1994,spring,164.33000000000004,0.0,21.0,1446.75,34.84,12.739999999999998,0.0,0.0,376.6000000000001,6.14,62.379999999999995,0.0,0.0,1943.95,20.86,176.69,0.0,21.0,1712.6899999999998,34.84,28.79,0.0,0.0,490.49,20.86,33.96999999999999,0.0,0.0,1564.1200000000001,6.2
United States,Montana,Wheat,1995,spring,221.43,0.0,38.0,1400.93,46.85,45.97999999999999,0.0,0.0,340.86000000000007,16.97,170.89000000000004,0.0,4.0,1938.73,24.69,294.09,0.0,38.0,1950.4,46.85,60.25,0.0,0.0,431.46999999999997,24.69,83.96000000000001,0.0,4.0,1298.65,17.47
United States,Montana,Wheat,1996,spring,143.01999999999998,0.0,31.0,1328.12,30.849999999999994,27.779999999999998,0.0,0.0,356.95,11.81,90.81,0.0,5.0,2027.3899999999999,30.78,172.38,0.0,31.0,1804.4800000000002,30.849999999999994,12.069999999999999,0.0,0.0,455.65,6.83,77.16000000000001,0.0,5.0,1452.33,30.78
United States,Montana,Wheat,1997,spring,232.64,0.0,30.0,1479.4499999999998,46.67999999999999,37.099999999999994,0.0,0.0,402.52,13.37,179.82000000000002,0.0,1.0,1964.1999999999998,29.72,299.46,0.0,30.0,1921.76,46.67999999999999,59.24000000000001,0.0,0.0,444.99999999999994,24.29,90.85999999999999,0.0,1.0,1479.41,17.39
United States,Montana,Wheat,1998,spring,126.81,0.0,20.0,1572.45,20.439999999999998,80.41,0.0,0.0,287.67,35.31,146.09,0.0,0.0,2007.59,28.52,211.42000000000002,0.0,20.0,1916.0600000000002,35.31,39.379999999999995,0.0,0.0,432.46,22.23,102.51000000000002,0.0,0.0,1519.1899999999998,28.52
United States,Montana,Wheat,1999,spring,151.55,0.0,32.0,1471.17,30.36,31.180000000000007,0.0,0.0,377.7,11.68,141.36,0.0,3.0,1879.83,23.779999999999998,206.20999999999998,0.0,32.0,1982.9099999999999,30.36,9.47,0.0,0.0,438.09999999999997,3.75,108.40999999999998,0.0,3.0,1307.69,23.779999999999998
United States,Montana,Wheat,2000,spring,119.63999999999999,0.0,24.0,1505.0000000000002,24.79,47.56999999999999,0.0,0.0,343.21000000000004,22.03,114.21,4.0,5.0,1965.6699999999998,29.440000000000005,167.05,0.0,24.0,1817.8000000000002,24.79,50.900000000000006,1.0,0.0,414.87,29.440000000000005,63.470000000000006,3.0,5.0,1581.2099999999998,20.25
United States,Montana,Wheat,2001,spring,133.10000000000002,0.0,28.0,1538.8300000000002,38.14,30.380000000000003,0.0,0.0,397.91,15.85,114.54999999999998,1.0,0.0,2055.7,33.98,152.66,0.0,28.0,1893.1299999999999,38.14,19.92,0.0,0.0,376.99999999999994,11.709999999999999,105.44999999999999,1.0,0.0,1722.3100000000002,33.98
United States,Montana,Wheat,2002,spring,135.55999999999997,0.0,40.0,1434.22,29.84,37.169999999999995,1.0,0.0,391.2699999999999,21.849999999999998,171.3,4.0,4.0,1944.62,33.62,175.29000000000002,1.0,40.0,1948.9899999999998,29.84,34.86,4.0,0.0,355.89,20.49,133.88000000000002,0.0,4.0,1465.23,33.62
United States,Montana,Wheat,2003,spring,189.72000000000003,0.0,25.0,1441.71,26.32,16.509999999999998,0.0,0.0,371.31000000000006,6.26,71.13000000000002,10.0,3.0,2008.1000000000004,20.130000000000003,206.23,0.0,25.0,1813.02,26.32,3.76,0.0,0.0,456.66999999999996,1.99,67.37,10.0,3.0,1551.43,20.130000000000003
United States,Montana,Wheat,2004,spring,192.66,0.0,23.0,1447.9800000000002,41.63,19.669999999999998,0.0,0.0,363.0,9.709999999999999,131.23,0.0,1.0,1914.7099999999998,17.3,221.09999999999997,0.0,23.0,1873.09,41.63,32.050000000000004,0.0,0.0,444.67,15.98,90.41,0.0,1.0,1407.9299999999998,17.299999999999997
United States,Montana,Wheat,2005,spring,184.33999999999997,0.0,27.0,1421.24,36.91,43.8,0.0,0.0,377.39,24.599999999999998,115.33,1.0,2.0,1973.05,16.43,231.26999999999998,0.0,27.0,1871.48,36.91,20.75,1.0,0.0,420.15999999999997,11.61,91.44999999999999,0.0,2.0,1480.0400000000002,16.43
United States,Montana,Wheat,2006,spring,216.92,0.0,18.0,1537.31,43.870000000000005,20.35,0.0,0.0,405.76,15.41,134.66,2.0,3.0,2005.6600000000003,29.990000000000002,235.85999999999999,0.0,18.0,1760.4599999999998,43.870000000000005,23.490000000000002,0.0,0.0,441.81,16.200000000000003,112.58,2.0,3.0,1746.4600000000003,29.990000000000002
United States,Montana,Wheat,2007,spring,239.91,0.0,23.0,1459.26,47.980000000000004,33.4,0.0,0.0,403.61,15.62,101.56,5.0,1.0,1953.96,13.67,273.09999999999997,0.0,23.0,1803.2299999999998,47.980000000000004,18.060000000000002,1.0,0.0,398.81000000000006,13.67,83.71000000000001,4.0,1.0,1614.79,10.530000000000001
United States,Montana,Wheat,2008,spring,256.62,0.0,35.0,1310.2299999999998,76.96000000000001,4.859999999999999,0.0,0.0,439.20000000000005,2.55,111.53999999999999,0.0,0.0,1988.04,22.78,276.68,0.0,35.0,1914.42,76.96000000000001,4.95,0.0,0.0,448.85,2.77,91.39,0.0,0.0,1374.2,22.78
United States,Montana,Wheat,2009,spring,150.45999999999998,0.0,33.0,1502.9899999999998,24.439999999999998,43.64,0.0,0.0,364.1099999999999,24.400000000000002,167.71000000000004,0.0,1.0,1974.2700000000002,27.15,203.80999999999995,0.0,33.0,2015.21,24.439999999999998,41.3,0.0,0.0,450.76,24.47,116.7,0.0,1.0,1375.4,27.15
United States,Montana,Wheat,2010,spring,234.66,0.0,36.0,1423.1,37.43000000000001,64.64999999999999,0.0,0.0,354.66,45.39,211.48,0.0,0.0,1875.7500000000002,38.75,330.12999999999994,0.0,36.0,2010.45,45.39,25.27,0.0,0.0,456.90000000000003,13.360000000000001,155.39000000000001,0.0,0.0,1186.16,38.75
United States,Montana,Wheat,2011,spring,338.25,0.0,36.0,1303.09,46.31,22.830000000000002,0.0,0.0,387.03999999999996,10.5,70.77,0.0,0.0,2128.34,12.9,372.8199999999999,0.0,36.0,2089.5799999999995,46.31,19.08,0.0,0.0,425.18,9.64,39.95,0.0,0.0,1303.71,12.08
United States,Montana,Wheat,2012,spring,197.38000000000002,0.0,27.0,1499.8899999999999,34.71,10.03,0.0,0.0,388.84999999999997,8.120000000000001,63.14000000000001,0.0,0.0,2043.45,10.73,207.41000000000003,0.0,27.0,1888.74,34.71,9.31,0.0,0.0,372.74999999999994,7.58,53.830000000000005,0.0,0.0,1670.6999999999998,10.73
United States,Montana,Wheat,2013,spring,246.42,0.0,27.0,1421.86,52.760000000000005,28.860000000000003,0.0,0.0,402.63000000000005,18.92,148.77,0.0,2.0,1969.3199999999997,24.0,275.65,0.0,27.0,1853.34,52.760000000000005,20.560000000000002,0.0,0.0,393.1000000000001,12.38,127.84,0.0,2.0,1547.3699999999997,24.0
United States,Montana,Wheat,2014,spring,123.78999999999999,0.0,29.0,1461.6200000000001,14.62,58.690000000000005,0.0,0.0,336.83000000000004,26.69,227.15,0.0,3.0,1871.48,111.55,183.68,0.0,29.0,1893.66,26.689999999999998,15.2,0.0,0.0,395.89000000000004,10.22,210.75,0.0,3.0,1380.3799999999999,111.55
United States,Montana,Wheat,2015,spring,193.8,0.0,28.0,1515.7299999999998,38.290000000000006,15.59,0.0,0.0,363.23,7.06,124.26,0.0,0.0,1859.4199999999996,25.66,209.37,0.0,28.0,1817.4999999999998,38.290000000000006,19.51,0.0,0.0,386.95,8.49,104.77000000000001,0.0,0.0,1533.9299999999998,25.66
United States,Montana,Wheat,2016,spring,167.07000000000002,0.0,16.0,1499.33,36.309999999999995,16.22,0.0,0.0,413.68000000000006,10.04,186.19,0.0,2.0,1910.6899999999994,37.96,177.81,0.0,16.0,1752.95,36.309999999999995,19.64,0.0,0.0,450.38,6.52,172.03,0.0,2.0,1620.37,35.09
United States,Montana,Wheat,2017,spring,168.81,0.0,20.0,1589.56,31.63,8.86,0.0,0.0,366.59000000000003,5.109999999999999,106.0,1.0,4.0,1981.7300000000002,50.47,172.56,0.0,20.0,1884.51,33.36,11.71,1.0,0.0,374.05000000000007,5.109999999999999,99.39999999999999,0.0,4.0,1679.32,50.47
United States,Montana,Wheat,2018,spring,206.77,0.0,23.0,1505.79,41.15,99.52,0.0,0.0,298.40000000000003,47.47,137.13000000000002,2.0,3.0,1843.3599999999997,23.01,292.66999999999996,0.0,23.0,1691.2600000000002,47.47,39.9,0.0,0.0,446.64000000000004,20.13,110.84999999999998,2.0,3.0,1509.6499999999999,23.01
United States,Montana,Wheat,2019,spring,165.66,0.0,27.0,1389.3300000000002,29.810000000000002,48.199999999999996,0.0,0.0,311.89,19.09,215.29000000000002,0.0,4.0,1868.45,30.760000000000005,233.54,0.0,27.0,1801.8299999999997,29.810000000000002,52.63999999999999,0.0,0.0,450.6,22.59,142.97000000000003,0.0,4.0,1317.24,30.759999999999998
United States,Montana,Wheat,2020,spring,152.92999999999998,0.0,26.0,1555.98,31.65,74.5,0.0,0.0,339.68,25.57,120.5,0.0,2.0,1933.16,36.87,262.51,0.0,26.0,1925.7,60.17,26.49,0.0,0.0,467.33,11.89,58.93,0.0,2.0,1435.7900000000002,18.799999999999997
United States,Montana,Wheat,2021,spring,144.13,0.0,31.0,1462.3,26.68,8.27,2.0,0.0,408.5,5.86,123.81000000000002,1.0,0.0,1795.2199999999998,35.52,152.32,2.0,31.0,1790.8499999999997,26.68,17.48,0.0,0.0,372.18999999999994,9.09,106.41000000000001,1.0,0.0,1502.98,35.52
United States,Montana,Wheat,2022,spring,151.70999999999998,0.0,37.0,1382.8700000000001,22.18,27.79,0.0,0.0,353.85,14.95,150.78,5.0,0.0,2011.4499999999998,24.759999999999998,207.43,0.0,37.0,1904.38,24.759999999999998,28.999999999999996,1.0,0.0,366.4000000000001,18.08,93.85,4.0,0.0,1477.39,23.35
United States,Montana,Wheat,2023,spring,282.27000000000004,0.0,22.0,1450.1999999999998,70.05,50.07,0.0,0.0,323.94,20.73,146.48000000000002,1.0,0.0,1926.54,40.879999999999995,304.09,0.0,22.0,1648.4700000000003,70.05,42.06,0.0,0.0,461.21,20.73,132.67000000000002,1.0,0.0,1591.0000000000002,40.879999999999995
United States,Montana,Wheat,2024,spring,158.57,0.0,21.0,1523.3999999999999,53.980000000000004,60.16,0.0,0.0,346.4,29.77,179.93999999999997,2.0,0.0,1862.0600000000004,80.62,219.11,0.0,21.0,1896.2299999999998,53.980000000000004,23.81,0.0,0.0,395.56,13.879999999999999,155.74999999999997,2.0,0.0,1440.0700000000002,80.62
United States,Montana,Wheat,2025,spring,151.41,0.0,18.0,1510.8100000000002,29.64,42.339999999999996,0.0,0.0,356.70000000000005,21.07,156.82,0.0,0.0,1937.6699999999998,22.020000000000003,186.72999999999996,0.0,18.0,1740.3,29.64,18.22,0.0,0.0,412.69,7.01,145.62,0.0,0.0,1652.19,22.020000000000003
United States,Montana,Barley,1990,spring,151.01000000000002,0.0,28.0,1486.6899999999998,33.879999999999995,28.64,1.0,0.0,466.03,12.28,102.68999999999998,0.0,0.0,1984.6999999999998,32.65,183.12999999999997,1.0,28.0,2036.63,33.879999999999995,3.5199999999999996,0.0,0.0,376.51,2.27,95.68999999999998,0.0,0.0,1524.2800000000002,32.65
United States,Montana,Barley,1991,spring,228.79000000000002,0.0,28.0,1438.44,39.25,68.71,0.0,0.0,390.83000000000004,25.32,87.16000000000001,0.0,2.0,1985.66,17.02,297.60999999999996,0.0,28.0,1997.79,39.25,21.280000000000005,0.0,0.0,389.59,9.51,65.77000000000001,0.0,2.0,1427.5500000000002,17.02
United States,Montana,Barley,1992,spring,110.21,0.0,15.0,1529.9599999999998,18.069999999999997,98.8,0.0,0.0,349.79,59.51,129.99,0.0,5.0,1816.4899999999998,22.590000000000003,173.02,0.0,15.0,1736.34,59.51,73.09999999999998,0.0,0.0,385.64000000000004,29.83,92.88,0.0,5.0,1574.26,22.590000000000003
United States,Montana,Barley,1993,spring,160.39,0.0,27.0,1460.38,24.1,53.98,0.0,0.0,450.78999999999996,24.87,306.6,0.0,5.0,1629.69,39.04,264.92,0.0,27.0,1987.6799999999998,39.040000000000006,119.21,0.0,0.0,357.4600000000001,34.24,136.84,0.0,5.0,1195.7199999999998,34.57
United States,Montana,Barley,1994,spring,164.33000000000004,0.0,21.0,1446.75,34.84,13.62,0.0,0.0,462.65999999999997,6.14,61.49999999999999,0.0,0.0,1857.8899999999999,20.86,177.07,0.0,21.0,1823.35,34.84,31.14,0.0,0.0,423.94999999999993,20.86,31.24,0.0,0.0,1520.0,6.2
United States,Montana,Barley,1995,spring,221.43,0.0,38.0,1400.93,46.85,46.68,0.0,0.0,423.76,16.97,170.19,0.0,4.0,1855.8300000000002,24.69,306.57,0.0,38.0,2025.1200000000001,46.85,48.28,0.0,0.0,372.79,24.69,83.44999999999999,0.0,4.0,1282.61,17.47
United States,Montana,Barley,1996,spring,143.01999999999998,0.0,31.0,1328.12,30.849999999999994,28.42,0.0,0.0,448.43000000000006,11.81,90.17,0.0,5.0,1935.91,30.78,175.92,0.0,31.0,1886.06,30.849999999999994,8.6,0.0,0.0,427.64,6.83,77.09000000000002,0.0,5.0,1398.76,30.78
United States,Montana,Barley,1997,spring,232.64,0.0,30.0,1479.4499999999998,46.67999999999999,66.82,0.0,0.0,442.31,29.72,150.1,0.0,1.0,1924.4099999999996,24.29,309.34000000000003,0.0,30.0,2049.49,46.67999999999999,50.49,0.0,0.0,345.18999999999994,24.29,89.72999999999999,0.0,1.0,1451.4899999999998,17.39
United States,Montana,Barley,1998,spring,126.81,0.0,20.0,1572.45,20.439999999999998,88.06,0.0,0.0,363.25,35.31,138.43999999999997,0.0,0.0,1932.01,28.52,236.33,0.0,20.0,2006.4100000000003,35.31,14.469999999999999,0.0,0.0,372.11,6.67,102.51000000000002,0.0,0.0,1489.19,28.52
United States,Montana,Barley,1999,spring,151.55,0.0,32.0,1471.17,30.36,43.370000000000005,0.0,0.0,433.24,12.19,129.17000000000002,0.0,3.0,1824.29,23.779999999999998,208.12,0.0,32.0,2078.9399999999996,30.36,7.71,0.0,0.0,389.95000000000005,3.75,108.25999999999999,0.0,3.0,1259.8100000000002,23.779999999999998
United States,Montana,Barley,2000,spring,119.63999999999999,0.0,24.0,1505.0000000000002,24.79,67.06,0.0,0.0,421.2,22.03,94.71999999999998,4.0,5.0,1887.68,20.25,186.7,0.0,24.0,1926.2000000000003,24.79,32.11,1.0,0.0,360.85,16.92,62.61000000000001,3.0,5.0,1526.83,20.25
United States,Montana,Barley,2001,spring,133.10000000000002,0.0,28.0,1538.8300000000002,38.14,32.07,0.0,0.0,472.54999999999995,15.85,112.85999999999999,1.0,0.0,1981.06,33.98,164.79999999999998,0.0,28.0,1986.06,38.14,14.579999999999998,0.0,0.0,308.12000000000006,9.55,98.65,1.0,0.0,1698.26,33.98
United States,Montana,Barley,2002,spring,135.55999999999997,0.0,40.0,1434.22,29.84,38.059999999999995,1.0,0.0,467.66,21.849999999999998,170.41000000000003,4.0,4.0,1868.23,33.62,180.65,1.0,40.0,2037.07,29.84,30.580000000000002,4.0,0.0,319.57,20.49,132.8,0.0,4.0,1413.4699999999998,33.62
United States,Montana,Barley,2003,spring,189.72000000000003,0.0,25.0,1441.71,26.32,17.319999999999997,0.0,0.0,459.63,6.26,70.32000000000001,10.0,3.0,1919.7800000000002,20.130000000000003,207.04,0.0,25.0,1901.34,26.32,3.16,0.0,0.0,397.04,1.99,67.16000000000001,10.0,3.0,1522.74,20.130000000000003
United States,Montana,Barley,2004,spring,192.66,0.0,23.0,1447.9800000000002,41.63,28.44,0.0,0.0,425.11,9.709999999999999,122.46,0.0,1.0,1852.6,17.299999999999997,240.48,0.0,23.0,1992.1899999999998,41.63,19.1,0.0,0.0,366.01,9.92,83.98,0.0,1.0,1367.49,17.299999999999997
United States,Montana,Barley,2005,spring,184.33999999999997,0.0,27.0,1421.24,36.91,46.92999999999999,0.0,0.0,450.23999999999995,24.599999999999998,112.2,1.0,2.0,1900.2000000000003,16.430000000000003,231.57,0.0,27.0,1988.9,36.91,20.450000000000003,1.0,0.0,333.19999999999993,11.61,91.45,0.0,2.0,1449.5800000000002,16.43
United States,Montana,Barley,2006,spring,216.92,0.0,18.0,1537.31,43.870000000000005,36.25,0.0,0.0,475.02,16.200000000000003,118.75999999999999,2.0,3.0,1936.4,29.990000000000002,236.22,0.0,18.0,1881.7999999999997,43.870000000000005,23.509999999999998,0.0,0.0,350.3,16.200000000000003,112.19999999999999,2.0,3.0,1716.63,29.990000000000002
United States,Montana,Barley,2007,spring,239.91,0.0,23.0,1459.26,47.980000000000004,36.44,0.0,0.0,477.93,15.62,98.52,5.0,1.0,1879.6399999999999,13.67,273.75,0.0,23.0,1887.2900000000002,47.980000000000004,17.61,1.0,0.0,371.65999999999997,13.67,83.51,4.0,1.0,1557.88,10.530000000000001
United States,Montana,Barley,2008,spring,256.62,0.0,35.0,1310.2299999999998,76.96000000000001,14.06,0.0,0.0,509.70000000000005,9.200000000000001,102.34,0.0,0.0,1917.54,22.78,276.72,0.0,35.0,2026.5600000000002,76.96000000000001,7.409999999999999,0.0,0.0,386.18,4.32,88.88999999999999,0.0,0.0,1324.73,22.78
United States,Montana,Barley,2009,spring,150.45999999999998,0.0,33.0,1502.9899999999998,24.439999999999998,44.39000000000001,0.0,0.0,449.59,24.400000000000002,166.96,0.0,1.0,1888.79,27.15,230.82,0.0,33.0,2107.23,24.47,14.520000000000001,0.0,0.0,387.15999999999997,13.43,116.47000000000001,0.0,1.0,1346.9800000000002,27.15
United States,Montana,Barley,2010,spring,234.66,0.0,36.0,1423.1,37.43000000000001,77.67,0.0,0.0,416.73,45.39,198.46,0.0,0.0,1813.68,38.75,337.9399999999999,0.0,36.0,2114.93,45.39,22.6,0.0,0.0,389.52000000000004,13.360000000000001,150.25000000000003,0.0,0.0,1149.06,38.75
United States,Montana,Barley,2011,spring,338.25,0.0,36.0,1303.09,46.31,23.67,0.0,0.0,473.15000000000003,10.5,69.93,0.0,0.0,2042.23,12.9,382.46000000000004,0.0,36.0,2169.02,46.31,9.589999999999998,0.0,0.0,402.96999999999997,4.14,39.800000000000004,0.0,0.0,1246.48,12.08
United States,Montana,Barley,2012,spring,197.38000000000002,0.0,27.0,1499.8899999999999,34.71,16.78,0.0,0.0,472.0,8.120000000000001,56.39000000000001,0.0,0.0,1960.3,10.73,214.16000000000003,0.0,27.0,1971.89,34.71,8.809999999999999,0.0,0.0,321.28999999999996,6.25,47.580000000000005,0.0,0.0,1639.01,10.73
United States,Montana,Barley,2013,spring,246.42,0.0,27.0,1421.86,52.760000000000005,30.319999999999997,0.0,0.0,489.84000000000003,18.92,147.30999999999997,0.0,2.0,1882.1100000000001,24.0,276.74,0.0,27.0,1941.7999999999997,52.760000000000005,22.770000000000003,0.0,0.0,358.49000000000007,12.38,124.53999999999999,0.0,2.0,1493.52,24.0
United States,Montana,Barley,2014,spring,123.78999999999999,0.0,29.0,1461.6200000000001,14.62,59.89,0.0,0.0,401.78,26.69,225.95000000000002,0.0,3.0,1806.53,111.55,187.39,0.0,29.0,1964.16,26.689999999999998,11.57,0.0,0.0,368.9200000000001,10.22,210.67000000000002,0.0,3.0,1336.8500000000001,111.55
United States,Montana,Barley,2015,spring,193.8,0.0,28.0,1515.7299999999998,38.290000000000006,19.299999999999997,0.0,0.0,441.91999999999996,7.06,120.55000000000001,0.0,0.0,1780.7299999999996,25.66,211.02,0.0,28.0,1905.1299999999999,38.290000000000006,19.36,0.0,0.0,327.69,8.49,103.27000000000001,0.0,0.0,1505.5599999999997,25.66
United States,Montana,Barley,2016,spring,167.07000000000002,0.0,16.0,1499.33,36.309999999999995,19.950000000000003,0.0,0.0,496.54,10.04,182.46,0.0,2.0,1827.8299999999997,37.96,183.20999999999998,0.0,16.0,1856.67,36.309999999999995,49.09,0.0,0.0,368.84,37.96,137.18,0.0,2.0,1598.1899999999998,34.56
United States,Montana,Barley,2017,spring,168.81,0.0,20.0,1589.56,31.63,9.83,0.0,0.0,444.4,5.109999999999999,105.03000000000002,1.0,4.0,1903.92,50.47,178.30999999999997,0.0,20.0,1976.9799999999998,33.36,16.150000000000002,1.0,0.0,325.17999999999995,14.19,89.21,0.0,4.0,1635.7200000000003,50.47
United States,Montana,Barley,2018,spring,206.77,0.0,23.0,1505.79,41.15,113.95,0.0,0.0,364.22999999999996,47.47,122.7,2.0,3.0,1777.5299999999997,23.01,306.28999999999996,0.0,23.0,1804.19,47.47,26.810000000000002,0.0,0.0,385.9100000000001,14.43,110.31999999999998,2.0,3.0,1457.4499999999998,23.01
United States,Montana,Barley,2019,spring,165.66,0.0,27.0,1389.3300000000002,29.810000000000002,52.93,0.0,0.0,382.33000000000004,19.09,210.56,0.0,4.0,1798.01,30.759999999999998,243.83999999999997,0.0,27.0,1897.8100000000002,29.810000000000002,42.400000000000006,0.0,0.0,383.49,22.59,142.91000000000003,0.0,4.0,1288.37,30.759999999999998
United States,Montana,Barley,2020,spring,152.92999999999998,0.0,26.0,1555.98,31.65,111.37,0.0,0.0,392.59,60.17,83.63000000000001,0.0,2.0,1880.2500000000002,18.799999999999997,270.45,0.0,26.0,2031.54,60.17,19.13,0.0,0.0,411.66999999999996,11.89,58.349999999999994,0.0,2.0,1385.6100000000001,18.799999999999997
United States,Montana,Barley,2021,spring,144.13,0.0,31.0,1462.3,26.68,8.52,2.0,0.0,502.0,5.86,123.56000000000002,1.0,0.0,1701.72,35.52,152.4,2.0,31.0,1902.82,26.68,17.44,0.0,0.0,317.20000000000005,9.09,106.37,1.0,0.0,1446.0,35.52
United States,Montana,Barley,2022,spring,151.70999999999998,0.0,37.0,1382.8700000000001,22.18,28.409999999999997,0.0,0.0,434.57,14.95,150.16,5.0,0.0,1930.73,24.759999999999998,223.24,0.0,37.0,1981.5700000000002,24.759999999999998,13.19,1.0,0.0,347.3,7.470000000000001,93.85,4.0,0.0,1419.3000000000004,23.35
United States,Montana,Barley,2023,spring,282.27000000000004,0.0,22.0,1450.1999999999998,70.05,52.63,0.0,0.0,407.79,20.73,143.92000000000002,1.0,0.0,1842.69,40.879999999999995,329.96,0.0,22.0,1756.6599999999999,70.05,16.75,0.0,0.0,403.85,5.25,132.10999999999999,1.0,0.0,1540.17,40.879999999999995
United States,Montana,Barley,2024,spring,158.57,0.0,21.0,1523.3999999999999,53.980000000000004,72.03000000000002,0.0,0.0,418.69000000000005,29.77,168.07,2.0,0.0,1789.7700000000002,80.62,237.85,0.0,21.0,2002.9999999999998,53.980000000000004,6.529999999999999,0.0,0.0,342.99,3.7800000000000002,154.29,2.0,0.0,1385.8700000000001,80.62
United States,Montana,Barley,2025,spring,151.41,0.0,18.0,1510.8100000000002,29.64,42.4,0.0,0.0,445.11000000000007,21.07,156.76,0.0,0.0,1849.26,22.020000000000003,193.63,0.0,18.0,1842.2200000000003,29.64,11.429999999999998,0.0,0.0,366.06,5.77,145.51000000000002,0.0,0.0,1596.9,22.020000000000003
United States,Montana,Oats,1990,spring,135.00000000000003,0.0,28.0,1130.14,33.879999999999995,32.61,0.0,0.0,488.8,14.86,114.73,1.0,0.0,2318.479999999999,32.65,169.16000000000003,0.0,28.0,1697.29,33.879999999999995,16.530000000000005,1.0,0.0,553.02,6.4,96.64999999999998,0.0,0.0,1687.11,32.65
United States,Montana,Oats,1991,spring,192.04999999999998,0.0,28.0,1064.62,39.25,51.76,0.0,0.0,523.09,17.32,140.84999999999997,0.0,2.0,2227.2199999999993,23.48,263.57,0.0,28.0,1611.66,39.25,51.09,0.0,0.0,583.5200000000001,13.770000000000001,70.0,0.0,2.0,1619.75,17.02
United States,Montana,Oats,1992,spring,91.85,0.0,15.0,1181.5699999999997,18.069999999999997,80.73,0.0,0.0,441.15999999999997,59.51,166.42000000000002,0.0,5.0,2073.51,29.83,97.57,0.0,15.0,1420.1000000000001,18.069999999999997,114.0,0.0,0.0,481.86,59.51,127.42999999999999,0.0,5.0,1794.2799999999997,22.590000000000003
United States,Montana,Oats,1993,spring,91.44999999999999,0.0,27.0,1191.9,18.450000000000003,94.05,0.0,0.0,410.35999999999996,24.87,335.46999999999997,0.0,5.0,1938.6,39.040000000000006,185.35999999999999,0.0,27.0,1571.49,24.870000000000005,150.68000000000004,0.0,0.0,611.04,39.040000000000006,184.92999999999998,0.0,5.0,1358.3300000000002,34.57
United States,Montana,Oats,1994,spring,125.05000000000001,0.0,21.0,1103.45,34.84,44.83999999999999,0.0,0.0,477.56,13.96,69.56,0.0,0.0,2186.2899999999995,20.86,159.55000000000004,0.0,21.0,1430.96,34.84,40.61,0.0,0.0,615.69,20.86,39.28999999999999,0.0,0.0,1720.65,6.199999999999999
United States,Montana,Oats,1995,spring,153.35,0.0,38.0,1085.2099999999998,36.58,83.3,0.0,0.0,462.65,46.85,201.65000000000003,0.0,4.0,2132.66,24.689999999999998,255.67999999999998,0.0,38.0,1684.53,46.85,83.47999999999999,0.0,0.0,558.81,24.69,99.14,0.0,4.0,1437.1800000000003,17.47
United States,Montana,Oats,1996,spring,130.1,0.0,31.0,928.11,30.849999999999994,19.230000000000004,0.0,0.0,553.1699999999998,5.859999999999999,112.28000000000002,0.0,5.0,2231.1800000000003,30.78,156.60000000000002,0.0,31.0,1530.3600000000001,30.849999999999994,20.06,0.0,0.0,611.4699999999999,7.72,84.95,0.0,5.0,1570.63,30.78
United States,Montana,Oats,1997,spring,131.76,0.0,30.0,1134.0000000000002,46.67999999999999,115.08999999999999,0.0,0.0,504.2999999999999,38.94,202.71,0.0,1.0,2207.87,29.72,245.56,0.0,30.0,1585.84,46.67999999999999,79.64999999999999,0.0,0.0,655.9199999999998,29.72,124.35,0.0,1.0,1604.4099999999999,24.29
United States,Montana,Oats,1998,spring,77.97,0.0,19.0,1263.37,19.669999999999998,104.65,0.0,1.0,414.87,35.31,170.69,0.0,0.0,2189.47,28.52,162.12,0.0,20.0,1615.95,35.31,88.41000000000001,0.0,0.0,586.78,22.23,102.78000000000002,0.0,0.0,1664.98,28.52
United States,Montana,Oats,1999,spring,105.24000000000001,0.0,32.0,1140.23,20.95,57.190000000000005,0.0,0.0,482.39,20.85,161.66000000000003,0.0,3.0,2106.0800000000004,23.78,171.36,0.0,32.0,1677.53,30.36,40.15,0.0,0.0,612.61,13.99,112.58,0.0,3.0,1438.56,23.779999999999998
United States,Montana,Oats,2000,spring,93.89,0.0,23.0,1181.15,18.86,60.79,0.0,1.0,445.39,22.03,126.73999999999998,4.0,5.0,2187.34,29.440000000000005,119.63999999999999,0.0,24.0,1505.0000000000002,24.79,94.75999999999999,0.0,0.0,615.17,29.440000000000005,67.02,4.0,5.0,1693.71,20.25
United States,Montana,Oats,2001,spring,58.39,0.0,28.0,1224.22,12.0,91.89999999999999,0.0,0.0,471.15,38.14,127.74,1.0,0.0,2297.0699999999997,33.98,134.36000000000004,0.0,28.0,1589.2900000000002,38.14,34.73,0.0,0.0,557.9200000000001,15.850000000000001,108.93999999999998,1.0,0.0,1845.2300000000002,33.98
United States,Montana,Oats,2002,spring,85.14000000000001,0.0,40.0,1130.6199999999997,23.34,63.29,0.0,0.0,460.14,29.84,195.60000000000002,5.0,4.0,2179.3500000000004,33.62,170.33,0.0,40.0,1710.43,29.84,19.209999999999997,3.0,0.0,495.92,11.43,154.49,2.0,4.0,1563.76,33.62
United States,Montana,Oats,2003,spring,138.04000000000002,0.0,25.0,1132.1800000000003,26.32,61.019999999999996,0.0,0.0,472.19000000000005,18.4,78.3,10.0,3.0,2216.7500000000005,20.130000000000003,195.98000000000005,0.0,25.0,1520.13,26.32,13.25,0.0,0.0,599.7699999999999,5.239999999999999,68.13,10.0,3.0,1701.2200000000003,20.130000000000003
United States,Montana,Oats,2004,spring,130.54000000000002,0.0,23.0,1128.5499999999997,41.63,67.05,0.0,0.0,459.54,41.209999999999994,145.97,0.0,1.0,2137.5999999999995,17.299999999999997,198.01,0.0,23.0,1613.7099999999998,41.63,51.06,0.0,0.0,597.53,15.98,94.48999999999998,0.0,1.0,1514.4499999999998,17.299999999999997
United States,Montana,Oats,2005,spring,99.80999999999999,0.0,27.0,1137.3799999999999,32.58,96.96000000000002,0.0,0.0,437.75,36.91,146.70000000000002,1.0,2.0,2196.55,24.599999999999998,196.79999999999998,0.0,27.0,1604.1000000000001,36.91,47.42,0.0,0.0,532.6200000000001,24.599999999999998,99.25,1.0,2.0,1634.96,16.43
United States,Montana,Oats,2006,spring,151.19000000000003,0.0,18.0,1178.7200000000003,41.870000000000005,84.50999999999999,0.0,0.0,497.13,43.870000000000005,136.23,2.0,3.0,2272.88,29.990000000000002,184.58999999999997,0.0,18.0,1458.28,41.870000000000005,72.49,0.0,0.0,598.15,31.2,114.85000000000001,2.0,3.0,1892.3,29.990000000000002
United States,Montana,Oats,2007,spring,201.12999999999997,0.0,23.0,1126.4900000000005,47.980000000000004,60.42999999999999,0.0,0.0,480.65999999999997,26.93,113.31,5.0,1.0,2209.6799999999994,13.67,245.73,0.0,23.0,1504.12,47.980000000000004,33.91,1.0,0.0,572.4700000000001,15.62,95.22999999999999,4.0,1.0,1740.24,11.329999999999998
United States,Montana,Oats,2008,spring,175.45,0.0,34.0,1023.6599999999999,76.96000000000001,83.86000000000001,0.0,1.0,468.69,36.16,113.71,0.0,0.0,2245.12,22.78,261.41,0.0,35.0,1664.3899999999999,76.96000000000001,17.75,0.0,0.0,576.1800000000001,12.56,93.85999999999999,0.0,0.0,1496.8999999999999,22.78
United States,Montana,Oats,2009,spring,113.36999999999999,0.0,32.0,1153.37,22.97,49.879999999999995,0.0,1.0,475.78999999999996,24.439999999999998,198.56,0.0,1.0,2212.2099999999996,27.15,187.65,0.0,33.0,1730.2299999999998,24.439999999999998,57.06,0.0,0.0,576.3199999999999,24.47,117.1,0.0,1.0,1534.8200000000002,27.15
United States,Montana,Oats,2010,spring,185.45,0.0,36.0,1087.4399999999998,37.43000000000001,95.39999999999999,0.0,0.0,449.03999999999996,45.39,229.94000000000003,0.0,0.0,2117.0299999999997,38.75,299.31,0.0,36.0,1746.0500000000002,45.39,52.760000000000005,0.0,0.0,602.26,15.18,158.72,0.0,0.0,1305.2000000000003,38.75
United States,Montana,Oats,2011,spring,241.32000000000002,0.0,35.0,1008.0300000000001,42.19,111.41,0.0,1.0,428.74000000000007,46.31,79.11999999999999,0.0,0.0,2381.7000000000003,12.9,361.92,0.0,36.0,1806.92,46.31,27.42,0.0,0.0,577.76,12.9,42.510000000000005,0.0,0.0,1433.7900000000002,12.08
United States,Montana,Oats,2012,spring,157.35999999999999,0.0,27.0,1144.1899999999998,34.71,47.03,0.0,0.0,511.85,23.189999999999998,66.16,0.0,0.0,2276.1500000000005,10.73,198.96000000000004,0.0,27.0,1605.2499999999995,34.71,16.829999999999995,0.0,0.0,547.0,8.120000000000001,54.760000000000005,0.0,0.0,1779.94,10.73
United States,Montana,Oats,2013,spring,126.72999999999999,0.0,27.0,1124.66,30.03,136.33,0.0,0.0,466.01,52.76,160.99000000000004,0.0,2.0,2203.1399999999994,24.0,263.06,0.0,27.0,1590.67,52.760000000000005,32.03,0.0,0.0,527.9499999999999,12.38,128.95999999999998,0.0,2.0,1675.1899999999998,24.0
United States,Montana,Oats,2014,spring,101.22999999999999,0.0,29.0,1131.4199999999998,14.62,61.39,0.0,0.0,438.28000000000003,26.69,247.01,0.0,3.0,2100.23,111.55,167.01,0.0,29.0,1598.29,26.689999999999998,20.96,0.0,0.0,561.61,10.26,221.66000000000003,0.0,3.0,1510.03,111.55
United States,Montana,Oats,2015,spring,146.41000000000003,0.0,28.0,1154.36,38.290000000000006,53.88000000000001,0.0,0.0,487.06999999999994,30.81,133.35999999999999,0.0,0.0,2096.95,25.66,196.08,0.0,28.0,1553.3799999999999,38.290000000000006,23.280000000000005,0.0,0.0,518.79,7.06,114.29000000000002,0.0,0.0,1666.2099999999996,25.66
United States,Montana,Oats,2016,spring,149.0,0.0,16.0,1119.0100000000002,36.309999999999995,28.809999999999995,0.0,0.0,540.26,10.04,191.67000000000004,0.0,2.0,2164.4300000000003,37.96,161.22,0.0,16.0,1428.6200000000001,36.309999999999995,27.040000000000006,0.0,0.0,624.07,10.04,181.22,0.0,2.0,1771.01,37.96
United States,Montana,Oats,2017,spring,129.02,0.0,20.0,1186.55,22.7,43.19,0.0,0.0,541.5400000000001,33.36,111.46,1.0,4.0,2209.79,50.47,161.43,0.0,20.0,1561.06,25.31,18.040000000000003,0.0,0.0,589.02,9.4,104.19999999999999,1.0,4.0,1787.8000000000002,50.47
United States,Montana,Oats,2018,spring,164.39999999999998,0.0,23.0,1136.3799999999999,41.15,106.97,0.0,0.0,444.19999999999993,47.47,172.04999999999998,2.0,3.0,2066.97,23.01,206.25999999999996,0.0,23.0,1420.7900000000002,41.15,123.30999999999999,0.0,0.0,606.87,47.47,113.84999999999998,2.0,3.0,1619.8899999999999,23.01
United States,Montana,Oats,2019,spring,148.81,0.0,27.0,1020.5600000000001,29.810000000000002,27.619999999999997,0.0,0.0,501.89,12.41,252.72,0.0,4.0,2047.2200000000003,30.760000000000005,182.32,0.0,27.0,1540.5900000000001,29.810000000000002,100.07,0.0,0.0,551.08,22.590000000000003,146.76000000000002,0.0,4.0,1477.9999999999998,30.759999999999998
United States,Montana,Oats,2020,spring,128.0,0.0,26.0,1182.1399999999999,31.65,55.870000000000005,0.0,0.0,485.19,25.380000000000003,164.05999999999997,0.0,2.0,2161.490000000001,60.17,183.87,0.0,26.0,1667.33,31.65,99.84,0.0,0.0,593.46,60.17,64.22,0.0,2.0,1568.03,18.799999999999997
United States,Montana,Oats,2021,spring,130.30999999999997,0.0,31.0,1064.81,26.68,14.430000000000001,2.0,0.0,575.11,6.750000000000001,131.47,1.0,0.0,2026.0999999999997,35.52,144.29999999999998,2.0,31.0,1523.54,26.68,16.32,0.0,0.0,543.48,7.81,115.59000000000002,1.0,0.0,1599.0,35.52
United States,Montana,Oats,2022,spring,106.85,0.0,37.0,1089.0400000000002,21.14,57.49000000000001,0.0,0.0,405.38999999999993,22.18,165.94,5.0,0.0,2253.7399999999993,24.759999999999998,175.32000000000002,0.0,37.0,1646.01,22.18,60.17,0.0,0.0,518.28,24.759999999999998,94.78999999999999,5.0,0.0,1583.88,23.35
United States,Montana,Oats,2023,spring,163.96999999999997,0.0,22.0,1127.17,32.2,131.14999999999998,0.0,0.0,446.77,70.05,183.7,1.0,0.0,2126.74,40.88,275.68,0.0,22.0,1345.3099999999997,70.05,65.9,0.0,0.0,636.73,20.73,137.24,1.0,0.0,1718.64,40.879999999999995
United States,Montana,Oats,2024,spring,148.39000000000001,0.0,21.0,1109.79,53.980000000000004,47.17,0.0,0.0,539.9200000000001,29.77,203.10999999999999,2.0,0.0,2082.15,80.62,195.35,0.0,21.0,1621.9499999999998,53.980000000000004,46.53000000000001,0.0,0.0,562.37,15.67,156.79,2.0,0.0,1547.5400000000002,80.62
United States,Montana,Oats,2025,spring,117.17999999999999,0.0,18.0,1166.7399999999998,29.64,48.44,0.0,0.0,500.27,15.669999999999998,184.95000000000002,0.0,0.0,2138.1699999999996,22.020000000000003,144.44,0.0,18.0,1482.2800000000002,29.64,55.13999999999999,0.0,0.0,544.8700000000001,21.07,150.99,0.0,0.0,1778.0300000000002,22.020000000000003
United States,Montana,Canola,1999,spring,206.39,0.0,32.0,2014.0299999999997,30.36,9.58,0.0,0.0,564.7700000000001,3.75,108.11999999999999,0.0,3.0,1149.9,23.779999999999998,174.94000000000003,0.0,32.0,1778.76,30.36,41.03,0.0,0.0,745.3599999999999,13.99,108.11999999999999,0.0,3.0,1204.58,23.779999999999998
United States,Montana,Canola,2000,spring,205.72,0.0,24.0,2043.99,29.440000000000005,19.900000000000002,1.0,0.0,570.57,10.39,55.8,3.0,5.0,1199.3200000000002,20.25,154.68,0.0,24.0,1626.54,24.79,66.05000000000001,1.0,0.0,703.1,29.440000000000005,60.690000000000005,3.0,5.0,1484.24,20.25
United States,Montana,Canola,2001,spring,169.09,0.0,28.0,2147.21,38.14,49.02,0.0,0.0,546.13,17.009999999999998,59.92,1.0,0.0,1299.1,33.98,139.50000000000003,0.0,28.0,1648.3700000000003,38.14,33.08,0.0,0.0,621.76,11.77,105.44999999999999,1.0,0.0,1722.3100000000002,33.98
United States,Montana,Canola,2002,spring,180.65,1.0,40.0,2037.07,29.84,42.04,4.0,0.0,548.43,20.49,121.33999999999999,0.0,4.0,1184.61,33.62,170.34,0.0,40.0,1741.39,29.84,40.410000000000004,5.0,0.0,588.7,20.49,133.28000000000003,0.0,4.0,1440.02,33.62
United States,Montana,Canola,2003,spring,207.29,0.0,25.0,2043.92,26.32,17.69,6.0,0.0,595.11,13.04,52.379999999999995,4.0,3.0,1182.09,20.130000000000003,196.78000000000006,0.0,25.0,1578.7500000000002,26.32,13.71,1.0,0.0,748.0300000000001,5.24,66.87,9.0,3.0,1494.3400000000004,20.130000000000003
United States,Montana,Canola,2004,spring,240.48,0.0,23.0,1992.1899999999998,41.63,25.91,0.0,0.0,564.55,9.92,77.16999999999999,0.0,1.0,1168.95,17.299999999999997,212.32999999999998,0.0,23.0,1810.98,41.63,50.42999999999999,0.0,0.0,650.2,15.98,80.79999999999998,0.0,1.0,1264.51,17.299999999999997
United States,Montana,Canola,2005,spring,231.70999999999998,0.0,27.0,2014.0500000000002,36.91,28.179999999999996,1.0,0.0,555.59,11.61,83.58,0.0,2.0,1202.04,16.43,199.74999999999997,0.0,27.0,1690.69,36.91,52.48,1.0,0.0,690.6100000000001,24.599999999999998,91.24,0.0,2.0,1390.38,16.43
United States,Montana,Canola,2006,spring,258.53,0.0,18.0,2140.42,43.870000000000005,19.879999999999995,1.0,0.0,613.89,11.09,93.52000000000001,1.0,3.0,1194.42,29.990000000000002,215.79,0.0,18.0,1510.61,43.870000000000005,45.059999999999995,0.0,0.0,747.74,16.200000000000003,111.08,2.0,3.0,1690.38,29.990000000000002
United States,Montana,Canola,2007,spring,279.63999999999993,1.0,23.0,2076.59,47.980000000000004,27.800000000000004,3.0,0.0,550.6600000000001,11.329999999999998,67.43,1.0,1.0,1189.58,10.530000000000001,250.91,0.0,23.0,1528.62,47.980000000000004,40.45,1.0,0.0,702.3700000000001,13.67,83.50999999999999,4.0,1.0,1585.84,10.530000000000001
United States,Montana,Canola,2008,spring,276.72,0.0,35.0,1941.6000000000001,76.96000000000001,8.06,0.0,0.0,577.1600000000001,4.32,88.24,0.0,0.0,1218.71,22.78,261.48,0.0,35.0,1749.43,76.96000000000001,22.650000000000002,0.0,0.0,663.3099999999998,12.56,88.88999999999999,0.0,0.0,1324.73,22.78
United States,Montana,Canola,2009,spring,218.35999999999999,0.0,33.0,2063.04,24.439999999999998,43.28,0.0,0.0,538.2800000000001,13.610000000000001,100.17,0.0,1.0,1240.05,27.15,194.1,0.0,33.0,1803.7099999999998,24.439999999999998,52.809999999999995,0.0,0.0,714.9399999999998,24.47,114.89999999999999,0.0,1.0,1322.72,27.15
United States,Montana,Canola,2010,spring,329.99999999999994,0.0,36.0,1952.17,45.39,30.540000000000003,0.0,0.0,552.2800000000001,13.360000000000001,150.25000000000003,0.0,0.0,1149.06,38.75,308.60999999999996,0.0,36.0,1818.9700000000003,45.39,52.14,0.0,0.0,739.3000000000002,15.18,150.04000000000002,0.0,0.0,1095.24,38.75
United States,Montana,Canola,2011,spring,364.19,0.0,36.0,1923.0299999999997,46.31,27.71,0.0,0.0,591.73,12.9,39.95,0.0,0.0,1303.71,12.08,364.19,0.0,36.0,1923.0299999999997,46.31,28.14,0.0,0.0,690.6,12.9,39.52,0.0,0.0,1204.84,12.08
United States,Montana,Canola,2012,spring,215.46000000000004,0.0,27.0,2101.0499999999997,34.71,31.069999999999997,0.0,0.0,534.09,10.73,24.02,0.0,0.0,1297.0499999999997,6.000000000000001,207.1,0.0,27.0,1725.8799999999999,34.71,16.7,0.0,0.0,590.0100000000001,7.58,46.75,0.0,0.0,1616.3,10.73
United States,Montana,Canola,2013,spring,286.34999999999997,0.0,27.0,2043.9400000000005,52.760000000000005,26.990000000000002,0.0,0.0,578.23,12.370000000000001,110.71000000000001,0.0,2.0,1171.64,24.0,272.75,0.0,27.0,1685.5900000000004,52.760000000000005,26.76,0.0,0.0,614.6999999999999,12.38,124.53999999999999,0.0,2.0,1493.52,24.0
United States,Montana,Canola,2014,spring,187.39999999999998,0.0,29.0,1993.6000000000001,26.689999999999998,25.150000000000002,0.0,0.0,563.76,12.93,197.07999999999998,0.0,3.0,1112.57,111.55,173.8,0.0,29.0,1741.26,26.689999999999998,30.900000000000006,0.0,0.0,632.92,10.22,204.93000000000004,0.0,3.0,1295.75,111.55
United States,Montana,Canola,2015,spring,219.36,0.0,28.0,2072.17,38.290000000000006,48.44,0.0,0.0,480.88,25.66,65.85,0.0,0.0,1185.33,20.28,200.29,0.0,28.0,1641.4299999999998,38.290000000000006,32.04,0.0,0.0,616.5200000000001,8.49,101.32000000000001,0.0,0.0,1480.4299999999996,25.66
United States,Montana,Canola,2016,spring,190.92999999999998,0.0,16.0,2125.51,36.309999999999995,62.300000000000004,0.0,0.0,536.8900000000001,37.96,116.25,0.0,2.0,1161.3000000000002,34.56,167.07000000000002,0.0,16.0,1499.33,36.309999999999995,67.26,0.0,0.0,773.9100000000002,37.96,135.15,0.0,2.0,1550.4599999999998,34.56
United States,Montana,Canola,2017,spring,180.21999999999997,0.0,20.0,2177.99,33.36,17.19,1.0,0.0,589.5300000000001,14.19,86.26,0.0,4.0,1170.3600000000001,50.47,172.01999999999998,0.0,20.0,1676.9499999999998,33.36,22.549999999999997,1.0,0.0,653.6500000000001,14.19,89.1,0.0,4.0,1607.2800000000002,50.47
United States,Montana,Canola,2018,spring,329.28999999999996,0.0,23.0,2002.66,47.47,16.21,0.0,0.0,571.1400000000001,9.71,97.91999999999999,2.0,3.0,1073.75,23.009999999999998,206.37,0.0,23.0,1446.74,41.15,126.73000000000002,0.0,0.0,743.36,47.47,110.31999999999998,2.0,3.0,1457.4499999999998,23.01
United States,Montana,Canola,2019,spring,240.42,0.0,27.0,1874.3300000000002,29.810000000000002,47.589999999999996,0.0,0.0,568.4800000000001,22.59,141.14,0.0,4.0,1126.8600000000001,30.759999999999998,207.64,0.0,27.0,1679.63,29.810000000000002,80.09,0.0,0.0,682.49,22.590000000000003,141.42000000000002,0.0,4.0,1207.55,30.759999999999998
United States,Montana,Canola,2020,spring,274.88,0.0,26.0,2087.66,60.17,21.970000000000002,0.0,0.0,558.2599999999999,7.47,51.08,0.0,2.0,1182.9,18.799999999999997,185.37000000000003,0.0,26.0,1741.82,31.65,105.11999999999998,0.0,0.0,757.6,60.17,57.44,0.0,2.0,1329.4,18.799999999999997
United States,Montana,Canola,2021,spring,161.11,2.0,31.0,2095.0099999999998,26.68,30.999999999999996,1.0,0.0,501.75,10.64,84.10000000000001,0.0,0.0,1069.26,35.52,144.29999999999998,2.0,31.0,1556.07,26.68,25.499999999999996,0.0,0.0,606.97,9.09,106.41000000000001,1.0,0.0,1502.98,35.52
United States,Montana,Canola,2022,spring,212.02,0.0,37.0,1927.39,24.759999999999998,34.73000000000001,1.0,0.0,577.0500000000001,18.08,83.53,4.0,0.0,1243.73,23.35,179.5,0.0,37.0,1736.7200000000003,22.18,56.93000000000001,1.0,0.0,592.15,24.759999999999998,93.85,4.0,0.0,1419.3000000000004,23.35
United States,Montana,Canola,2023,spring,341.58,0.0,22.0,1982.0399999999997,70.05,18.89,1.0,0.0,547.8100000000001,11.54,118.35000000000001,0.0,0.0,1170.83,40.879999999999995,268.56,0.0,22.0,1334.4799999999998,70.05,77.58999999999999,0.0,0.0,802.47,20.73,132.67,1.0,0.0,1563.73,40.879999999999995
United States,Montana,Canola,2024,spring,241.57000000000002,0.0,21.0,2042.91,53.980000000000004,6.34,2.0,0.0,542.14,2.79,150.76,0.0,0.0,1146.81,80.62,203.42000000000002,0.0,21.0,1724.1899999999996,53.980000000000004,42.129999999999995,0.0,0.0,642.94,15.67,153.11999999999998,2.0,0.0,1364.73,80.62
United States,Montana,Canola,2025,spring,201.93999999999997,0.0,18.0,2073.13,29.64,71.28,0.0,0.0,514.15,22.020000000000003,77.35,0.0,0.0,1217.8999999999999,13.38,151.41,0.0,18.0,1510.8100000000002,29.64,53.64999999999999,0.0,0.0,697.4699999999999,21.07,145.51000000000002,0.0,0.0,1596.9,22.020000000000003
United States,Nebraska,Wheat,1990,winter,180.31,0.0,148.0,2994.7200000000003,38.9,100.52,0.0,1.0,557.0600000000001,27.53,78.78999999999999,7.0,0.0,813.31,22.24,261.37,0.0,149.0,3477.68,38.9,55.0,1.0,0.0,421.56999999999994,21.79,43.25,6.0,0.0,465.84,22.24
United States,Nebraska,Wheat,1991,winter,221.32,4.0,141.0,3005.4399999999996,30.72,145.14999999999998,0.0,1.0,535.1899999999999,44.050000000000004,82.32,5.0,0.0,746.77,20.810000000000002,259.34,4.0,142.0,3218.5,37.67,120.46,0.0,0.0,372.02000000000004,44.050000000000004,68.99000000000002,5.0,0.0,696.8800000000001,17.47
United States,Nebraska,Wheat,1992,winter,279.3,0.0,150.0,3001.52,40.7,34.540000000000006,0.0,0.0,656.9,17.209999999999997,97.37,0.0,0.0,635.47,25.009999999999998,303.24,0.0,150.0,3396.2000000000003,40.7,47.56,0.0,0.0,442.40000000000003,17.65,60.41000000000001,0.0,0.0,455.28999999999996,25.009999999999998
United States,Nebraska,Wheat,1993,winter,222.6,0.0,158.0,2740.86,29.78,88.83,0.0,0.0,588.56,31.299999999999997,159.46,0.0,0.0,727.5400000000001,48.65,336.3,0.0,158.0,3450.0499999999997,31.299999999999997,119.61000000000001,0.0,0.0,459.4200000000001,48.65,14.98,0.0,0.0,147.49,7.63
United States,Nebraska,Wheat,1994,winter,212.83999999999997,0.0,166.0,2928.4399999999996,28.929999999999996,23.509999999999998,0.0,0.0,697.58,12.29,118.3,1.0,0.0,810.03,42.83,236.36,0.0,166.0,3686.16,28.929999999999996,66.36,1.0,0.0,383.66999999999996,42.83,51.93000000000001,0.0,0.0,366.22,23.79
United States,Nebraska,Wheat,1995,winter,315.90999999999997,0.0,140.0,2839.08,36.64,154.85000000000002,0.0,0.0,436.09,81.05,92.96,0.0,0.0,728.55,36.68000000000001,388.78,0.0,140.0,3199.19,36.64,131.01999999999998,0.0,0.0,435.2200000000001,81.05,43.919999999999995,0.0,0.0,369.31,36.68
United States,Nebraska,Wheat,1996,winter,213.22000000000003,1.0,150.0,3030.09,40.55,127.79,0.0,0.0,471.27,75.03999999999999,81.91,0.0,0.0,801.85,27.9,359.6600000000001,1.0,150.0,3546.0600000000004,75.03999999999999,51.269999999999996,0.0,0.0,481.02,27.9,11.99,0.0,0.0,276.13,5.52
United States,Nebraska,Wheat,1997,winter,244.36,0.0,154.0,2926.62,71.35,57.559999999999995,0.0,1.0,598.2899999999998,39.61,83.69,2.0,0.0,809.24,19.93,319.98,0.0,155.0,3751.5699999999997,71.35,42.510000000000005,1.0,0.0,388.29,19.84,23.119999999999997,1.0,0.0,194.29,19.93
United States,Nebraska,Wheat,1998,winter,293.04999999999995,0.0,151.0,2879.29,53.61999999999999,72.17999999999999,0.0,0.0,645.15,31.060000000000002,139.24,1.0,0.0,772.5,59.47,360.89,0.0,151.0,3385.2599999999998,53.61999999999999,99.74,0.0,0.0,451.09999999999997,59.47,43.84000000000001,1.0,0.0,460.58000000000004,21.310000000000002
United States,Nebraska,Wheat,1999,winter,282.06999999999994,6.0,133.0,2909.73,33.23,76.92999999999999,0.0,0.0,628.0500000000001,29.39,164.75,0.0,0.0,683.54,42.08,314.89,6.0,133.0,3076.9,33.23,62.89,0.0,0.0,520.8299999999999,18.78,145.97,0.0,0.0,623.5899999999999,42.08
United States,Nebraska,Wheat,2000,winter,149.08,0.0,128.0,3108.54,20.1,60.949999999999996,1.0,0.0,612.6399999999999,28.04,71.69999999999999,5.0,0.0,793.37,24.189999999999998,150.02,0.0,128.0,3229.65,20.1,52.76,0.0,0.0,434.21000000000004,28.04,78.95,6.0,0.0,850.69,24.189999999999998
United States,Nebraska,Wheat,2001,winter,363.62,4.0,159.0,2941.02,51.67999999999999,74.73,0.0,0.0,598.1199999999999,51.36,44.489999999999995,7.0,0.0,784.27,13.930000000000001,427.22999999999996,4.0,159.0,3509.52,51.67999999999999,48.489999999999995,0.0,0.0,407.98,14.829999999999998,7.12,7.0,0.0,405.90999999999997,2.85
United States,Nebraska,Wheat,2002,winter,205.04000000000002,2.0,141.0,3065.29,38.4,38.269999999999996,0.0,1.0,643.7299999999999,17.72,46.59,15.0,0.0,839.3199999999999,12.870000000000001,222.29,2.0,142.0,3418.8,38.4,34.61999999999999,1.0,0.0,467.6,17.72,32.989999999999995,14.0,0.0,661.9399999999999,10.209999999999999
United States,Nebraska,Wheat,2003,winter,261.98,2.0,143.0,2920.29,37.41,74.30999999999999,1.0,0.0,631.4299999999998,24.82,103.9,0.0,0.0,735.41,31.5,335.44000000000005,2.0,143.0,3418.1899999999996,37.41,47.29999999999999,1.0,0.0,468.82,14.21,57.449999999999996,0.0,0.0,400.12,31.5
United States,Nebraska,Wheat,2004,winter,209.02,0.0,137.0,3091.3799999999997,33.620000000000005,77.67999999999999,2.0,1.0,636.96,22.31,78.24000000000001,1.0,0.0,745.73,32.18000000000001,226.76999999999998,2.0,137.0,3348.96,33.620000000000005,61.69,0.0,1.0,487.78,22.31,76.48,1.0,0.0,637.33,32.18000000000001
United States,Nebraska,Wheat,2005,winter,292.14,2.0,137.0,2940.16,57.51,64.97999999999999,0.0,2.0,667.9100000000001,37.660000000000004,140.24,1.0,0.0,759.09,66.10000000000001,338.2900000000001,2.0,139.0,3226.91,57.51,99.77,0.0,0.0,464.57,63.66,59.3,1.0,0.0,675.6800000000002,25.889999999999997
United States,Nebraska,Wheat,2006,winter,169.66,1.0,130.0,3118.1800000000003,29.58,8.469999999999999,2.0,0.0,687.26,4.39,75.58,7.0,0.0,811.6600000000001,38.16,168.88,1.0,130.0,3059.88,29.58,2.83,0.0,0.0,514.6100000000001,1.0899999999999999,82.0,9.0,0.0,1042.61,38.16
United States,Nebraska,Wheat,2007,winter,443.84000000000003,0.0,144.0,2926.8,79.11,169.17000000000002,0.0,0.0,618.1199999999999,82.30000000000001,105.83999999999999,0.0,0.0,798.4399999999999,55.95,520.56,0.0,144.0,3452.2200000000003,79.11,179.99,0.0,0.0,432.30000000000007,89.82000000000001,18.3,0.0,0.0,458.84000000000003,9.83
United States,Nebraska,Wheat,2008,winter,269.98,0.0,150.0,3119.0,45.970000000000006,201.40999999999997,0.0,2.0,569.2800000000001,106.13000000000001,94.22,0.0,0.0,836.3299999999999,28.240000000000002,471.4,0.0,152.0,3718.23,106.13000000000001,69.47000000000001,0.0,0.0,491.69000000000005,28.240000000000002,24.74,0.0,0.0,314.69,10.95
United States,Nebraska,Wheat,2009,winter,364.72,0.0,151.0,2961.21,64.26,68.0,0.0,0.0,603.35,24.509999999999998,145.99,0.0,0.0,700.8,33.7,436.12,0.0,151.0,3622.79,64.26,114.85999999999999,0.0,0.0,389.0299999999999,33.7,27.730000000000004,0.0,0.0,253.54,15.33
United States,Nebraska,Wheat,2010,winter,321.7900000000001,0.0,155.0,2754.85,39.72,72.68,0.0,1.0,596.55,21.2,245.66,0.0,0.0,781.6500000000001,114.55000000000001,458.89,0.0,156.0,3584.7,39.72,178.36,0.0,0.0,402.76,114.55000000000001,2.88,0.0,0.0,145.58999999999997,2.88
United States,Nebraska,Wheat,2011,winter,219.33999999999997,0.0,143.0,2949.6900000000005,35.5,102.07000000000002,0.0,0.0,535.77,45.15,102.65,0.0,0.0,760.3,38.720000000000006,327.93999999999994,0.0,143.0,3512.3300000000004,45.15,38.39,0.0,0.0,425.15,23.61,57.73,0.0,0.0,308.28000000000003,38.72
United States,Nebraska,Wheat,2012,winter,274.26,2.0,125.0,3154.17,60.769999999999996,36.34,0.0,0.0,689.9300000000001,13.129999999999999,19.03,12.0,0.0,828.5600000000001,5.76,274.28,2.0,125.0,3179.9000000000005,60.769999999999996,30.16,0.0,0.0,517.26,13.129999999999999,25.19,12.0,0.0,975.5000000000001,5.76
United States,Nebraska,Wheat,2013,winter,146.01000000000002,7.0,153.0,3028.4400000000005,43.35,91.44,0.0,4.0,603.12,45.94,68.24000000000001,2.0,0.0,823.6700000000001,30.419999999999995,191.51,7.0,157.0,3572.0299999999997,43.35,66.53,0.0,0.0,464.08,45.94,47.65,2.0,0.0,419.12,30.42
United States,Nebraska,Wheat,2014,winter,196.68,7.0,156.0,3006.05,29.900000000000002,32.68,0.0,0.0,623.92,11.54,203.26999999999998,0.0,0.0,755.02,64.48,229.15,7.0,156.0,3570.69,29.900000000000002,129.42,0.0,0.0,438.03,64.48,74.06,0.0,0.0,376.27000000000004,29.92
United States,Nebraska,Wheat,2015,winter,195.78,0.0,125.0,3166.32,38.99000000000001,110.16999999999999,0.0,0.0,500.68000000000006,26.54,114.9,1.0,0.0,759.56,35.81,237.88,0.0,125.0,3355.01,38.99000000000001,94.82,0.0,0.0,465.94999999999993,23.28,88.15,1.0,0.0,605.6,35.81
United States,Nebraska,Wheat,2016,winter,395.46000000000004,5.0,123.0,2916.34,77.45,96.36999999999999,0.0,1.0,633.0800000000002,35.04,79.47999999999999,2.0,0.0,901.59,30.839999999999996,395.91,5.0,124.0,2995.42,77.45,91.75,0.0,0.0,524.6700000000001,35.04,83.64999999999999,2.0,0.0,930.92,30.839999999999996
United States,Nebraska,Wheat,2017,winter,266.73,0.0,113.0,2881.46,34.25,79.47,0.0,0.0,636.5,32.78,23.21,3.0,0.0,840.8,9.420000000000002,267.83,0.0,113.0,2948.4799999999996,34.25,78.37,0.0,0.0,539.1200000000001,32.78,23.21,3.0,0.0,871.16,9.420000000000002
United States,Nebraska,Wheat,2018,winter,300.98,1.0,159.0,2969.0299999999997,80.47000000000001,164.29,0.0,0.0,556.4399999999999,79.21000000000001,139.44,2.0,0.0,793.73,40.379999999999995,462.22,1.0,159.0,3514.9300000000003,80.47000000000001,37.660000000000004,0.0,0.0,429.58,25.15,104.83,2.0,0.0,374.69,40.379999999999995
United States,Nebraska,Wheat,2019,winter,353.1,0.0,151.0,2803.74,40.94,174.20000000000002,0.0,1.0,538.3700000000001,63.67,84.28999999999999,0.0,0.0,813.53,19.77,565.9399999999999,0.0,152.0,3671.1099999999997,63.67,45.04,0.0,0.0,424.30999999999995,17.47,0.61,0.0,0.0,60.22,0.61
United States,Nebraska,Wheat,2020,winter,250.87,0.0,161.0,3037.6899999999996,28.05,124.93,0.0,1.0,538.61,49.85000000000001,46.870000000000005,0.0,0.0,836.6200000000001,17.03,381.71000000000004,0.0,162.0,3714.54,49.85000000000001,23.480000000000004,0.0,0.0,393.49,17.03,17.479999999999997,0.0,0.0,304.89,9.99
United States,Nebraska,Wheat,2021,winter,239.07999999999998,1.0,153.0,3022.2,79.24999999999999,89.49000000000001,0.0,0.0,521.5,23.28,32.41,5.0,0.0,822.6400000000001,13.93,297.12,1.0,153.0,3425.27,79.24999999999999,35.78000000000001,0.0,0.0,448.94000000000005,16.450000000000003,28.080000000000002,5.0,0.0,492.13,13.93
United States,Nebraska,Wheat,2022,winter,170.38,1.0,133.0,3164.2000000000003,43.449999999999996,77.84,0.0,1.0,582.02,27.0,55.67,8.0,0.0,830.02,29.44,221.08999999999997,1.0,134.0,3272.6800000000003,43.449999999999996,19.94,0.0,0.0,455.89000000000004,14.79,62.85999999999999,8.0,0.0,847.6700000000001,29.44
United States,Nebraska,Wheat,2023,winter,124.55999999999997,5.0,157.0,3196.7,20.85,162.69000000000005,0.0,1.0,618.63,63.870000000000005,78.49,0.0,0.0,787.39,23.619999999999997,254.0,5.0,158.0,3535.37,63.870000000000005,49.85,0.0,0.0,444.33,23.150000000000002,61.89,0.0,0.0,623.02,23.619999999999997
United States,Nebraska,Wheat,2024,winter,342.86,4.0,126.0,3081.6899999999996,50.300000000000004,71.58,0.0,0.0,677.1700000000001,38.53,125.0,4.0,0.0,773.8,34.28,343.86,4.0,126.0,3109.88,50.300000000000004,66.94,0.0,0.0,532.5799999999999,38.53,128.64000000000001,4.0,0.0,890.1999999999999,34.28
United States,Nebraska,Wheat,2025,winter,129.66000000000003,2.0,128.0,3119.41,23.97,104.41,0.0,0.0,592.4300000000001,37.08,176.99,3.0,0.0,790.0,62.83,121.17,2.0,128.0,3023.5299999999997,23.97,59.08,0.0,0.0,518.2099999999999,30.93,230.81,3.0,0.0,960.1,62.83
United States,Nebraska,Barley,1990,spring,172.12,1.0,11.0,1529.05,27.53,42.65,7.0,0.0,465.45,22.24,153.65,17.0,0.0,1897.9599999999998,36.769999999999996,170.77,1.0,11.0,1469.2199999999998,27.53,40.809999999999995,1.0,0.0,332.95,22.24,156.84,23.0,0.0,2090.29,36.769999999999996
United States,Nebraska,Barley,1991,spring,265.05,0.0,5.0,1445.5,44.050000000000004,33.13,5.0,0.0,426.46000000000004,17.47,123.18,15.0,1.0,1925.8799999999999,40.699999999999996,246.96,0.0,5.0,1261.6699999999998,44.050000000000004,36.15,0.0,0.0,340.99000000000007,17.07,138.25,20.0,1.0,2195.1800000000003,40.699999999999996
United States,Nebraska,Barley,1992,spring,101.28999999999999,0.0,8.0,1512.56,20.759999999999998,44.410000000000004,0.0,0.0,385.20000000000005,21.27,259.71999999999997,1.0,0.0,1789.89,74.27000000000001,74.50999999999999,0.0,8.0,1414.6399999999999,17.65,54.849999999999994,0.0,0.0,287.3,25.009999999999998,276.06,1.0,0.0,1985.71,74.27000000000001
United States,Nebraska,Barley,1993,spring,201.85,0.0,13.0,1392.8000000000002,31.299999999999997,112.18999999999998,0.0,0.0,434.22999999999996,48.650000000000006,321.68,0.0,0.0,1781.7099999999998,42.849999999999994,201.87,0.0,13.0,1449.91,31.299999999999997,103.49,0.0,0.0,315.26,48.65,330.36,0.0,0.0,1843.57,42.849999999999994
United States,Nebraska,Barley,1994,spring,149.18,0.0,17.0,1618.53,42.82999999999999,58.260000000000005,1.0,0.0,446.90000000000003,23.79,215.67999999999995,3.0,0.0,1913.99,38.599999999999994,110.28,0.0,17.0,1435.04,28.93,60.230000000000004,1.0,0.0,279.02000000000004,29.74,252.60999999999999,3.0,0.0,2265.3599999999997,38.599999999999994
United States,Nebraska,Barley,1995,spring,306.25,0.0,16.0,1264.4299999999998,81.05,44.5,0.0,0.0,439.58000000000004,36.68,172.38,23.0,2.0,1932.98,40.55,307.55,0.0,16.0,1464.78,81.05,47.76,0.0,0.0,332.69,36.68,167.82,23.0,2.0,1839.52,40.55
United States,Nebraska,Barley,1996,spring,201.83999999999997,0.0,12.0,1488.0300000000002,75.03999999999999,38.65,0.0,0.0,440.98,24.95,296.38,3.0,0.0,1704.1999999999996,71.35,201.83999999999997,0.0,12.0,1488.0300000000002,75.03999999999999,33.489999999999995,0.0,0.0,309.28000000000003,24.95,301.54,3.0,0.0,1835.8999999999999,71.35
United States,Nebraska,Barley,1997,spring,144.01999999999998,0.0,14.0,1471.4200000000003,39.61,60.58,2.0,0.0,481.93999999999994,21.780000000000005,238.28,11.0,0.0,1849.07,44.56999999999999,156.29,0.0,14.0,1548.3200000000004,39.61,24.78,1.0,0.0,291.95,19.84,261.81,12.0,0.0,1962.1599999999999,44.56999999999999
United States,Nebraska,Barley,1998,spring,202.35,0.0,10.0,1564.32,59.47,45.76000000000001,1.0,0.0,486.93000000000006,21.310000000000002,181.42999999999998,15.0,0.0,1873.79,26.68,184.57,0.0,10.0,1480.1299999999999,59.47,60.809999999999995,0.0,0.0,376.81,28.86,184.15999999999997,16.0,0.0,2068.1,26.68
United States,Nebraska,Barley,1999,spring,229.42,0.0,10.0,1464.8999999999999,42.080000000000005,95.49000000000001,0.0,0.0,369.09,36.71000000000001,145.54,12.0,0.0,1950.0800000000002,20.100000000000005,227.82999999999998,0.0,10.0,1428.28,42.080000000000005,71.33,0.0,0.0,306.42,32.09,171.29000000000002,12.0,0.0,2049.37,20.100000000000005
United States,Nebraska,Barley,2000,spring,134.79,5.0,10.0,1586.3,28.04,45.440000000000005,1.0,0.0,441.92999999999995,15.73,148.78000000000003,28.0,0.0,1897.2700000000002,23.89,109.00999999999998,1.0,10.0,1388.43,28.04,38.57,4.0,0.0,329.68,24.189999999999998,181.43000000000004,29.0,0.0,2207.39,23.89
United States,Nebraska,Barley,2001,spring,255.06000000000006,0.0,7.0,1531.37,51.68,16.029999999999998,7.0,0.0,486.99999999999994,8.44,224.54,19.0,0.0,1955.13,29.79,251.22,0.0,7.0,1429.9299999999998,51.68,15.36,1.0,0.0,350.04,10.51,229.05,25.0,0.0,2193.53,29.79
United States,Nebraska,Barley,2002,spring,109.25,3.0,8.0,1633.72,21.21,18.56,13.0,0.0,476.55999999999995,8.209999999999999,126.25,29.0,0.0,1945.1299999999999,29.72,103.10000000000001,3.0,8.0,1503.8900000000003,21.21,17.490000000000002,2.0,0.0,293.04,8.209999999999999,133.47000000000003,40.0,0.0,2258.48,29.72
United States,Nebraska,Barley,2003,spring,235.89000000000001,1.0,7.0,1495.32,37.41,57.449999999999996,0.0,0.0,430.32,31.5,82.16,24.0,0.0,2062.64,16.519999999999996,225.32,1.0,7.0,1431.3600000000001,37.41,43.599999999999994,0.0,0.0,280.83,13.77,106.58000000000001,24.0,0.0,2276.09,23.09
United States,Nebraska,Barley,2004,spring,164.52999999999997,3.0,5.0,1662.6599999999999,29.89,60.40000000000001,0.0,0.0,364.94000000000005,32.18,271.62,10.0,0.0,1954.1699999999998,57.51,137.68,2.0,5.0,1457.4499999999998,29.89,63.75,1.0,0.0,312.19,32.18000000000001,295.11999999999995,10.0,0.0,2212.130000000001,57.51
United States,Nebraska,Oats,1990,spring,131.94,0.0,11.0,1137.6899999999998,27.53,39.540000000000006,1.0,0.0,361.16999999999996,21.79,196.94,24.0,0.0,2393.6,36.769999999999996,135.94,0.0,11.0,1151.3899999999999,27.53,58.42,1.0,0.0,469.11,22.24,174.06000000000003,24.0,0.0,2271.96,36.769999999999996
United States,Nebraska,Oats,1991,spring,209.02999999999997,0.0,5.0,1069.16,44.050000000000004,55.7,0.0,0.0,346.56999999999994,20.810000000000002,156.63,20.0,1.0,2382.1100000000006,40.699999999999996,189.31,0.0,5.0,997.3600000000001,44.050000000000004,75.42,0.0,0.0,418.37,26.810000000000002,156.63,20.0,1.0,2382.1100000000006,40.699999999999996
United States,Nebraska,Oats,1992,spring,42.980000000000004,0.0,8.0,1223.16,17.209999999999997,38.13,0.0,0.0,270.63000000000005,17.65,324.31,1.0,0.0,2193.8600000000006,74.27000000000001,32.989999999999995,0.0,8.0,1065.5099999999998,17.209999999999997,73.13000000000001,0.0,0.0,477.3,25.009999999999998,299.3,1.0,0.0,2144.84,74.27000000000001
United States,Nebraska,Oats,1993,spring,151.40000000000003,0.0,13.0,1070.0800000000002,31.299999999999997,48.64,0.0,0.0,297.83,22.28,435.68000000000006,0.0,0.0,2240.8300000000004,48.650000000000006,153.60000000000002,0.0,13.0,1127.8300000000004,31.299999999999997,108.95,0.0,0.0,475.52000000000015,40.43,373.17,0.0,0.0,2005.3899999999999,42.849999999999994
United States,Nebraska,Oats,1994,spring,82.88,0.0,17.0,1209.93,28.93,66.30000000000001,0.0,0.0,380.57,42.83,273.94,4.0,0.0,2388.92,38.599999999999994,80.16000000000003,0.0,17.0,1125.9700000000003,28.93,69.02000000000001,0.0,0.0,492.55999999999995,42.83,273.94,4.0,0.0,2360.89,38.599999999999994
United States,Nebraska,Oats,1995,spring,256.76,0.0,16.0,936.78,81.05,49.199999999999996,0.0,0.0,299.53999999999996,24.19,217.17000000000002,23.0,2.0,2400.6699999999996,40.55,303.18999999999994,0.0,16.0,1151.04,81.05,47.02,0.0,0.0,489.82000000000005,36.68,172.92000000000002,23.0,2.0,1996.1299999999999,40.55
United States,Nebraska,Oats,1996,spring,157.95999999999998,0.0,12.0,1081.15,75.03999999999999,35.98,0.0,0.0,379.23,19.21,342.92999999999995,3.0,0.0,2172.83,71.35,172.58999999999997,0.0,12.0,1116.9,75.03999999999999,55.85,0.0,0.0,507.48999999999995,27.9,308.42999999999995,3.0,0.0,2008.82,71.35
United States,Nebraska,Oats,1997,spring,116.53,0.0,14.0,1096.2500000000002,39.61,25.97,0.0,0.0,356.7300000000001,17.23,300.38,13.0,0.0,2349.4500000000003,44.57000000000001,134.82,0.0,14.0,1239.15,39.61,42.720000000000006,1.0,0.0,471.65,19.84,265.34,12.0,0.0,2091.63,44.57000000000001
United States,Nebraska,Oats,1998,spring,106.17999999999998,0.0,10.0,1224.25,31.060000000000002,80.13999999999999,0.0,0.0,314.12,59.47,243.22,16.0,0.0,2386.669999999999,28.700000000000003,103.40999999999998,0.0,10.0,1166.56,31.060000000000002,120.33999999999999,0.0,0.0,517.38,59.47,205.79,16.0,0.0,2241.1000000000004,26.68
United States,Nebraska,Oats,1999,spring,158.45,0.0,10.0,1091.82,29.39,70.81,0.0,0.0,354.28999999999996,42.08,241.19,12.0,0.0,2337.9599999999996,36.71000000000001,159.98,0.0,10.0,1120.85,29.39,96.98,0.0,0.0,467.37,42.08,213.49,12.0,0.0,2195.85,36.71000000000001
United States,Nebraska,Oats,2000,spring,99.53000000000002,0.0,10.0,1181.4199999999998,28.04,29.639999999999997,5.0,0.0,384.37,19.46,199.83999999999997,29.0,0.0,2359.71,23.89,85.41000000000001,0.0,10.0,1082.56,28.04,38.22,4.0,0.0,454.25,14.62,205.38000000000002,30.0,0.0,2388.69,23.89
United States,Nebraska,Oats,2001,spring,218.01,0.0,7.0,1207.1999999999998,51.68,36.0,0.0,0.0,301.09999999999997,13.930000000000001,241.62,26.0,0.0,2465.2000000000003,29.79,214.80000000000004,0.0,7.0,1110.58,51.68,48.699999999999996,0.0,0.0,482.05,14.829999999999998,232.13,26.0,0.0,2380.8700000000003,29.79
United States,Nebraska,Oats,2002,spring,81.17999999999999,0.0,8.0,1212.89,21.21,28.03,3.0,0.0,397.35,12.870000000000001,144.85000000000002,42.0,0.0,2445.17,29.72,81.17999999999999,0.0,8.0,1212.89,21.21,28.07,3.0,0.0,452.65999999999997,12.870000000000001,144.81000000000003,42.0,0.0,2389.86,29.72
United States,Nebraska,Oats,2003,spring,189.44000000000003,0.0,7.0,1132.97,37.41,44.86999999999999,1.0,0.0,350.78,14.21,141.19,24.0,0.0,2504.5299999999997,31.5,189.44000000000003,0.0,7.0,1104.42,37.41,57.94999999999999,1.0,0.0,487.16999999999996,14.21,128.11,24.0,0.0,2396.69,31.5
United States,Nebraska,Oats,2004,spring,119.83999999999999,2.0,5.0,1247.23,29.89,44.629999999999995,1.0,0.0,384.37,24.89,332.08,10.0,0.0,2350.1700000000005,57.51,109.94999999999999,2.0,5.0,1096.7200000000003,29.89,54.51,1.0,0.0,506.28000000000003,24.89,332.0899999999999,10.0,0.0,2378.770000000001,57.51
United States,Nebraska,Oats,2005,spring,117.61,0.0,9.0,1228.43,37.660000000000004,121.81000000000002,0.0,0.0,304.11,66.10000000000001,168.01000000000005,19.0,0.0,2467.480000000001,50.53999999999999,116.72,0.0,9.0,1143.1799999999998,37.660000000000004,127.84999999999998,0.0,0.0,504.69,66.1,162.86,19.0,0.0,2352.1499999999996,50.53999999999999
United States,Nebraska,Oats,2006,spring,47.96,2.0,5.0,1282.8999999999999,15.83,24.550000000000004,3.0,0.0,387.28999999999996,11.669999999999998,267.86999999999995,23.0,0.0,2354.4099999999994,42.15,41.39000000000001,0.0,5.0,1055.51,15.83,17.21,2.0,0.0,463.05999999999995,9.16,281.78,26.0,0.0,2506.0299999999993,42.15
United States,Nebraska,Oats,2007,spring,235.57999999999998,0.0,11.0,1180.7,79.11,123.99999999999999,0.0,0.0,336.21000000000004,81.87,251.14000000000001,3.0,0.0,2334.9,26.54,212.92,0.0,11.0,1146.79,79.11,172.61,0.0,0.0,474.76,89.82000000000001,225.19,3.0,0.0,2230.26,26.54
United States,Nebraska,Oats,2008,spring,301.74,0.0,19.0,1158.8400000000001,106.13,66.44,0.0,0.0,373.04999999999995,28.240000000000002,255.05999999999997,4.0,0.0,2454.1800000000003,34.34,336.52,0.0,19.0,1301.35,106.13,55.89,0.0,0.0,521.05,22.88,230.82999999999998,4.0,0.0,2163.6699999999996,34.34
United States,Nebraska,Oats,2009,spring,140.14999999999998,0.0,12.0,1135.32,24.510000000000005,80.58999999999999,0.0,0.0,277.21,33.7,306.77,1.0,0.0,2353.3699999999994,32.39,141.2,0.0,12.0,1195.4499999999998,24.510000000000005,118.23999999999998,0.0,0.0,416.25,33.7,268.07,1.0,0.0,2154.1999999999994,32.39
United States,Nebraska,Oats,2010,spring,128.41,0.0,6.0,1187.33,26.35,200.34,0.0,0.0,334.29999999999995,114.55000000000001,330.09,0.0,0.0,2476.4400000000005,41.0,143.57,0.0,6.0,1216.86,26.35,219.14999999999998,0.0,0.0,450.9099999999999,114.55000000000001,296.12,0.0,0.0,2330.3,41.0
United States,Nebraska,Oats,2011,spring,160.14000000000001,0.0,9.0,1091.2699999999998,45.15,19.419999999999998,0.0,0.0,339.6799999999999,9.59,256.96,15.0,0.0,2366.980000000001,38.720000000000006,170.82000000000002,0.0,9.0,1172.4999999999995,45.15,76.86,0.0,0.0,446.77,38.720000000000006,188.84,15.0,0.0,2178.6600000000003,36.370000000000005
United States,Nebraska,Oats,2012,spring,148.98,0.0,0.0,1224.1,48.63,8.58,1.0,0.0,387.67,5.76,64.58,52.0,0.0,2559.59,12.15,127.22000000000001,0.0,0.0,993.75,48.63,28.020000000000003,0.0,0.0,489.7100000000001,11.620000000000001,66.9,53.0,0.0,2687.9,12.15
United States,Nebraska,Oats,2013,spring,141.31000000000003,0.0,23.0,1135.22,43.35,47.25,0.0,0.0,371.12999999999994,29.94,276.46000000000004,27.0,0.0,2341.9399999999996,34.06,171.38000000000005,0.0,23.0,1214.72,45.94,33.1,0.0,0.0,487.51,13.089999999999996,260.54,27.0,0.0,2146.06,34.06
United States,Nebraska,Oats,2014,spring,69.74999999999999,0.0,11.0,1178.73,17.419999999999998,118.98000000000002,0.0,0.0,328.33,64.48,287.07,7.0,0.0,2414.0600000000004,37.85,69.74999999999999,0.0,11.0,1208.77,17.419999999999998,144.74,0.0,0.0,457.27,64.48,261.31000000000006,7.0,0.0,2255.08,37.85
United States,Nebraska,Oats,2015,spring,174.17999999999998,0.0,3.0,1073.55,38.989999999999995,61.42000000000001,0.0,0.0,324.90999999999997,28.76,256.39,13.0,0.0,2358.54,43.550000000000004,166.85999999999999,0.0,3.0,1055.26,38.989999999999995,96.45,0.0,0.0,437.63,28.76,228.68,13.0,0.0,2264.1099999999997,43.550000000000004
United States,Nebraska,Oats,2016,spring,275.09000000000003,0.0,5.0,1164.7099999999998,77.45,17.81,0.0,0.0,437.24,10.42,253.26999999999998,6.0,0.0,2335.67,27.63,279.26000000000005,0.0,5.0,1194.0399999999997,77.45,41.27,1.0,0.0,521.47,30.839999999999996,225.64,5.0,0.0,2222.1099999999997,24.53
United States,Nebraska,Oats,2017,spring,149.45000000000002,0.0,3.0,1155.0600000000002,32.78,6.069999999999999,0.0,0.0,386.86999999999995,3.2,360.21000000000004,14.0,0.0,2392.8700000000003,84.93,149.29000000000002,0.0,3.0,1127.42,32.78,9.239999999999998,0.0,0.0,474.76,3.2,357.20000000000005,14.0,0.0,2332.6200000000003,84.93
United States,Nebraska,Oats,2018,spring,212.38,0.0,17.0,1132.3600000000004,79.21000000000001,37.22,0.0,0.0,404.84999999999997,25.15,332.01000000000005,2.0,0.0,2264.8699999999994,40.379999999999995,215.43,0.0,17.0,1142.9000000000003,79.21000000000001,35.629999999999995,2.0,0.0,498.04999999999995,25.15,330.55,0.0,0.0,2161.1299999999997,40.379999999999995
United States,Nebraska,Oats,2019,spring,225.39,0.0,8.0,1096.5700000000002,63.67,43.74,0.0,0.0,394.28,19.77,410.65000000000003,2.0,0.0,2292.1099999999997,49.150000000000006,229.92,0.0,8.0,1188.8500000000004,63.67,79.92999999999999,0.0,0.0,524.08,19.77,369.93,2.0,0.0,2070.03,49.150000000000006
United States,Nebraska,Oats,2020,spring,145.89,0.0,14.0,1190.7099999999998,49.85000000000001,27.25,0.0,0.0,400.03999999999996,17.03,164.08,12.0,0.0,2454.0400000000004,37.879999999999995,147.03,0.0,14.0,1271.3099999999997,49.85000000000001,28.520000000000003,0.0,0.0,477.91999999999996,17.03,161.67,12.0,0.0,2295.56,37.879999999999995
United States,Nebraska,Oats,2021,spring,111.15,0.0,15.0,1137.4799999999998,23.28,15.059999999999999,0.0,0.0,397.27,12.75,237.8,17.0,0.0,2373.17,30.369999999999997,121.73,0.0,15.0,1145.3199999999997,23.28,6.57,2.0,0.0,475.48,2.17,235.71,15.0,0.0,2287.120000000001,30.369999999999997
United States,Nebraska,Oats,2022,spring,118.33,0.0,14.0,1233.3,43.449999999999996,49.83000000000001,0.0,0.0,346.65000000000003,29.44,151.35000000000002,40.0,0.0,2512.6499999999996,31.92,118.33,0.0,14.0,1233.3,43.449999999999996,52.64000000000001,1.0,0.0,464.93999999999994,29.44,148.54000000000002,39.0,0.0,2394.3599999999997,31.92
United States,Nebraska,Oats,2023,spring,154.98000000000002,0.0,12.0,1268.2,63.870000000000005,45.75,0.0,0.0,356.72,18.11,251.29,18.0,0.0,2416.5699999999997,33.739999999999995,137.65,0.0,12.0,1195.46,63.870000000000005,63.08,0.0,0.0,458.75000000000006,23.150000000000002,251.29,18.0,0.0,2387.2799999999993,33.739999999999995
United States,Nebraska,Oats,2024,spring,178.82999999999998,0.0,7.0,1254.72,39.06,61.44,1.0,0.0,370.88,26.209999999999997,181.73,19.0,0.0,2348.17,34.28,178.82999999999998,0.0,7.0,1196.42,39.06,72.58999999999999,1.0,0.0,477.59,26.209999999999997,170.57999999999998,19.0,0.0,2299.7599999999998,34.28
United States,Nebraska,Oats,2025,spring,131.60999999999999,0.0,8.0,1160.6499999999999,37.08,66.78,0.0,0.0,357.75,47.47,366.68000000000006,14.0,0.0,2263.9900000000002,62.83,86.31,0.0,8.0,1117.35,32.52,113.72,0.0,0.0,451.55,47.47,365.04,14.0,0.0,2213.49,62.83
United States,North Dakota,Wheat,1990,spring,139.72,0.0,25.0,1533.15,34.16,97.86,0.0,0.0,425.3,29.08,127.40999999999998,0.0,0.0,1838.67,21.9,185.48000000000002,0.0,25.0,1616.4099999999999,34.199999999999996,53.35999999999999,0.0,0.0,369.24,29.08,126.14999999999998,0.0,0.0,1811.47,21.9
United States,North Dakota,Wheat,1991,spring,163.24999999999997,0.0,19.0,1406.24,27.88,62.76,0.0,0.0,337.77,25.57,146.58,5.0,2.0,1785.93,30.36,146.90999999999997,0.0,19.0,1242.1899999999998,27.88,50.83,0.0,0.0,394.41,24.58,174.84999999999997,5.0,2.0,1893.3400000000001,30.36
United States,North Dakota,Wheat,1992,spring,99.95,0.0,21.0,1556.76,23.59,49.650000000000006,0.0,0.0,331.24,23.060000000000002,115.57,1.0,2.0,1667.1999999999998,19.75,92.15,0.0,21.0,1545.36,23.59,57.53000000000001,0.0,0.0,394.32000000000005,23.060000000000002,115.49000000000001,1.0,2.0,1615.52,19.75
United States,North Dakota,Wheat,1993,spring,183.24999999999994,0.0,20.0,1438.3300000000002,46.53,77.48,0.0,0.0,386.94000000000005,46.07,303.72,0.0,1.0,1561.23,58.73,186.69,0.0,20.0,1563.2900000000002,46.53,103.69000000000001,0.0,0.0,384.36,46.07,274.07,0.0,1.0,1438.8500000000001,58.72999999999999
United States,North Dakota,Wheat,1994,spring,150.44,0.0,23.0,1554.7600000000002,34.46000000000001,27.52,0.0,0.0,401.73,10.14,153.60000000000002,0.0,0.0,1719.06,43.599999999999994,150.44,0.0,23.0,1554.7600000000002,34.46000000000001,27.52,0.0,0.0,401.73,10.14,153.60000000000002,0.0,0.0,1719.06,43.599999999999994
United States,North Dakota,Wheat,1995,spring,138.19000000000003,0.0,24.0,1449.56,41.95,49.309999999999995,0.0,0.0,338.39,25.31,161.55999999999997,3.0,3.0,1784.9899999999998,30.909999999999997,168.29000000000002,0.0,24.0,1599.03,41.95,37.8,0.0,0.0,364.75,23.63,142.97,3.0,3.0,1609.1599999999999,30.909999999999997
United States,North Dakota,Wheat,1996,spring,107.47999999999998,0.0,30.0,1408.7700000000002,19.92,49.63,0.0,0.0,396.12,22.89,159.79000000000002,3.0,1.0,1717.24,28.75,149.73000000000002,0.0,30.0,1628.65,22.89,17.13,0.0,0.0,340.42,6.45,150.04000000000002,3.0,1.0,1553.06,28.75
United States,North Dakota,Wheat,1997,spring,107.98,0.0,22.0,1629.29,63.24,88.44,0.0,0.0,362.94999999999993,51.059999999999995,98.64,2.0,0.0,1794.94,25.54,115.27,0.0,22.0,1707.51,63.24,81.91,0.0,0.0,393.27,51.059999999999995,97.88,2.0,0.0,1686.4,25.54
United States,North Dakota,Wheat,1998,spring,109.22,0.0,11.0,1562.9399999999998,17.810000000000002,73.10000000000001,0.0,0.0,331.02,33.01,172.93999999999997,2.0,0.0,1876.99,51.5,105.49000000000001,0.0,11.0,1518.36,17.810000000000002,75.15999999999998,0.0,0.0,351.13000000000005,33.01,174.60999999999999,2.0,0.0,1901.46,51.5
United States,North Dakota,Wheat,1999,spring,241.29000000000002,0.0,14.0,1509.8799999999999,59.99,38.22,0.0,0.0,388.25000000000006,11.77,214.51000000000002,3.0,2.0,1731.5099999999998,72.05000000000001,244.84000000000003,0.0,14.0,1605.96,59.99,41.870000000000005,0.0,0.0,391.98,11.64,207.31,3.0,2.0,1631.6999999999996,72.05000000000001
United States,North Dakota,Wheat,2000,spring,231.91,0.0,21.0,1472.1599999999999,79.42999999999999,23.15,0.0,0.0,400.15,8.67,185.14,3.0,1.0,1713.9099999999999,23.68,234.45,0.0,21.0,1539.1899999999998,79.42999999999999,43.050000000000004,0.0,0.0,380.72999999999996,22.439999999999998,162.70000000000002,3.0,1.0,1666.2999999999997,23.68
United States,North Dakota,Wheat,2001,spring,164.96,0.0,19.0,1515.47,40.019999999999996,36.55,0.0,0.0,388.79999999999995,25.799999999999997,145.76000000000002,6.0,1.0,1825.4399999999998,36.27,167.96,0.0,19.0,1539.52,40.019999999999996,33.55,0.0,0.0,364.75,24.23,145.76000000000002,6.0,1.0,1825.4399999999998,36.27
United States,North Dakota,Wheat,2002,spring,126.18999999999998,0.0,33.0,1485.9499999999998,38.78,24.369999999999997,2.0,0.0,436.5,13.73,148.37999999999997,8.0,2.0,1716.2900000000002,21.98,149.77,0.0,33.0,1688.56,38.78,9.11,3.0,0.0,336.6599999999999,8.08,140.05999999999997,7.0,2.0,1613.5199999999998,21.98
United States,North Dakota,Wheat,2003,spring,219.33,0.0,11.0,1389.1000000000001,30.939999999999998,28.51,0.0,0.0,394.5,11.479999999999999,127.13000000000001,10.0,1.0,1787.3300000000002,35.290000000000006,219.87,0.0,11.0,1408.5500000000002,30.939999999999998,30.32,0.0,0.0,399.94999999999993,11.479999999999999,124.77999999999999,10.0,1.0,1762.43,35.290000000000006
United States,North Dakota,Wheat,2004,spring,188.01999999999998,0.0,26.0,1494.23,47.27,19.29,0.0,0.0,435.35,13.439999999999998,163.88000000000002,1.0,0.0,1641.1599999999999,23.200000000000003,189.09,0.0,26.0,1674.3999999999999,47.27,42.62,0.0,0.0,399.13000000000005,15.100000000000001,139.48000000000002,1.0,0.0,1497.21,23.200000000000003
United States,North Dakota,Wheat,2005,spring,201.61,0.0,16.0,1453.4400000000003,55.34,123.39000000000001,0.0,0.0,407.57,61.620000000000005,117.87,2.0,0.0,1788.8099999999997,21.4,201.70000000000002,0.0,16.0,1481.3300000000004,55.34,115.37,0.0,0.0,352.28999999999996,61.620000000000005,125.8,2.0,0.0,1816.1999999999998,21.4
United States,North Dakota,Wheat,2006,spring,117.88000000000002,0.0,14.0,1527.71,23.65,19.41,0.0,0.0,432.81000000000006,14.340000000000002,147.32000000000002,10.0,1.0,1797.9300000000003,27.78,89.16000000000001,0.0,14.0,1373.2600000000002,23.65,45.69,0.0,0.0,373.4,17.98,149.76000000000002,10.0,1.0,2011.7900000000002,27.78
United States,North Dakota,Wheat,2007,spring,304.05,0.0,16.0,1487.9799999999998,59.44,34.64,0.0,0.0,418.07,19.939999999999998,129.18999999999997,6.0,0.0,1770.9799999999996,29.71,302.7,0.0,16.0,1472.1799999999998,59.44,28.72,0.0,0.0,389.32,20.68,136.46,6.0,0.0,1815.5299999999997,29.71
United States,North Dakota,Wheat,2008,spring,172.67999999999998,0.0,26.0,1466.07,54.36,19.659999999999997,0.0,0.0,456.02,8.84,205.47000000000003,0.0,0.0,1814.24,25.43,182.84000000000003,0.0,26.0,1686.4900000000002,54.36,18.470000000000002,0.0,0.0,389.74,8.97,196.50000000000003,0.0,0.0,1660.0999999999997,25.43
United States,North Dakota,Wheat,2009,spring,133.93,0.0,24.0,1539.8300000000002,35.39,45.25,0.0,0.0,426.03,29.400000000000002,133.97000000000003,1.0,0.0,1722.3300000000002,29.119999999999997,148.94999999999996,0.0,24.0,1785.6399999999996,35.39,70.02,0.0,0.0,412.51,29.400000000000002,94.18,1.0,0.0,1490.04,28.5
United States,North Dakota,Wheat,2010,spring,184.5,0.0,15.0,1443.8,35.8,107.44,0.0,0.0,408.53,39.91,236.6,3.0,1.0,1738.38,57.05,223.08,0.0,15.0,1490.9199999999998,38.58,68.89,0.0,0.0,380.65999999999997,30.540000000000003,236.57,3.0,1.0,1719.1299999999999,57.05
United States,North Dakota,Wheat,2011,spring,223.69,0.0,20.0,1372.3300000000002,54.41,58.2,0.0,0.0,353.21,30.450000000000003,231.33999999999997,0.0,0.0,1804.9400000000003,35.29,272.3499999999999,0.0,20.0,1558.24,54.41,49.14,0.0,0.0,391.96000000000004,26.990000000000002,191.74,0.0,0.0,1580.28,35.29
United States,North Dakota,Wheat,2012,spring,171.79999999999998,0.0,11.0,1475.0499999999997,26.87,18.01,0.0,0.0,408.37,9.959999999999999,95.75999999999999,5.0,1.0,1748.73,24.43,151.01,0.0,11.0,1404.62,26.87,34.790000000000006,0.0,0.0,376.94,20.79,99.77000000000001,5.0,1.0,1850.59,24.43
United States,North Dakota,Wheat,2013,spring,259.87,0.0,32.0,1438.38,68.52,57.540000000000006,0.0,0.0,416.62,38.66,164.58999999999997,1.0,0.0,1747.51,47.76,317.1,0.0,32.0,1661.0800000000002,68.52,24.589999999999996,0.0,0.0,400.12000000000006,12.69,140.31,1.0,0.0,1541.3100000000002,47.76
United States,North Dakota,Wheat,2014,spring,150.57999999999998,0.0,27.0,1445.3600000000001,36.02,92.19,0.0,0.0,330.35,51.81,197.0,0.0,1.0,1706.6100000000001,49.75,172.62,0.0,27.0,1619.23,36.02,77.24000000000001,0.0,0.0,349.77000000000004,51.81,189.91,0.0,1.0,1513.32,49.75
United States,North Dakota,Wheat,2015,spring,159.91000000000003,0.0,18.0,1525.3100000000002,33.57000000000001,57.08,0.0,0.0,387.63,24.95,120.75,6.0,0.0,1806.8899999999999,29.419999999999998,171.09000000000003,0.0,18.0,1578.1700000000003,33.57000000000001,45.90999999999999,0.0,0.0,353.29,24.95,120.74,6.0,0.0,1788.37,29.419999999999998
United States,North Dakota,Wheat,2016,spring,163.15999999999997,0.0,16.0,1565.8999999999999,33.35,17.95,0.0,0.0,457.33,7.0,199.03,2.0,0.0,1705.6000000000001,23.99,163.15999999999997,0.0,16.0,1535.87,33.35,15.489999999999998,0.0,0.0,413.58,7.0,201.48999999999998,2.0,0.0,1779.38,23.99
United States,North Dakota,Wheat,2017,spring,83.38000000000001,1.0,14.0,1651.23,33.21,21.279999999999998,0.0,0.0,398.55999999999995,11.399999999999999,179.67,6.0,0.0,1763.44,26.89,49.99,1.0,14.0,1567.17,15.22,54.41,0.0,0.0,431.79999999999995,33.21,179.93,6.0,0.0,1814.2600000000002,26.89
United States,North Dakota,Wheat,2018,spring,148.57999999999998,0.0,21.0,1598.24,41.05,58.379999999999995,0.0,0.0,376.04,26.77,137.54,5.0,2.0,1756.22,21.32,145.95999999999998,0.0,21.0,1514.3799999999999,41.05,44.629999999999995,0.0,0.0,361.5,16.12,153.90999999999997,5.0,2.0,1854.62,23.1
United States,North Dakota,Wheat,2019,spring,129.61,0.0,23.0,1466.4,27.04,64.06,0.0,0.0,381.68,32.230000000000004,349.27000000000004,0.0,0.0,1650.6400000000003,46.25,163.28,0.0,23.0,1572.4300000000003,32.230000000000004,37.95,0.0,0.0,345.37,18.36,341.71,0.0,0.0,1580.9200000000005,46.25
United States,North Dakota,Wheat,2020,spring,71.5,0.0,27.0,1616.2500000000002,19.75,63.669999999999995,0.0,0.0,411.27000000000004,54.78,109.57,3.0,0.0,1851.3200000000002,16.95,74.94,0.0,27.0,1704.8799999999999,19.75,61.36000000000001,0.0,0.0,349.22,54.78,108.44,3.0,0.0,1824.7400000000002,16.95
United States,North Dakota,Wheat,2021,spring,92.88000000000001,1.0,20.0,1579.68,30.55,30.929999999999996,2.0,0.0,440.66,18.48,145.07000000000002,12.0,0.0,1638.14,46.13000000000001,92.88000000000001,1.0,20.0,1487.0900000000001,30.55,30.830000000000002,1.0,0.0,387.09999999999997,18.48,145.17000000000002,13.0,0.0,1784.29,46.13000000000001
United States,North Dakota,Wheat,2022,spring,227.65000000000003,0.0,29.0,1406.4,47.36,25.46,1.0,0.0,442.44,12.6,129.82,4.0,0.0,1802.9900000000002,21.43,247.94999999999996,1.0,29.0,1632.8400000000001,47.36,46.07,0.0,0.0,366.31,20.979999999999997,88.91,4.0,0.0,1652.68,17.939999999999998
United States,North Dakota,Wheat,2023,spring,149.97,0.0,20.0,1528.3,54.23,70.74000000000001,0.0,0.0,384.1,46.28,188.63000000000002,3.0,0.0,1642.1000000000001,30.410000000000004,134.11000000000004,0.0,20.0,1380.64,54.23,80.53,0.0,0.0,346.44,46.28,194.7,3.0,0.0,1827.42,30.410000000000004
United States,North Dakota,Wheat,2024,spring,185.93,0.0,14.0,1534.8799999999999,35.519999999999996,77.67000000000002,0.0,0.0,366.07000000000005,26.13,119.98,3.0,0.0,1692.93,31.05,187.33,0.0,14.0,1565.62,35.519999999999996,76.46000000000001,0.0,0.0,362.58000000000004,24.729999999999997,119.79,3.0,0.0,1665.68,31.05
United States,North Dakota,Wheat,2025,spring,212.67999999999998,2.0,17.0,1469.2,91.25,31.82,0.0,0.0,402.11,17.92,181.18,2.0,0.0,1657.0600000000002,35.97,212.67999999999998,2.0,17.0,1469.2,91.25,31.82,0.0,0.0,371.7,17.92,181.18,2.0,0.0,1687.4699999999998,35.97
United States,North Dakota,Barley,1990,spring,139.72,0.0,25.0,1533.15,34.16,97.86,0.0,0.0,425.3,29.08,127.40999999999998,0.0,0.0,1838.67,21.9,187.27000000000004,0.0,25.0,1723.0599999999997,34.199999999999996,52.31999999999999,0.0,0.0,314.80999999999995,29.08,125.39999999999999,0.0,0.0,1759.2499999999998,21.9
United States,North Dakota,Barley,1991,spring,163.24999999999997,0.0,19.0,1406.24,27.88,62.76,0.0,0.0,337.77,25.57,146.58,5.0,2.0,1785.93,30.36,148.84999999999997,0.0,19.0,1357.7,27.88,48.910000000000004,0.0,0.0,307.83000000000004,24.58,174.83,5.0,2.0,1864.41,30.36
United States,North Dakota,Barley,1992,spring,99.95,0.0,21.0,1556.76,23.59,49.650000000000006,0.0,0.0,331.24,23.060000000000002,115.57,1.0,2.0,1667.1999999999998,19.75,119.89,0.0,21.0,1606.85,28.580000000000002,31.590000000000007,0.0,0.0,355.07,23.060000000000002,113.69000000000001,1.0,2.0,1593.2799999999997,19.75
United States,North Dakota,Barley,1993,spring,183.24999999999994,0.0,20.0,1438.3300000000002,46.53,77.48,0.0,0.0,386.94000000000005,46.07,303.72,0.0,1.0,1561.23,58.73,212.51000000000002,0.0,20.0,1645.8700000000001,46.53,92.44999999999999,0.0,0.0,355.52,46.07,259.49,0.0,1.0,1385.11,58.72999999999999
United States,North Dakota,Barley,1994,spring,150.44,0.0,23.0,1554.7600000000002,34.46000000000001,27.52,0.0,0.0,401.73,10.14,153.60000000000002,0.0,0.0,1719.06,43.599999999999994,159.2,0.0,23.0,1622.54,34.46000000000001,22.49,0.0,0.0,356.87,10.14,149.86999999999998,0.0,0.0,1696.1399999999999,43.599999999999994
United States,North Dakota,Barley,1995,spring,138.19000000000003,0.0,24.0,1449.56,41.95,49.309999999999995,0.0,0.0,338.39,25.31,161.55999999999997,3.0,3.0,1784.9899999999998,30.909999999999997,174.00000000000003,0.0,24.0,1674.78,41.95,35.47,0.0,0.0,317.5199999999999,23.63,139.59,3.0,3.0,1580.6399999999999,30.57
United States,North Dakota,Barley,1996,spring,107.47999999999998,0.0,30.0,1408.7700000000002,19.92,49.63,0.0,0.0,396.12,22.89,159.79000000000002,3.0,1.0,1717.24,28.75,150.34999999999997,0.0,30.0,1668.66,22.89,26.93,0.0,0.0,337.35,10.42,139.62,3.0,1.0,1516.12,28.75
United States,North Dakota,Barley,1997,spring,107.98,0.0,22.0,1629.29,63.24,88.44,0.0,0.0,362.94999999999993,51.059999999999995,98.64,2.0,0.0,1794.94,25.54,124.16000000000001,0.0,22.0,1772.6700000000003,63.24,78.44999999999999,0.0,0.0,351.93,51.059999999999995,92.44999999999999,2.0,0.0,1662.58,25.54
United States,North Dakota,Barley,1998,spring,109.22,0.0,11.0,1562.9399999999998,17.810000000000002,73.10000000000001,0.0,0.0,331.02,33.01,172.93999999999997,2.0,0.0,1876.99,51.5,142.23000000000002,0.0,11.0,1601.22,33.01,40.09,0.0,0.0,292.74,20.46,172.93999999999997,2.0,0.0,1876.99,51.5
United States,North Dakota,Barley,1999,spring,241.29000000000002,0.0,14.0,1509.8799999999999,59.99,38.22,0.0,0.0,388.25000000000006,11.77,214.51000000000002,3.0,2.0,1731.5099999999998,72.05000000000001,255.57,0.0,14.0,1693.5,59.99,41.959999999999994,0.0,0.0,356.44,11.64,196.49,3.0,2.0,1579.6999999999998,72.05000000000001
United States,North Dakota,Barley,2000,spring,231.91,0.0,21.0,1472.1599999999999,79.42999999999999,23.15,0.0,0.0,400.15,8.67,185.14,3.0,1.0,1713.9099999999999,23.68,242.62,0.0,21.0,1624.14,79.42999999999999,37.49,0.0,0.0,342.28999999999996,22.439999999999998,160.08999999999997,3.0,1.0,1619.79,23.68
United States,North Dakota,Barley,2001,spring,164.96,0.0,19.0,1515.47,40.019999999999996,36.55,0.0,0.0,388.79999999999995,25.799999999999997,145.76000000000002,6.0,1.0,1825.4399999999998,36.27,193.4,0.0,19.0,1651.26,40.019999999999996,8.2,0.0,0.0,312.24,4.529999999999999,145.67000000000002,6.0,1.0,1766.21,36.27
United States,North Dakota,Barley,2002,spring,126.18999999999998,0.0,33.0,1485.9499999999998,38.78,24.369999999999997,2.0,0.0,436.5,13.73,148.37999999999997,8.0,2.0,1716.2900000000002,21.98,149.89,0.0,33.0,1775.17,38.78,11.450000000000001,3.0,0.0,296.17,8.08,137.59999999999997,7.0,2.0,1567.4,20.33
United States,North Dakota,Barley,2003,spring,219.33,0.0,11.0,1389.1000000000001,30.939999999999998,28.51,0.0,0.0,394.5,11.479999999999999,127.13000000000001,10.0,1.0,1787.3300000000002,35.290000000000006,221.73,0.0,11.0,1527.2,30.939999999999998,28.8,0.0,0.0,310.96,11.479999999999999,124.44,10.0,1.0,1732.77,35.290000000000006
United States,North Dakota,Barley,2004,spring,188.01999999999998,0.0,26.0,1494.23,47.27,19.29,0.0,0.0,435.35,13.439999999999998,163.88000000000002,1.0,0.0,1641.1599999999999,23.200000000000003,193.87,0.0,26.0,1798.27,47.27,45.69,0.0,0.0,333.04,15.100000000000001,131.63,1.0,0.0,1439.43,23.200000000000003
United States,North Dakota,Barley,2005,spring,201.61,0.0,16.0,1453.4400000000003,55.34,123.39000000000001,0.0,0.0,407.57,61.620000000000005,117.87,2.0,0.0,1788.8099999999997,21.4,205.91,0.0,16.0,1566.9699999999998,55.34,119.09,0.0,0.0,294.03999999999996,61.620000000000005,117.87,2.0,0.0,1788.8099999999997,21.4
United States,North Dakota,Barley,2006,spring,117.88000000000002,0.0,14.0,1527.71,23.65,19.41,0.0,0.0,432.81000000000006,14.340000000000002,147.32000000000002,10.0,1.0,1797.9300000000003,27.78,109.17000000000002,0.0,14.0,1452.02,23.65,25.87,0.0,0.0,349.82,14.340000000000002,149.57,10.0,1.0,1956.6100000000001,27.78
United States,North Dakota,Barley,2007,spring,304.05,0.0,16.0,1487.9799999999998,59.44,34.64,0.0,0.0,418.07,19.939999999999998,129.18999999999997,6.0,0.0,1770.9799999999996,29.71,323.99,0.0,16.0,1543.0299999999997,59.44,14.7,0.0,0.0,363.02000000000004,7.29,129.18999999999997,6.0,0.0,1770.9799999999996,29.71
United States,North Dakota,Barley,2008,spring,172.67999999999998,0.0,26.0,1466.07,54.36,19.659999999999997,0.0,0.0,456.02,8.84,205.47000000000003,0.0,0.0,1814.24,25.43,191.06,0.0,26.0,1786.88,54.36,11.919999999999998,0.0,0.0,339.84000000000003,9.29,194.83,0.0,0.0,1609.61,25.43
United States,North Dakota,Barley,2009,spring,133.93,0.0,24.0,1539.8300000000002,35.39,45.25,0.0,0.0,426.03,29.400000000000002,133.97000000000003,1.0,0.0,1722.3300000000002,29.119999999999997,178.35000000000002,0.0,24.0,1884.21,35.39,54.50999999999999,0.0,0.0,341.54,29.119999999999997,80.29000000000002,1.0,0.0,1462.44,28.5
United States,North Dakota,Barley,2010,spring,184.5,0.0,15.0,1443.8,35.8,107.44,0.0,0.0,408.53,39.91,236.6,3.0,1.0,1738.38,57.05,247.2,0.0,15.0,1573.75,39.910000000000004,44.80000000000001,0.0,0.0,324.34999999999997,29.75,236.54,3.0,1.0,1692.6100000000001,57.05
United States,North Dakota,Barley,2011,spring,223.69,0.0,20.0,1372.3300000000002,54.41,58.2,0.0,0.0,353.21,30.450000000000003,231.33999999999997,0.0,0.0,1804.9400000000003,35.29,277.87,0.0,20.0,1653.24,54.41,43.620000000000005,0.0,0.0,323.82,26.990000000000002,191.74,0.0,0.0,1553.42,35.29
United States,North Dakota,Barley,2012,spring,171.79999999999998,0.0,11.0,1475.0499999999997,26.87,18.01,0.0,0.0,408.37,9.959999999999999,95.75999999999999,5.0,1.0,1748.73,24.43,174.36999999999998,0.0,11.0,1501.1099999999997,26.87,14.959999999999999,0.0,0.0,333.18,9.959999999999999,96.24000000000001,5.0,1.0,1797.8600000000001,24.43
United States,North Dakota,Barley,2013,spring,259.87,0.0,32.0,1438.38,68.52,57.540000000000006,0.0,0.0,416.62,38.66,164.58999999999997,1.0,0.0,1747.51,47.76,317.17999999999995,0.0,32.0,1745.98,68.52,26.259999999999998,0.0,0.0,358.96000000000004,12.69,138.56,1.0,0.0,1497.57,47.76
United States,North Dakota,Barley,2014,spring,150.57999999999998,0.0,27.0,1445.3600000000001,36.02,92.19,0.0,0.0,330.35,51.81,197.0,0.0,1.0,1706.6100000000001,49.75,189.09,0.0,27.0,1666.8,36.02,60.79,0.0,0.0,328.50000000000006,48.49,189.89,0.0,1.0,1487.02,49.75
United States,North Dakota,Barley,2015,spring,159.91000000000003,0.0,18.0,1525.3100000000002,33.57000000000001,57.08,0.0,0.0,387.63,24.95,120.75,6.0,0.0,1806.8899999999999,29.419999999999998,196.04,0.0,18.0,1658.6699999999998,33.57000000000001,27.27,0.0,0.0,311.82,9.65,114.43,6.0,0.0,1749.34,29.419999999999998
United States,North Dakota,Barley,2016,spring,163.15999999999997,0.0,16.0,1565.8999999999999,33.35,17.95,0.0,0.0,457.33,7.0,199.03,2.0,0.0,1705.6000000000001,23.99,167.64999999999995,0.0,16.0,1625.4399999999998,33.35,11.34,0.0,0.0,375.48,7.0,201.15,2.0,0.0,1727.91,23.99
United States,North Dakota,Barley,2017,spring,83.38000000000001,1.0,14.0,1651.23,33.21,21.279999999999998,0.0,0.0,398.55999999999995,11.399999999999999,179.67,6.0,0.0,1763.44,26.89,83.38000000000001,1.0,14.0,1651.23,33.21,21.15,0.0,0.0,370.34,11.399999999999999,179.8,6.0,0.0,1791.6599999999999,26.89
United States,North Dakota,Barley,2018,spring,148.57999999999998,0.0,21.0,1598.24,41.05,58.379999999999995,0.0,0.0,376.04,26.77,137.54,5.0,2.0,1756.22,21.32,162.07999999999998,0.0,21.0,1603.5,41.05,42.18,0.0,0.0,293.24,26.77,140.23999999999995,5.0,2.0,1833.76,23.1
United States,North Dakota,Barley,2019,spring,129.61,0.0,23.0,1466.4,27.04,64.06,0.0,0.0,381.68,32.230000000000004,349.27000000000004,0.0,0.0,1650.6400000000003,46.25,166.68,0.0,23.0,1676.4800000000002,32.230000000000004,44.46000000000001,0.0,0.0,281.95,18.36,331.8,0.0,0.0,1540.2900000000004,46.25
United States,North Dakota,Barley,2020,spring,71.5,0.0,27.0,1616.2500000000002,19.75,63.669999999999995,0.0,0.0,411.27000000000004,54.78,109.57,3.0,0.0,1851.3200000000002,16.95,75.31000000000002,0.0,27.0,1810.8799999999999,19.75,67.92999999999999,0.0,0.0,292.17999999999995,54.78,101.5,3.0,0.0,1775.78,16.950000000000003
United States,North Dakota,Barley,2021,spring,92.88000000000001,1.0,20.0,1579.68,30.55,30.929999999999996,2.0,0.0,440.66,18.48,145.07000000000002,12.0,0.0,1638.14,46.13000000000001,92.88000000000001,1.0,20.0,1579.68,30.55,30.93,1.0,0.0,351.71000000000004,18.48,145.07000000000002,13.0,0.0,1727.09,46.13000000000001
United States,North Dakota,Barley,2022,spring,227.65000000000003,0.0,29.0,1406.4,47.36,25.46,1.0,0.0,442.44,12.6,129.82,4.0,0.0,1802.9900000000002,21.43,248.68999999999994,1.0,29.0,1735.08,47.36,49.809999999999995,0.0,0.0,320.62999999999994,21.43,84.43,4.0,0.0,1596.1200000000001,17.939999999999998
United States,North Dakota,Barley,2023,spring,149.97,0.0,20.0,1528.3,54.23,70.74000000000001,0.0,0.0,384.1,46.28,188.63000000000002,3.0,0.0,1642.1000000000001,30.410000000000004,134.19,0.0,20.0,1492.45,54.23,84.16999999999999,0.0,0.0,284.67,46.28,190.98000000000002,3.0,0.0,1777.38,30.410000000000004
United States,North Dakota,Barley,2024,spring,185.93,0.0,14.0,1534.8799999999999,35.519999999999996,77.67000000000002,0.0,0.0,366.07000000000005,26.13,119.98,3.0,0.0,1692.93,31.05,212.06,0.0,14.0,1642.32,35.519999999999996,58.15,0.0,0.0,325.9,15.03,113.37,3.0,0.0,1625.66,31.05
United States,North Dakota,Barley,2025,spring,212.67999999999998,2.0,17.0,1469.2,91.25,31.82,0.0,0.0,402.11,17.92,181.18,2.0,0.0,1657.0600000000002,35.97,230.64,2.0,17.0,1565.56,91.25,13.860000000000001,0.0,0.0,305.75000000000006,8.04,181.18,2.0,0.0,1657.0600000000002,35.97
United States,North Dakota,Oats,1990,spring,166.54,0.0,25.0,1588.3200000000002,34.199999999999996,71.04,0.0,0.0,370.13,29.08,127.40999999999998,0.0,0.0,1838.67,21.9,127.72,0.0,25.0,1372.7900000000002,34.16,91.56,0.0,0.0,503.31,34.199999999999996,145.71,0.0,0.0,1921.02,21.9
United States,North Dakota,Oats,1991,spring,163.26999999999998,0.0,19.0,1492.31,27.88,62.74,0.0,0.0,251.7,25.57,146.58,5.0,2.0,1785.93,30.36,120.47000000000001,0.0,19.0,1056.8200000000002,27.88,67.38000000000001,0.0,0.0,484.2899999999999,24.58,184.73999999999998,5.0,2.0,1988.83,30.36
United States,North Dakota,Oats,1992,spring,119.89,0.0,21.0,1606.85,28.580000000000002,29.710000000000004,0.0,0.0,281.15000000000003,23.060000000000002,115.57,1.0,2.0,1667.1999999999998,19.75,77.03,0.0,21.0,1300.65,23.59,47.72999999999999,0.0,0.0,499.21999999999997,28.580000000000002,140.41,1.0,2.0,1755.33,23.060000000000002
United States,North Dakota,Oats,1993,spring,185.53999999999996,0.0,20.0,1504.2200000000003,46.53,75.18999999999998,0.0,0.0,321.04999999999995,46.07,303.72,0.0,1.0,1561.23,58.73,172.0,0.0,20.0,1306.72,46.53,99.66,0.0,0.0,525.08,46.07,292.78999999999996,0.0,1.0,1554.7,58.73
United States,North Dakota,Oats,1994,spring,154.06,0.0,23.0,1608.3000000000002,34.46000000000001,23.9,0.0,0.0,348.19,10.14,153.60000000000002,0.0,0.0,1719.06,43.599999999999994,89.41,0.0,23.0,1356.44,28.77,81.39999999999999,0.0,0.0,446.68999999999994,34.46,160.75,0.0,0.0,1872.4199999999998,43.599999999999994
United States,North Dakota,Oats,1995,spring,138.41000000000003,0.0,24.0,1535.72,41.95,49.09000000000001,0.0,0.0,252.22999999999996,25.31,161.55999999999997,3.0,3.0,1784.9899999999998,30.909999999999997,138.01000000000002,0.0,24.0,1420.81,41.95,64.52000000000001,0.0,0.0,414.18,25.31,146.53,3.0,3.0,1737.9499999999996,30.909999999999997
United States,North Dakota,Oats,1996,spring,117.90999999999998,0.0,30.0,1487.38,19.92,39.199999999999996,0.0,0.0,317.51,22.89,159.79000000000002,3.0,1.0,1717.24,28.75,105.65999999999998,0.0,30.0,1380.7000000000003,19.92,55.73,0.0,0.0,470.06,22.89,155.51,3.0,1.0,1671.37,28.75
United States,North Dakota,Oats,1997,spring,114.95,0.0,22.0,1693.24,63.24,81.47,0.0,0.0,299.0,51.059999999999995,98.64,2.0,0.0,1794.94,25.54,101.03,0.0,22.0,1476.13,63.24,44.33,0.0,0.0,469.8,17.549999999999997,149.70000000000002,2.0,0.0,1841.25,51.06
United States,North Dakota,Oats,1998,spring,142.23000000000002,0.0,11.0,1601.22,33.01,40.09,0.0,0.0,292.74,20.46,172.93999999999997,2.0,0.0,1876.99,51.5,79.38999999999999,0.0,11.0,1274.76,17.810000000000002,86.13,0.0,0.0,469.64,33.01,189.73999999999998,2.0,0.0,2026.55,51.5
United States,North Dakota,Oats,1999,spring,243.73000000000002,0.0,14.0,1586.1899999999996,59.99,35.78,0.0,0.0,311.94,11.06,214.51000000000002,3.0,2.0,1731.5099999999998,72.05000000000001,231.42000000000002,0.0,14.0,1330.5399999999997,59.99,43.440000000000005,0.0,0.0,544.67,11.77,219.16000000000003,3.0,2.0,1754.43,72.05000000000001
United States,North Dakota,Oats,2000,spring,234.45,0.0,21.0,1539.1899999999998,79.42999999999999,20.61,0.0,0.0,333.12,8.67,185.14,3.0,1.0,1713.9099999999999,23.68,134.53999999999996,0.0,21.0,1312.6700000000003,28.4,116.19000000000001,0.0,0.0,527.17,79.42999999999999,189.47000000000003,3.0,1.0,1746.3799999999999,23.68
United States,North Dakota,Oats,2001,spring,190.76,0.0,19.0,1573.75,40.019999999999996,10.750000000000002,0.0,0.0,330.5200000000001,4.529999999999999,145.76000000000002,6.0,1.0,1825.4399999999998,36.27,88.87,0.0,19.0,1297.42,15.559999999999999,107.90999999999998,0.0,0.0,494.00000000000006,40.019999999999996,150.49,6.0,1.0,1938.2899999999995,36.27
United States,North Dakota,Oats,2002,spring,134.64999999999998,0.0,33.0,1553.6999999999998,38.78,15.909999999999998,2.0,0.0,368.75000000000006,13.73,148.37999999999997,8.0,2.0,1716.2900000000002,21.98,126.18999999999998,0.0,33.0,1485.9499999999998,38.78,24.369999999999997,2.0,0.0,436.5,13.73,148.37999999999997,8.0,2.0,1716.2900000000002,21.98
United States,North Dakota,Oats,2003,spring,219.88,0.0,11.0,1467.21,30.939999999999998,27.96,0.0,0.0,316.39,11.479999999999999,127.13000000000001,10.0,1.0,1787.3300000000002,35.290000000000006,178.25,0.0,11.0,1186.99,30.939999999999998,62.519999999999996,0.0,0.0,487.73999999999995,28.589999999999996,134.2,10.0,1.0,1896.1999999999998,35.290000000000006
United States,North Dakota,Oats,2004,spring,188.22999999999996,0.0,26.0,1574.2700000000002,47.27,19.08,0.0,0.0,355.31000000000006,13.439999999999998,163.88000000000002,1.0,0.0,1641.1599999999999,23.200000000000003,176.03999999999996,0.0,26.0,1382.2500000000002,40.89,39.629999999999995,0.0,0.0,596.62,13.67,155.52,1.0,0.0,1591.8700000000001,23.200000000000003
United States,North Dakota,Oats,2005,spring,205.02,0.0,16.0,1537.7600000000004,55.34,119.97999999999999,0.0,0.0,323.25,61.620000000000005,117.87,2.0,0.0,1788.8099999999997,21.4,131.83,0.0,16.0,1226.2,32.04,90.85999999999999,0.0,0.0,492.09999999999997,55.34,220.18,2.0,0.0,1931.52,61.620000000000005
United States,North Dakota,Oats,2006,spring,118.41000000000003,0.0,14.0,1601.01,23.65,18.880000000000003,0.0,0.0,359.51,14.340000000000002,147.32000000000002,10.0,1.0,1797.9300000000003,27.78,75.51,0.0,14.0,1129.6,23.65,42.92000000000001,0.0,0.0,497.34000000000003,17.98,166.18,10.0,1.0,2131.5099999999998,27.78
United States,North Dakota,Oats,2007,spring,323.99,0.0,16.0,1543.0299999999997,59.44,14.7,0.0,0.0,363.02000000000004,7.29,129.18999999999997,6.0,0.0,1770.9799999999996,29.71,238.85000000000002,0.0,16.0,1243.5300000000002,59.44,92.54999999999998,0.0,0.0,482.59,41.72,136.48,6.0,0.0,1950.9099999999999,29.71
United States,North Dakota,Oats,2008,spring,180.56999999999996,0.0,26.0,1548.76,54.36,11.77,0.0,0.0,373.33,7.02,205.47000000000003,0.0,0.0,1814.24,25.43,170.54999999999998,0.0,26.0,1419.6,54.36,21.79,0.0,0.0,554.2599999999999,8.84,205.47000000000003,0.0,0.0,1762.4699999999998,25.43
United States,North Dakota,Oats,2009,spring,145.66000000000003,0.0,24.0,1593.89,35.39,33.519999999999996,0.0,0.0,371.96999999999997,29.400000000000002,133.97000000000003,1.0,0.0,1722.3300000000002,29.119999999999997,142.64000000000001,0.0,24.0,1553.41,35.39,40.279999999999994,0.0,0.0,504.93,29.400000000000002,130.22999999999996,1.0,0.0,1629.85,29.12
United States,North Dakota,Oats,2010,spring,224.41000000000003,0.0,15.0,1501.87,39.910000000000004,67.53,0.0,0.0,350.4599999999999,30.540000000000003,236.6,3.0,1.0,1738.38,57.05,173.17000000000002,0.0,15.0,1267.3500000000001,35.8,113.96000000000002,0.0,0.0,479.34999999999997,39.910000000000004,241.41,3.0,1.0,1844.01,57.05
United States,North Dakota,Oats,2011,spring,234.14000000000001,0.0,20.0,1428.9900000000002,54.41,47.75,0.0,0.0,296.54999999999995,30.450000000000003,231.33999999999997,0.0,0.0,1804.9400000000003,35.29,223.59,0.0,20.0,1343.65,54.41,71.08999999999999,0.0,0.0,482.53000000000003,30.450000000000003,218.55,0.0,0.0,1704.3000000000002,35.29
United States,North Dakota,Oats,2012,spring,176.43999999999997,0.0,11.0,1547.4199999999996,26.87,13.369999999999997,0.0,0.0,336.0,8.29,95.75999999999999,5.0,1.0,1748.73,24.43,124.06,0.0,11.0,1197.5399999999997,26.87,61.28,0.0,0.0,477.1499999999999,20.79,100.23,5.0,1.0,1957.46,24.43
United States,North Dakota,Oats,2013,spring,263.79,0.0,32.0,1515.6000000000001,68.52,53.62,0.0,0.0,339.4,38.66,164.58999999999997,1.0,0.0,1747.51,47.76,259.87,0.0,32.0,1438.38,68.52,67.88000000000001,0.0,0.0,498.92,38.66,154.25,1.0,0.0,1665.21,47.76
United States,North Dakota,Oats,2014,spring,159.91,0.0,27.0,1503.9400000000003,36.02,82.86,0.0,0.0,271.77,51.81,197.0,0.0,1.0,1706.6100000000001,49.75,144.08999999999997,0.0,27.0,1396.68,36.02,99.72999999999999,0.0,0.0,433.94,51.81,195.95000000000002,0.0,1.0,1651.7,49.75
United States,North Dakota,Oats,2015,spring,171.09000000000003,0.0,18.0,1578.1700000000003,33.57000000000001,45.89999999999999,0.0,0.0,334.77000000000004,24.95,120.75,6.0,0.0,1806.8899999999999,29.419999999999998,150.60999999999999,0.0,18.0,1326.0500000000002,33.57000000000001,56.71999999999999,0.0,0.0,511.47,24.950000000000003,130.41000000000003,6.0,0.0,1882.31,29.419999999999998
United States,North Dakota,Oats,2016,spring,168.68999999999994,0.0,16.0,1653.9499999999998,33.35,12.419999999999998,0.0,0.0,369.28000000000003,7.0,199.03,2.0,0.0,1705.6000000000001,23.99,142.57,0.0,16.0,1313.1399999999996,33.35,33.68,0.0,0.0,505.41999999999996,15.450000000000001,203.89,2.0,0.0,1910.27,23.99
United States,North Dakota,Oats,2017,spring,90.46000000000001,1.0,14.0,1708.29,33.21,14.2,0.0,0.0,341.5,11.399999999999999,179.67,6.0,0.0,1763.44,26.89,47.27,0.0,14.0,1345.1399999999999,15.22,44.78,1.0,0.0,514.4399999999999,33.21,192.28,6.0,0.0,1953.65,26.89
United States,North Dakota,Oats,2018,spring,162.48,0.0,21.0,1644.1299999999999,41.05,44.480000000000004,0.0,0.0,330.15000000000003,26.77,137.54,5.0,2.0,1756.22,21.32,103.80000000000001,0.0,21.0,1267.56,41.05,64.57,0.0,0.0,486.32000000000005,38.370000000000005,176.13,5.0,2.0,1976.6199999999997,26.77
United States,North Dakota,Oats,2019,spring,131.04999999999998,0.0,23.0,1528.3700000000001,27.04,62.620000000000005,0.0,0.0,319.71000000000004,32.230000000000004,349.27000000000004,0.0,0.0,1650.6400000000003,46.25,116.44999999999999,0.0,23.0,1324.89,27.04,70.74,0.0,0.0,495.88999999999993,32.230000000000004,355.75000000000006,0.0,0.0,1677.9400000000003,46.25
United States,North Dakota,Oats,2020,spring,73.49,0.0,27.0,1678.9600000000003,19.75,61.68000000000001,0.0,0.0,348.56000000000006,54.78,109.57,3.0,0.0,1851.3200000000002,16.95,71.26,0.0,27.0,1482.0300000000004,19.75,22.85,0.0,0.0,486.96,15.47,150.63,3.0,0.0,1909.8500000000001,41.059999999999995
United States,North Dakota,Oats,2021,spring,92.92000000000002,1.0,20.0,1669.7900000000002,30.55,30.890000000000004,2.0,0.0,350.54999999999995,18.48,145.07000000000002,12.0,0.0,1638.14,46.13000000000001,69.52,1.0,20.0,1290.18,30.55,41.879999999999995,0.0,0.0,488.07,18.48,157.48,14.0,0.0,1880.23,46.13
United States,North Dakota,Oats,2022,spring,228.03000000000003,0.0,29.0,1484.5200000000002,47.36,25.080000000000002,1.0,0.0,364.32,12.6,129.82,4.0,0.0,1802.9900000000002,21.43,228.03000000000003,0.0,29.0,1427.67,47.36,45.63999999999999,1.0,0.0,487.05,20.979999999999997,109.26000000000002,4.0,0.0,1737.1100000000004,21.43
United States,North Dakota,Oats,2023,spring,156.17,0.0,20.0,1600.34,54.23,64.54,0.0,0.0,312.06,46.28,188.63000000000002,3.0,0.0,1642.1000000000001,30.410000000000004,120.80000000000003,0.0,20.0,1209.3100000000004,54.23,39.88999999999999,0.0,0.0,441.34999999999997,21.97,248.65000000000003,3.0,0.0,1903.8400000000001,46.28
United States,North Dakota,Oats,2024,spring,212.06,0.0,14.0,1586.86,35.519999999999996,51.540000000000006,0.0,0.0,314.09000000000003,15.03,119.98,3.0,0.0,1692.93,31.05,165.95000000000002,0.0,14.0,1314.19,35.519999999999996,85.63999999999999,0.0,0.0,504.00000000000006,26.130000000000003,131.99,3.0,0.0,1775.6900000000003,31.05
United States,North Dakota,Oats,2025,spring,230.59999999999997,2.0,17.0,1541.72,91.25,13.9,0.0,0.0,329.59,8.04,181.18,2.0,0.0,1657.0600000000002,35.97,198.77999999999997,2.0,17.0,1265.58,91.25,43.07999999999999,0.0,0.0,447.0900000000001,23.19,183.82,2.0,0.0,1815.6999999999998,35.97
United States,North Dakota,Canola,1991,spring,232.04999999999998,0.0,19.0,1823.3700000000001,27.88,35.35,3.0,0.0,672.05,11.270000000000001,105.19,2.0,2.0,1034.52,30.36,117.66000000000001,0.0,19.0,1040.3600000000001,27.88,77.32,0.0,0.0,555.38,24.58,177.60999999999999,5.0,2.0,1934.2000000000003,30.36
United States,North Dakota,Canola,1992,spring,151.48000000000002,0.0,21.0,1961.92,28.580000000000002,57.050000000000004,0.0,0.0,603.9099999999999,16.09,56.64,1.0,2.0,989.37,19.75,75.86,0.0,21.0,1264.0900000000001,23.59,73.75999999999999,0.0,0.0,646.83,28.580000000000002,115.55000000000001,1.0,2.0,1644.2799999999997,19.75
United States,North Dakota,Canola,1993,spring,281.01,0.0,20.0,1862.74,46.53,232.57999999999996,0.0,0.0,525.14,58.73,50.86,0.0,1.0,998.62,12.71,173.09999999999997,0.0,20.0,1357.88,46.53,146.23999999999998,0.0,0.0,682.9399999999999,46.07,245.10999999999999,0.0,1.0,1345.68,56.63
United States,North Dakota,Canola,1994,spring,184.37,0.0,23.0,2033.08,34.46000000000001,53.06999999999999,0.0,0.0,653.75,23.349999999999998,94.12,0.0,0.0,988.72,43.6,84.32,0.0,23.0,1336.38,28.77,93.62,0.0,0.0,591.4200000000001,34.46,153.62,0.0,0.0,1747.75,43.599999999999994
United States,North Dakota,Canola,1995,spring,202.53,0.0,24.0,1834.99,41.95,76.56,0.0,0.0,693.8100000000001,30.909999999999997,69.97,3.0,3.0,1044.1399999999999,30.57,138.23000000000002,0.0,24.0,1479.22,41.95,71.23999999999998,0.0,0.0,513.0799999999999,25.31,139.59,3.0,3.0,1580.6399999999999,30.57
United States,North Dakota,Canola,1996,spring,161.99,0.0,30.0,1867.28,22.89,83.75,0.0,0.0,608.75,24.42,71.16,3.0,1.0,1046.1000000000001,28.75,105.65999999999998,0.0,30.0,1380.7000000000003,19.92,61.199999999999996,0.0,0.0,588.3699999999999,22.89,150.04000000000002,3.0,1.0,1553.06,28.75
United States,North Dakota,Canola,1997,spring,196.89,0.0,22.0,2072.5,63.24,55.27,2.0,0.0,652.7300000000001,25.54,42.900000000000006,0.0,0.0,1061.95,12.940000000000001,101.03,0.0,22.0,1476.13,63.24,96.14999999999999,0.0,0.0,624.6499999999999,51.059999999999995,97.88,2.0,0.0,1686.4,25.54
United States,North Dakota,Canola,1998,spring,223.65999999999997,0.0,11.0,1959.87,41.34,52.190000000000005,0.0,0.0,703.7800000000001,25.19,79.41,2.0,0.0,1107.3000000000002,20.66,79.38999999999999,0.0,11.0,1274.76,17.810000000000002,102.93,0.0,0.0,619.2,33.01,172.93999999999997,2.0,0.0,1876.99,51.5
United States,North Dakota,Canola,1999,spring,286.71000000000004,0.0,14.0,1966.79,59.99,49.870000000000005,3.0,0.0,683.2100000000002,14.8,157.44,0.0,2.0,979.64,72.05,235.12,0.0,14.0,1355.0799999999997,59.99,62.41,0.0,0.0,694.86,11.77,196.49,3.0,2.0,1579.6999999999998,72.05000000000001
United States,North Dakota,Canola,2000,spring,277.5,0.0,21.0,1919.92,79.42999999999999,61.67,1.0,0.0,660.4200000000001,23.68,101.03,2.0,1.0,1005.88,16.0,134.53999999999996,0.0,21.0,1312.6700000000003,28.4,145.04000000000002,0.0,0.0,625.3099999999997,79.42999999999999,160.62,3.0,1.0,1648.2399999999998,23.68
United States,North Dakota,Canola,2001,spring,201.76999999999998,0.0,19.0,1992.27,40.019999999999996,121.25,0.0,0.0,648.7999999999998,36.27,24.25,6.0,1.0,1088.6399999999996,7.209999999999999,87.28,0.0,19.0,1277.79,15.559999999999999,114.22999999999998,0.0,0.0,626.48,40.019999999999996,145.76000000000002,6.0,1.0,1825.4399999999998,36.27
United States,North Dakota,Canola,2002,spring,158.64,3.0,33.0,1998.82,38.78,60.92999999999999,6.0,0.0,643.6499999999999,21.98,79.37,1.0,2.0,996.27,19.740000000000002,126.18999999999998,0.0,33.0,1485.9499999999998,38.78,32.449999999999996,3.0,0.0,512.87,13.73,140.29999999999995,7.0,2.0,1639.9199999999998,21.98
United States,North Dakota,Canola,2003,spring,251.32999999999998,0.0,11.0,1868.9099999999999,30.939999999999998,47.58,2.0,0.0,655.2699999999999,33.81,76.06,8.0,1.0,1046.75,35.290000000000006,180.1,0.0,11.0,1204.1,30.939999999999998,70.08999999999999,0.0,0.0,604.4000000000001,28.589999999999996,124.77999999999999,10.0,1.0,1762.43,35.290000000000006
United States,North Dakota,Canola,2004,spring,215.67000000000002,0.0,26.0,1978.87,47.27,41.900000000000006,1.0,0.0,656.79,15.1,113.62000000000002,0.0,0.0,935.08,23.200000000000003,182.64999999999998,0.0,26.0,1425.02,47.27,56.90999999999999,0.0,0.0,735.28,15.100000000000001,131.63000000000002,1.0,0.0,1410.4400000000003,23.200000000000003
United States,North Dakota,Canola,2005,spring,326.27000000000004,0.0,16.0,1935.21,61.620000000000005,55.900000000000006,2.0,0.0,664.03,21.4,60.7,0.0,0.0,1050.58,19.82,132.13000000000002,0.0,16.0,1242.8500000000001,32.04,184.94,0.0,0.0,590.7700000000001,61.620000000000005,125.8,2.0,0.0,1816.1999999999998,21.4
United States,North Dakota,Canola,2006,spring,137.29,0.0,14.0,2043.13,23.65,38.28,9.0,0.0,686.5199999999999,15.95,109.03999999999999,1.0,1.0,1028.8,27.78,75.51,0.0,14.0,1129.6,23.65,59.34,0.0,0.0,617.06,17.98,149.76000000000002,10.0,1.0,2011.7900000000002,27.78
United States,North Dakota,Canola,2007,spring,338.8,0.0,16.0,1992.91,59.44,36.08,6.0,0.0,689.37,14.110000000000001,93.0,0.0,0.0,994.75,29.71,237.45999999999998,0.0,16.0,1191.81,59.44,93.94,0.0,0.0,643.8199999999999,41.72,136.48,6.0,0.0,1841.4,29.71
United States,North Dakota,Canola,2008,spring,192.33999999999997,0.0,26.0,1997.87,54.36,98.85,0.0,0.0,687.36,25.43,106.61999999999999,0.0,0.0,1051.1,20.89,172.67999999999998,0.0,26.0,1497.25,54.36,30.299999999999997,0.0,0.0,629.47,9.29,194.83,0.0,0.0,1609.61,25.43
United States,North Dakota,Canola,2009,spring,181.76,0.0,24.0,2032.3400000000001,35.39,61.129999999999995,0.0,0.0,642.9899999999999,29.12,70.26,1.0,0.0,1012.8600000000001,28.5,145.73999999999998,0.0,24.0,1623.03,35.39,87.11999999999999,0.0,0.0,659.82,29.400000000000002,80.29000000000002,1.0,0.0,1405.3400000000001,28.5
United States,North Dakota,Canola,2010,spring,292.67,0.0,15.0,1919.81,39.910000000000004,82.50000000000001,0.0,0.0,659.19,24.88,153.36999999999998,3.0,1.0,1011.71,57.05,175.88000000000002,0.0,15.0,1313.67,35.8,116.12,0.0,0.0,584.4300000000001,39.91,236.54,3.0,1.0,1692.6100000000001,57.05
United States,North Dakota,Canola,2011,spring,289.63,0.0,20.0,1814.4,54.41,109.25,0.0,0.0,626.23,28.08,114.35000000000001,0.0,0.0,1089.8500000000001,35.29,224.3,0.0,20.0,1391.68,54.41,97.19,0.0,0.0,585.3800000000001,30.450000000000003,191.74,0.0,0.0,1553.42,35.29
United States,North Dakota,Canola,2012,spring,194.11,0.0,11.0,1957.0699999999997,26.87,45.2,3.0,0.0,618.8299999999999,20.2,46.260000000000005,2.0,1.0,1056.25,16.09,124.06,0.0,11.0,1197.5399999999997,26.87,61.74,0.0,0.0,584.02,20.79,99.77000000000001,5.0,1.0,1850.59,24.43
United States,North Dakota,Canola,2013,spring,327.75,0.0,32.0,1937.3000000000002,68.52,37.489999999999995,0.0,0.0,636.8000000000002,11.59,116.75999999999999,1.0,0.0,1028.41,47.76,259.85,0.0,32.0,1408.2700000000002,68.52,76.83,0.0,0.0,602.02,38.66,145.32000000000002,1.0,0.0,1592.22,47.76
United States,North Dakota,Canola,2014,spring,243.94,0.0,27.0,1858.08,51.81,29.69,0.0,0.0,654.04,13.260000000000002,166.14,0.0,1.0,970.1999999999999,49.75,144.51999999999998,0.0,27.0,1416.63,36.02,105.36000000000001,0.0,0.0,578.67,51.81,189.89,0.0,1.0,1487.02,49.75
United States,North Dakota,Canola,2015,spring,223.31,0.0,18.0,1970.4899999999998,33.57000000000001,43.49000000000001,0.0,0.0,695.6600000000001,15.8,70.94,6.0,0.0,1053.68,29.419999999999998,150.72,0.0,18.0,1354.0900000000001,33.57000000000001,66.86000000000001,0.0,0.0,601.73,24.950000000000003,120.16,6.0,0.0,1764.01,29.419999999999998
United States,North Dakota,Canola,2016,spring,185.98,0.0,16.0,2095.16,33.35,91.45,1.0,0.0,635.3200000000002,23.82,102.71000000000001,1.0,0.0,998.35,23.990000000000002,142.57,0.0,16.0,1282.0299999999997,33.35,34.66,0.0,0.0,644.5999999999999,15.450000000000001,202.91,2.0,0.0,1802.2,23.99
United States,North Dakota,Canola,2017,spring,107.63,3.0,14.0,2131.69,33.21,64.08,3.0,0.0,686.2,26.53,112.62,1.0,0.0,995.34,26.05,47.27,0.0,14.0,1345.1399999999999,15.22,57.120000000000005,1.0,0.0,632.61,33.21,179.94000000000003,6.0,0.0,1835.48,26.89
United States,North Dakota,Canola,2018,spring,228.28,0.0,21.0,2061.17,41.05,32.720000000000006,1.0,0.0,691.96,15.23,83.5,4.0,2.0,977.37,19.770000000000003,67.42,0.0,21.0,1186.7499999999998,26.6,105.52999999999999,0.0,0.0,586.72,38.370000000000005,171.54999999999998,5.0,2.0,1957.0299999999997,26.77
United States,North Dakota,Canola,2019,spring,199.83999999999997,0.0,23.0,1896.39,32.230000000000004,71.92000000000002,0.0,0.0,674.0,38.4,271.18,0.0,0.0,928.3299999999999,46.25,119.16,0.0,23.0,1373.8600000000001,27.04,82.16000000000001,0.0,0.0,571.54,32.230000000000004,341.62,0.0,0.0,1553.3200000000004,46.25
United States,North Dakota,Canola,2020,spring,143.24,0.0,27.0,2103.06,54.78,37.23,0.0,0.0,704.72,16.950000000000003,64.27,3.0,0.0,1071.0600000000002,15.840000000000002,71.18,0.0,27.0,1457.3700000000003,19.75,63.99,0.0,0.0,570.1500000000001,54.78,109.57,3.0,0.0,1851.3200000000002,16.95
United States,North Dakota,Canola,2021,spring,128.39,4.0,20.0,2093.91,30.55,37.38,5.0,0.0,598.04,20.69,103.11,6.0,0.0,966.5300000000001,46.13,69.52,1.0,20.0,1290.18,30.55,51.599999999999994,1.0,0.0,544.8999999999999,18.48,147.76,13.0,0.0,1823.3999999999999,46.13
United States,North Dakota,Canola,2022,spring,273.67,1.0,29.0,1914.7199999999998,47.36,56.51000000000001,2.0,0.0,689.77,21.43,52.75,2.0,0.0,1047.3400000000001,10.110000000000001,228.03000000000003,0.0,29.0,1427.67,47.36,65.99,1.0,0.0,571.48,20.979999999999997,88.91,4.0,0.0,1652.68,17.939999999999998
United States,North Dakota,Canola,2023,spring,231.85,0.0,20.0,1973.9299999999998,54.23,52.809999999999995,1.0,0.0,625.0399999999998,19.88,124.67999999999999,2.0,0.0,955.53,30.410000000000004,117.42000000000002,0.0,20.0,1162.5900000000004,54.23,59.509999999999984,0.0,0.0,521.42,21.97,232.41000000000003,3.0,0.0,1870.49,37.71
United States,North Dakota,Canola,2024,spring,270.21,0.0,14.0,1968.22,35.519999999999996,30.259999999999998,3.0,0.0,642.89,11.229999999999999,83.11,0.0,0.0,982.7699999999999,31.05,166.64000000000001,0.0,14.0,1334.3200000000002,35.519999999999996,103.57,0.0,0.0,633.9,26.130000000000003,113.37,3.0,0.0,1625.66,31.05
United States,North Dakota,Canola,2025,spring,251.14,2.0,17.0,1936.3,91.25,75.06,1.0,0.0,597.5000000000001,35.97,99.47999999999999,1.0,0.0,994.57,32.77,197.91999999999996,2.0,17.0,1244.1299999999999,91.25,46.58,0.0,0.0,566.05,23.19,181.18,2.0,0.0,1718.19,35.97
United States,Oklahoma,Wheat,1990,winter,559.54,1.0,80.0,2854.85,87.71000000000001,127.58000000000001,0.0,2.0,372.5200000000001,51.03,185.0,4.0,0.0,1524.65,79.17,408.03,1.0,76.0,2507.67,87.71000000000001,164.38000000000002,0.0,6.0,511.63000000000005,73.91000000000001,299.7099999999999,4.0,0.0,1732.7199999999998,79.17
United States,Oklahoma,Wheat,1991,winter,339.18,9.0,78.0,2901.72,67.41,38.17,0.0,0.0,411.83,27.71,248.66999999999996,1.0,0.0,1445.05,44.26,272.5,9.0,68.0,2207.98,67.41,34.25,0.0,9.0,541.9599999999999,19.22,319.27,1.0,1.0,2008.66,44.26
United States,Oklahoma,Wheat,1992,winter,595.14,0.0,67.0,2744.44,82.32000000000001,74.48,0.0,0.0,407.13,36.019999999999996,320.58000000000004,0.0,0.0,1334.01,39.230000000000004,557.73,0.0,60.0,2164.6099999999997,82.32000000000001,37.67,0.0,7.0,623.43,13.35,394.80000000000007,0.0,0.0,1697.54,39.230000000000004
United States,Oklahoma,Wheat,1993,winter,534.73,0.0,95.0,2491.92,53.36,53.89,0.0,0.0,406.3699999999999,32.92999999999999,370.04,0.0,0.0,1354.5100000000002,128.28,508.76,0.0,94.0,2405.27,53.36,79.86,0.0,1.0,493.01999999999987,32.92999999999999,370.04,0.0,0.0,1354.5100000000002,128.28
United States,Oklahoma,Wheat,1994,winter,391.96,0.0,94.0,2851.6400000000003,60.69,61.14999999999999,0.0,3.0,434.00999999999993,48.87,215.54,8.0,0.0,1562.53,64.25,390.54999999999995,0.0,91.0,2668.45,60.69,53.5,0.0,6.0,536.62,48.87,224.60000000000002,8.0,0.0,1643.11,64.25
United States,Oklahoma,Wheat,1995,winter,451.47999999999996,0.0,70.0,2576.75,79.56,83.94,0.0,0.0,419.28000000000003,36.24,402.33000000000004,0.0,0.0,1341.2299999999998,79.04,351.97,0.0,59.0,1935.95,79.56,81.47000000000001,0.0,10.0,474.09999999999997,57.769999999999996,504.31000000000006,0.0,1.0,1927.21,79.04
United States,Oklahoma,Wheat,1996,winter,305.98,6.0,84.0,2899.7599999999998,48.06,42.62,0.0,1.0,473.76999999999987,40.85,148.78,18.0,0.0,1572.92,49.71000000000001,256.58000000000004,6.0,74.0,2451.63,48.06,50.97,0.0,11.0,631.8599999999999,26.330000000000002,189.83,18.0,0.0,1862.96,49.71000000000001
United States,Oklahoma,Wheat,1997,winter,439.28,0.0,75.0,2734.2799999999997,69.9,123.9,0.0,5.0,403.02000000000004,45.88,216.32999999999998,0.0,0.0,1534.68,27.479999999999997,416.07,0.0,72.0,2345.84,69.9,108.55,0.0,7.0,545.98,45.88,254.89000000000001,0.0,1.0,1780.1599999999999,40.050000000000004
United States,Oklahoma,Wheat,1998,winter,560.06,8.0,79.0,2664.95,87.44999999999999,22.7,0.0,0.0,512.15,7.109999999999999,177.54999999999998,17.0,0.0,1576.3,65.15,412.71999999999997,8.0,65.0,2141.29,57.89999999999999,152.74,0.0,14.0,652.76,87.44999999999999,194.85,17.0,0.0,1959.35,69.07
United States,Oklahoma,Wheat,1999,winter,536.8700000000001,11.0,57.0,2746.82,82.44,119.96000000000001,0.0,0.0,434.6000000000001,83.50999999999999,316.55,0.0,0.0,1405.75,54.60000000000001,362.80999999999995,11.0,14.0,1484.4199999999998,82.44,69.09,0.0,35.0,662.35,37.58,541.4799999999999,0.0,8.0,2440.4000000000005,105.42999999999999
United States,Oklahoma,Wheat,2000,winter,440.14,2.0,56.0,2910.13,59.5,27.56,0.0,0.0,458.73999999999995,11.670000000000002,302.29999999999995,5.0,0.0,1352.56,61.08,276.83000000000004,2.0,29.0,1870.38,59.5,71.61000000000001,0.0,25.0,620.74,22.21,421.55999999999995,5.0,2.0,2230.31,61.08
United States,Oklahoma,Wheat,2001,winter,508.33000000000004,16.0,101.0,2613.5999999999995,100.22,27.33,0.0,0.0,415.66,15.69,227.71,0.0,0.0,1609.6799999999998,68.38,499.35999999999996,16.0,98.0,2341.09,100.22,25.169999999999998,0.0,3.0,426.97,15.69,238.84,0.0,0.0,1870.8799999999999,68.38
United States,Oklahoma,Wheat,2002,winter,367.27,0.0,73.0,2881.65,74.9,95.35999999999999,0.0,1.0,368.02,45.540000000000006,183.22999999999996,1.0,0.0,1462.99,35.56,314.86,0.0,50.0,2039.42,74.9,50.190000000000005,0.0,22.0,730.2,32.269999999999996,280.81,1.0,2.0,1943.0400000000002,45.540000000000006
United States,Oklahoma,Wheat,2003,winter,387.61,7.0,79.0,2659.9000000000005,38.57,53.26000000000001,0.0,1.0,470.19000000000005,15.78,201.42,1.0,0.0,1494.3799999999999,34.22,344.74,7.0,77.0,2351.0,38.57,58.40999999999999,0.0,3.0,540.29,28.13,239.14,1.0,0.0,1733.18,34.22
United States,Oklahoma,Wheat,2004,winter,389.64,0.0,66.0,2710.91,84.83,38.5,0.0,0.0,400.57000000000005,14.850000000000001,249.63,2.0,0.0,1450.12,87.35,249.60999999999999,0.0,61.0,2031.78,46.15,108.86,0.0,5.0,484.96,84.83,319.3,2.0,0.0,2044.8600000000001,87.35
United States,Oklahoma,Wheat,2005,winter,418.90999999999997,2.0,56.0,2695.2,66.85,9.1,0.0,0.0,467.79999999999995,5.040000000000001,197.86000000000004,10.0,0.0,1482.65,46.02,361.15,2.0,46.0,1832.4300000000003,66.85,47.790000000000006,0.0,9.0,555.14,16.05,216.93,10.0,1.0,2258.08,46.02
United States,Oklahoma,Wheat,2006,winter,201.10000000000002,1.0,57.0,3016.04,50.46,9.059999999999999,2.0,0.0,498.42999999999995,6.759999999999999,204.13,21.0,0.0,1651.4400000000003,59.910000000000004,121.99,1.0,30.0,1883.7800000000002,50.46,10.66,0.0,22.0,620.97,6.029999999999999,281.64,23.0,5.0,2661.1600000000003,59.910000000000004
United States,Oklahoma,Wheat,2007,winter,440.84000000000003,0.0,71.0,2846.26,88.77000000000001,61.05,0.0,4.0,366.4700000000001,28.65,565.96,0.0,0.0,1239.4499999999998,102.16999999999999,287.51,0.0,69.0,2301.7799999999997,46.74,51.419999999999995,0.0,2.0,406.54,27.509999999999998,728.9200000000001,0.0,4.0,1743.86,102.16999999999999
United States,Oklahoma,Wheat,2008,winter,412.02000000000004,0.0,93.0,2878.83,56.160000000000004,100.15999999999998,0.0,1.0,462.27,81.27,292.46,0.0,0.0,1633.5000000000002,74.13999999999999,331.69000000000005,0.0,92.0,2478.83,56.160000000000004,135.29,0.0,1.0,507.64,54.94,337.66,0.0,1.0,1988.1300000000003,74.13999999999999
United States,Oklahoma,Wheat,2009,winter,260.02,0.0,82.0,2962.2599999999993,29.56,52.37,0.0,2.0,446.97999999999996,35.72,213.39000000000001,12.0,0.0,1445.37,56.86000000000001,195.7,0.0,74.0,2386.79,29.56,58.08,0.0,8.0,471.53000000000003,23.83,272.00000000000006,12.0,2.0,1996.2900000000002,56.86000000000001
United States,Oklahoma,Wheat,2010,winter,437.62,0.0,86.0,2499.08,66.39,62.46999999999999,0.0,0.0,424.77,44.56,252.02,5.0,0.0,1521.61,91.88000000000001,427.01,0.0,86.0,2409.1499999999996,66.39,60.82,0.0,0.0,403.34000000000003,44.56,264.28,5.0,0.0,1632.9699999999998,91.88000000000001
United States,Oklahoma,Wheat,2011,winter,232.38,2.0,78.0,2978.5500000000006,53.79,42.46,0.0,0.0,438.50999999999993,38.78,176.59,32.0,0.0,1654.2100000000003,67.10000000000001,205.82,2.0,70.0,2304.71,53.79,25.830000000000002,0.0,8.0,459.15,17.689999999999998,219.78000000000003,32.0,0.0,2307.4100000000008,67.10000000000001
United States,Oklahoma,Wheat,2012,winter,485.79999999999995,5.0,57.0,2908.42,73.98,60.400000000000006,0.0,0.0,429.38,41.019999999999996,152.23,8.0,0.0,1548.55,34.15,344.13,5.0,49.0,2117.3,70.71,44.739999999999995,0.0,8.0,470.86,19.35,309.56000000000006,8.0,0.0,2298.19,73.98
United States,Oklahoma,Wheat,2013,winter,328.35,7.0,76.0,2873.42,55.269999999999996,90.46,0.0,4.0,421.26000000000005,41.85,306.39000000000004,3.0,0.0,1479.16,89.53,150.37,7.0,43.0,1886.2200000000003,39.81,107.97,0.0,30.0,707.16,35.95,466.86,3.0,7.0,2180.46,89.53
United States,Oklahoma,Wheat,2014,winter,246.42,6.0,96.0,2864.6499999999996,35.96,25.959999999999997,0.0,1.0,480.82,9.76,240.13,7.0,0.0,1538.98,61.44,217.02999999999997,6.0,91.0,2453.82,35.96,36.5,0.0,5.0,560.1499999999999,22.66,258.98,7.0,1.0,1870.4800000000002,61.44
United States,Oklahoma,Wheat,2015,winter,312.62,4.0,71.0,2768.45,41.54,63.209999999999994,0.0,0.0,393.03,32.97,545.0699999999999,0.0,0.0,1387.86,95.06000000000002,240.09,4.0,50.0,1975.75,41.54,55.78999999999999,0.0,21.0,631.28,11.0,625.02,0.0,0.0,1942.31,95.06000000000002
United States,Oklahoma,Wheat,2016,winter,415.44999999999993,3.0,61.0,3021.68,80.51,123.25000000000003,0.0,0.0,448.41,75.07000000000001,179.66999999999996,3.0,0.0,1513.99,26.65,348.06,3.0,46.0,1898.31,80.51,38.13,0.0,12.0,603.2699999999999,14.440000000000001,332.18,3.0,3.0,2482.5,75.07000000000001
United States,Oklahoma,Wheat,2017,winter,394.54999999999995,1.0,51.0,2894.8599999999997,62.69999999999999,88.27,0.0,0.0,434.62,44.18,188.02999999999997,8.0,0.0,1605.2100000000003,60.7,174.71,1.0,24.0,1654.9299999999998,28.179999999999996,122.40999999999998,0.0,22.0,542.72,44.370000000000005,373.72999999999996,8.0,5.0,2737.04,62.7
United States,Oklahoma,Wheat,2018,winter,330.54999999999995,2.0,67.0,2808.39,68.8,55.57,0.0,5.0,464.0300000000001,39.05,247.67000000000002,7.0,0.0,1636.2099999999998,82.8,224.32999999999998,2.0,55.0,2109.62,68.8,82.63000000000001,0.0,10.0,544.7299999999999,40.04,326.83,7.0,7.0,2254.2799999999997,82.8
United States,Oklahoma,Wheat,2019,winter,543.12,1.0,82.0,2506.51,74.15,101.65,0.0,0.0,432.65000000000003,41.8,479.08000000000004,0.0,0.0,1425.46,86.14,516.3299999999999,1.0,81.0,2238.52,74.15,87.19999999999999,0.0,1.0,511.23,41.8,520.3199999999999,0.0,0.0,1614.8700000000001,86.14
United States,Oklahoma,Wheat,2020,winter,472.71000000000004,2.0,65.0,2765.36,69.05,49.480000000000004,0.0,3.0,422.13000000000005,30.189999999999998,155.19000000000003,0.0,0.0,1605.18,42.73,332.89,2.0,55.0,2103.4700000000003,69.05,116.93999999999998,0.0,10.0,479.36,57.71,227.55,0.0,3.0,2209.84,42.73
United States,Oklahoma,Wheat,2021,winter,396.0200000000001,0.0,69.0,2817.4500000000007,74.49,62.85999999999999,0.0,1.0,409.09999999999997,26.810000000000002,348.81,3.0,0.0,1337.36,101.87,338.21000000000004,0.0,69.0,2315.8,74.49,57.809999999999995,0.0,0.0,476.69,34.74,411.67,3.0,1.0,1771.42,101.87
United States,Oklahoma,Wheat,2022,winter,284.77,8.0,65.0,3085.5600000000004,41.89,31.68,0.0,0.0,439.21999999999997,18.98,301.71000000000004,13.0,0.0,1575.06,89.86,155.87,8.0,9.0,1661.76,39.3,49.33,0.0,45.0,771.5899999999999,17.88,412.96,13.0,11.0,2666.49,89.86
United States,Oklahoma,Wheat,2023,winter,331.57,6.0,67.0,2851.7299999999996,42.93000000000001,45.379999999999995,0.0,0.0,491.45000000000005,25.37,270.24,3.0,0.0,1427.57,57.86,205.36,6.0,35.0,1833.6,42.93000000000001,91.02999999999999,0.0,25.0,592.14,23.27,350.8,3.0,7.0,2345.0099999999998,57.86
United States,Oklahoma,Wheat,2024,winter,401.95,14.0,54.0,2864.7799999999997,53.56,23.61,0.0,0.0,457.18,8.879999999999999,243.05000000000004,10.0,0.0,1514.1699999999998,44.46,243.13,14.0,21.0,1629.2,53.56,90.63999999999999,0.0,29.0,640.7900000000001,23.619999999999994,334.84,10.0,4.0,2566.140000000001,44.46
United States,Oklahoma,Wheat,2025,winter,398.29999999999995,5.0,60.0,2952.05,132.92,114.71000000000001,0.0,0.0,447.02,60.10000000000001,482.09000000000003,0.0,0.0,1442.6599999999999,91.42,270.21999999999997,5.0,10.0,1625.1999999999998,132.92,58.57999999999999,0.0,48.0,767.82,19.18,666.3,0.0,2.0,2448.71,91.42
United States,Oklahoma,Barley,1990,spring,299.64,0.0,2.0,1518.7299999999998,79.17,12.940000000000001,5.0,0.0,480.28000000000003,6.91,248.5,27.0,0.0,1926.2800000000002,67.40999999999998,269.49,0.0,2.0,1153.0700000000002,79.17,30.099999999999998,0.0,0.0,283.41999999999996,23.200000000000003,261.49,32.0,0.0,2488.8,67.40999999999998
United States,Oklahoma,Barley,1991,spring,284.3,0.0,0.0,1469.2,44.26,24.95,2.0,0.0,454.84999999999997,21.16,320.09,29.0,0.0,1895.6299999999999,60.21,159.70999999999998,0.0,0.0,966.82,39.28,58.410000000000004,0.0,0.0,241.17000000000002,44.26,411.22,31.0,0.0,2611.69,60.21
United States,Oklahoma,Barley,1992,spring,287.39,0.0,0.0,1427.76,37.809999999999995,108.54,0.0,0.0,406.56,39.230000000000004,318.77000000000004,0.0,0.0,1933.38,43.769999999999996,175.95,0.0,0.0,1092.3999999999999,37.809999999999995,105.51,0.0,0.0,245.23000000000002,36.24,433.24,0.0,0.0,2430.07,43.77000000000001
United States,Oklahoma,Barley,1993,spring,352.9599999999999,0.0,1.0,1401.89,128.27999999999997,72.29999999999998,0.0,0.0,406.04,34.74,256.26,23.0,0.0,1986.79,60.69,324.46999999999997,0.0,1.0,1088.52,128.27999999999997,28.470000000000002,0.0,0.0,286.91,23.41,328.58,23.0,0.0,2419.29,60.69
United States,Oklahoma,Barley,1994,spring,268.46999999999997,1.0,3.0,1609.9499999999998,64.25,10.58,8.0,0.0,485.41999999999996,6.08,215.19,29.0,0.0,1998.49,40.7,189.18,0.0,3.0,1116.94,64.25,71.26,0.0,0.0,319.67999999999995,36.26,233.8,38.0,0.0,2657.2400000000002,40.7
United States,Oklahoma,Barley,1995,spring,475.16,0.0,0.0,1383.94,79.04,18.64,0.0,0.0,456.23,12.850000000000001,285.73999999999995,30.0,0.0,1946.21,72.32,284.11999999999995,0.0,0.0,1059.64,77.7,173.67,0.0,0.0,230.19999999999996,79.04,321.75,30.0,0.0,2496.5399999999995,72.32
United States,Oklahoma,Barley,1996,spring,174.2,8.0,2.0,1660.1,49.71000000000001,23.980000000000004,11.0,0.0,476.65999999999997,12.149999999999999,493.72,12.0,0.0,1763.6599999999996,84.43,68.17,5.0,2.0,1115.8600000000001,40.85,72.4,3.0,0.0,247.51,49.71000000000001,551.3299999999999,23.0,0.0,2537.0499999999997,84.43
United States,Oklahoma,Barley,1997,spring,304.03000000000003,0.0,5.0,1538.9699999999996,45.88,47.519999999999996,1.0,0.0,457.16,19.32,275.99,28.0,0.0,1921.4999999999998,55.27,255.35000000000005,0.0,5.0,1243.9,45.88,45.769999999999996,0.0,0.0,269.21999999999997,27.479999999999997,326.42,29.0,0.0,2404.5100000000007,55.269999999999996
United States,Oklahoma,Barley,1998,spring,193.44000000000003,3.0,0.0,1679.2299999999998,69.07,11.34,14.0,0.0,494.04999999999995,8.8,116.89999999999999,62.0,0.0,2067.4599999999996,40.87,142.15000000000003,0.0,0.0,1207.5900000000001,69.07,6.419999999999999,3.0,0.0,305.01,6.3999999999999995,173.10999999999999,76.0,0.0,2728.14,40.87
United States,Oklahoma,Barley,1999,spring,316.1,0.0,0.0,1569.27,105.42999999999999,129.9,0.0,0.0,333.93,54.6,176.01000000000002,35.0,0.0,2081.31,59.5,249.98,0.0,0.0,1158.0300000000002,105.42999999999999,28.16,0.0,0.0,262.96000000000004,12.69,343.87000000000006,35.0,0.0,2563.5200000000004,59.5
United States,Oklahoma,Oats,1990,spring,145.1,0.0,2.0,490.25,51.03,119.68,0.0,0.0,621.57,79.17,296.3,32.0,0.0,2813.47,67.40999999999998,233.84000000000003,0.0,2.0,885.0499999999998,79.17,64.35000000000001,0.0,0.0,401.37,23.200000000000003,262.89,32.0,0.0,2638.87,67.40999999999998
United States,Oklahoma,Oats,1991,spring,62.49999999999999,0.0,0.0,520.77,27.71,143.64000000000001,0.0,0.0,596.72,44.26,423.2,31.0,0.0,2702.1900000000005,60.21,138.15999999999997,0.0,0.0,742.8299999999999,39.28,67.97,0.0,0.0,345.98,44.26,423.21000000000004,31.0,0.0,2730.8700000000003,60.21
United States,Oklahoma,Oats,1992,spring,85.25000000000001,0.0,0.0,535.05,36.019999999999996,101.72000000000001,0.0,0.0,606.56,37.809999999999995,527.73,0.0,0.0,2626.09,43.77000000000001,123.65,0.0,0.0,854.57,37.75,123.11999999999999,0.0,0.0,350.77,36.24,467.92999999999995,0.0,0.0,2562.3600000000006,43.77000000000001
United States,Oklahoma,Oats,1993,spring,95.22,0.0,1.0,494.93,40.239999999999995,219.88,0.0,0.0,537.3999999999999,128.28,366.42,23.0,0.0,2762.39,60.69,289.47999999999996,0.0,1.0,827.39,128.27999999999997,36.39,0.0,0.0,436.99,19.97,355.65,23.0,0.0,2530.3399999999997,60.69
United States,Oklahoma,Oats,1994,spring,83.66,0.0,3.0,562.5299999999999,48.87,114.13999999999999,0.0,0.0,601.68,50.15,296.43999999999994,38.0,0.0,2929.6500000000005,40.7,164.03,0.0,3.0,824.85,64.25,68.21000000000001,0.0,0.0,476.18999999999994,36.26,262.0,38.0,0.0,2792.8200000000006,40.7
United States,Oklahoma,Oats,1995,spring,92.93,0.0,0.0,529.6700000000001,36.24,191.19,0.0,0.0,529.9700000000001,77.7,495.42,30.0,0.0,2726.74,79.04,186.10999999999999,0.0,0.0,824.87,77.7,167.62,0.0,0.0,362.9200000000001,65.17,425.81,30.0,0.0,2598.5899999999997,78.65
United States,Oklahoma,Oats,1996,spring,48.86000000000001,0.0,2.0,587.4000000000001,40.85,41.27,8.0,0.0,669.9899999999999,19.490000000000002,601.77,23.0,0.0,2643.03,84.43,53.03,0.0,2.0,872.36,40.85,37.08,8.0,0.0,354.86999999999995,19.49,601.7899999999998,23.0,0.0,2673.19,84.43
United States,Oklahoma,Oats,1997,spring,146.23,0.0,5.0,486.41999999999996,45.88,92.34,0.0,0.0,690.77,25.46,388.97,29.0,0.0,2740.4400000000005,55.269999999999996,187.66,0.0,5.0,965.46,45.88,69.65,0.0,0.0,437.28000000000003,25.46,370.23,29.0,0.0,2514.8900000000003,55.269999999999996
United States,Oklahoma,Oats,1998,spring,87.88,0.0,0.0,596.8199999999999,69.07,60.65999999999999,0.0,0.0,651.59,31.82,173.13999999999996,79.0,0.0,2992.3300000000004,40.87,116.26,0.0,0.0,999.1200000000001,69.07,32.300000000000004,0.0,0.0,365.03,31.82,173.11999999999998,79.0,0.0,2876.59,40.87
United States,Oklahoma,Oats,1999,spring,153.81,0.0,0.0,556.03,105.42999999999999,104.25,0.0,0.0,653.23,33.89,363.95,35.0,0.0,2775.25,59.5,216.29000000000002,0.0,0.0,878.14,105.42999999999999,55.81,0.0,0.0,419.15000000000003,17.09,349.90999999999997,35.0,0.0,2687.2200000000003,59.5
United States,Oklahoma,Oats,2000,spring,52.67,0.0,0.0,569.8499999999999,14.860000000000001,117.88,3.0,0.0,593.3699999999999,61.08,278.46999999999997,60.0,0.0,2853.8999999999996,46.27,124.63000000000001,0.0,0.0,804.3299999999999,61.08,45.980000000000004,3.0,0.0,420.21999999999997,38.61,278.40999999999997,60.0,0.0,2792.57,46.27
United States,Oklahoma,Oats,2001,spring,27.77,0.0,0.0,537.97,15.69,114.1,0.0,0.0,660.28,50.98,334.2099999999999,43.0,0.0,2940.44,74.9,63.8,0.0,0.0,730.5600000000001,30.76,78.07,0.0,0.0,467.69000000000005,50.98,334.2099999999999,43.0,0.0,2940.44,74.9
United States,Oklahoma,Oats,2002,spring,104.63,0.0,2.0,485.36,45.540000000000006,69.57,0.0,0.0,543.43,35.56,367.1,34.0,0.0,2900.76,48.059999999999995,112.62000000000002,0.0,2.0,693.1500000000001,45.540000000000006,69.05000000000001,0.0,0.0,398.55999999999995,35.56,359.63000000000005,34.0,0.0,2837.8399999999997,48.059999999999995
United States,Oklahoma,Oats,2003,spring,53.71000000000001,0.0,1.0,596.67,15.78,77.33000000000001,0.0,0.0,612.87,32.26,308.71999999999997,48.0,0.0,2825.7200000000003,67.94,66.01,0.0,1.0,838.7900000000001,15.78,65.03,0.0,0.0,397.7,32.26,308.72,48.0,0.0,2798.7700000000004,67.94
United States,Oklahoma,Oats,2004,spring,38.74000000000001,0.0,0.0,547.26,14.850000000000001,39.61000000000001,1.0,0.0,638.5600000000001,21.799999999999997,430.63,17.0,0.0,2749.41,87.35,60.54,0.0,0.0,834.08,21.799999999999997,17.81,1.0,0.0,351.74,13.2,430.63,17.0,0.0,2749.41,87.35
United States,Oklahoma,Oats,2005,spring,10.26,0.0,0.0,620.8900000000001,5.040000000000001,53.5,4.0,0.0,570.02,31.380000000000003,453.85,26.0,0.0,2923.93,63.920000000000016,36.99,0.0,0.0,858.8199999999999,15.24,27.25,4.0,0.0,368.27,16.16,453.36999999999995,26.0,0.0,2887.75,63.920000000000016
United States,Oklahoma,Oats,2006,spring,49.82,2.0,0.0,619.08,28.67,80.59,6.0,0.0,685.5899999999999,32.17,296.72,53.0,0.0,3001.7400000000007,41.03,107.81,2.0,0.0,745.1700000000001,59.910000000000004,20.82,4.0,0.0,449.02000000000004,14.7,298.5,55.0,0.0,3112.22,41.03
United States,Oklahoma,Oats,2007,spring,65.7,0.0,4.0,500.18,28.65,213.98,0.0,0.0,530.91,102.16999999999999,710.0899999999999,2.0,0.0,2608.2100000000005,136.45999999999998,220.76999999999998,0.0,4.0,797.66,102.16999999999999,102.33000000000001,0.0,0.0,361.28,37.330000000000005,666.67,2.0,0.0,2480.36,136.45999999999998
United States,Oklahoma,Oats,2008,spring,110.58,0.0,1.0,594.89,81.27,134.51999999999998,0.0,0.0,704.33,69.67,389.99,20.0,0.0,2787.25,74.13999999999999,205.74,0.0,1.0,1004.54,81.27,43.949999999999996,0.0,0.0,421.32,28.04,385.40000000000003,20.0,0.0,2660.6099999999997,74.13999999999999
United States,Oklahoma,Oats,2009,spring,69.12999999999998,0.0,2.0,539.51,35.72,151.6,0.0,0.0,531.01,56.86,394.6799999999999,34.0,0.0,2844.4899999999993,60.69,182.21000000000004,0.0,2.0,719.5599999999998,56.86000000000001,39.38,0.0,0.0,497.35,24.0,393.82,34.0,0.0,2698.1,60.69
United States,Oklahoma,Oats,2010,spring,73.08,0.0,0.0,561.1999999999999,44.56,95.31000000000003,0.0,0.0,595.3400000000001,43.26,410.18000000000006,38.0,0.0,2925.629999999999,91.88000000000001,82.60000000000001,0.0,0.0,848.6999999999999,44.56,85.80000000000001,0.0,0.0,363.36,43.26,410.17,38.0,0.0,2870.109999999999,91.88000000000001
United States,Oklahoma,Oats,2011,spring,47.94,0.0,0.0,566.7,38.78,131.14,3.0,0.0,657.68,67.10000000000001,155.63,92.0,0.0,3048.2300000000005,38.17,59.46,2.0,0.0,816.23,38.78,119.62,1.0,0.0,408.15000000000003,67.10000000000001,155.63,92.0,0.0,3048.2300000000005,38.17
United States,Oklahoma,Oats,2012,spring,84.18,0.0,0.0,542.8799999999999,41.019999999999996,64.19,0.0,0.0,642.42,28.36,237.99000000000004,62.0,0.0,2929.229999999999,39.81,112.69,0.0,0.0,692.4899999999999,41.019999999999996,35.68,0.0,0.0,423.34999999999997,17.09,237.99,62.0,0.0,2998.6900000000005,39.81
United States,Oklahoma,Oats,2013,spring,162.64000000000004,0.0,4.0,500.7200000000001,64.97,95.94,0.0,0.0,578.66,31.14,529.82,26.0,0.0,2876.7600000000007,89.53,202.61,0.0,4.0,893.61,64.97,195.96,0.0,0.0,359.18999999999994,89.53,389.83000000000004,26.0,0.0,2703.3400000000006,63.16
United States,Oklahoma,Oats,2014,spring,34.370000000000005,0.0,1.0,603.0200000000001,9.76,64.26,5.0,0.0,673.15,25.71,371.14,41.0,0.0,2791.39,61.44,49.6,3.0,1.0,895.22,15.18,49.120000000000005,2.0,0.0,405.9699999999999,25.71,371.04999999999995,41.0,0.0,2766.3700000000003,61.44
United States,Oklahoma,Oats,2015,spring,115.62,0.0,0.0,501.05999999999995,45.9,357.19,0.0,0.0,514.01,95.06000000000002,395.45000000000005,8.0,0.0,2829.3,65.6,260.19,0.0,0.0,706.56,93.45,224.52,0.0,0.0,360.3,95.06000000000002,383.55,8.0,0.0,2777.5099999999998,65.6
United States,Oklahoma,Oats,2016,spring,146.62,0.0,0.0,584.5699999999998,75.07000000000001,71.66999999999997,0.0,0.0,595.8399999999999,26.65,340.72999999999996,20.0,0.0,2864.76,39.93,165.92000000000002,0.0,0.0,884.98,75.07000000000001,61.06000000000001,0.0,0.0,374.64000000000004,26.65,332.04,20.0,0.0,2785.55,39.93
United States,Oklahoma,Oats,2017,spring,123.58999999999999,0.0,0.0,531.48,44.18,141.55,0.0,0.0,677.22,59.230000000000004,360.35999999999996,32.0,0.0,2828.96,68.8,209.78,0.0,0.0,823.94,60.7,55.95,0.0,0.0,466.40999999999997,41.93,359.77,32.0,0.0,2747.31,68.8
United States,Oklahoma,Oats,2018,spring,55.650000000000006,0.0,7.0,587.97,39.05,88.3,0.0,0.0,697.18,32.64,503.12,32.0,0.0,2735.34,82.8,88.58,0.0,7.0,947.7499999999999,39.05,56.87,0.0,0.0,393.48,18.66,501.62,32.0,0.0,2679.26,82.8
United States,Oklahoma,Oats,2019,spring,107.82,0.0,0.0,572.09,41.8,325.17999999999995,0.0,0.0,522.9,86.14,394.55999999999995,15.0,0.0,2878.37,38.050000000000004,253.96000000000004,0.0,0.0,781.0400000000001,57.58,194.98,0.0,0.0,370.60999999999996,86.14,378.62,15.0,0.0,2821.71,38.050000000000004
United States,Oklahoma,Oats,2020,spring,53.61999999999999,0.0,3.0,525.08,30.189999999999998,93.91,0.0,0.0,621.2100000000002,29.85,356.87999999999994,24.0,0.0,2920.3699999999994,72.92,92.03999999999999,0.0,3.0,880.4999999999998,30.189999999999998,58.66,0.0,0.0,419.94,29.85,353.71,24.0,0.0,2766.22,72.92
United States,Oklahoma,Oats,2021,spring,91.5,0.0,1.0,516.9499999999999,28.64,111.24000000000001,0.0,0.0,517.66,41.01,375.42,27.0,0.0,2852.3099999999995,101.87,116.74999999999999,0.0,1.0,854.1899999999999,28.7,120.07000000000001,0.0,0.0,319.36,41.01,341.34000000000003,27.0,0.0,2713.3699999999994,101.87
United States,Oklahoma,Oats,2022,spring,44.89,0.0,0.0,573.0699999999999,18.98,202.58999999999997,2.0,0.0,632.0600000000001,89.86,289.42,66.0,0.0,2976.03,95.97,146.43,0.0,0.0,828.42,78.91,101.05,2.0,0.0,376.71000000000004,89.86,289.42,66.0,0.0,2976.03,95.97
United States,Oklahoma,Oats,2023,spring,80.94999999999999,0.0,0.0,580.5699999999999,54.04,114.81000000000002,0.0,0.0,583.87,57.86,394.7,50.0,0.0,2911.38,98.88,103.97999999999999,0.0,0.0,867.2499999999999,54.04,101.82,0.0,0.0,356.81,57.86,384.65999999999997,50.0,0.0,2851.7599999999998,98.88
United States,Oklahoma,Canola,2009,spring,49.199999999999996,0.0,2.0,365.96000000000004,35.72,169.63999999999996,0.0,0.0,663.2099999999999,56.86000000000001,396.57000000000005,34.0,0.0,2885.84,60.69,157.45,0.0,2.0,631.28,56.86000000000001,64.13999999999999,0.0,0.0,585.63,27.380000000000003,393.82,34.0,0.0,2698.1,60.69
United States,Oklahoma,Canola,2010,spring,60.800000000000004,0.0,0.0,362.34000000000003,44.56,105.86000000000001,0.0,0.0,743.7800000000001,43.26,411.9100000000001,38.0,0.0,2976.0499999999997,91.88000000000001,77.44,0.0,0.0,704.54,44.56,90.96000000000001,0.0,0.0,478.99,43.26,410.17,38.0,0.0,2898.64,91.88000000000001
United States,Oklahoma,Canola,2011,spring,1.17,0.0,0.0,435.76,0.76,177.60000000000002,3.0,0.0,731.54,67.10000000000001,155.94,92.0,0.0,3105.31,38.17,58.949999999999996,0.0,0.0,629.6899999999999,38.78,119.82000000000001,3.0,0.0,537.61,67.10000000000001,155.94,92.0,0.0,3105.31,38.17
United States,Oklahoma,Canola,2012,spring,75.58,0.0,0.0,325.15,41.019999999999996,72.79,0.0,0.0,816.02,34.15,237.99,62.0,0.0,2973.3599999999997,39.81,102.33000000000001,0.0,0.0,554.2799999999999,41.019999999999996,44.14,0.0,0.0,480.09000000000003,17.09,239.89000000000004,62.0,0.0,3080.1600000000003,39.81
United States,Oklahoma,Canola,2013,spring,142.3,0.0,3.0,311.82,64.97,116.22,0.0,1.0,732.5000000000001,31.14,529.88,26.0,0.0,2911.82,89.53,189.32000000000002,0.0,4.0,832.9499999999999,64.97,209.25,0.0,0.0,419.8499999999999,89.53,389.83000000000004,26.0,0.0,2703.3400000000006,63.16
United States,Oklahoma,Canola,2014,spring,11.259999999999998,0.0,1.0,399.46000000000004,7.109999999999999,67.99000000000001,5.0,0.0,851.42,25.71,390.52,41.0,0.0,2816.6800000000003,61.44,34.42,1.0,1.0,762.7199999999999,9.76,55.849999999999994,4.0,0.0,502.11999999999995,25.71,379.5,41.0,0.0,2802.7200000000003,61.44
United States,Oklahoma,Canola,2015,spring,57.71999999999999,0.0,0.0,343.5300000000001,32.97,406.01,0.0,0.0,626.8499999999999,95.06000000000002,404.53,8.0,0.0,2873.9900000000002,65.6,115.62,0.0,0.0,625.7600000000001,45.9,369.06,0.0,0.0,421.0,95.06000000000002,383.58,8.0,0.0,2797.61,65.6
United States,Oklahoma,Canola,2016,spring,117.41,0.0,0.0,370.59000000000003,75.07000000000001,95.49999999999999,0.0,0.0,771.0799999999999,26.65,346.11,20.0,0.0,2903.5,39.93,159.95000000000002,0.0,0.0,744.0,75.07000000000001,65.9,0.0,0.0,492.71000000000004,26.65,333.17,20.0,0.0,2808.46,39.92999999999999
United States,Oklahoma,Canola,2017,spring,66.37,0.0,0.0,367.15999999999997,30.029999999999998,197.03000000000003,0.0,0.0,786.9399999999999,60.70000000000001,362.1,32.0,0.0,2883.5600000000004,68.8,190.34000000000003,0.0,0.0,678.85,60.7,75.31,0.0,0.0,588.73,41.93,359.85,32.0,0.0,2770.08,68.8
United States,Oklahoma,Canola,2018,spring,2.8699999999999997,0.0,7.0,396.84000000000003,1.92,140.87,0.0,0.0,828.78,39.05,503.33,32.0,0.0,2794.87,82.8,88.36000000000001,0.0,7.0,848.6899999999999,39.05,55.62,0.0,0.0,465.49,18.66,503.09,32.0,0.0,2706.3100000000004,82.8
United States,Oklahoma,Canola,2019,spring,77.52,0.0,0.0,386.72,41.8,350.07000000000005,0.0,0.0,668.3000000000002,86.14,399.96999999999997,15.0,0.0,2918.34,38.050000000000004,179.82,0.0,0.0,657.2900000000001,41.8,269.12,0.0,0.0,463.65999999999997,86.14,378.62,15.0,0.0,2852.41,38.050000000000004
United States,Oklahoma,Canola,2020,spring,19.970000000000002,0.0,3.0,329.12,17.200000000000003,126.13,0.0,0.0,779.73,30.189999999999998,358.31,24.0,0.0,2957.81,72.92,61.05,0.0,3.0,750.96,30.189999999999998,89.65,0.0,0.0,525.07,29.85,353.71,24.0,0.0,2790.6299999999997,72.92
United States,Oklahoma,Canola,2021,spring,36.580000000000005,0.0,0.0,380.20000000000005,26.810000000000002,126.55000000000003,0.0,1.0,620.88,32.41,415.03,27.0,0.0,2885.84,101.87,103.86,0.0,1.0,734.2300000000001,28.7,132.96,0.0,0.0,439.32000000000005,41.01,341.34000000000003,27.0,0.0,2713.3699999999994,101.87
United States,Oklahoma,Canola,2022,spring,21.169999999999998,0.0,0.0,404.15,17.26,226.23999999999998,2.0,0.0,742.1599999999999,89.86,289.49,66.0,0.0,3034.8500000000004,95.97,131.18,0.0,0.0,684.25,78.91,116.22999999999999,2.0,0.0,462.06,89.86,289.49,66.0,0.0,3034.8500000000004,95.97
United States,Oklahoma,Canola,2023,spring,15.43,0.0,0.0,450.53999999999996,10.95,179.34000000000003,0.0,0.0,675.5599999999998,57.86,395.68999999999994,50.0,0.0,2949.7200000000003,98.88,98.52,0.0,0.0,761.0500000000001,54.04,106.9,0.0,0.0,435.7,57.86,385.03999999999996,50.0,0.0,2879.0699999999997,98.88
United States,Oklahoma,Canola,2024,spring,32.74,0.0,0.0,388.90000000000003,16.84,175.93,0.0,0.0,774.6700000000001,43.150000000000006,306.46000000000004,52.0,0.0,2913.5,92.32999999999998,97.16,0.0,0.0,632.58,39.58,109.75000000000001,0.0,0.0,480.32000000000005,43.150000000000006,308.22,52.0,0.0,2964.17,92.32999999999998
United States,Oklahoma,Canola,2025,spring,90.86000000000001,0.0,0.0,358.38,45.1,280.39,0.0,0.0,742.92,91.42,440.71000000000004,12.0,0.0,2753.7,57.39,280.13,0.0,0.0,641.6600000000001,91.42,115.18,0.0,0.0,511.81,54.27,416.65,12.0,0.0,2701.53,57.39
United States,South Dakota,Wheat,1990,spring,151.79000000000002,0.0,22.0,1464.48,33.41,59.22999999999999,0.0,0.0,332.73,32.7,148.27000000000004,17.0,0.0,2082.59,18.919999999999998,152.65000000000003,0.0,22.0,1489.71,33.41,58.629999999999995,1.0,0.0,362.37,32.7,148.01000000000002,16.0,0.0,2027.7199999999998,18.919999999999998
United States,South Dakota,Wheat,1991,spring,310.3,0.0,10.0,1277.09,61.88,21.42,0.0,0.0,351.22,16.14,135.51999999999998,18.0,0.0,2099.2999999999997,26.58,306.24,0.0,10.0,1176.52,61.8,24.820000000000004,0.0,0.0,380.33,16.14,136.18,18.0,0.0,2170.76,26.58
United States,South Dakota,Wheat,1992,spring,68.24000000000001,2.0,11.0,1387.67,23.43,76.82000000000001,0.0,0.0,294.81999999999994,51.53,267.93,2.0,0.0,1841.28,40.59,49.85,2.0,11.0,1319.7600000000002,14.68,94.13000000000001,0.0,0.0,303.02,51.53,269.01,2.0,0.0,1900.99,40.59
United States,South Dakota,Wheat,1993,spring,176.70000000000002,0.0,14.0,1330.4699999999998,24.87,69.77,0.0,0.0,310.75,33.05,226.08,1.0,0.0,1896.8899999999999,36.91,185.40000000000003,0.0,14.0,1411.3300000000002,24.87,76.24,0.0,0.0,375.14000000000004,33.05,210.91,1.0,0.0,1751.64,36.91
United States,South Dakota,Wheat,1994,spring,119.93,0.0,17.0,1452.2600000000002,25.21,33.5,0.0,0.0,307.1,15.52,193.94,8.0,0.0,2044.7000000000003,70.66,94.7,0.0,17.0,1381.0,21.76,53.86,0.0,0.0,309.31,25.21,198.80999999999997,8.0,0.0,2113.7500000000005,70.66
United States,South Dakota,Wheat,1995,spring,283.49,0.0,19.0,1241.7500000000002,44.480000000000004,54.84,0.0,0.0,370.41999999999996,45.9,143.57,11.0,1.0,2075.6600000000003,23.1,290.81,0.0,19.0,1490.28,44.480000000000004,58.56,0.0,0.0,372.95,45.89999999999999,132.53000000000003,11.0,1.0,1824.6,23.1
United States,South Dakota,Wheat,1996,spring,164.15000000000003,0.0,21.0,1254.5900000000004,46.7,28.6,0.0,0.0,334.34000000000003,13.81,253.89000000000001,7.0,0.0,2089.2599999999998,92.31,179.55,0.0,21.0,1400.61,46.7,16.81,2.0,0.0,339.44999999999993,8.38,250.28000000000003,5.0,0.0,1938.1299999999999,92.30999999999999
United States,South Dakota,Wheat,1997,spring,214.64999999999998,0.0,17.0,1386.6299999999999,47.6,46.42999999999999,0.0,0.0,342.15999999999997,26.79,224.0,2.0,0.0,2016.28,31.22,243.87000000000003,0.0,17.0,1541.42,47.6,46.03,0.0,0.0,367.35999999999996,27.31,195.18,2.0,0.0,1836.29,24.759999999999998
United States,South Dakota,Wheat,1998,spring,154.67999999999998,0.0,9.0,1413.3600000000001,44.75,60.08,0.0,0.0,329.06999999999994,32.129999999999995,145.36999999999998,16.0,0.0,2093.2200000000003,24.5,126.98,0.0,9.0,1397.2400000000002,33.14,90.79,0.0,0.0,370.67,32.129999999999995,142.35999999999999,16.0,0.0,2067.7400000000002,24.5
United States,South Dakota,Wheat,1999,spring,244.28000000000003,0.0,9.0,1382.2,54.989999999999995,24.61,0.0,0.0,310.05,9.73,263.56,16.0,0.0,2030.8799999999999,75.91,244.94000000000003,0.0,9.0,1396.57,54.989999999999995,24.700000000000003,0.0,0.0,353.61999999999995,9.73,262.81,16.0,0.0,1972.94,75.91
United States,South Dakota,Wheat,2000,spring,146.48,2.0,14.0,1422.2499999999998,36.6,40.449999999999996,0.0,0.0,330.61,23.35,126.65,19.0,0.0,2056.5599999999995,24.389999999999997,144.94,0.0,14.0,1361.3099999999997,36.6,40.809999999999995,2.0,0.0,366.26,23.35,127.83,19.0,0.0,2081.85,24.389999999999997
United States,South Dakota,Wheat,2001,spring,194.70000000000002,0.0,9.0,1379.88,43.400000000000006,32.32,1.0,0.0,353.52,20.830000000000002,156.2,32.0,0.0,2125.3499999999995,38.87,191.39000000000001,0.0,9.0,1332.24,43.400000000000006,35.63,1.0,0.0,401.16,20.83,156.2,32.0,0.0,2125.3499999999995,38.87
United States,South Dakota,Wheat,2002,spring,62.769999999999996,1.0,16.0,1472.17,16.37,37.08,1.0,0.0,331.7300000000001,28.71,188.91000000000003,32.0,0.0,2016.67,30.599999999999998,62.839999999999996,1.0,16.0,1497.3000000000002,16.37,40.11000000000001,2.0,0.0,331.58000000000004,28.71,185.81000000000003,31.0,0.0,1991.6899999999998,30.599999999999998
United States,South Dakota,Wheat,2003,spring,165.23,0.0,9.0,1275.71,35.839999999999996,16.43,0.0,0.0,345.17,7.83,142.3,24.0,0.0,2156.22,40.220000000000006,161.34,0.0,9.0,1255.19,35.839999999999996,17.310000000000002,0.0,0.0,349.37,8.08,145.31000000000003,24.0,0.0,2172.54,43.22
United States,South Dakota,Wheat,2004,spring,134.89,0.0,9.0,1468.04,27.819999999999997,41.989999999999995,0.0,0.0,329.32,31.41,296.09,10.0,0.0,2051.31,53.88999999999999,115.52000000000001,0.0,9.0,1385.25,27.819999999999997,61.36,0.0,0.0,412.11,47.980000000000004,296.09,10.0,0.0,2051.31,53.88999999999999
United States,South Dakota,Wheat,2005,spring,196.04000000000002,0.0,11.0,1390.65,40.559999999999995,64.59,1.0,0.0,332.98,51.25,120.71,26.0,0.0,2186.54,14.64,190.24,0.0,11.0,1342.46,40.559999999999995,70.35999999999999,0.0,0.0,352.03,51.25,120.74,27.0,0.0,2215.6800000000003,14.64
United States,South Dakota,Wheat,2006,spring,67.58,3.0,4.0,1488.59,12.67,22.990000000000002,2.0,0.0,328.0,10.77,198.66,29.0,0.0,2021.8300000000002,37.83,55.15,2.0,4.0,1243.78,12.67,14.3,2.0,0.0,323.0,8.52,219.78,30.0,0.0,2271.6400000000003,37.83
United States,South Dakota,Wheat,2007,spring,225.43999999999997,0.0,16.0,1456.05,52.779999999999994,87.31000000000002,0.0,0.0,327.74000000000007,50.49,161.29,15.0,0.0,2044.6399999999996,40.34,216.02999999999997,0.0,16.0,1381.8,52.779999999999994,96.61,0.0,0.0,345.78,50.49,161.4,15.0,0.0,2100.8499999999995,40.34
United States,South Dakota,Wheat,2008,spring,208.51,0.0,20.0,1341.73,50.519999999999996,22.0,0.0,0.0,358.48,8.48,221.53,7.0,0.0,2136.6099999999997,48.55,215.33,0.0,20.0,1489.04,50.519999999999996,44.84,0.0,0.0,395.68000000000006,25.099999999999998,191.87000000000003,7.0,0.0,1952.1000000000004,48.55
United States,South Dakota,Wheat,2009,spring,105.90999999999998,1.0,15.0,1457.6,22.590000000000003,25.48,0.0,0.0,318.46000000000004,12.03,219.97,3.0,0.0,2074.6399999999994,34.1,111.21000000000001,1.0,15.0,1561.9399999999998,22.590000000000003,42.51,0.0,0.0,354.67999999999995,21.61,197.63999999999996,3.0,0.0,1934.08,34.1
United States,South Dakota,Wheat,2010,spring,187.12,0.0,6.0,1404.12,34.44,106.84,0.0,0.0,328.66,51.3,218.72000000000003,13.0,0.0,2065.45,36.02,186.38000000000002,0.0,6.0,1358.1799999999998,34.44,107.63000000000001,0.0,0.0,404.8,51.3,218.67000000000002,13.0,0.0,2035.25,36.02
United States,South Dakota,Wheat,2011,spring,185.3,1.0,15.0,1296.42,39.92999999999999,156.24999999999997,0.0,0.0,295.34999999999997,109.72,202.13,11.0,0.0,2153.42,28.46,215.73,1.0,15.0,1400.01,39.92999999999999,156.01,0.0,0.0,360.46000000000004,109.72,171.94,11.0,0.0,1984.72,19.67
United States,South Dakota,Wheat,2012,spring,185.97000000000003,1.0,2.0,1443.6299999999994,42.14,35.17,1.0,0.0,378.14,18.55,54.42,34.0,0.0,2137.71,9.89,168.58999999999997,1.0,2.0,1256.72,42.14,33.0,0.0,0.0,377.34000000000003,14.39,73.97,35.0,0.0,2325.4199999999996,18.549999999999997
United States,South Dakota,Wheat,2013,spring,217.79000000000002,0.0,26.0,1311.3899999999999,44.51,55.95,0.0,0.0,340.68,32.03,162.07000000000002,13.0,0.0,2026.6699999999998,30.919999999999998,235.35999999999999,0.0,26.0,1486.7499999999998,44.51,41.55,0.0,0.0,345.16,32.03,158.9,13.0,0.0,1846.83,30.919999999999998
United States,South Dakota,Wheat,2014,spring,161.81,0.0,14.0,1400.7899999999997,49.559999999999995,61.74,0.0,0.0,334.28,21.3,188.48,4.0,0.0,1964.73,25.439999999999998,166.69,0.0,14.0,1451.3600000000001,49.559999999999995,66.66999999999999,0.0,0.0,359.15999999999997,21.3,178.67,4.0,0.0,1889.28,25.439999999999998
United States,South Dakota,Wheat,2015,spring,175.26999999999998,1.0,10.0,1373.9099999999999,52.32,89.34,0.0,0.0,315.81,33.910000000000004,186.0,13.0,0.0,2054.92,48.68000000000001,175.26999999999998,0.0,10.0,1318.0099999999998,52.32,87.95,1.0,0.0,355.53000000000003,33.910000000000004,187.39000000000001,13.0,0.0,2071.1,48.68000000000001
United States,South Dakota,Wheat,2016,spring,184.28999999999996,1.0,10.0,1519.91,51.81,40.03,2.0,0.0,382.89000000000004,29.25,185.86,16.0,0.0,2108.01,33.669999999999995,183.95999999999998,0.0,10.0,1460.98,51.81,34.65,3.0,0.0,352.2699999999999,29.25,191.57,16.0,0.0,2197.5600000000004,33.669999999999995
United States,South Dakota,Wheat,2017,spring,82.0,2.0,7.0,1489.53,21.86,62.31,0.0,0.0,354.05999999999995,40.739999999999995,181.58000000000004,15.0,0.0,2076.0900000000006,45.099999999999994,81.73,1.0,7.0,1385.4299999999998,21.86,45.59,1.0,0.0,350.99,40.739999999999995,198.57000000000002,15.0,0.0,2183.2600000000007,45.1
United States,South Dakota,Wheat,2018,spring,130.0,3.0,20.0,1488.4299999999996,26.04,49.66,1.0,0.0,291.81,26.730000000000004,182.52,14.0,0.0,1985.76,42.2,108.3,3.0,20.0,1409.2699999999998,26.04,67.53,1.0,0.0,306.18000000000006,26.730000000000004,186.35,14.0,0.0,2050.5499999999997,42.2
United States,South Dakota,Wheat,2019,spring,241.17,0.0,12.0,1289.2500000000005,44.1,40.83,0.0,0.0,314.14000000000004,34.74,360.09000000000003,1.0,0.0,1948.3799999999999,57.65,243.69000000000003,0.0,12.0,1420.42,44.1,47.93,1.0,0.0,352.39000000000004,34.74,350.47,0.0,0.0,1778.96,57.65
United States,South Dakota,Wheat,2020,spring,143.82,0.0,20.0,1414.9499999999998,39.69,17.910000000000004,2.0,0.0,370.98999999999995,14.25,158.73000000000002,10.0,0.0,2093.35,25.02,143.82,0.0,20.0,1443.4599999999998,39.69,17.920000000000005,2.0,0.0,370.30999999999995,14.25,158.72,10.0,0.0,2065.52,25.02
United States,South Dakota,Wheat,2021,spring,84.39000000000001,3.0,13.0,1449.7099999999998,28.33,26.540000000000003,4.0,0.0,373.29999999999995,18.89,227.18,21.0,0.0,1979.51,43.279999999999994,81.53000000000002,3.0,13.0,1397.6899999999998,28.33,25.91,3.0,0.0,317.54999999999995,19.5,230.67,22.0,0.0,2087.28,43.279999999999994
United States,South Dakota,Wheat,2022,spring,194.58999999999995,0.0,21.0,1369.1399999999996,52.89,49.53999999999999,3.0,0.0,383.87000000000006,35.96,166.25999999999996,21.0,0.0,2162.7899999999995,38.2,230.1,0.0,21.0,1464.7499999999998,52.89,21.73,4.0,0.0,402.34999999999997,7.84,158.55999999999997,20.0,0.0,2048.7,38.2
United States,South Dakota,Wheat,2023,spring,106.88,1.0,15.0,1542.0500000000002,19.860000000000003,38.31,2.0,0.0,329.09,18.99,276.54,15.0,0.0,1960.7200000000003,56.97,95.52,0.0,15.0,1396.5,19.860000000000003,25.22,1.0,0.0,363.5299999999999,13.98,300.99,17.0,0.0,2071.83,56.97
United States,South Dakota,Wheat,2024,spring,158.13,0.0,9.0,1438.7599999999998,38.06,73.02000000000001,0.0,0.0,292.67,50.629999999999995,176.77,14.0,0.0,2002.86,39.99000000000001,154.44,0.0,9.0,1373.6899999999998,38.06,67.9,0.0,0.0,303.59,44.330000000000005,185.57999999999998,14.0,0.0,2057.0099999999998,39.99000000000001
United States,South Dakota,Wheat,2025,spring,187.65,2.0,9.0,1397.8899999999999,58.28,39.62,3.0,0.0,344.09999999999997,23.650000000000002,265.37,15.0,0.0,1922.88,66.66,186.28,2.0,9.0,1322.7399999999998,58.28,38.82,2.0,0.0,332.90999999999997,23.650000000000002,267.53999999999996,16.0,0.0,2009.2200000000003,66.66
United States,South Dakota,Barley,1990,spring,157.95000000000002,0.0,22.0,1540.24,33.41,59.46999999999999,4.0,0.0,450.13,32.7,141.87,13.0,0.0,1889.4299999999998,18.919999999999998,158.19000000000003,0.0,22.0,1569.3700000000001,33.41,54.339999999999996,2.0,0.0,312.22999999999996,32.7,146.76000000000002,15.0,0.0,1998.1999999999998,18.919999999999998
United States,South Dakota,Barley,1991,spring,310.4700000000001,0.0,10.0,1366.4699999999998,61.88,45.88999999999999,1.0,0.0,427.61,22.6,110.88,17.0,0.0,1933.5300000000002,26.58,310.01,0.0,10.0,1250.51,61.88,21.310000000000002,0.0,0.0,328.64,16.14,135.92000000000002,18.0,0.0,2148.46,26.58
United States,South Dakota,Barley,1992,spring,68.31,2.0,11.0,1468.7,23.43,100.74000000000001,0.0,0.0,374.83000000000004,51.53,243.94,2.0,0.0,1680.24,40.59,68.24000000000001,2.0,11.0,1387.67,23.43,76.82000000000001,0.0,0.0,294.81999999999994,51.53,267.93,2.0,0.0,1841.28,40.59
United States,South Dakota,Barley,1993,spring,185.40000000000003,0.0,14.0,1411.3300000000002,24.87,83.17999999999999,0.0,0.0,397.35,33.05,203.97,1.0,0.0,1729.43,36.91,212.08000000000004,0.0,14.0,1506.21,26.000000000000004,61.88,0.0,0.0,319.05,19.32,198.59,1.0,0.0,1712.85,36.91
United States,South Dakota,Barley,1994,spring,123.63,0.0,17.0,1520.8899999999999,25.21,32.99,0.0,0.0,445.38999999999993,15.52,190.75,8.0,0.0,1837.7800000000002,70.66,119.91000000000001,0.0,17.0,1424.7900000000002,25.21,33.3,0.0,0.0,307.07,15.52,194.16,8.0,0.0,2072.2,70.66
United States,South Dakota,Barley,1995,spring,288.61,0.0,19.0,1318.36,44.480000000000004,49.93000000000001,0.0,0.0,450.63,45.9,143.36,11.0,1.0,1918.8399999999997,23.1,319.0,0.0,19.0,1565.42,44.480000000000004,32.03999999999999,0.0,0.0,354.19,19.34,130.86,11.0,1.0,1768.2199999999998,23.1
United States,South Dakota,Barley,1996,spring,165.74,0.0,21.0,1341.4499999999998,46.7,31.269999999999996,2.0,0.0,425.01,13.81,249.63000000000002,5.0,0.0,1911.73,92.31,183.65,0.0,21.0,1493.54,46.7,13.360000000000001,2.0,0.0,272.92,8.38,249.63000000000002,5.0,0.0,1911.73,92.31
United States,South Dakota,Barley,1997,spring,241.44000000000003,0.0,17.0,1434.57,47.6,48.46000000000001,0.0,0.0,474.21,27.31,195.18,2.0,0.0,1836.29,24.759999999999998,254.02999999999997,0.0,17.0,1627.1,47.6,46.81,0.0,0.0,317.86,31.22,184.23999999999998,2.0,0.0,1800.1100000000001,24.759999999999998
United States,South Dakota,Barley,1998,spring,158.41,0.0,9.0,1491.89,44.75,64.64999999999999,0.0,0.0,434.99999999999994,32.129999999999995,137.07,16.0,0.0,1908.76,24.5,157.2,0.0,9.0,1465.67,44.75,64.1,0.0,0.0,332.33,32.129999999999995,138.82999999999998,16.0,0.0,2037.6499999999999,24.5
United States,South Dakota,Barley,1999,spring,246.62000000000003,0.0,9.0,1440.08,54.989999999999995,55.03000000000001,0.0,0.0,408.24,29.11,230.79999999999998,16.0,0.0,1874.8100000000002,75.91,252.04000000000005,0.0,9.0,1487.76,54.989999999999995,30.810000000000002,0.0,0.0,310.64,13.91,249.60000000000002,16.0,0.0,1924.7300000000002,75.91
United States,South Dakota,Barley,2000,spring,154.95000000000002,2.0,14.0,1499.05,36.6,52.42999999999999,0.0,0.0,415.4,23.35,106.2,19.0,0.0,1894.97,24.389999999999997,149.25,2.0,14.0,1450.0799999999997,36.6,37.68,0.0,0.0,302.78000000000003,23.35,126.65,19.0,0.0,2056.5599999999995,24.389999999999997
United States,South Dakota,Barley,2001,spring,201.56,0.0,9.0,1455.3700000000001,43.400000000000006,36.879999999999995,6.0,0.0,443.04,15.14,144.77999999999997,27.0,0.0,1960.3400000000001,38.87,194.84,0.0,9.0,1410.63,43.400000000000006,32.4,2.0,0.0,351.44999999999993,20.83,155.98000000000002,31.0,0.0,2096.6699999999996,38.87
United States,South Dakota,Barley,2002,spring,62.95999999999999,1.0,16.0,1546.3,16.37,40.04,7.0,0.0,455.4,28.71,185.76000000000002,26.0,0.0,1818.87,30.599999999999998,63.22999999999999,1.0,16.0,1595.71,16.37,39.72,3.0,0.0,257.41999999999996,28.71,185.81,30.0,0.0,1967.4399999999998,30.599999999999998
United States,South Dakota,Barley,2003,spring,169.50000000000003,0.0,9.0,1347.38,35.839999999999996,56.099999999999994,0.0,0.0,433.94,43.220000000000006,98.36,24.0,0.0,1995.7800000000002,17.58,169.50000000000003,0.0,9.0,1347.38,35.839999999999996,45.68000000000001,0.0,0.0,285.96,38.11,108.78,24.0,0.0,2143.7599999999998,17.58
United States,South Dakota,Barley,2004,spring,166.29999999999998,0.0,9.0,1536.3999999999999,47.980000000000004,34.8,0.0,0.0,449.13,18.98,271.86999999999995,10.0,0.0,1863.1399999999996,53.88999999999999,134.89,0.0,9.0,1468.04,27.819999999999997,43.32,0.0,0.0,387.73,31.41,294.76,10.0,0.0,1992.9000000000003,53.88999999999999
United States,South Dakota,Barley,2005,spring,222.66999999999996,0.0,11.0,1456.08,40.559999999999995,46.32,1.0,0.0,440.2,25.83,112.34999999999998,26.0,0.0,2013.89,14.64,222.28999999999996,0.0,11.0,1427.49,40.559999999999995,38.34,1.0,0.0,296.14,26.139999999999997,120.71,26.0,0.0,2186.54,14.64
United States,South Dakota,Barley,2006,spring,68.39,3.0,4.0,1540.5000000000002,12.67,24.3,4.0,0.0,461.20000000000005,10.77,196.54,27.0,0.0,1836.72,37.83,55.51,2.0,4.0,1327.97,12.67,15.68,3.0,0.0,287.53,8.52,218.04,29.0,0.0,2222.92,37.83
United States,South Dakota,Barley,2007,spring,251.26999999999995,0.0,16.0,1524.67,52.779999999999994,61.620000000000005,1.0,0.0,468.32000000000005,28.99,161.15,14.0,0.0,1835.4399999999998,40.34,227.23999999999998,0.0,16.0,1486.4099999999999,52.779999999999994,85.51,0.0,0.0,297.38,50.49,161.29,15.0,0.0,2044.6399999999996,40.34
United States,South Dakota,Barley,2008,spring,214.56000000000003,0.0,20.0,1407.3999999999999,50.519999999999996,45.61,0.0,0.0,477.32000000000005,25.099999999999998,191.87000000000003,7.0,0.0,1952.1000000000004,48.55,221.79,0.0,20.0,1596.38,50.519999999999996,39.33,0.0,0.0,330.38000000000005,25.099999999999998,190.92000000000002,7.0,0.0,1910.0600000000002,48.55
United States,South Dakota,Barley,2009,spring,108.08,1.0,15.0,1513.1699999999998,22.590000000000003,48.94,0.0,0.0,463.08,21.61,194.33999999999997,3.0,0.0,1874.4499999999998,34.1,121.47,1.0,15.0,1627.98,22.590000000000003,35.55,0.0,0.0,319.20000000000005,21.61,194.33999999999997,3.0,0.0,1903.52,34.1
United States,South Dakota,Barley,2010,spring,238.42,0.0,6.0,1454.54,51.3,61.6,1.0,0.0,473.41999999999996,33.44,212.66000000000003,12.0,0.0,1870.27,36.02,221.64,0.0,6.0,1446.04,35.06,74.76,0.0,0.0,344.11,33.44,216.28000000000003,13.0,0.0,2008.08,36.02
United States,South Dakota,Barley,2011,spring,201.33999999999997,1.0,15.0,1361.34,39.92999999999999,170.4,0.0,0.0,399.13000000000005,109.72,171.94,11.0,0.0,1984.72,19.67,231.54999999999998,1.0,15.0,1511.17,39.92999999999999,155.29999999999998,0.0,0.0,287.08000000000004,109.72,156.82999999999998,11.0,0.0,1946.94,19.67
United States,South Dakota,Barley,2012,spring,193.69,1.0,2.0,1517.26,42.14,31.29,2.0,0.0,465.92,18.55,50.58,33.0,0.0,1976.3,9.89,170.74,1.0,2.0,1334.5899999999997,42.14,30.85,1.0,0.0,326.29999999999995,14.39,73.97,34.0,0.0,2298.59,18.549999999999997
United States,South Dakota,Barley,2013,spring,234.49,0.0,26.0,1384.8099999999997,44.51,42.42,0.0,0.0,447.1,32.03,158.9,13.0,0.0,1846.83,30.919999999999998,241.4,0.0,26.0,1569.37,44.51,35.510000000000005,0.0,0.0,289.41999999999996,32.03,158.9,13.0,0.0,1819.95,30.919999999999998
United States,South Dakota,Barley,2014,spring,166.69,0.0,14.0,1483.15,49.559999999999995,86.78,0.0,0.0,419.38000000000005,22.68,158.55999999999997,4.0,0.0,1797.27,25.439999999999998,187.6,0.0,14.0,1547.1800000000003,49.559999999999995,65.56,0.0,0.0,298.51,22.68,158.86999999999998,4.0,0.0,1854.11,25.439999999999998
United States,South Dakota,Barley,2015,spring,179.57,1.0,10.0,1435.79,52.32,92.04,0.0,0.0,418.9200000000001,33.910000000000004,179.00000000000003,13.0,0.0,1889.9300000000003,48.68000000000001,178.29999999999998,1.0,10.0,1387.7699999999998,52.32,86.56,0.0,0.0,329.07,33.910000000000004,185.75,13.0,0.0,2027.8000000000002,48.68000000000001
United States,South Dakota,Barley,2018,spring,142.87,3.0,20.0,1570.4900000000002,26.04,61.48000000000001,1.0,0.0,360.84000000000003,26.730000000000004,157.83,14.0,0.0,1834.67,42.2,130.0,3.0,20.0,1488.4299999999996,26.04,46.04,1.0,0.0,270.63,26.730000000000004,186.14,14.0,0.0,2006.94,42.2
United States,South Dakota,Barley,2019,spring,243.17000000000002,0.0,12.0,1361.64,44.1,52.15,1.0,0.0,433.49999999999994,34.74,346.77000000000004,0.0,0.0,1756.6299999999999,57.65,246.38,0.0,12.0,1520.8300000000002,44.1,68.41,1.0,0.0,287.94,34.739999999999995,327.3,0.0,0.0,1743.0000000000002,57.65
United States,South Dakota,Barley,2020,spring,143.82,0.0,20.0,1505.3799999999999,39.69,32.74,3.0,0.0,445.8,14.25,143.9,9.0,0.0,1928.1100000000001,25.02,143.82,0.0,20.0,1535.9199999999998,39.69,26.660000000000004,2.0,0.0,289.76000000000005,14.25,149.98,10.0,0.0,2053.61,25.02
United States,South Dakota,Barley,2021,spring,103.28000000000002,3.0,13.0,1539.03,28.33,15.88,4.0,0.0,448.42,7.890000000000001,218.95,21.0,0.0,1815.0699999999997,43.279999999999994,84.39000000000001,3.0,13.0,1449.7099999999998,28.33,25.600000000000005,3.0,0.0,285.91999999999996,18.89,228.12,22.0,0.0,2066.89,43.279999999999994
United States,South Dakota,Barley,2022,spring,214.51,0.0,21.0,1443.0199999999998,52.89,37.75,5.0,0.0,507.8,22.83,158.12999999999997,19.0,0.0,1964.98,38.2,237.36,0.0,21.0,1578.8199999999997,52.89,14.469999999999999,4.0,0.0,319.35999999999996,7.84,158.55999999999997,20.0,0.0,2017.6200000000001,38.2
United States,South Dakota,Barley,2023,spring,114.01000000000002,1.0,15.0,1616.82,19.860000000000003,88.00999999999999,2.0,0.0,412.10999999999996,49.0,219.71000000000006,15.0,0.0,1802.9300000000003,56.97,100.02,0.0,15.0,1473.8400000000001,19.860000000000003,20.72,2.0,0.0,316.03999999999996,13.98,300.99,16.0,0.0,2041.98,56.97
United States,South Dakota,Barley,2024,spring,165.86,0.0,9.0,1519.77,38.06,88.77,0.0,0.0,379.56,50.629999999999995,153.29,14.0,0.0,1834.9599999999998,39.99000000000001,164.2,0.0,9.0,1462.8399999999997,38.06,66.95,0.0,0.0,268.59000000000003,50.629999999999995,176.77,14.0,0.0,2002.86,39.99000000000001
United States,South Dakota,Barley,2025,spring,194.72,3.0,9.0,1464.9599999999998,58.28,69.99,2.0,0.0,449.36,23.650000000000002,227.93,15.0,0.0,1750.55,66.66,187.65,3.0,9.0,1427.53,58.28,39.32,2.0,0.0,283.57,23.650000000000002,265.6700000000001,15.0,0.0,1953.7700000000002,66.66
United States,South Dakota,Oats,1990,spring,146.09,0.0,22.0,1368.6999999999998,33.41,61.599999999999994,0.0,0.0,322.84,32.7,151.60000000000002,17.0,0.0,2188.2599999999998,18.919999999999998,125.60999999999997,0.0,22.0,1250.6699999999998,33.41,82.08,0.0,0.0,470.39,32.7,151.6,17.0,0.0,2158.74,18.919999999999998
United States,South Dakota,Oats,1991,spring,308.66,0.0,10.0,1185.1299999999999,61.88,22.400000000000002,0.0,0.0,371.72,16.14,136.18,18.0,0.0,2170.76,26.58,168.18,0.0,10.0,993.28,58.27,158.25,0.0,0.0,426.35,61.88,140.81,18.0,0.0,2307.98,26.58
United States,South Dakota,Oats,1992,spring,49.85,2.0,11.0,1319.7600000000002,14.68,91.27999999999999,0.0,0.0,261.73999999999995,51.53,271.86,2.0,0.0,1942.27,40.59,34.339999999999996,2.0,11.0,1061.07,14.68,97.72,0.0,0.0,457.59,51.53,280.93,2.0,0.0,2005.1099999999997,40.59
United States,South Dakota,Oats,1993,spring,155.23999999999998,0.0,14.0,1250.6599999999999,24.87,75.96000000000001,0.0,0.0,289.09999999999997,33.05,241.35,1.0,0.0,1998.35,36.91,155.16,0.0,14.0,1207.82,24.87,91.71000000000001,0.0,0.0,460.91,33.05,225.68,1.0,0.0,1869.38,36.91
United States,South Dakota,Oats,1994,spring,94.7,0.0,17.0,1381.0,21.76,51.8,0.0,0.0,285.76,25.21,200.86999999999998,8.0,0.0,2137.3000000000006,70.66,79.52999999999999,0.0,17.0,1133.45,21.76,55.62,0.0,0.0,469.7400000000001,25.21,212.22000000000003,8.0,0.0,2200.8700000000003,70.66
United States,South Dakota,Oats,1995,spring,233.84,0.0,19.0,1187.64,44.480000000000004,57.64,0.0,0.0,332.87,35.57,190.42,11.0,1.0,2167.32,45.9,285.19,0.0,19.0,1259.1400000000003,44.480000000000004,53.35,0.0,0.0,468.06000000000006,45.9,143.36,11.0,1.0,1960.6299999999997,23.1
United States,South Dakota,Oats,1996,spring,163.81000000000003,0.0,21.0,1149.2900000000002,46.7,19.840000000000003,0.0,0.0,344.25,13.81,262.99,7.0,0.0,2184.65,92.31,164.15000000000003,0.0,21.0,1193.3900000000003,46.7,29.44,0.0,0.0,437.97,13.81,253.05,7.0,0.0,2046.8300000000002,92.31
United States,South Dakota,Oats,1997,spring,214.61999999999998,0.0,17.0,1271.0,47.6,39.41,0.0,0.0,356.09999999999997,26.79,231.05,2.0,0.0,2117.9700000000003,31.22,214.61999999999998,0.0,17.0,1299.95,47.6,47.82999999999999,0.0,0.0,505.36,26.79,222.63,2.0,0.0,1939.7600000000002,31.22
United States,South Dakota,Oats,1998,spring,108.7,0.0,9.0,1357.89,33.14,90.72,0.0,0.0,269.73999999999995,44.75,160.70999999999998,16.0,0.0,2208.0200000000013,24.5,99.41,0.0,9.0,1131.17,33.14,100.00999999999999,0.0,0.0,496.46000000000004,44.75,160.70999999999998,16.0,0.0,2208.0200000000013,24.5
United States,South Dakota,Oats,1999,spring,239.04000000000002,0.0,9.0,1284.8899999999999,54.989999999999995,25.459999999999997,0.0,0.0,311.61,9.73,267.95,16.0,0.0,2126.63,75.91,194.94000000000003,0.0,9.0,1176.6799999999998,54.989999999999995,71.96,0.0,0.0,470.35,42.0,265.55,16.0,0.0,2076.1000000000004,75.91
United States,South Dakota,Oats,2000,spring,144.94,0.0,14.0,1303.9899999999998,36.6,37.94,2.0,0.0,340.64,23.35,130.7,19.0,0.0,2164.7899999999995,24.389999999999997,130.28000000000003,0.0,14.0,1149.5500000000002,36.6,50.57000000000001,2.0,0.0,447.7,23.35,132.73,19.0,0.0,2212.17,24.389999999999997
United States,South Dakota,Oats,2001,spring,190.36,0.0,9.0,1286.07,43.400000000000006,35.279999999999994,0.0,0.0,335.21000000000004,20.83,157.57999999999998,33.0,0.0,2237.4699999999993,38.87,147.72000000000003,0.0,9.0,1117.8899999999999,43.400000000000006,77.80000000000001,0.0,0.0,474.59999999999997,23.29,157.7,33.0,0.0,2266.26,38.87
United States,South Dakota,Oats,2002,spring,58.57999999999999,0.0,16.0,1385.67,16.37,8.459999999999999,1.0,0.0,325.82000000000005,4.17,221.72000000000006,33.0,0.0,2109.0800000000004,30.599999999999998,54.599999999999994,0.0,16.0,1297.66,16.37,20.86,1.0,0.0,433.83000000000004,11.219999999999999,213.30000000000007,33.0,0.0,2089.08,30.599999999999998
United States,South Dakota,Oats,2003,spring,158.54,0.0,9.0,1197.1200000000001,35.839999999999996,12.729999999999999,0.0,0.0,342.95000000000005,8.08,152.69000000000003,24.0,0.0,2237.0299999999993,43.220000000000006,143.6,0.0,9.0,1070.1200000000001,35.839999999999996,27.629999999999995,0.0,0.0,437.71999999999997,9.690000000000001,152.73000000000002,24.0,0.0,2269.26,43.220000000000006
United States,South Dakota,Oats,2004,spring,115.52000000000001,0.0,9.0,1385.25,27.819999999999997,59.910000000000004,0.0,0.0,310.81,47.980000000000004,297.53999999999996,10.0,0.0,2152.6100000000006,53.88999999999999,94.28999999999999,0.0,9.0,1195.6299999999999,27.819999999999997,80.84000000000002,0.0,0.0,434.45,47.980000000000004,297.8399999999999,10.0,0.0,2218.59,53.88999999999999
United States,South Dakota,Oats,2005,spring,173.32999999999998,0.0,11.0,1285.6,40.559999999999995,76.67,0.0,0.0,341.21,51.25,131.34,27.0,0.0,2283.3599999999997,14.640000000000002,132.29999999999998,0.0,11.0,1143.5,40.559999999999995,117.54999999999998,0.0,0.0,457.85,51.25,131.49,27.0,0.0,2308.82,14.64
United States,South Dakota,Oats,2006,spring,59.13999999999999,3.0,4.0,1405.71,12.67,23.54,2.0,0.0,298.33,8.44,206.54999999999998,29.0,0.0,2134.38,37.83,44.86,0.0,4.0,1041.97,12.67,21.4,3.0,0.0,423.53,8.52,222.96999999999997,31.0,0.0,2372.92,37.83
United States,South Dakota,Oats,2007,spring,212.90999999999997,0.0,16.0,1357.31,52.779999999999994,91.79,0.0,0.0,319.39,50.49,169.34,15.0,0.0,2151.7299999999996,40.34,161.85,0.0,16.0,1182.61,52.779999999999994,135.62,0.0,0.0,409.14000000000004,50.49,176.57,15.0,0.0,2236.6799999999994,40.34
United States,South Dakota,Oats,2008,spring,203.3,0.0,20.0,1250.01,50.339999999999996,18.490000000000002,0.0,0.0,346.36999999999995,6.049999999999999,230.24999999999997,7.0,0.0,2240.44,48.55,169.9,0.0,20.0,1247.18,47.58,65.17,0.0,0.0,511.29999999999995,38.21,216.97,7.0,0.0,2078.34,48.55
United States,South Dakota,Oats,2009,spring,77.46999999999998,1.0,15.0,1410.68,14.190000000000001,45.04,0.0,0.0,268.14000000000004,21.44,228.85,3.0,0.0,2171.8799999999997,34.1,74.65,1.0,15.0,1317.7599999999998,14.190000000000001,56.740000000000016,0.0,0.0,458.30000000000007,22.59,219.97,3.0,0.0,2074.6399999999994,34.1
United States,South Dakota,Oats,2010,spring,184.08,0.0,6.0,1320.59,34.44,72.46,0.0,0.0,304.14,51.300000000000004,256.14,13.0,0.0,2173.5,36.02,151.37,0.0,6.0,1125.5700000000002,34.44,105.16999999999999,0.0,0.0,499.16,51.3,256.14,13.0,0.0,2173.5,36.02
United States,South Dakota,Oats,2011,spring,183.48999999999998,0.0,15.0,1210.16,39.92999999999999,62.519999999999996,1.0,0.0,321.39,27.38,297.66999999999996,11.0,0.0,2213.6399999999994,95.53999999999999,183.48999999999998,0.0,15.0,1181.5800000000002,39.92999999999999,171.54,1.0,0.0,461.91,109.72,188.64999999999998,11.0,0.0,2101.7,19.67
United States,South Dakota,Oats,2012,spring,170.74,1.0,2.0,1334.5899999999997,42.14,38.13,1.0,0.0,375.50999999999993,14.39,66.69000000000001,34.0,0.0,2249.38,11.92,138.10999999999999,0.0,2.0,1033.56,42.14,49.029999999999994,1.0,0.0,459.4,15.64,88.42,35.0,0.0,2466.5200000000004,18.55
United States,South Dakota,Oats,2013,spring,199.14000000000001,0.0,26.0,1227.62,44.51,42.26,0.0,0.0,341.75,18.580000000000002,194.41000000000003,13.0,0.0,2109.3700000000003,32.03,202.81,0.0,26.0,1280.4399999999998,44.51,73.09000000000002,0.0,0.0,415.92,32.03,159.91,13.0,0.0,1982.3799999999999,30.919999999999998
United States,South Dakota,Oats,2014,spring,153.87,0.0,14.0,1322.55,49.559999999999995,54.809999999999995,0.0,0.0,299.46000000000004,21.3,203.34999999999997,4.0,0.0,2077.7899999999995,25.439999999999998,135.66,0.0,14.0,1222.0,49.559999999999995,87.67,0.0,0.0,485.67,21.3,188.69999999999996,4.0,0.0,1992.1299999999999,25.439999999999998
United States,South Dakota,Oats,2015,spring,170.83999999999997,0.0,10.0,1276.8299999999997,52.32,69.22999999999999,1.0,0.0,307.03000000000003,32.52,210.54000000000002,13.0,0.0,2160.78,48.68000000000001,149.9,0.0,10.0,1105.36,52.32,59.190000000000005,1.0,0.0,438.6,27.689999999999998,241.51999999999998,13.0,0.0,2200.68,48.68000000000001
United States,South Dakota,Oats,2016,spring,183.95999999999998,0.0,10.0,1401.94,51.81,34.65,3.0,0.0,382.26,29.25,191.57000000000002,16.0,0.0,2226.61,33.669999999999995,167.55999999999997,0.0,10.0,1204.2500000000002,51.81,46.28,2.0,0.0,499.90999999999997,29.25,196.34000000000003,17.0,0.0,2306.65,33.669999999999995
United States,South Dakota,Oats,2017,spring,81.73,1.0,7.0,1385.4299999999998,21.86,45.59,1.0,0.0,350.99,40.739999999999995,198.57000000000002,15.0,0.0,2183.2600000000007,45.1,80.33000000000001,0.0,7.0,1127.8000000000002,21.86,42.709999999999994,2.0,0.0,492.12,40.739999999999995,202.85000000000002,15.0,0.0,2299.7600000000007,45.1
United States,South Dakota,Oats,2018,spring,105.05,3.0,20.0,1387.4999999999998,26.04,70.08,1.0,0.0,314.40000000000003,26.730000000000004,187.05,14.0,0.0,2064.0999999999995,42.2,101.48,2.0,20.0,1187.09,26.04,46.03,2.0,0.0,454.19,21.7,214.67,14.0,0.0,2124.72,42.2
United States,South Dakota,Oats,2019,spring,235.97,0.0,12.0,1191.2400000000002,44.1,18.13,0.0,0.0,340.57,8.27,387.99000000000007,1.0,0.0,2019.9599999999998,57.65,235.97,0.0,12.0,1191.2400000000002,44.1,48.42,0.0,0.0,472.04,34.74,357.70000000000005,1.0,0.0,1888.4899999999998,57.65
United States,South Dakota,Oats,2020,spring,102.06,0.0,20.0,1348.32,29.860000000000003,56.769999999999996,2.0,0.0,342.71000000000004,39.69,161.63000000000002,10.0,0.0,2188.2599999999998,25.02,97.83,0.0,20.0,1276.1599999999999,29.860000000000003,61.00000000000001,2.0,0.0,414.87000000000006,39.69,161.63000000000002,10.0,0.0,2188.2599999999998,25.02
United States,South Dakota,Oats,2021,spring,81.47000000000001,2.0,13.0,1339.87,28.33,25.970000000000006,4.0,0.0,375.37,19.5,230.67,22.0,0.0,2087.28,43.279999999999994,81.39999999999999,0.0,13.0,1168.0300000000002,28.33,25.57,5.0,0.0,443.09000000000003,19.5,231.14,23.0,0.0,2191.4,43.279999999999994
United States,South Dakota,Oats,2022,spring,181.36999999999998,0.0,21.0,1301.1999999999998,52.89,56.79,2.0,0.0,336.02,35.96,172.23,22.0,0.0,2278.5799999999995,38.2,176.39,0.0,21.0,1293.5299999999997,52.89,67.60000000000001,2.0,0.0,431.12999999999994,35.96,166.39999999999998,22.0,0.0,2191.1399999999994,38.2
United States,South Dakota,Oats,2023,spring,100.02,0.0,15.0,1446.45,19.860000000000003,20.72,2.0,0.0,343.42999999999995,13.98,300.99,16.0,0.0,2041.98,56.97,80.36,0.0,15.0,1220.11,19.860000000000003,33.65,1.0,0.0,424.37,13.98,307.71999999999997,17.0,0.0,2187.3799999999997,56.97
United States,South Dakota,Oats,2024,spring,154.44,0.0,9.0,1341.7399999999998,38.06,26.05,0.0,0.0,317.79,10.790000000000003,227.43,14.0,0.0,2074.76,50.629999999999995,146.51000000000002,0.0,9.0,1156.4900000000002,38.06,23.189999999999998,0.0,0.0,450.99999999999994,7.730000000000001,238.21999999999997,14.0,0.0,2126.7999999999997,50.629999999999995
United States,South Dakota,Oats,2025,spring,185.93,2.0,9.0,1303.0099999999998,58.28,38.71,1.0,0.0,323.81,23.650000000000002,268.0,17.0,0.0,2038.05,66.66,175.51999999999998,2.0,9.0,1105.2599999999998,58.28,26.310000000000002,1.0,0.0,441.47,8.24,290.81,17.0,0.0,2118.14,66.66
United States,Texas,Wheat,1990,winter,345.97,10.0,29.0,3466.1899999999996,37.71,145.37000000000003,0.0,0.0,462.4299999999999,65.01,51.0,31.0,0.0,1165.8299999999997,16.150000000000002,99.79999999999998,10.0,18.0,1780.0200000000002,25.759999999999998,26.52,0.0,6.0,370.32000000000005,13.649999999999999,416.02000000000004,31.0,5.0,2944.1099999999997,67.19
United States,Texas,Wheat,1991,winter,465.83000000000004,4.0,26.0,3445.16,42.120000000000005,110.27000000000001,0.0,0.0,450.49999999999994,47.57,165.05,4.0,0.0,1058.5600000000002,48.2,258.85,4.0,4.0,1544.9499999999996,42.120000000000005,100.45000000000002,0.0,17.0,398.79,33.64,381.85,4.0,5.0,3010.48,48.20000000000001
United States,Texas,Wheat,1992,winter,869.99,0.0,29.0,3393.84,179.98000000000002,59.69,0.0,0.0,492.03,32.33,246.68999999999997,0.0,0.0,986.34,48.29,474.0,0.0,14.0,1546.0300000000002,179.98000000000002,197.84,0.0,11.0,463.23999999999995,89.83,504.53000000000003,0.0,4.0,2862.94,60.56
United States,Texas,Wheat,1993,winter,502.32,8.0,33.0,3321.6799999999994,79.65,82.85,0.0,0.0,454.69,43.39,155.93,3.0,0.0,1054.4199999999998,36.38,219.04000000000002,8.0,10.0,1572.16,79.65,60.58,0.0,13.0,309.76,17.419999999999998,461.48,3.0,10.0,2948.8700000000003,43.39
United States,Texas,Wheat,1994,winter,384.78,2.0,38.0,3469.3999999999996,51.26,152.37,1.0,0.0,377.30000000000007,61.36,83.19000000000001,13.0,0.0,1194.7899999999997,23.740000000000002,235.39,2.0,16.0,1621.4099999999999,51.26,41.08,0.0,14.0,474.59000000000003,23.07,343.87,14.0,8.0,2945.49,61.36
United States,Texas,Wheat,1995,winter,567.2599999999999,5.0,19.0,3235.7599999999998,52.1,55.81,2.0,0.0,461.31000000000006,42.52,177.35000000000002,5.0,0.0,1093.7799999999997,59.58,257.02,5.0,0.0,1359.8700000000001,40.15,104.42999999999999,0.0,9.0,386.26,50.42,438.96999999999997,7.0,10.0,3044.7200000000003,59.58
United States,Texas,Wheat,1996,winter,254.09,10.0,39.0,3733.25,27.06,56.90000000000001,3.0,0.0,512.3299999999999,30.37,118.12999999999998,29.0,0.0,1171.6999999999998,31.41,131.7,7.0,0.0,1531.1599999999999,27.06,24.699999999999996,0.0,19.0,441.87,19.599999999999998,272.71999999999997,35.0,20.0,3444.25,31.41
United States,Texas,Wheat,1997,winter,651.8199999999999,0.0,38.0,3308.3199999999997,62.139999999999986,108.76,0.0,0.0,454.37,59.42,224.04,0.0,0.0,1032.03,75.66000000000001,270.0,0.0,5.0,1518.7800000000002,58.66,75.67999999999999,0.0,25.0,505.02,40.459999999999994,638.94,0.0,8.0,2770.92,75.66
United States,Texas,Wheat,1998,winter,542.3699999999999,18.0,26.0,3644.92,72.09,11.839999999999998,7.0,0.0,567.8,10.85,73.61,32.0,0.0,1144.2500000000002,33.29,178.58999999999997,18.0,10.0,1562.32,35.89,130.38,0.0,7.0,372.31,68.67,318.85,39.0,9.0,3422.34,72.09
United States,Texas,Wheat,1999,winter,520.26,13.0,21.0,3438.31,80.19,78.69,0.0,0.0,491.24999999999994,48.11,127.18,8.0,0.0,1004.9200000000001,34.459999999999994,335.53,11.0,0.0,1329.22,80.19,54.779999999999994,0.0,17.0,422.53,42.41,335.82000000000005,10.0,4.0,3182.7299999999996,48.11
United States,Texas,Wheat,2000,winter,296.02,18.0,13.0,3763.59,35.040000000000006,51.35,5.0,0.0,525.67,40.58,159.87000000000006,15.0,0.0,997.0600000000001,36.66,64.77,17.0,0.0,1504.79,27.670000000000005,39.510000000000005,0.0,4.0,384.99,26.130000000000003,402.96000000000004,21.0,9.0,3396.54,40.58
United States,Texas,Wheat,2001,winter,622.7099999999999,14.0,38.0,3022.2999999999997,97.00999999999999,64.37,0.0,0.0,502.08,45.08,68.63,12.0,0.0,1152.4,24.729999999999997,347.15999999999997,14.0,16.0,1465.8699999999997,97.00999999999999,103.0,0.0,20.0,529.25,29.25,305.54999999999995,12.0,2.0,2681.66,45.08
United States,Texas,Wheat,2002,winter,430.19000000000005,1.0,37.0,3528.35,92.36,7.340000000000001,8.0,0.0,463.09999999999997,3.9699999999999998,162.33,11.0,0.0,1072.41,65.08,261.82,0.0,2.0,1493.5699999999997,92.36,45.15,0.0,18.0,502.45,26.509999999999998,292.89,20.0,17.0,3067.8399999999997,65.08
United States,Texas,Wheat,2003,winter,446.86,3.0,25.0,3359.33,58.86,12.769999999999998,9.0,0.0,458.97,6.949999999999999,174.88000000000002,9.0,0.0,1053.56,72.53999999999999,287.07,3.0,2.0,1472.1,58.86,48.04,0.0,13.0,488.48,19.22,299.4,18.0,10.0,2911.2799999999997,72.53999999999999
United States,Texas,Wheat,2004,winter,526.23,1.0,24.0,3236.05,58.12,50.58999999999999,0.0,0.0,451.22999999999996,22.36,239.13000000000002,6.0,0.0,965.8499999999999,103.66000000000001,199.96,1.0,3.0,1390.1299999999999,49.919999999999995,8.53,0.0,9.0,408.5200000000001,6.63,607.46,6.0,12.0,2854.48,103.65999999999998
United States,Texas,Wheat,2005,winter,542.5899999999999,1.0,18.0,3365.2799999999997,85.21,55.26999999999999,0.0,0.0,450.2100000000001,34.32,86.44999999999999,21.0,0.0,1123.3700000000001,45.94,336.03,1.0,2.0,1340.52,85.21,31.189999999999998,0.0,10.0,375.86000000000007,11.22,317.09000000000003,21.0,6.0,3222.4800000000005,45.940000000000005
United States,Texas,Wheat,2006,winter,242.93,22.0,16.0,3706.19,34.760000000000005,125.64000000000003,0.0,0.0,504.02000000000004,56.42,67.94,16.0,0.0,1214.6699999999996,41.050000000000004,58.739999999999995,18.0,1.0,1438.91,15.75,10.979999999999999,0.0,9.0,408.28999999999996,8.25,366.78999999999996,20.0,6.0,3577.6799999999994,56.42000000000001
United States,Texas,Wheat,2007,winter,537.09,4.0,37.0,3389.54,74.57,95.27999999999999,0.0,0.0,437.07,54.489999999999995,390.5400000000001,0.0,0.0,912.6300000000001,106.44000000000003,171.18,4.0,7.0,1585.49,43.56,79.05,0.0,6.0,351.51,33.120000000000005,772.6800000000001,0.0,24.0,2802.2400000000002,106.44000000000003
United States,Texas,Wheat,2008,winter,283.19000000000005,0.0,33.0,3620.3100000000004,51.25000000000001,118.22,1.0,0.0,519.71,68.57000000000001,37.08,32.0,0.0,1194.8899999999999,14.84,132.79,0.0,3.0,1501.7,51.25000000000001,16.36,0.0,14.0,461.03999999999996,7.68,289.34,33.0,16.0,3372.17,68.57000000000001
United States,Texas,Wheat,2009,winter,288.39,2.0,23.0,3833.5099999999998,83.11,89.36999999999999,1.0,0.0,353.26,61.830000000000005,83.51,19.0,0.0,1156.48,25.66,90.69,2.0,3.0,1640.89,34.64,13.919999999999998,0.0,8.0,384.24,9.75,356.65999999999997,20.0,12.0,3318.12,83.11
United States,Texas,Wheat,2010,winter,719.85,2.0,52.0,3248.39,84.61,17.12,0.0,0.0,484.86,13.34,86.39000000000001,15.0,0.0,1079.16,33.05,430.63,2.0,28.0,1711.51,84.61,158.57,0.0,20.0,494.14,70.83,234.15999999999997,15.0,4.0,2606.76,33.589999999999996
United States,Texas,Wheat,2011,winter,296.70000000000005,8.0,33.0,3830.7400000000002,128.98,51.03,6.0,0.0,502.04999999999995,37.11,36.31999999999999,36.0,0.0,1226.8000000000002,21.93,187.42000000000002,1.0,2.0,1643.1299999999999,128.98,73.23,0.0,12.0,425.59,36.36,123.4,49.0,19.0,3490.87,37.11
United States,Texas,Wheat,2012,winter,494.21999999999997,17.0,16.0,3642.3,89.87,101.18999999999998,6.0,0.0,450.2100000000001,41.349999999999994,50.91,19.0,0.0,1162.33,25.740000000000002,143.62,17.0,1.0,1567.03,89.87,97.60000000000001,0.0,8.0,367.24,42.21,405.1,25.0,7.0,3320.57,69.91
United States,Texas,Wheat,2013,winter,323.4599999999999,8.0,30.0,3707.5,68.17,60.400000000000006,0.0,0.0,492.8999999999999,32.22,76.77,20.0,0.0,1077.33,38.03,132.14999999999998,8.0,0.0,1497.3099999999997,44.69,55.31,0.0,15.0,374.96000000000004,40.13,273.1700000000001,20.0,15.0,3405.4600000000005,38.03
United States,Texas,Wheat,2014,winter,362.84999999999997,8.0,53.0,3493.67,71.49,64.03,2.0,0.0,553.7900000000001,48.95,172.11,2.0,0.0,1017.01,87.44,286.28999999999996,8.0,18.0,1538.23,71.49,32.85,0.0,27.0,638.15,27.8,279.85,4.0,8.0,2888.09,87.44
United States,Texas,Wheat,2015,winter,437.19,8.0,38.0,3228.6700000000005,51.05,106.77999999999999,0.0,0.0,417.79,47.55,239.65,0.0,0.0,1030.74,78.59,223.27999999999997,8.0,7.0,1513.5200000000002,51.05,76.57000000000001,0.0,15.0,394.7800000000001,35.29,483.77000000000004,0.0,16.0,2768.9,78.59
United States,Texas,Wheat,2016,winter,623.52,16.0,19.0,3620.5400000000004,140.35000000000002,76.46000000000001,0.0,0.0,500.81999999999994,31.76,183.82,2.0,0.0,1007.33,55.400000000000006,264.39000000000004,16.0,2.0,1384.25,140.35000000000002,92.27999999999999,0.0,1.0,315.8,51.73,527.1300000000001,2.0,16.0,3428.640000000001,69.71
United States,Texas,Wheat,2017,winter,483.19000000000005,2.0,12.0,3518.16,66.84,7.109999999999999,0.0,0.0,528.7800000000001,3.77,164.28,12.0,0.0,1029.78,41.73,193.04000000000002,2.0,0.0,1396.7599999999998,66.84,39.209999999999994,0.0,7.0,289.45,29.61,422.33000000000004,12.0,5.0,3390.5099999999998,45.13
United States,Texas,Wheat,2018,winter,276.65,10.0,28.0,3556.25,64.62,70.96000000000001,0.0,0.0,515.78,53.24,59.699999999999996,35.0,0.0,1194.64,28.75,93.47,10.0,0.0,1462.1000000000001,33.08,41.730000000000004,0.0,12.0,364.81,19.980000000000004,272.11,35.0,16.0,3439.76,64.62
United States,Texas,Wheat,2019,winter,768.0899999999999,2.0,28.0,3209.69,170.88,116.57000000000001,0.0,0.0,433.4799999999999,58.459999999999994,123.39,3.0,0.0,1029.8799999999999,24.259999999999998,585.54,2.0,9.0,1505.02,170.88,46.35999999999999,0.0,10.0,410.84000000000003,29.38,376.15,3.0,9.0,2757.1899999999996,58.459999999999994
United States,Texas,Wheat,2020,winter,414.25,34.0,15.0,3340.26,62.239999999999995,66.16999999999999,2.0,0.0,554.4300000000001,38.769999999999996,106.44999999999999,7.0,0.0,1164.6400000000003,38.849999999999994,90.88999999999999,34.0,5.0,1447.2900000000002,16.99,14.84,0.0,4.0,337.21999999999997,8.969999999999999,481.14,9.0,6.0,3274.8199999999997,62.239999999999995
United States,Texas,Wheat,2021,winter,358.12,5.0,29.0,3478.8500000000004,59.080000000000005,106.94999999999999,0.0,0.0,387.35,69.35,181.35,7.0,0.0,986.9400000000002,40.7,186.60999999999996,4.0,3.0,1514.99,59.080000000000005,75.8,0.0,15.0,464.65999999999997,47.0,384.01,8.0,11.0,2873.49,69.35
United States,Texas,Wheat,2022,winter,224.07999999999998,14.0,32.0,3822.84,49.59,20.07,10.0,0.0,492.87000000000006,12.43,90.63000000000002,35.0,0.0,1191.1800000000003,41.72,162.45,11.0,0.0,1518.1799999999998,49.59,5.46,0.0,1.0,237.87,5.12,166.87,48.0,31.0,3750.84,41.72
United States,Texas,Wheat,2023,winter,317.47,10.0,22.0,3496.9300000000003,58.620000000000005,91.58000000000001,1.0,0.0,445.99,30.57,88.73,22.0,0.0,1085.14,25.29,190.67000000000002,9.0,1.0,1508.7600000000002,58.620000000000005,11.969999999999999,0.0,7.0,300.77,5.55,295.14,24.0,14.0,3218.5299999999997,30.57
United States,Texas,Wheat,2024,winter,473.84000000000003,19.0,14.0,3539.4800000000005,88.35,176.9,0.0,0.0,356.39,59.11,137.59,18.0,0.0,1103.37,44.34,223.19000000000003,18.0,0.0,1339.52,88.35,23.080000000000002,0.0,1.0,320.34999999999997,10.24,542.0600000000001,19.0,13.0,3339.3699999999994,59.11
United States,Texas,Wheat,2025,winter,271.6,18.0,28.0,3660.29,39.300000000000004,45.97,4.0,0.0,460.15000000000003,22.06,195.21,17.0,0.0,1117.6599999999999,59.43,82.12,17.0,0.0,1333.1099999999997,39.300000000000004,17.990000000000002,0.0,0.0,315.9,7.480000000000001,412.66999999999996,22.0,28.0,3589.09,59.43
United States,Texas,Barley,1990,spring,234.53000000000003,15.0,0.0,1585.08,67.19,2.27,17.0,0.0,498.63999999999993,1.25,239.00999999999996,30.0,0.0,1906.4200000000003,46.33,190.53,0.0,0.0,924.1600000000001,67.19,18.17,4.0,0.0,239.42000000000002,16.150000000000002,267.11000000000007,58.0,0.0,2826.5600000000004,46.33
United States,Texas,Barley,1991,spring,264.3,2.0,0.0,1539.51,47.57,65.75,3.0,0.0,464.33,48.199999999999996,226.02,33.0,0.0,1910.9600000000003,26.099999999999998,163.78999999999996,0.0,0.0,906.78,47.57,24.22,1.0,0.0,231.59,16.93,368.05999999999995,37.0,0.0,2776.43,48.2
United States,Texas,Barley,1992,spring,300.38999999999993,0.0,0.0,1523.93,48.29,48.65,0.0,0.0,453.30999999999995,29.15,121.75,17.0,0.0,2059.4,23.979999999999997,135.74,0.0,0.0,1017.1099999999999,41.28,108.36000000000001,0.0,0.0,227.54999999999998,40.47,226.69,17.0,0.0,2791.9799999999996,29.149999999999995
United States,Texas,Barley,1993,spring,210.31,3.0,0.0,1611.19,43.39,86.99000000000001,0.0,0.0,432.37000000000006,36.38,95.71,52.0,0.0,2131.14,51.25999999999999,142.92,0.0,0.0,1060.93,43.39,28.79,0.0,0.0,288.64,16.09,221.3,55.0,0.0,2825.13,51.25999999999999
United States,Texas,Barley,1994,spring,239.79,5.0,0.0,1640.2500000000002,61.36,15.18,10.0,0.0,496.17,9.17,144.04,52.0,0.0,2071.3500000000004,20.28,171.78,1.0,0.0,912.13,61.36,27.33,0.0,0.0,303.68,23.740000000000002,199.89999999999998,66.0,0.0,2991.9600000000005,20.28
United States,Texas,Barley,1995,spring,284.36,4.0,0.0,1622.78,59.58,39.86000000000001,3.0,0.0,458.51,34.54,191.75,41.0,0.0,1962.4099999999999,50.64,146.53,2.0,0.0,963.36,52.1,42.75,1.0,0.0,274.07,19.85,326.69,45.0,0.0,2806.2700000000004,59.58
United States,Texas,Barley,1996,spring,213.99,20.0,0.0,1786.5499999999997,31.41,15.59,15.0,0.0,477.52000000000004,9.74,306.5,32.0,0.0,1927.26,54.47,111.32999999999998,4.0,0.0,1037.09,30.37,0.81,10.0,0.0,280.1,0.76,423.93999999999994,53.0,0.0,2874.14,54.47
United States,Texas,Barley,1997,spring,305.24,0.0,2.0,1516.3500000000001,63.06,94.53,0.0,0.0,447.44000000000005,75.66000000000001,71.18,61.0,0.0,2123.6200000000003,18.31,206.52000000000004,0.0,2.0,1017.1299999999999,63.06,20.549999999999997,0.0,0.0,308.78000000000003,11.329999999999998,243.88,61.0,0.0,2761.5,75.66000000000001
United States,Texas,Barley,1998,spring,98.38999999999999,23.0,0.0,1845.8700000000001,33.29,1.7699999999999998,17.0,0.0,504.18,1.42,228.33000000000004,50.0,0.0,2002.5900000000001,44.21,26.369999999999997,7.0,0.0,1181.9999999999998,10.85,21.39,6.0,0.0,208.38,21.33,280.73,77.0,0.0,2962.26,44.209999999999994
United States,Texas,Barley,1999,spring,177.96,7.0,0.0,1623.71,48.11,44.19,4.0,0.0,396.45,27.28,77.50999999999999,55.0,0.0,2138.8900000000003,39.84,94.67,2.0,0.0,938.64,48.11,19.59,0.0,0.0,254.09000000000003,10.3,185.39999999999998,64.0,0.0,2966.3199999999997,39.839999999999996
United States,Texas,Oats,1990,spring,209.70000000000002,4.0,0.0,1187.49,67.19,24.830000000000002,17.0,0.0,568.0999999999999,15.450000000000003,241.28,41.0,0.0,2234.55,46.33,170.57,0.0,0.0,681.0799999999999,67.19,21.29,1.0,0.0,360.19,14.559999999999999,283.95000000000005,61.0,0.0,2948.87,46.33
United States,Texas,Oats,1991,spring,188.35999999999999,1.0,0.0,1222.7500000000002,47.57,124.48999999999998,1.0,0.0,466.34999999999997,48.2,243.22,36.0,0.0,2225.7,26.099999999999998,103.24000000000001,0.0,0.0,656.07,38.8,67.32,0.0,0.0,366.94,33.07,385.51,38.0,0.0,2891.79,48.2
United States,Texas,Oats,1992,spring,200.2,0.0,0.0,1175.4299999999998,48.29,100.29,0.0,0.0,518.05,40.47,170.29999999999998,17.0,0.0,2343.1600000000003,29.15,59.52,0.0,0.0,792.01,19.040000000000003,130.19,0.0,0.0,337.88,48.29,281.08,17.0,0.0,2906.7500000000005,40.47
United States,Texas,Oats,1993,spring,169.72000000000003,0.0,0.0,1262.5199999999998,43.39,58.779999999999994,3.0,0.0,491.01000000000005,34.28,164.51,52.0,0.0,2421.17,51.25999999999999,135.07,0.0,0.0,757.0900000000001,43.39,24.219999999999995,0.0,0.0,461.79999999999995,16.09,233.72,55.0,0.0,2955.8099999999995,51.25999999999999
United States,Texas,Oats,1994,spring,215.23000000000002,1.0,0.0,1242.04,61.36,29.5,4.0,0.0,552.7600000000001,14.6,154.27999999999997,62.0,0.0,2412.9700000000003,20.28,57.540000000000006,1.0,0.0,728.3800000000001,29.990000000000002,115.19999999999999,0.0,0.0,367.80999999999995,61.36,226.26999999999998,66.0,0.0,3111.58,23.740000000000002
United States,Texas,Oats,1995,spring,220.52000000000004,3.0,0.0,1252.88,52.1,64.41,1.0,0.0,531.1899999999999,32.980000000000004,231.04,44.0,0.0,2259.63,50.64,98.57000000000001,0.0,0.0,741.6400000000001,52.1,64.6,3.0,0.0,391.83,42.519999999999996,352.80000000000007,45.0,0.0,2910.2299999999996,59.58
United States,Texas,Oats,1996,spring,142.70999999999998,16.0,0.0,1406.3500000000001,30.37,74.84,10.0,0.0,548.4399999999999,31.41,318.53,41.0,0.0,2236.5400000000004,54.47,97.22000000000001,3.0,0.0,826.56,30.37,14.149999999999997,6.0,0.0,356.81,8.37,424.7099999999999,58.0,0.0,3007.96,54.47
United States,Texas,Oats,1997,spring,215.18,0.0,2.0,1169.7700000000004,63.06,99.70000000000002,0.0,0.0,505.88999999999993,57.08,156.07,61.0,0.0,2411.75,75.66000000000001,157.92000000000002,0.0,2.0,800.1099999999999,63.06,57.260000000000005,0.0,0.0,369.66,21.040000000000003,255.77,61.0,0.0,2917.6400000000003,75.66000000000001
United States,Texas,Oats,1998,spring,49.49999999999999,15.0,0.0,1469.81,22.709999999999997,49.04,14.0,0.0,544.87,33.29,229.95000000000002,61.0,0.0,2337.96,44.209999999999994,26.04,3.0,0.0,927.4999999999999,10.85,0.37,9.0,0.0,368.6,0.27999999999999997,302.08000000000004,78.0,0.0,3056.54,44.209999999999994
United States,Texas,Oats,1999,spring,156.42,2.0,0.0,1254.2,48.11,32.76,5.0,0.0,505.02,15.759999999999998,110.47999999999998,59.0,0.0,2399.8300000000004,39.84,43.519999999999996,2.0,0.0,653.9300000000001,24.85,61.53999999999999,0.0,0.0,399.54,48.11,194.59999999999997,64.0,0.0,3105.58,39.839999999999996
United States,Texas,Oats,2000,spring,150.46,12.0,0.0,1320.1799999999998,40.58,111.23,1.0,0.0,412.6100000000001,36.66,67.8,82.0,0.0,2491.7500000000005,27.81,95.82000000000001,1.0,0.0,716.2099999999998,40.58,37.949999999999996,6.0,0.0,340.66,29.04,195.72000000000003,88.0,0.0,3167.67,36.66
United States,Texas,Oats,2001,spring,112.67,1.0,0.0,1213.8700000000001,45.08,39.63,5.0,0.0,540.74,24.729999999999997,210.33,54.0,0.0,2422.4,47.47,55.849999999999994,0.0,0.0,611.0699999999999,26.46,44.96,0.0,0.0,394.55999999999995,25.86,261.82,60.0,0.0,3171.38,47.47
United States,Texas,Oats,2002,spring,80.49000000000001,9.0,0.0,1208.92,34.15,42.559999999999995,6.0,0.0,508.3299999999999,29.98,346.0,26.0,0.0,2272.6600000000003,104.55,26.299999999999997,5.0,0.0,552.3599999999999,19.31,6.5200000000000005,4.0,0.0,348.70000000000005,3.9699999999999998,436.22999999999996,32.0,0.0,3088.8500000000004,104.55
United States,Texas,Oats,2003,spring,53.48000000000001,11.0,0.0,1266.8700000000001,27.330000000000002,135.84000000000003,3.0,0.0,505.48,72.53999999999999,188.1,42.0,0.0,2263.350000000001,43.06,14.98,0.0,0.0,724.05,6.949999999999999,3.7100000000000004,9.0,0.0,296.72,2.53,358.73,47.0,0.0,3014.9300000000003,72.53999999999999
United States,Texas,Oats,2004,spring,176.72,2.0,0.0,1145.7800000000002,48.38999999999999,137.58,4.0,0.0,467.21,103.66000000000001,256.03000000000003,16.0,0.0,2251.01,55.48,156.68,0.0,0.0,692.9699999999999,48.38999999999999,19.25,0.0,0.0,332.44,15.96,394.4,22.0,0.0,2838.59,103.66000000000001
United States,Texas,Oats,2005,spring,116.44,5.0,0.0,1285.4200000000003,45.94,36.95,5.0,0.0,511.87999999999994,18.669999999999998,189.82999999999996,57.0,0.0,2306.09,55.660000000000004,41.489999999999995,0.0,0.0,829.1000000000001,16.52,25.45,4.0,0.0,367.25000000000006,17.96,276.28,63.0,0.0,2907.04,55.660000000000004
United States,Texas,Oats,2006,spring,165.28000000000003,6.0,0.0,1418.9500000000003,56.42,44.91,14.0,0.0,581.3100000000001,41.050000000000004,123.69999999999997,47.0,0.0,2376.2799999999997,22.73,77.69,4.0,0.0,698.3300000000002,39.14,85.53999999999999,1.0,0.0,447.39,56.42,170.65999999999997,62.0,0.0,3230.8199999999997,41.050000000000004
United States,Texas,Oats,2007,spring,257.16,0.0,1.0,1088.57,89.29,115.96,0.0,0.0,500.73999999999995,67.87,412.45,0.0,0.0,2105.46,106.44000000000001,106.77,0.0,1.0,688.52,54.489999999999995,144.00000000000003,0.0,0.0,355.63999999999993,89.29,534.8000000000001,0.0,0.0,2650.61,106.44000000000001
United States,Texas,Oats,2008,spring,164.82000000000002,6.0,0.0,1376.3899999999999,68.57000000000001,14.139999999999999,20.0,0.0,579.7699999999999,13.79,144.54000000000002,40.0,0.0,2342.000000000001,25.75,79.91,0.0,0.0,791.82,31.57,83.05000000000001,2.0,0.0,407.28000000000003,68.57000000000001,160.54,64.0,0.0,3099.0599999999995,25.75
United States,Texas,Oats,2009,spring,178.20000000000002,1.0,0.0,1232.5800000000002,61.83,44.57,9.0,0.0,536.39,25.66,252.37,60.0,0.0,2233.13,84.61,125.4,0.0,0.0,679.9800000000001,61.83,23.069999999999997,1.0,0.0,385.07,20.86,326.66999999999996,69.0,0.0,2937.0499999999997,84.61
United States,Texas,Oats,2010,spring,97.28999999999999,0.0,0.0,1222.6200000000001,33.589999999999996,22.93,9.0,0.0,511.0799999999999,16.41,331.71999999999997,46.0,0.0,2320.94,128.98,58.36,0.0,0.0,777.82,33.589999999999996,22.75,0.0,0.0,305.77,13.34,370.83000000000004,55.0,0.0,2971.05,128.98
United States,Texas,Oats,2011,spring,82.38000000000001,19.0,0.0,1391.78,37.11,0.28,21.0,0.0,599.09,0.27,51.91999999999999,86.0,0.0,2557.1099999999997,21.93,17.560000000000002,9.0,0.0,704.7299999999999,13.26,50.71,4.0,0.0,420.37000000000006,37.11,66.30999999999999,113.0,0.0,3422.88,21.93
United States,Texas,Oats,2012,spring,110.02,9.0,0.0,1334.6200000000001,41.349999999999994,46.24999999999999,8.0,0.0,509.28000000000003,25.740000000000002,220.48,53.0,0.0,2380.8699999999994,44.68999999999999,7.8900000000000015,3.0,0.0,688.73,3.38,101.16,3.0,0.0,382.48,41.349999999999994,267.7,64.0,0.0,3153.5600000000004,44.68999999999999
United States,Texas,Oats,2013,spring,149.98999999999998,1.0,0.0,1230.91,38.03,30.409999999999997,10.0,0.0,526.6,13.75,257.16,50.0,0.0,2343.58,84.78,56.6,0.0,0.0,787.8199999999999,33.89,79.24,1.0,0.0,357.33,32.21,301.72,60.0,0.0,2955.9399999999996,84.78
United States,Texas,Oats,2014,spring,187.52,2.0,0.0,1303.3899999999999,87.44,51.94,0.0,0.0,514.71,28.29,187.49999999999997,53.0,0.0,2250.13,51.05,24.860000000000003,1.0,0.0,775.6,11.07,63.97,1.0,0.0,411.76,48.95,338.13,53.0,0.0,2880.87,87.44
United States,Texas,Oats,2015,spring,325.31,0.0,0.0,1039.38,78.59,44.92,0.0,0.0,549.78,32.25,73.37,59.0,0.0,2440.26,15.82,66.44,0.0,0.0,631.4100000000001,27.85,120.56,0.0,0.0,270.27000000000004,47.55,256.6,59.0,0.0,3127.74,78.59
United States,Texas,Oats,2016,spring,282.67,0.0,0.0,1167.6999999999996,52.71,78.87,1.0,0.0,509.65,55.400000000000006,276.82000000000005,41.0,0.0,2375.4100000000008,78.41,140.25,0.0,0.0,742.3500000000001,49.35,100.75000000000001,0.0,0.0,322.18,52.71,397.36000000000007,42.0,0.0,2988.23,78.41
United States,Texas,Oats,2017,spring,163.20999999999998,1.0,0.0,1262.71,43.74,48.220000000000006,5.0,0.0,492.33,36.97,244.02999999999997,50.0,0.0,2309.6599999999994,61.0,85.18,0.0,0.0,731.41,43.74,49.830000000000005,0.0,0.0,361.95,41.73,320.45,56.0,0.0,2971.34,61.0
United States,Texas,Oats,2018,spring,102.25,7.0,0.0,1387.0000000000002,53.24,33.56,18.0,0.0,554.4799999999999,28.75,272.11,60.0,0.0,2290.8,45.18,66.7,0.0,0.0,793.4,53.24,33.46,2.0,0.0,371.8399999999999,19.330000000000002,307.76,83.0,0.0,3067.04,45.18
United States,Texas,Oats,2019,spring,230.21999999999997,0.0,0.0,1189.74,58.459999999999994,75.14999999999999,2.0,0.0,491.21,24.259999999999998,97.8,75.0,0.0,2458.1400000000003,18.99,161.67,0.0,0.0,732.95,58.459999999999994,66.25999999999999,0.0,0.0,359.55,38.23,175.24,77.0,0.0,3046.59,24.259999999999998
United States,Texas,Oats,2020,spring,190.41,3.0,0.0,1328.99,38.849999999999994,13.7,6.0,0.0,574.1999999999999,8.17,232.07999999999998,55.0,0.0,2286.89,59.080000000000005,76.62,2.0,0.0,735.15,27.09,64.17,1.0,0.0,423.5199999999999,38.769999999999996,295.4,61.0,0.0,3031.4100000000003,59.080000000000005
United States,Texas,Oats,2021,spring,214.72999999999996,1.0,0.0,1067.13,69.35,73.09,2.0,0.0,480.04999999999995,40.7,224.19999999999996,42.0,0.0,2310.0699999999993,49.59,101.45,1.0,0.0,663.29,69.35,80.0,0.0,0.0,299.3,30.12,330.57,44.0,0.0,2894.66,49.59
United States,Texas,Oats,2022,spring,81.08,21.0,0.0,1349.23,41.72,20.1,18.0,0.0,559.04,18.35,171.34000000000003,70.0,0.0,2468.87,44.33,21.42,3.0,0.0,658.6099999999999,7.37,13.869999999999997,9.0,0.0,337.86,12.43,237.23000000000002,97.0,0.0,3380.67,44.33
United States,Texas,Oats,2023,spring,182.59000000000003,2.0,0.0,1197.0399999999997,30.57,26.88,11.0,0.0,494.07,9.709999999999999,88.36999999999996,87.0,0.0,2498.69,38.34,60.57000000000001,1.0,0.0,685.8899999999999,18.73,86.00000000000001,1.0,0.0,343.10999999999996,30.57,151.26999999999998,98.0,0.0,3160.7999999999997,38.34
United States,Texas,Oats,2024,spring,273.85,4.0,0.0,1135.78,59.11,87.45,7.0,0.0,495.16,39.69,194.1,65.0,0.0,2413.4,80.47999999999999,106.95,1.0,0.0,603.1999999999999,28.13,122.29999999999998,0.0,0.0,283.54,55.61,326.15,75.0,0.0,3157.5999999999995,80.48
United States,Texas,Oats,2025,spring,195.48999999999998,9.0,0.0,1252.4900000000002,41.190000000000005,104.05,3.0,0.0,513.71,59.43,338.13,44.0,0.0,2286.7,125.82,73.72999999999999,1.0,0.0,631.92,24.88,39.57,5.0,0.0,351.37,22.06,524.37,50.0,0.0,3069.6099999999997,125.82
United States,Washington,Wheat,1990,winter,713.0300000000001,0.0,156.0,2178.37,82.5,49.69,0.0,6.0,392.02,24.78,117.11,0.0,0.0,829.7799999999999,16.77,879.8299999999999,0.0,162.0,3400.17,82.5,0.0,0.0,0.0,0.0,0.0,0.0,0.0,0.0,0.0,0.0
United States,Washington,Wheat,1991,winter,866.55,0.0,172.0,2131.5699999999997,79.13999999999999,34.78,0.0,8.0,366.98,14.24,108.08000000000001,0.0,2.0,838.26,30.870000000000005,1009.4100000000001,0.0,182.0,3336.8100000000004,79.13999999999999,0.0,0.0,0.0,0.0,0.0,0.0,0.0,0.0,0.0,0.0
United States,Washington,Wheat,1992,winter,609.05,0.0,160.0,2236.6899999999996,34.32,27.310000000000002,0.0,4.0,438.59000000000003,11.56,73.84,0.0,0.0,1016.78,39.0,710.2,0.0,164.0,3692.06,39.0,0.0,0.0,0.0,0.0,0.0,0.0,0.0,0.0,0.0,0.0
United States,Washington,Wheat,1993,winter,601.62,0.0,175.0,2046.83,37.18,49.690000000000005,0.0,5.0,362.56999999999994,12.84,97.41,0.0,0.0,857.5400000000001,20.419999999999998,748.72,0.0,180.0,3266.9399999999996,37.18,0.0,0.0,0.0,0.0,0.0,0.0,0.0,0.0,0.0,0.0
United States,Washington,Wheat,1994,winter,533.6400000000001,0.0,162.0,2158.6800000000003,44.06999999999999,33.59,0.0,6.0,390.89,9.739999999999998,70.44000000000001,0.0,0.0,880.1700000000002,12.83,637.67,0.0,168.0,3429.7400000000002,44.06999999999999,0.0,0.0,0.0,0.0,0.0,0.0,0.0,0.0,0.0,0.0
United States,Washington,Wheat,1995,winter,856.7,0.0,181.0,2148.3600000000006,56.629999999999995,46.42000000000001,0.0,3.0,367.03,16.229999999999997,48.37,0.0,0.0,998.3100000000001,14.04,951.49,0.0,184.0,3513.7,56.629999999999995,0.0,0.0,0.0,0.0,0.0,0.0,0.0,0.0,0.0,0.0
United States,Washington,Wheat,1996,winter,1038.3600000000001,0.0,159.0,1999.81,89.63,47.58,0.0,16.0,371.46999999999997,14.829999999999998,63.48,0.0,1.0,967.03,12.81,1149.42,0.0,176.0,3338.3099999999995,89.63,0.0,0.0,0.0,0.0,0.0,0.0,0.0,0.0,0.0,0.0
United States,Washington,Wheat,1997,winter,982.47,0.0,179.0,2063.9300000000003,73.78,28.130000000000003,0.0,5.0,461.62999999999994,10.93,84.08000000000003,0.0,0.0,965.45,15.33,1094.6799999999998,0.0,184.0,3491.0099999999998,73.78,0.0,0.0,0.0,0.0,0.0,0.0,0.0,0.0,0.0,0.0
United States,Washington,Wheat,1998,winter,698.99,0.0,173.0,2071.55,54.25999999999999,23.57,0.0,3.0,445.17999999999995,11.520000000000001,94.49,0.0,0.0,941.71,31.39,817.05,0.0,176.0,3458.44,54.25999999999999,0.0,0.0,0.0,0.0,0.0,0.0,0.0,0.0,0.0,0.0
United States,Washington,Wheat,1999,winter,834.74,0.0,173.0,2116.6,60.97,44.89,0.0,17.0,395.27000000000004,11.780000000000001,41.82,0.0,2.0,1031.9999999999998,11.59,921.45,0.0,192.0,3543.87,60.97,0.0,0.0,0.0,0.0,0.0,0.0,0.0,0.0,0.0,0.0
United States,Washington,Wheat,2000,winter,664.8200000000002,0.0,165.0,2211.86,38.96,35.87,0.0,11.0,416.94000000000005,13.5,62.290000000000006,0.0,0.0,981.1400000000001,21.130000000000003,762.98,0.0,176.0,3609.9399999999996,38.96,0.0,0.0,0.0,0.0,0.0,0.0,0.0,0.0,0.0,0.0
United States,Washington,Wheat,2001,winter,453.80000000000007,0.0,182.0,2121.2999999999997,26.599999999999994,48.96,0.0,11.0,424.29,19.78,49.81999999999999,0.0,3.0,1009.26,14.09,552.58,0.0,196.0,3554.85,26.599999999999994,0.0,0.0,0.0,0.0,0.0,0.0,0.0,0.0,0.0,0.0
United States,Washington,Wheat,2002,winter,745.8799999999999,0.0,169.0,1987.69,43.64,25.849999999999994,0.0,16.0,442.49000000000007,9.64,59.0,0.0,0.0,981.3299999999999,15.27,830.73,0.0,185.0,3411.51,43.64,0.0,0.0,0.0,0.0,0.0,0.0,0.0,0.0,0.0,0.0
United States,Washington,Wheat,2003,winter,628.9399999999999,0.0,166.0,2124.2799999999997,45.61,23.0,0.0,10.0,397.69,6.299999999999999,20.75,0.0,3.0,1042.5199999999998,4.449999999999999,672.69,0.0,179.0,3564.49,45.61,0.0,0.0,0.0,0.0,0.0,0.0,0.0,0.0,0.0,0.0
United States,Washington,Wheat,2004,winter,640.9200000000001,0.0,158.0,2156.94,50.57000000000001,22.279999999999994,0.0,0.0,449.15999999999997,7.1,68.74,0.0,0.0,996.4000000000001,14.239999999999998,731.9399999999999,0.0,158.0,3602.5,50.57000000000001,0.0,0.0,0.0,0.0,0.0,0.0,0.0,0.0,0.0,0.0
United States,Washington,Wheat,2005,winter,568.4799999999999,0.0,160.0,2115.23,55.03999999999999,66.85,0.0,0.0,368.21,41.42,59.150000000000006,0.0,1.0,971.7699999999999,13.759999999999998,694.4799999999999,0.0,161.0,3455.2099999999996,55.03999999999999,0.0,0.0,0.0,0.0,0.0,0.0,0.0,0.0,0.0,0.0
United States,Washington,Wheat,2006,winter,790.9099999999999,0.0,170.0,2041.3799999999997,61.190000000000005,8.330000000000002,0.0,9.0,493.23999999999995,5.33,97.60000000000001,0.0,0.0,945.7200000000001,21.0,896.8399999999999,0.0,179.0,3480.3399999999997,61.190000000000005,0.0,0.0,0.0,0.0,0.0,0.0,0.0,0.0,0.0,0.0
United States,Washington,Wheat,2007,winter,809.0200000000002,0.0,169.0,2080.7,119.54999999999998,19.440000000000005,0.0,9.0,454.15999999999997,9.290000000000001,57.169999999999995,0.0,0.0,1015.7699999999999,18.49,885.6300000000001,0.0,178.0,3550.63,119.54999999999998,0.0,0.0,0.0,0.0,0.0,0.0,0.0,0.0,0.0,0.0
United States,Washington,Wheat,2008,winter,639.77,0.0,186.0,2079.71,84.66,16.900000000000002,0.0,11.0,422.43999999999994,5.7700000000000005,56.720000000000006,0.0,1.0,984.96,13.17,713.3899999999999,0.0,198.0,3487.1100000000006,84.66,0.0,0.0,0.0,0.0,0.0,0.0,0.0,0.0,0.0,0.0
United States,Washington,Wheat,2009,winter,618.85,0.0,171.0,2149.77,76.59,51.95,0.0,16.0,395.89,22.15,23.740000000000006,0.0,0.0,1105.5,4.82,694.54,0.0,187.0,3651.1600000000003,76.59,0.0,0.0,0.0,0.0,0.0,0.0,0.0,0.0,0.0,0.0
United States,Washington,Wheat,2010,winter,594.6300000000001,0.0,179.0,2043.7099999999998,26.720000000000006,43.33000000000001,0.0,10.0,423.6,17.7,118.53,0.0,3.0,879.5000000000001,25.58,756.49,0.0,192.0,3346.81,26.720000000000006,0.0,0.0,0.0,0.0,0.0,0.0,0.0,0.0,0.0,0.0
United States,Washington,Wheat,2011,winter,778.7800000000002,0.0,168.0,1912.0500000000002,50.32000000000001,75.50999999999999,0.0,14.0,376.76,43.57,61.82,0.0,3.0,930.61,15.620000000000001,916.1099999999999,0.0,185.0,3219.42,50.32000000000001,0.0,0.0,0.0,0.0,0.0,0.0,0.0,0.0,0.0,0.0
United States,Washington,Wheat,2012,winter,682.84,0.0,181.0,2024.19,53.88,42.43,0.0,10.0,464.81,20.69,91.94000000000001,0.0,0.0,845.1400000000001,16.23,817.21,0.0,191.0,3334.14,53.88,0.0,0.0,0.0,0.0,0.0,0.0,0.0,0.0,0.0,0.0
United States,Washington,Wheat,2013,winter,651.0,0.0,172.0,2085.62,44.64,17.03,0.0,5.0,496.02,7.03,69.27,0.0,1.0,893.7099999999999,21.5,737.3000000000001,0.0,178.0,3475.35,44.64,0.0,0.0,0.0,0.0,0.0,0.0,0.0,0.0,0.0,0.0
United States,Washington,Wheat,2014,winter,726.0699999999999,0.0,171.0,2060.59,51.02,29.430000000000003,0.0,5.0,465.34000000000003,10.37,39.730000000000004,0.0,0.0,1013.65,8.01,795.23,0.0,176.0,3539.58,51.02,0.0,0.0,0.0,0.0,0.0,0.0,0.0,0.0,0.0,0.0
United States,Washington,Wheat,2015,winter,619.77,0.0,142.0,2154.7,41.980000000000004,25.170000000000005,0.0,5.0,451.42999999999995,18.959999999999997,23.270000000000003,0.0,0.0,1125.5600000000002,5.78,665.3699999999999,0.0,147.0,3598.04,41.980000000000004,2.84,0.0,0.0,133.65,2.8399999999999994,0.0,0.0,0.0,0.0,0.0
United States,Washington,Wheat,2016,winter,838.8800000000001,0.0,149.0,2087.83,72.06,21.41,0.0,2.0,449.12,11.54,60.48,0.0,0.0,1014.1799999999998,16.59,920.77,0.0,151.0,3551.13,72.06,0.0,0.0,0.0,0.0,0.0,0.0,0.0,0.0,0.0,0.0
United States,Washington,Wheat,2017,winter,824.6099999999999,0.0,155.0,1901.9499999999998,52.25,54.08,0.0,12.0,396.0399999999999,15.23,34.92,0.0,0.0,1070.77,12.22,913.6099999999999,0.0,167.0,3368.7599999999998,52.25,0.0,0.0,0.0,0.0,0.0,0.0,0.0,0.0,0.0,0.0
United States,Washington,Wheat,2018,winter,762.67,0.0,181.0,1942.17,57.67,20.8,0.0,2.0,464.1,7.79,38.26999999999998,0.0,0.0,1011.97,11.14,821.74,0.0,183.0,3418.24,57.67,0.0,0.0,0.0,0.0,0.0,0.0,0.0,0.0,0.0,0.0
United States,Washington,Wheat,2019,winter,563.0799999999999,0.0,165.0,2168.61,43.11000000000001,15.200000000000001,0.0,6.0,493.32000000000005,13.23,48.53999999999999,0.0,0.0,1011.8700000000001,16.11,626.8199999999999,0.0,171.0,3673.7999999999997,43.11000000000001,0.0,0.0,0.0,0.0,0.0,0.0,0.0,0.0,0.0,0.0
United States,Washington,Wheat,2020,winter,633.4300000000001,0.0,174.0,2126.3900000000003,54.489999999999995,64.89999999999999,0.0,5.0,435.16999999999996,18.360000000000003,82.31,0.0,0.0,940.9300000000002,18.78,780.6400000000001,0.0,179.0,3502.49,54.489999999999995,0.0,0.0,0.0,0.0,0.0,0.0,0.0,0.0,0.0,0.0
United States,Washington,Wheat,2021,winter,703.3199999999999,0.0,173.0,2176.45,57.080000000000005,7.66,0.0,3.0,470.9800000000001,3.2399999999999998,42.21,4.0,1.0,1092.3500000000001,12.379999999999999,753.19,4.0,177.0,3739.7799999999997,57.080000000000005,0.0,0.0,0.0,0.0,0.0,0.0,0.0,0.0,0.0,0.0
United States,Washington,Wheat,2022,winter,715.88,0.0,169.0,2003.1,62.1,54.63,0.0,12.0,347.59999999999997,15.19,91.1,0.0,1.0,895.25,22.799999999999997,861.6099999999999,0.0,182.0,3245.95,62.1,0.0,0.0,0.0,0.0,0.0,0.0,0.0,0.0,0.0,0.0
United States,Washington,Wheat,2023,winter,542.29,0.0,171.0,2011.0700000000002,69.28999999999999,25.919999999999998,0.0,1.0,463.01000000000005,11.3,37.69,0.0,0.0,1080.34,17.29,605.9,0.0,172.0,3554.4199999999996,69.28999999999999,0.0,0.0,0.0,0.0,0.0,0.0,0.0,0.0,0.0,0.0
United States,Washington,Wheat,2024,winter,578.56,0.0,163.0,2102.6099999999997,47.769999999999996,30.400000000000002,0.0,7.0,435.14,11.51,73.51,0.0,2.0,976.07,27.19,682.47,0.0,172.0,3513.82,47.769999999999996,0.0,0.0,0.0,0.0,0.0,0.0,0.0,0.0,0.0,0.0
United States,Washington,Wheat,2025,winter,618.5000000000001,0.0,187.0,2099.4399999999996,41.49999999999999,11.39,0.0,9.0,464.4,4.67,27.6,0.0,3.0,1109.7199999999998,11.919999999999998,657.4899999999999,0.0,199.0,3673.5599999999995,41.49999999999999,0.0,0.0,0.0,0.0,0.0,0.0,0.0,0.0,0.0,0.0
United States,Washington,Barley,1990,spring,182.19,0.0,13.0,1232.1000000000001,24.78,10.149999999999999,0.0,0.0,399.51,2.81,73.74000000000002,0.0,0.0,1828.76,28.64,199.23000000000002,0.0,13.0,1808.8600000000001,24.78,3.3599999999999994,0.0,0.0,375.08000000000004,1.98,63.49,0.0,0.0,1276.43,28.64
United States,Washington,Barley,1991,spring,166.32,0.0,27.0,1267.8,32.17,48.180000000000014,0.0,0.0,366.14,30.870000000000005,47.870000000000005,0.0,0.0,1854.87,9.850000000000001,221.84,0.0,27.0,2054.9799999999996,32.17,8.080000000000002,0.0,0.0,382.29999999999995,4.930000000000001,32.45,0.0,0.0,1051.5299999999997,9.850000000000001
United States,Washington,Barley,1992,spring,135.92999999999998,0.0,18.0,1426.46,39.0,27.439999999999998,0.0,0.0,413.68,20.560000000000002,117.35,0.0,1.0,1733.0299999999997,24.25,141.69,0.0,18.0,1744.3799999999999,39.0,43.529999999999994,0.0,0.0,356.7,20.560000000000002,95.49999999999999,0.0,1.0,1472.0899999999997,24.25
United States,Washington,Barley,1993,spring,192.04,0.0,25.0,1212.9299999999998,20.419999999999998,22.409999999999997,0.0,0.0,369.87,9.16,77.97,0.0,1.0,1653.4899999999998,12.719999999999999,219.57999999999998,0.0,25.0,1739.62,20.419999999999998,49.85,0.0,0.0,371.1600000000001,12.719999999999999,22.99,0.0,1.0,1125.5099999999998,7.350000000000001
United States,Washington,Barley,1994,spring,132.89000000000001,0.0,20.0,1258.7900000000002,20.659999999999997,28.949999999999996,0.0,0.0,388.78,12.83,47.15,0.0,0.0,1856.33,10.440000000000001,172.48000000000005,0.0,20.0,1805.84,20.659999999999997,0.8800000000000001,0.0,0.0,378.1,0.39,35.629999999999995,0.0,0.0,1319.96,10.440000000000001
United States,Washington,Barley,1995,spring,131.88000000000002,0.0,26.0,1388.94,21.45,12.74,0.0,0.0,399.22,6.9,107.99000000000001,0.0,0.0,1689.6599999999999,19.330000000000002,170.88999999999996,0.0,26.0,1941.7300000000005,21.45,8.99,0.0,0.0,404.21,6.49,72.73,0.0,0.0,1131.88,15.399999999999999
United States,Washington,Barley,1996,spring,168.87,0.0,31.0,1305.8100000000002,37.269999999999996,21.939999999999998,0.0,0.0,399.31,10.200000000000001,84.48999999999998,0.0,1.0,1791.4100000000003,18.849999999999998,196.38,0.0,31.0,2095.42,37.269999999999996,22.84,0.0,0.0,377.45,12.649999999999999,56.080000000000005,0.0,1.0,1023.6600000000001,18.849999999999998
United States,Washington,Barley,1997,spring,138.78,0.0,27.0,1444.05,24.900000000000002,32.769999999999996,0.0,0.0,397.32000000000005,9.48,110.96,0.0,0.0,1869.3099999999997,23.88,189.37,0.0,27.0,2119.05,24.900000000000002,9.639999999999999,0.0,0.0,442.12999999999994,8.08,83.5,0.0,0.0,1149.5,23.88
United States,Washington,Barley,1998,spring,133.2,0.0,21.0,1413.6200000000001,31.390000000000008,20.529999999999998,0.0,0.0,400.23999999999995,7.3100000000000005,54.31,0.0,0.0,1986.9200000000003,13.78,167.61,0.0,21.0,1950.0400000000002,31.390000000000008,7.05,0.0,0.0,371.38000000000005,3.2,33.38,0.0,0.0,1479.36,13.78
United States,Washington,Barley,1999,spring,91.87,0.0,39.0,1435.8400000000004,11.780000000000001,22.58,0.0,0.0,415.23,11.59,57.849999999999994,0.0,2.0,1915.11,8.170000000000002,132.99999999999997,0.0,39.0,2410.9999999999995,11.780000000000001,11.850000000000001,0.0,0.0,360.56000000000006,8.170000000000002,27.45,0.0,2.0,994.62,7.9399999999999995
United States,Washington,Barley,2000,spring,124.61,0.0,22.0,1377.7800000000002,21.130000000000003,7.260000000000001,0.0,0.0,451.27,3.56,74.01,0.0,1.0,1894.3100000000002,18.310000000000002,143.12,0.0,22.0,2085.75,21.130000000000003,3.0399999999999996,0.0,0.0,434.0,1.38,59.72,0.0,1.0,1203.6100000000001,18.310000000000002
United States,Washington,Barley,2001,spring,115.56,0.0,35.0,1400.22,19.78,18.589999999999996,0.0,0.0,435.65999999999997,14.09,48.23,0.0,0.0,1890.0300000000002,20.009999999999998,135.21,0.0,35.0,2159.1600000000003,19.78,12.87,0.0,0.0,433.97,4.370000000000001,34.3,0.0,0.0,1132.78,20.009999999999998
United States,Washington,Barley,2002,spring,114.96000000000001,0.0,34.0,1403.02,24.119999999999997,23.590000000000003,0.0,0.0,419.90000000000003,15.27,30.51,0.0,0.0,1970.0199999999998,7.840000000000001,148.49,0.0,34.0,2114.35,24.119999999999997,1.84,0.0,0.0,397.92999999999995,0.8300000000000001,18.73,0.0,0.0,1280.66,2.98
United States,Washington,Barley,2003,spring,91.79,0.0,28.0,1352.3,18.009999999999998,7.489999999999999,0.0,0.0,438.77000000000004,4.449999999999999,23.210000000000008,0.0,0.0,2026.22,6.35,99.85,0.0,28.0,2012.8000000000004,18.009999999999998,1.5999999999999999,0.0,0.0,392.04999999999995,1.28,21.040000000000006,0.0,0.0,1412.4399999999998,6.35
United States,Washington,Barley,2004,spring,105.80999999999999,0.0,8.0,1420.3199999999997,14.239999999999998,3.99,0.0,0.0,494.03000000000003,1.53,142.66,0.0,0.0,1793.4799999999998,35.79,108.46999999999998,0.0,8.0,1864.0799999999997,14.239999999999998,5.61,0.0,0.0,411.54,1.9100000000000001,138.38000000000002,0.0,0.0,1432.21,35.79
United States,Washington,Barley,2005,spring,160.71999999999997,0.0,19.0,1331.4099999999999,41.42,14.24,0.0,0.0,402.67999999999995,5.3100000000000005,67.37,0.0,0.0,1957.32,33.779999999999994,176.09,0.0,19.0,1839.79,41.42,15.08,0.0,0.0,396.42,7.63,51.16,0.0,0.0,1455.1999999999998,33.779999999999994
United States,Washington,Barley,2006,spring,146.01999999999998,0.0,29.0,1365.54,21.000000000000004,4.44,0.0,0.0,478.52000000000004,4.07,38.85,0.0,0.0,1964.18,11.76,154.04000000000005,0.0,29.0,1995.8099999999997,21.000000000000004,3.15,0.0,0.0,387.77,2.67,32.12,0.0,0.0,1424.66,11.76
United States,Washington,Barley,2007,spring,88.20000000000002,0.0,27.0,1475.34,18.489999999999995,17.42,0.0,0.0,414.11,6.02,47.74999999999999,0.0,1.0,1871.58,16.5,105.68000000000002,0.0,27.0,2129.46,18.489999999999995,14.139999999999999,0.0,0.0,304.97,9.129999999999999,33.550000000000004,0.0,1.0,1326.6,16.5
United States,Washington,Barley,2008,spring,101.39999999999999,0.0,34.0,1336.2299999999998,13.17,3.43,0.0,0.0,471.43,1.7200000000000002,58.19,0.0,1.0,1858.8,12.48,112.76,0.0,34.0,2205.4599999999996,13.17,5.72,0.0,0.0,430.15999999999997,2.7700000000000005,44.54,0.0,1.0,1030.84,12.48
United States,Washington,Barley,2009,spring,105.80000000000001,0.0,37.0,1497.7599999999998,22.15,9.27,0.0,0.0,441.53000000000003,4.82,49.81999999999999,0.0,0.0,1893.9700000000003,18.939999999999998,117.53000000000002,0.0,37.0,2139.49,22.15,4.4799999999999995,0.0,0.0,393.76,3.58,42.879999999999995,0.0,0.0,1300.0100000000002,18.939999999999998
United States,Washington,Barley,2010,spring,202.33000000000004,0.0,31.0,1271.33,25.58,17.509999999999998,0.0,0.0,388.29999999999995,10.25,103.26,0.0,0.0,1842.25,22.23,222.94,0.0,31.0,2138.54,25.58,19.029999999999998,0.0,0.0,378.21000000000004,15.540000000000001,81.13,0.0,0.0,985.1300000000001,22.23
United States,Washington,Barley,2011,spring,181.82000000000002,0.0,41.0,1295.47,43.57,12.47,0.0,0.0,404.34000000000003,3.79,49.47,0.0,0.0,1867.35,12.899999999999999,219.53000000000003,0.0,41.0,2296.3199999999997,43.57,1.1400000000000001,0.0,0.0,417.86,0.52,23.09,0.0,0.0,852.9800000000002,12.899999999999999
United States,Washington,Barley,2012,spring,137.37,0.0,30.0,1359.98,20.69,33.25,0.0,0.0,353.84,12.96,33.21,0.0,0.0,1936.33,10.4,179.00000000000003,0.0,30.0,2067.47,20.69,19.66,0.0,0.0,363.84000000000003,10.4,5.170000000000001,0.0,0.0,1218.8400000000001,3.5500000000000003
United States,Washington,Barley,2013,spring,131.09,0.0,23.0,1422.9399999999998,26.560000000000002,28.799999999999997,0.0,0.0,350.47,10.64,162.31999999999996,0.0,0.0,1819.9,51.02,160.27999999999997,0.0,23.0,1913.6599999999999,26.560000000000002,2.02,0.0,0.0,441.66999999999996,1.34,159.91,0.0,0.0,1237.98,51.02
United States,Washington,Barley,2014,spring,101.60000000000001,0.0,21.0,1500.6200000000001,19.32,19.52,0.0,0.0,403.25,8.01,108.44000000000001,0.0,0.0,1840.32,38.489999999999995,121.53999999999999,0.0,21.0,2024.38,19.32,2.2199999999999998,0.0,0.0,372.65999999999997,1.0099999999999998,105.80000000000001,0.0,0.0,1347.15,38.489999999999995
United States,Washington,Barley,2015,spring,67.78000000000002,0.0,24.0,1528.5199999999998,18.959999999999997,3.44,0.0,0.0,499.22999999999996,2.8399999999999994,38.96,0.0,1.0,1825.8000000000002,10.299999999999999,68.38000000000002,0.0,24.0,1892.84,18.959999999999997,3.14,0.0,0.0,341.37,2.8399999999999994,38.66,0.0,1.0,1619.3400000000001,10.299999999999999
United States,Washington,Barley,2016,spring,79.28,0.0,7.0,1517.89,16.59,25.56,0.0,0.0,425.84,16.38,53.24999999999999,0.0,0.0,1822.2799999999997,11.25,104.61,0.0,7.0,1832.84,16.59,9.969999999999999,0.0,0.0,418.43000000000006,5.09,43.50999999999999,0.0,0.0,1514.7399999999998,11.25
United States,Washington,Barley,2017,spring,151.95,0.0,30.0,1390.71,24.419999999999998,13.58,0.0,0.0,452.71,12.22,22.16,0.0,0.0,1960.1100000000001,10.79,165.59999999999997,0.0,30.0,2051.5499999999997,24.419999999999998,0.75,0.0,0.0,441.90999999999997,0.35000000000000003,21.339999999999996,0.0,0.0,1310.0700000000002,10.79
United States,Washington,Barley,2018,spring,139.81,0.0,23.0,1424.3899999999999,26.310000000000002,11.100000000000001,0.0,0.0,413.2900000000001,4.48,21.95,0.0,0.0,1909.72,3.95,151.75,0.0,23.0,1904.86,26.310000000000002,1.65,0.0,0.0,420.15,0.74,19.46,0.0,0.0,1422.39,3.95
United States,Washington,Barley,2019,spring,99.73,0.0,23.0,1448.18,19.77,18.31,0.0,0.0,427.34000000000003,11.049999999999999,74.42,0.0,3.0,1706.8000000000002,14.190000000000001,120.71000000000001,0.0,23.0,1889.8399999999997,19.77,7.410000000000001,0.0,0.0,366.77000000000004,2.92,64.34,0.0,3.0,1325.71,14.190000000000001
United States,Washington,Barley,2020,spring,149.13,0.0,19.0,1425.63,18.78,18.65,0.0,0.0,404.54,6.96,62.25,0.0,0.0,1899.7899999999995,37.05,172.23000000000002,0.0,19.0,2038.41,18.78,1.9,0.0,0.0,428.95,1.03,55.9,0.0,0.0,1262.6,37.05
United States,Washington,Barley,2021,spring,58.84,0.0,20.0,1571.6799999999998,9.64,5.410000000000001,4.0,0.0,507.16,5.11,68.43999999999998,1.0,0.0,1841.0299999999997,16.86,64.17999999999998,4.0,20.0,2055.5,12.379999999999999,2.5999999999999996,0.0,0.0,368.73999999999995,2.2,65.91,1.0,0.0,1495.63,16.86
United States,Washington,Barley,2022,spring,207.26,0.0,36.0,1186.06,22.800000000000004,6.859999999999999,0.0,0.0,432.25999999999993,3.57,28.37,2.0,0.0,1918.2600000000002,6.45,227.20000000000002,0.0,36.0,2029.1299999999999,22.800000000000004,0.19,2.0,0.0,337.61999999999995,0.19,15.1,0.0,0.0,1169.83,4.33
United States,Washington,Barley,2023,spring,111.50999999999999,0.0,21.0,1443.3500000000001,19.79,12.16,0.0,0.0,437.03,4.180000000000001,61.14,1.0,1.0,1887.1599999999999,22.71,123.67,0.0,21.0,1848.85,19.79,4.72,0.0,0.0,381.02000000000004,4.3,56.42,1.0,1.0,1537.6699999999998,22.71
United States,Washington,Barley,2024,spring,98.16,0.0,27.0,1444.7799999999997,27.19,24.439999999999998,0.0,0.0,411.02,12.629999999999999,47.56,1.0,1.0,1857.3300000000002,13.86,122.67999999999998,1.0,27.0,2131.39,27.19,1.7499999999999998,0.0,0.0,353.19,1.47,45.730000000000004,0.0,1.0,1228.55,13.86
United States,Washington,Barley,2025,spring,63.21999999999999,0.0,33.0,1618.8999999999999,18.439999999999998,6.91,0.0,0.0,427.9,3.89,78.21,0.0,0.0,1863.36,15.579999999999998,73.16999999999999,0.0,33.0,2286.91,18.439999999999998,11.819999999999999,0.0,0.0,467.81,10.66,63.349999999999994,0.0,0.0,1155.44,15.579999999999998
United States,Washington,Oats,1990,spring,116.25,0.0,13.0,986.1899999999999,24.78,68.52,0.0,0.0,375.29999999999995,16.509999999999998,81.31,0.0,0.0,2098.88,28.64,187.19,0.0,13.0,1435.1399999999999,24.78,14.259999999999998,0.0,0.0,564.28,4.08,64.63000000000001,0.0,0.0,1460.9500000000003,28.64
United States,Washington,Oats,1991,spring,144.57,0.0,25.0,965.5000000000001,32.17,39.339999999999996,0.0,2.0,429.41,11.540000000000001,78.46000000000001,0.0,0.0,2093.9,22.6,214.5,0.0,27.0,1633.94,32.17,12.980000000000002,0.0,0.0,626.56,5.140000000000001,34.89,0.0,0.0,1228.31,9.850000000000001
United States,Washington,Oats,1992,spring,95.89,0.0,18.0,1094.21,27.73,42.57,0.0,0.0,462.05,39.0,142.26000000000002,0.0,1.0,2016.9099999999994,24.25,96.92999999999999,0.0,18.0,1391.9799999999998,27.73,82.12,0.0,0.0,522.11,39.0,101.66999999999999,0.0,1.0,1659.0799999999995,24.25
United States,Washington,Oats,1993,spring,133.45000000000002,0.0,25.0,970.05,15.959999999999997,63.75999999999999,0.0,0.0,375.46,20.419999999999998,95.21000000000001,0.0,1.0,1890.7799999999995,12.72,197.19000000000003,0.0,25.0,1287.5299999999997,20.419999999999998,55.93,0.0,0.0,642.0199999999999,12.719999999999999,39.3,0.0,1.0,1306.7399999999998,9.0
United States,Washington,Oats,1994,spring,109.85,0.0,20.0,987.52,20.659999999999997,39.75,0.0,0.0,393.45000000000005,12.83,59.38999999999999,0.0,0.0,2122.9300000000003,10.440000000000001,149.6,0.0,20.0,1380.97,20.659999999999997,23.38,0.0,0.0,648.0699999999999,8.82,36.01,0.0,0.0,1474.86,10.440000000000001
United States,Washington,Oats,1995,spring,100.78999999999998,0.0,26.0,1086.49,21.45,41.50999999999999,0.0,0.0,397.78000000000003,14.04,110.31,0.0,0.0,1993.5499999999997,19.330000000000002,144.53000000000003,0.0,26.0,1588.79,21.45,27.65,0.0,0.0,561.94,19.330000000000002,80.42999999999999,0.0,0.0,1327.09,15.399999999999999
United States,Washington,Oats,1996,spring,163.94999999999996,0.0,31.0,939.59,37.269999999999996,9.13,0.0,0.0,513.4200000000001,3.42,102.21999999999998,0.0,1.0,2043.5200000000004,18.849999999999998,190.81000000000003,0.0,31.0,1705.12,37.269999999999996,19.73,0.0,0.0,579.98,12.649999999999999,64.75999999999998,0.0,1.0,1211.4300000000003,18.849999999999998
United States,Washington,Oats,1997,spring,104.77,0.0,27.0,1124.94,24.900000000000002,45.2,0.0,0.0,452.46999999999997,15.030000000000001,132.54,0.0,0.0,2133.27,23.88,160.85999999999999,0.0,27.0,1688.83,24.900000000000002,29.68,0.0,0.0,638.3600000000001,12.64,91.97,0.0,0.0,1383.49,23.88
United States,Washington,Oats,1998,spring,111.47000000000001,0.0,21.0,1075.94,31.390000000000008,28.720000000000006,0.0,0.0,456.8999999999999,7.329999999999999,67.85000000000001,0.0,0.0,2267.94,13.78,142.59,0.0,21.0,1557.3000000000002,31.390000000000008,31.590000000000003,0.0,0.0,566.8000000000001,13.250000000000002,33.86000000000001,0.0,0.0,1676.68,13.78
United States,Washington,Oats,1999,spring,79.98,0.0,38.0,1112.4299999999998,11.780000000000001,13.680000000000001,0.0,1.0,473.98,5.4399999999999995,78.64,0.0,2.0,2179.77,11.59,121.97,0.0,39.0,2015.34,11.780000000000001,11.629999999999999,0.0,0.0,611.0999999999999,6.8,38.699999999999996,0.0,2.0,1139.7399999999998,8.17
United States,Washington,Oats,2000,spring,85.89,0.0,22.0,1093.6,13.92,43.449999999999996,0.0,0.0,420.79999999999995,21.130000000000003,76.53999999999999,0.0,1.0,2208.9600000000005,18.310000000000002,130.42,0.0,22.0,1676.0700000000002,21.130000000000003,13.490000000000002,0.0,0.0,656.51,9.41,61.97,0.0,1.0,1390.7800000000002,18.310000000000002
United States,Washington,Oats,2001,spring,88.51999999999998,0.0,35.0,1114.19,19.78,27.840000000000003,0.0,0.0,443.7799999999999,10.69,66.02,0.0,0.0,2167.9399999999996,20.009999999999998,133.83999999999997,0.0,35.0,1753.01,19.78,8.95,0.0,0.0,634.6500000000001,4.01,39.589999999999996,0.0,0.0,1338.25,20.009999999999998
United States,Washington,Oats,2002,spring,102.92,0.0,34.0,1038.63,24.119999999999997,18.62,0.0,0.0,494.01000000000005,6.199999999999999,47.519999999999996,0.0,0.0,2260.2999999999997,15.27,121.66000000000001,0.0,34.0,1703.4599999999998,24.119999999999997,27.639999999999997,0.0,0.0,630.36,15.27,19.759999999999998,0.0,0.0,1459.1200000000001,2.98
United States,Washington,Oats,2003,spring,84.78,0.0,28.0,979.3900000000001,18.009999999999998,8.28,0.0,0.0,520.23,2.99,29.430000000000003,0.0,0.0,2317.6699999999996,6.35,97.51,0.0,28.0,1553.16,18.009999999999998,3.8499999999999996,0.0,0.0,674.85,1.28,21.130000000000003,0.0,0.0,1589.28,6.35
United States,Washington,Oats,2004,spring,79.60000000000002,0.0,8.0,1104.87,14.239999999999998,27.760000000000005,0.0,0.0,487.2,8.89,145.1,0.0,0.0,2115.76,35.79,107.33999999999999,0.0,8.0,1472.1899999999996,14.239999999999998,5.0200000000000005,0.0,0.0,600.0299999999999,1.9099999999999997,140.1,0.0,0.0,1635.61,35.79
United States,Washington,Oats,2005,spring,136.49000000000004,0.0,19.0,1039.06,41.42,30.880000000000003,0.0,0.0,426.87,10.469999999999999,74.96,0.0,0.0,2225.480000000001,33.779999999999994,167.28999999999994,0.0,19.0,1438.9299999999998,41.42,18.41,0.0,0.0,613.94,7.629999999999999,56.629999999999995,0.0,0.0,1638.54,33.779999999999994
United States,Washington,Oats,2006,spring,100.14,0.0,29.0,1088.2300000000002,21.000000000000004,50.25,0.0,0.0,407.18,20.54,38.919999999999995,0.0,0.0,2312.8300000000004,11.76,150.44000000000003,0.0,29.0,1607.7299999999998,21.000000000000004,6.6499999999999995,0.0,0.0,589.26,3.1100000000000003,32.22,0.0,0.0,1611.25,11.76
United States,Washington,Oats,2007,spring,68.87,0.0,27.0,1145.44,18.489999999999995,25.610000000000003,0.0,0.0,454.89,11.3,58.89,0.0,1.0,2160.7,16.5,95.17000000000002,0.0,27.0,1704.81,18.489999999999995,12.299999999999997,0.0,0.0,594.77,6.02,45.9,0.0,1.0,1461.45,16.5
United States,Washington,Oats,2008,spring,70.46000000000001,0.0,33.0,1048.38,12.379999999999999,31.610000000000003,0.0,1.0,453.24,13.17,60.95,0.0,1.0,2164.84,12.48,104.82999999999998,0.0,34.0,1807.6600000000003,13.17,8.58,0.0,0.0,631.54,6.36,49.61,0.0,1.0,1227.26,12.48
United States,Washington,Oats,2009,spring,95.92,0.0,37.0,1146.45,22.15,13.69,0.0,0.0,477.18,4.2700000000000005,55.279999999999994,0.0,0.0,2209.63,18.94,113.88000000000001,0.0,37.0,1678.8799999999999,22.15,7.32,0.0,0.0,666.64,3.58,43.69,0.0,0.0,1487.74,18.939999999999998
United States,Washington,Oats,2010,spring,156.74,0.0,31.0,971.46,25.58,53.07,0.0,0.0,411.86,22.190000000000005,113.28999999999999,0.0,0.0,2118.5600000000004,22.23,221.8,0.0,31.0,1716.78,25.58,1.42,0.0,0.0,636.1700000000001,0.52,99.88,0.0,0.0,1148.93,22.23
United States,Washington,Oats,2011,spring,150.98,0.0,41.0,985.0500000000001,43.57,35.83,0.0,0.0,436.50999999999993,15.620000000000001,56.95,0.0,0.0,2145.6,12.899999999999999,195.44,0.0,41.0,1945.5,43.57,24.46,0.0,0.0,557.85,11.51,23.86,0.0,0.0,1063.81,12.899999999999999
United States,Washington,Oats,2012,spring,96.65,0.0,30.0,1098.5700000000002,20.69,47.75,0.0,0.0,385.05999999999995,16.23,59.43000000000001,0.0,0.0,2166.52,12.96,170.62,0.0,30.0,1713.8200000000002,20.69,26.930000000000003,0.0,0.0,515.6,10.4,6.28,0.0,0.0,1420.73,3.5500000000000003
United States,Washington,Oats,2013,spring,126.34,0.0,23.0,1053.75,26.560000000000002,10.809999999999999,0.0,0.0,498.13,5.58,185.05999999999997,0.0,0.0,2041.43,51.02,143.71999999999994,0.0,23.0,1602.28,26.560000000000002,17.11,0.0,0.0,560.8199999999999,8.91,161.37999999999997,0.0,0.0,1430.21,51.02
United States,Washington,Oats,2014,spring,93.97999999999999,0.0,21.0,1122.5300000000002,19.32,16.55,0.0,0.0,499.99999999999994,7.3500000000000005,119.03000000000003,0.0,0.0,2121.6600000000003,38.489999999999995,110.76,0.0,21.0,1647.66,19.32,11.749999999999998,0.0,0.0,574.8200000000002,8.01,107.05000000000001,0.0,0.0,1521.71,38.489999999999995
United States,Washington,Oats,2015,spring,61.35,0.0,24.0,1136.7599999999998,18.959999999999997,7.01,0.0,0.0,558.57,5.78,41.82,0.0,1.0,2158.22,10.299999999999999,67.56,0.0,24.0,1439.9799999999998,18.959999999999997,3.6599999999999997,0.0,0.0,618.47,2.8399999999999994,38.96,0.0,1.0,1795.1000000000001,10.299999999999999
United States,Washington,Oats,2016,spring,69.55000000000001,0.0,7.0,1142.0099999999998,16.59,28.41,0.0,0.0,498.11999999999995,16.38,60.12999999999999,0.0,0.0,2125.88,11.25,70.73,0.0,7.0,1363.9000000000003,16.59,37.06000000000001,0.0,0.0,701.4799999999998,16.38,50.29999999999999,0.0,0.0,1700.6299999999997,11.25
United States,Washington,Oats,2017,spring,134.28,0.0,30.0,1076.29,24.419999999999998,30.87,0.0,0.0,422.3999999999999,12.22,22.539999999999996,0.0,0.0,2304.8399999999997,10.79,165.32999999999998,0.0,30.0,1650.0500000000002,24.419999999999998,0.5800000000000001,0.0,0.0,626.63,0.18,21.779999999999998,0.0,0.0,1526.8500000000004,10.79
United States,Washington,Oats,2018,spring,125.57,0.0,23.0,1093.01,26.310000000000002,17.82,0.0,0.0,477.46999999999997,8.73,29.470000000000002,0.0,0.0,2176.92,4.48,142.20000000000002,0.0,23.0,1490.49,26.310000000000002,10.84,0.0,0.0,631.25,4.48,19.82,0.0,0.0,1625.6599999999999,3.95
United States,Washington,Canola,2011,spring,194.09,0.0,41.0,1669.2,43.57,25.439999999999998,0.0,0.0,627.1200000000001,11.51,24.230000000000004,0.0,0.0,1270.8400000000001,12.899999999999999,202.60999999999999,0.0,41.0,2081.58,43.57,19.06,0.0,0.0,816.9499999999999,11.51,22.09,0.0,0.0,668.6300000000001,12.899999999999999
United States,Washington,Canola,2012,spring,170.06,0.0,30.0,1691.3700000000001,20.69,28.41,0.0,0.0,666.39,10.4,5.36,0.0,0.0,1292.3899999999999,3.5500000000000003,175.13000000000002,0.0,30.0,1898.1900000000003,20.69,23.599999999999998,0.0,0.0,665.35,10.4,5.1,0.0,0.0,1086.6100000000001,3.5500000000000003
United States,Washington,Canola,2013,spring,157.92000000000002,0.0,23.0,1748.1799999999998,26.560000000000002,4.46,0.0,0.0,781.71,1.99,159.83,0.0,0.0,1063.42,51.02,155.38,0.0,23.0,1696.9099999999999,26.560000000000002,6.919999999999999,0.0,0.0,746.5500000000001,4.51,159.90999999999997,0.0,0.0,1149.8500000000001,51.02
United States,Washington,Canola,2014,spring,121.11999999999999,0.0,21.0,1873.5100000000002,19.32,26.619999999999997,0.0,0.0,694.5399999999998,23.639999999999997,81.82,0.0,0.0,1176.1399999999999,38.489999999999995,117.19999999999999,0.0,21.0,1805.0700000000002,19.32,30.539999999999996,0.0,0.0,679.87,23.639999999999997,81.82000000000001,0.0,0.0,1259.2499999999998,38.489999999999995
United States,Washington,Canola,2015,spring,71.22,0.0,24.0,1996.16,18.959999999999997,5.31,0.0,0.0,699.7299999999999,3.0999999999999996,33.650000000000006,0.0,1.0,1157.66,10.299999999999999,67.78000000000002,0.0,24.0,1528.5199999999998,18.959999999999997,3.7399999999999998,0.0,0.0,705.69,2.8399999999999994,38.66,0.0,1.0,1619.3400000000001,10.299999999999999
United States,Washington,Canola,2016,spring,104.82,0.0,7.0,1917.98,16.59,24.27,0.0,0.0,613.27,10.850000000000001,29.0,0.0,0.0,1234.76,11.25,76.49,0.0,7.0,1452.8600000000004,16.59,51.830000000000005,0.0,0.0,939.9399999999999,16.38,29.770000000000003,0.0,0.0,1373.2099999999996,11.25
United States,Washington,Canola,2017,spring,165.51999999999995,0.0,30.0,1815.3399999999997,24.419999999999998,0.9000000000000001,0.0,0.0,791.53,0.35000000000000003,21.27,0.0,0.0,1196.6599999999999,10.79,165.50999999999996,0.0,30.0,1785.7299999999998,24.419999999999998,0.9100000000000001,0.0,0.0,821.14,0.35000000000000003,21.27,0.0,0.0,1196.6599999999999,10.79
United States,Washington,Canola,2018,spring,150.37,0.0,23.0,1816.1899999999998,26.310000000000002,3.3900000000000006,0.0,0.0,758.5899999999999,1.26,19.1,0.0,0.0,1172.62,3.95,143.39000000000001,0.0,23.0,1570.48,26.310000000000002,10.05,0.0,0.0,841.4300000000001,4.48,19.419999999999998,0.0,0.0,1335.4899999999998,3.95
United States,Washington,Canola,2019,spring,117.97000000000001,0.0,23.0,1847.4899999999998,19.77,11.05,0.0,0.0,620.49,3.16,63.44,0.0,3.0,1114.34,14.190000000000001,100.72,0.0,23.0,1562.15,19.77,28.09,0.0,0.0,826.2900000000002,11.049999999999999,63.65,0.0,3.0,1193.88,14.190000000000001
United States,Washington,Canola,2020,spring,165.99,0.0,19.0,1813.51,18.78,8.14,0.0,0.0,710.11,3.67,55.89999999999999,0.0,0.0,1206.34,37.05,167.78,0.0,19.0,1830.17,18.78,6.3999999999999995,0.0,0.0,773.5099999999999,3.67,55.85,0.0,0.0,1126.2799999999995,37.05
United States,Washington,Canola,2021,spring,64.17999999999998,4.0,20.0,2055.5,12.379999999999999,3.2399999999999993,0.0,0.0,776.69,2.2,65.27000000000001,1.0,0.0,1087.68,16.86,64.08,0.0,20.0,1844.8500000000001,12.379999999999999,2.7399999999999998,4.0,0.0,609.1300000000001,2.2,65.87,1.0,0.0,1465.8900000000003,16.86
United States,Washington,Canola,2022,spring,214.11,0.0,36.0,1588.8000000000002,22.800000000000004,13.280000000000001,1.0,0.0,721.1700000000001,6.45,15.099999999999998,1.0,0.0,1226.6100000000001,4.33,226.31999999999996,0.0,36.0,1780.0300000000002,22.800000000000004,1.08,2.0,0.0,664.01,0.77,15.09,0.0,0.0,1092.54,4.33
United States,Washington,Canola,2023,spring,123.67,0.0,21.0,1848.85,19.79,7.25,0.0,0.0,751.8100000000001,4.3,53.89,1.0,1.0,1166.88,22.71,111.0,0.0,21.0,1395.5700000000002,19.79,17.39,0.0,0.0,803.9,4.300000000000001,56.420000000000016,1.0,1.0,1568.07,22.71
United States,Washington,Canola,2024,spring,122.5,0.0,27.0,1832.77,27.19,2.23,1.0,0.0,777.5599999999998,1.47,45.43,0.0,1.0,1102.8000000000002,13.86,122.67999999999998,0.0,27.0,1977.49,27.19,2.05,1.0,0.0,632.8399999999999,1.47,45.43,0.0,1.0,1102.8000000000002,13.86
United States,Washington,Canola,2025,spring,70.12999999999998,0.0,33.0,2016.7599999999998,18.439999999999998,14.86,0.0,0.0,737.9599999999999,10.66,63.349999999999994,0.0,0.0,1155.44,15.579999999999998,70.38999999999999,0.0,33.0,2105.1699999999996,18.439999999999998,31.63,0.0,0.0,835.52,12.32,46.31999999999999,0.0,0.0,969.4700000000001,15.579999999999998
