country,region,crop,year,window,rain_sum_cal_early,heat_days_35_cal_early,frost_days_0_cal_early,radiation_sum_cal_early,max_3day_rain_cal_early,rain_sum_cal_mid,heat_days_35_cal_mid,frost_days_0_cal_mid,radiation_sum_cal_mid,max_3day_rain_cal_mid,rain_sum_cal_late,heat_days_35_cal_late,frost_days_0_cal_late,radiation_sum_cal_late,max_3day_rain_cal_late,rain_sum_gdd_early,heat_days_35_gdd_early,frost_days_0_gdd_early,radiation_sum_gdd_early,max_3day_rain_gdd_early,rain_sum_gdd_mid,heat_days_35_gdd_mid,frost_days_0_gdd_mid,radiation_sum_gdd_mid,max_3day_rain_gdd_mid,rain_sum_gdd_late,heat_days_35_gdd_late,frost_days_0_gdd_late,radiation_sum_gdd_late,max_3day_rain_gdd_late
United States,Colorado,Wheat,1990,winter,195.04999999999998,0.0,199.0,3192.67,28.310000000000002,41.949999999999996,0.0,22.0,472.86,20.9,31.94,0.0,12.0,1237.3200000000002,15.389999999999999,268.94000000000005,0.0,233.0,4902.85,28.310000000000002,0.0,0.0,0.0,0.0,0.0,0.0,0.0,0.0,0.0,0.0
United States,Colorado,Wheat,1991,winter,189.14,0.0,198.0,3265.4900000000002,15.819999999999999,29.11,0.0,20.0,548.77,9.98,84.34999999999998,0.0,5.0,1076.08,16.59,302.5999999999999,0.0,223.0,4890.34,16.589999999999996,0.0,0.0,0.0,0.0,0.0,0.0,0.0,0.0,0.0,0.0
United States,Colorado,Wheat,1992,winter,201.73000000000002,0.0,197.0,3273.4800000000005,23.48,10.24,0.0,10.0,572.78,4.26,85.13,0.0,5.0,1001.91,15.32,297.1,0.0,212.0,4848.17,23.48,0.0,0.0,0.0,0.0,0.0,0.0,0.0,0.0,0.0,0.0
United States,Colorado,Wheat,1993,winter,188.36,0.0,193.0,3149.32,16.810000000000002,15.900000000000002,0.0,21.0,556.9000000000001,5.51,66.89999999999999,0.0,10.0,1176.6699999999998,15.66,271.15999999999997,0.0,224.0,4882.889999999999,16.810000000000002,0.0,0.0,0.0,0.0,0.0,0.0,0.0,0.0,0.0,0.0
United States,Colorado,Wheat,1994,winter,215.39,0.0,201.0,3163.24,16.46,61.97,0.0,13.0,493.86999999999995,25.349999999999998,53.03999999999999,0.0,0.0,1226.1700000000003,18.93,330.4,0.0,214.0,4883.280000000001,25.349999999999998,0.0,0.0,0.0,0.0,0.0,0.0,0.0,0.0,0.0,0.0
United States,Colorado,Wheat,1995,winter,251.2,0.0,201.0,3166.75,18.650000000000006,66.55,0.0,24.0,483.94,14.41,156.11999999999998,0.0,18.0,1046.33,40.21,473.87,0.0,243.0,4697.0199999999995,40.21000000000001,0.0,0.0,0.0,0.0,0.0,0.0,0.0,0.0,0.0,0.0
United States,Colorado,Wheat,1996,winter,220.49,0.0,205.0,3149.87,12.879999999999999,14.290000000000001,0.0,18.0,592.19,4.85,96.03999999999999,0.0,5.0,1150.54,44.02,330.82,0.0,228.0,4892.6,44.02,0.0,0.0,0.0,0.0,0.0,0.0,0.0,0.0,0.0,0.0
United States,Colorado,Wheat,1997,winter,221.87,0.0,195.0,3140.2,12.749999999999998,41.65,0.0,20.0,535.3499999999999,23.95,93.48000000000002,0.0,6.0,1145.1599999999999,29.519999999999996,357.0,0.0,221.0,4820.71,29.52,0.0,0.0,0.0,0.0,0.0,0.0,0.0,0.0,0.0,0.0
United States,Colorado,Wheat,1998,winter,246.11,0.0,195.0,3240.9300000000003,29.71,26.029999999999998,0.0,23.0,579.85,10.89,26.93,0.0,12.0,1215.61,6.19,299.07,0.0,230.0,5036.39,29.71,0.0,0.0,0.0,0.0,0.0,0.0,0.0,0.0,0.0,0.0
United States,Colorado,Wheat,1999,winter,174.83999999999997,0.0,192.0,3265.31,12.839999999999998,109.43999999999998,0.0,23.0,487.63,51.36,72.33,0.0,9.0,1161.43,23.53,356.61,0.0,224.0,4914.37,51.36,0.0,0.0,0.0,0.0,0.0,0.0,0.0,0.0,0.0,0.0
United States,Colorado,Wheat,2000,winter,199.09,0.0,200.0,3214.73,14.13,35.67999999999999,0.0,18.0,541.48,16.53,47.85999999999999,0.0,7.0,1133.21,19.7,282.63,0.0,225.0,4889.42,19.7,0.0,0.0,0.0,0.0,0.0,0.0,0.0,0.0,0.0,0.0
United States,Colorado,Wheat,2001,winter,182.45000000000002,0.0,201.0,3163.24,12.64,62.78999999999999,0.0,14.0,488.65999999999997,39.28,44.8,0.0,7.0,1170.37,10.34,290.03999999999996,0.0,222.0,4822.2699999999995,39.28,0.0,0.0,0.0,0.0,0.0,0.0,0.0,0.0,0.0,0.0
United States,Colorado,Wheat,2002,winter,111.91,0.0,192.0,3339.84,9.53,9.86,0.0,22.0,590.45,6.0,34.38,0.0,6.0,1162.15,9.89,156.14999999999998,0.0,220.0,5092.4400000000005,9.89,0.0,0.0,0.0,0.0,0.0,0.0,0.0,0.0,0.0,0.0
United States,Colorado,Wheat,2003,winter,224.60999999999999,0.0,201.0,3038.86,43.5,24.049999999999997,0.0,23.0,493.74,14.29,71.05,0.0,5.0,1115.71,12.45,319.71000000000004,0.0,229.0,4648.3099999999995,43.5,0.0,0.0,0.0,0.0,0.0,0.0,0.0,0.0,0.0,0.0
United States,Colorado,Wheat,2004,winter,180.06,0.0,190.0,3264.99,20.03,47.76,0.0,17.0,503.87,25.63,66.27,0.0,5.0,1109.28,20.39,294.09,0.0,212.0,4878.139999999999,25.63,0.0,0.0,0.0,0.0,0.0,0.0,0.0,0.0,0.0,0.0
United States,Colorado,Wheat,2005,winter,200.64999999999998,0.0,197.0,3159.45,15.209999999999999,35.550000000000004,0.0,23.0,474.82,18.509999999999998,49.95000000000002,0.0,6.0,1199.7499999999998,16.14,286.15,0.0,226.0,4834.02,18.509999999999998,0.0,0.0,0.0,0.0,0.0,0.0,0.0,0.0,0.0,0.0
United States,Colorado,Wheat,2006,winter,185.05,0.0,197.0,3223.86,30.14,20.43,0.0,19.0,527.78,7.38,28.159999999999993,0.0,2.0,1213.2,8.43,233.64000000000004,0.0,218.0,4964.84,30.14,0.0,0.0,0.0,0.0,0.0,0.0,0.0,0.0,0.0,0.0
United States,Colorado,Wheat,2007,winter,237.6,0.0,203.0,3081.87,20.73,58.26,0.0,16.0,469.24,24.07,49.519999999999996,0.0,9.0,1128.2899999999997,12.299999999999999,345.38,0.0,228.0,4679.4,24.07,0.0,0.0,0.0,0.0,0.0,0.0,0.0,0.0,0.0,0.0
United States,Colorado,Wheat,2008,winter,197.07999999999998,0.0,198.0,3334.7799999999997,14.5,27.07,0.0,21.0,542.87,12.870000000000001,27.069999999999997,0.0,14.0,1206.1499999999999,8.94,251.22000000000003,0.0,233.0,5083.8,15.64,0.0,0.0,0.0,0.0,0.0,0.0,0.0,0.0,0.0,0.0
United States,Colorado,Wheat,2009,winter,202.78000000000003,0.0,197.0,3161.8100000000004,30.369999999999997,12.850000000000001,0.0,20.0,555.59,5.28,109.82,0.0,3.0,1041.8200000000002,22.78,325.45,0.0,220.0,4759.22,30.369999999999997,0.0,0.0,0.0,0.0,0.0,0.0,0.0,0.0,0.0,0.0
United States,Colorado,Wheat,2010,winter,239.93,0.0,206.0,3182.33,22.310000000000002,53.620000000000005,0.0,23.0,481.27,23.060000000000002,43.50999999999999,0.0,9.0,1226.2700000000002,24.259999999999998,337.06,0.0,238.0,4889.87,24.259999999999998,0.0,0.0,0.0,0.0,0.0,0.0,0.0,0.0,0.0,0.0
United States,Colorado,Wheat,2011,winter,181.19,0.0,192.0,3251.2700000000004,9.42,49.339999999999996,0.0,22.0,504.15,19.96,40.32,0.0,15.0,1172.1799999999998,13.07,270.85,0.0,229.0,4927.6,19.96,0.0,0.0,0.0,0.0,0.0,0.0,0.0,0.0,0.0,0.0
United States,Colorado,Wheat,2012,winter,202.28000000000003,0.0,199.0,3383.83,21.340000000000003,34.8,0.0,14.0,554.5699999999999,15.090000000000002,20.689999999999998,0.0,4.0,1241.1800000000005,4.42,257.77,0.0,217.0,5179.58,21.340000000000003,0.0,0.0,0.0,0.0,0.0,0.0,0.0,0.0,0.0,0.0
United States,Colorado,Wheat,2013,winter,176.43,0.0,197.0,3129.6099999999997,25.659999999999997,57.4,0.0,22.0,473.39,29.05,24.010000000000005,0.0,10.0,1207.4799999999998,6.56,257.84,0.0,229.0,4810.48,29.049999999999997,0.0,0.0,0.0,0.0,0.0,0.0,0.0,0.0,0.0,0.0
United States,Colorado,Wheat,2014,winter,302.51,0.0,202.0,3206.78,54.22,35.8,0.0,21.0,484.6,22.490000000000002,50.61000000000001,0.0,8.0,1174.88,19.02,388.91999999999996,0.0,231.0,4866.26,54.22,0.0,0.0,0.0,0.0,0.0,0.0,0.0,0.0,0.0,0.0
United States,Colorado,Wheat,2015,winter,252.95000000000002,0.0,191.0,3151.42,30.93,91.38,0.0,18.0,406.53999999999996,33.349999999999994,114.93,0.0,12.0,1074.01,35.51,459.26,0.0,221.0,4631.969999999999,35.51,0.0,0.0,0.0,0.0,0.0,0.0,0.0,0.0,0.0,0.0
United States,Colorado,Wheat,2016,winter,212.37,0.0,182.0,3180.4900000000007,29.93,34.1,0.0,22.0,487.65,21.38,75.22000000000001,0.0,7.0,1137.58,14.04,321.69,0.0,211.0,4805.719999999999,29.93,0.0,0.0,0.0,0.0,0.0,0.0,0.0,0.0,0.0,0.0
United States,Colorado,Wheat,2017,winter,177.2,0.0,186.0,3211.31,14.459999999999999,38.75,0.0,15.0,491.38,14.03,56.449999999999996,0.0,11.0,1170.71,25.43,272.4,0.0,212.0,4873.4,25.43,0.0,0.0,0.0,0.0,0.0,0.0,0.0,0.0,0.0,0.0
United States,Colorado,Wheat,2018,winter,194.59999999999997,0.0,200.0,3228.75,18.16,19.9,0.0,13.0,500.51,12.149999999999999,26.56000000000001,0.0,0.0,1194.67,9.760000000000002,241.06,0.0,213.0,4923.93,18.16,0.0,0.0,0.0,0.0,0.0,0.0,0.0,0.0,0.0,0.0
United States,Colorado,Wheat,2019,winter,240.15000000000003,0.0,199.0,3164.61,25.72,48.98,0.0,21.0,477.51,20.349999999999998,76.30000000000001,0.0,18.0,1008.5,20.47,365.43,0.0,238.0,4650.62,25.72,0.0,0.0,0.0,0.0,0.0,0.0,0.0,0.0,0.0,0.0
United States,Colorado,Wheat,2020,winter,215.89999999999998,0.0,202.0,3365.26,16.46,10.190000000000001,0.0,16.0,577.55,4.140000000000001,55.629999999999995,0.0,5.0,1161.1699999999998,12.13,281.71999999999997,0.0,223.0,5103.98,16.46,0.0,0.0,0.0,0.0,0.0,0.0,0.0,0.0,0.0,0.0
United States,Colorado,Wheat,2021,winter,188.42,0.0,194.0,3275.7699999999995,18.790000000000003,40.34,0.0,19.0,487.16999999999996,20.51,80.54,0.0,4.0,1086.09,19.68,309.3,0.0,217.0,4849.03,20.51,0.0,0.0,0.0,0.0,0.0,0.0,0.0,0.0,0.0,0.0
United States,Colorado,Wheat,2022,winter,164.5,0.0,195.0,3310.2799999999997,12.4,18.799999999999997,0.0,21.0,549.5,11.7,82.91000000000001,0.0,11.0,1074.51,28.79,266.21000000000004,0.0,227.0,4934.29,28.79,0.0,0.0,0.0,0.0,0.0,0.0,0.0,0.0,0.0,0.0
United States,Colorado,Wheat,2023,winter,149.45999999999998,0.0,190.0,3283.97,11.75,92.12,0.0,16.0,460.61,52.949999999999996,96.95,0.0,0.0,1001.49,18.07,338.53,0.0,206.0,4746.07,52.949999999999996,0.0,0.0,0.0,0.0,0.0,0.0,0.0,0.0,0.0,0.0
United States,Colorado,Wheat,2024,winter,246.77999999999997,0.0,190.0,3348.59,33.57,67.02,0.0,24.0,489.26,28.939999999999998,46.68,0.0,8.0,1175.41,14.79,360.48,0.0,222.0,5013.26,33.57,0.0,0.0,0.0,0.0,0.0,0.0,0.0,0.0,0.0,0.0
United States,Colorado,Wheat,2025,winter,191.89,0.0,182.0,3269.3799999999997,19.1,42.10000000000001,0.0,17.0,500.59,30.909999999999997,68.22999999999999,0.0,7.0,1098.1699999999998,20.189999999999998,302.22,0.0,206.0,4868.14,30.910000000000004,0.0,0.0,0.0,0.0,0.0,0.0,0.0,0.0,0.0,0.0
United States,Colorado,Barley,1990,spring,101.71000000000001,0.0,54.0,1771.04,20.9,15.100000000000001,0.0,0.0,401.23,11.64,184.78,0.0,0.0,1771.48,21.5,148.19,0.0,54.0,2264.52,21.87,42.23,0.0,0.0,432.05,16.58,111.17000000000002,0.0,0.0,1247.1799999999998,15.819999999999999
United States,Colorado,Barley,1991,spring,128.14,0.0,45.0,1722.21,16.59,6.720000000000001,0.0,0.0,422.46999999999997,4.28,172.92000000000002,0.0,6.0,1768.8600000000001,26.75,156.07999999999998,0.0,45.0,2371.83,16.59,59.99999999999999,0.0,0.0,362.81999999999994,26.75,91.69999999999999,0.0,6.0,1178.8899999999999,19.73
United States,Colorado,Barley,1992,spring,86.81,0.0,34.0,1729.5199999999998,15.32,24.380000000000003,0.0,0.0,356.69,10.89,148.37,0.0,5.0,1772.43,50.550000000000004,115.80000000000003,0.0,34.0,2196.19,15.32,39.879999999999995,0.0,0.0,432.3100000000001,12.43,103.88000000000001,0.0,5.0,1230.1399999999999,50.550000000000004
United States,Colorado,Barley,1993,spring,109.03000000000002,0.0,49.0,1742.14,15.659999999999997,6.14,0.0,2.0,465.71000000000004,4.45,123.28,0.0,10.0,1825.37,12.68,129.19000000000003,0.0,51.0,2539.98,15.659999999999997,15.88,0.0,0.0,437.57,7.42,93.38,0.0,10.0,1055.6699999999998,12.68
United States,Colorado,Barley,1994,spring,137.23,0.0,30.0,1777.37,25.349999999999998,19.689999999999998,0.0,0.0,412.11,14.92,125.4,0.0,4.0,1767.04,16.86,156.98,0.0,30.0,2241.5,25.349999999999998,9.35,0.0,0.0,391.37,2.62,115.99,0.0,4.0,1323.6500000000003,16.86
United States,Colorado,Barley,1995,spring,227.26999999999998,0.0,62.0,1646.37,40.21,49.4,0.0,0.0,354.73,27.740000000000002,137.32999999999998,0.0,6.0,1874.0300000000002,16.599999999999998,307.34000000000003,0.0,62.0,2623.0699999999997,40.21,9.79,0.0,0.0,409.65,3.74,96.87,0.0,6.0,842.4100000000001,16.599999999999998
United States,Colorado,Barley,1996,spring,119.94999999999999,0.0,42.0,1827.85,44.02,21.880000000000003,0.0,0.0,388.04999999999995,12.78,163.59,0.0,7.0,1829.3400000000001,15.480000000000002,145.73999999999998,0.0,42.0,2311.7200000000003,44.02,39.230000000000004,0.0,0.0,422.93,15.48,120.44999999999997,0.0,7.0,1310.5900000000001,12.659999999999998
United States,Colorado,Barley,1997,spring,156.33,0.0,46.0,1748.1099999999997,29.520000000000003,7.93,0.0,0.0,448.79999999999995,4.68,188.7,0.0,2.0,1822.8000000000002,26.54,168.04,0.0,46.0,2476.7800000000007,29.520000000000003,57.129999999999995,0.0,0.0,383.15,26.259999999999998,127.79,0.0,2.0,1159.78,26.54
United States,Colorado,Barley,1998,spring,87.85999999999997,0.0,55.0,1824.4000000000003,13.559999999999999,12.27,0.0,0.0,443.43,5.12,185.79,0.0,0.0,1887.75,25.259999999999998,134.23,0.0,55.0,2547.85,25.259999999999998,72.4,0.0,0.0,392.59,24.54,79.29000000000002,0.0,0.0,1215.14,14.42
United States,Colorado,Barley,1999,spring,205.13999999999996,0.0,52.0,1725.81,51.36,9.399999999999999,0.0,0.0,436.66,3.7199999999999998,174.75000000000003,0.0,6.0,1797.63,21.72,250.72999999999996,0.0,52.0,2508.53,51.36,72.55999999999999,0.0,0.0,404.24,21.72,65.99999999999999,0.0,6.0,1047.33,9.58
United States,Colorado,Barley,2000,spring,75.32,0.0,45.0,1811.16,16.53,29.630000000000003,0.0,0.0,373.34000000000003,19.7,157.45,0.0,5.0,1824.6999999999998,23.240000000000002,104.94999999999999,0.0,45.0,2151.2000000000003,19.7,46.94,0.0,0.0,414.09000000000003,23.240000000000002,110.50999999999999,0.0,5.0,1443.9099999999999,16.82
United States,Colorado,Barley,2001,spring,116.98000000000002,0.0,40.0,1777.98,39.28,13.190000000000001,0.0,0.0,383.08000000000004,5.0200000000000005,135.16,0.0,2.0,1790.44,15.35,130.95000000000002,0.0,40.0,2183.73,39.28,37.92,0.0,0.0,388.91999999999996,15.350000000000001,96.45999999999998,0.0,2.0,1378.85,11.93
United States,Colorado,Barley,2002,spring,42.179999999999986,0.0,46.0,1894.3899999999999,9.89,11.67,0.0,0.0,366.63,3.88,107.85,0.0,4.0,1899.0500000000002,21.610000000000003,49.300000000000004,0.0,46.0,2178.85,9.89,21.119999999999997,0.0,0.0,398.88,10.35,91.28,0.0,4.0,1582.3400000000001,21.610000000000003
United States,Colorado,Barley,2003,spring,98.75,0.0,46.0,1688.16,14.29,11.34,0.0,0.0,435.27,5.07,116.13,0.0,7.0,1864.37,14.27,110.22,0.0,46.0,2263.1800000000003,14.29,13.41,0.0,0.0,339.55,7.11,102.59,0.0,7.0,1385.07,14.27
United States,Colorado,Barley,2004,spring,120.29,0.0,41.0,1741.4299999999998,25.63,47.660000000000004,0.0,0.0,353.82,20.39,154.26000000000002,0.0,4.0,1786.88,26.36,174.14999999999995,0.0,41.0,2274.6000000000004,25.63,66.16,0.0,0.0,364.36999999999995,26.36,81.9,0.0,4.0,1243.16,22.959999999999997
United States,Colorado,Barley,2005,spring,93.68000000000004,0.0,49.0,1815.9800000000002,18.509999999999998,14.45,0.0,0.0,400.61,5.859999999999999,132.07999999999998,0.0,2.0,1866.72,28.610000000000003,109.25,0.0,49.0,2360.1899999999996,18.509999999999998,30.4,0.0,0.0,364.76000000000005,16.15,100.56,0.0,2.0,1358.36,28.610000000000003
United States,Colorado,Barley,2006,spring,49.93,0.0,41.0,1877.2400000000002,8.43,29.83,0.0,0.0,373.4,17.240000000000002,214.32999999999998,0.0,11.0,1742.4,33.97,68.27,0.0,41.0,2211.1200000000003,9.4,75.35999999999999,0.0,0.0,358.4799999999999,33.97,150.46,0.0,11.0,1423.44,20.73
United States,Colorado,Barley,2007,spring,130.94,0.0,45.0,1675.6600000000003,24.07,11.15,0.0,0.0,402.86,4.93,190.73000000000002,0.0,4.0,1798.24,22.080000000000005,150.50000000000003,0.0,45.0,2218.96,24.07,51.14,0.0,0.0,353.32000000000005,19.04,131.18,0.0,4.0,1304.48,22.08
United States,Colorado,Barley,2008,spring,73.55,0.0,55.0,1865.6899999999998,15.64,8.03,0.0,0.0,402.39,3.04,141.18,0.0,1.0,1846.1799999999998,34.660000000000004,93.28999999999999,0.0,55.0,2533.7599999999998,15.64,18.630000000000003,0.0,0.0,368.47,7.14,110.84,0.0,1.0,1212.03,34.660000000000004
United States,Colorado,Barley,2009,spring,147.35000000000002,0.0,43.0,1648.6699999999996,30.369999999999997,38.05,0.0,0.0,386.18,13.139999999999999,138.75,0.0,7.0,1824.42,19.33,198.87,0.0,43.0,2284.27,30.369999999999997,48.739999999999995,0.0,0.0,416.67999999999995,19.279999999999998,76.54,0.0,7.0,1158.32,19.33
United States,Colorado,Barley,2010,spring,103.00000000000001,0.0,51.0,1773.9600000000003,24.259999999999998,14.200000000000001,0.0,0.0,439.16999999999996,5.9,128.04999999999998,0.0,0.0,1963.78,21.39,130.95,0.0,51.0,2433.05,24.259999999999998,31.330000000000002,0.0,0.0,371.42999999999995,14.370000000000001,82.97,0.0,0.0,1372.4299999999998,21.39
United States,Colorado,Barley,2011,spring,90.08999999999999,0.0,57.0,1768.2599999999998,19.96,19.080000000000002,0.0,0.0,422.25,11.79,159.6,0.0,3.0,1845.6999999999998,24.630000000000003,150.04999999999998,0.0,57.0,2451.96,19.96,21.93,0.0,0.0,364.76,10.44,96.79,0.0,3.0,1219.4900000000002,24.630000000000003
United States,Colorado,Barley,2012,spring,77.70000000000002,0.0,37.0,1904.1499999999999,15.090000000000002,7.95,0.0,0.0,397.95000000000005,3.94,163.47,0.0,0.0,1784.45,33.21,81.85000000000002,0.0,37.0,2191.51,15.090000000000002,49.89,0.0,0.0,354.37,33.21,117.37999999999998,0.0,0.0,1540.67,26.43
United States,Colorado,Barley,2013,spring,107.63000000000001,0.0,52.0,1698.27,29.05,12.85,0.0,0.0,423.37,8.190000000000001,251.75000000000003,0.0,5.0,1712.33,54.22,135.01999999999995,0.0,52.0,2279.4,29.05,48.599999999999994,0.0,0.0,395.52,16.34,188.61000000000004,0.0,5.0,1159.0500000000002,54.22
United States,Colorado,Barley,2014,spring,115.05999999999999,0.0,49.0,1721.52,22.490000000000002,8.32,0.0,0.0,422.26,4.1,204.91,0.0,2.0,1730.5300000000002,30.25,152.22000000000003,0.0,49.0,2367.03,22.490000000000002,71.80000000000001,0.0,0.0,349.46999999999997,30.25,104.27,0.0,2.0,1157.81,14.170000000000002
United States,Colorado,Barley,2015,spring,236.35,0.0,50.0,1566.35,35.51,17.119999999999997,0.0,0.0,414.83000000000004,8.2,103.28999999999999,0.0,0.0,1821.6299999999999,21.060000000000002,291.70000000000005,0.0,50.0,2222.45,35.51,20.41,0.0,0.0,427.51,9.44,44.65,0.0,0.0,1152.8500000000001,12.090000000000002
United States,Colorado,Barley,2016,spring,130.39,0.0,49.0,1691.6900000000003,29.93,40.11,0.0,0.0,368.72,16.6,93.98,0.0,3.0,1871.0100000000002,16.36,172.23999999999998,0.0,49.0,2231.97,29.93,15.250000000000002,0.0,0.0,381.93,7.26,76.99000000000001,0.0,3.0,1317.5199999999998,16.36
United States,Colorado,Barley,2017,spring,116.54999999999998,0.0,45.0,1776.9799999999998,25.43,3.12,0.0,0.0,419.53,0.95,200.2,0.0,3.0,1693.52,23.04,121.74999999999999,0.0,45.0,2285.5699999999997,25.43,52.42,0.0,0.0,354.22,21.72,145.70000000000002,0.0,3.0,1250.2400000000002,23.04
United States,Colorado,Barley,2018,spring,73.16,0.0,33.0,1787.5299999999997,13.999999999999998,2.07,0.0,0.0,427.3,1.18,115.09,0.0,3.0,1867.51,20.31,74.97999999999999,0.0,33.0,2141.47,13.999999999999998,28.59,0.0,0.0,365.09,13.58,86.75,0.0,3.0,1575.78,20.310000000000002
United States,Colorado,Barley,2019,spring,125.99,0.0,57.0,1604.94,20.47,17.65,0.0,2.0,377.78,8.18,103.57,0.0,1.0,1919.9299999999998,16.46,159.39,0.0,59.0,2360.17,20.47,41.980000000000004,0.0,0.0,351.28,16.0,45.84,0.0,1.0,1191.2,16.46
United States,Colorado,Barley,2020,spring,73.73,0.0,41.0,1872.6399999999999,12.13,17.41,0.0,0.0,379.63,5.92,91.64999999999999,0.0,8.0,1829.3600000000001,23.049999999999997,93.15,0.0,41.0,2300.14,12.13,12.32,0.0,0.0,358.82000000000005,6.210000000000001,77.32,0.0,8.0,1422.6699999999996,23.049999999999997
United States,Colorado,Barley,2021,spring,109.72000000000001,0.0,43.0,1730.0300000000002,20.51,50.3,0.0,0.0,350.24,19.68,129.19,0.0,2.0,1890.75,26.289999999999996,168.14000000000001,0.0,43.0,2155.89,20.51,37.86,0.0,0.0,368.39,25.95,83.21000000000001,0.0,2.0,1446.7400000000002,26.289999999999996
United States,Colorado,Barley,2022,spring,89.72000000000001,0.0,52.0,1798.5800000000002,28.79,33.43,0.0,0.0,357.64,13.510000000000002,195.43,0.0,0.0,1778.4,37.97,133.21,0.0,52.0,2270.7599999999998,28.79,31.009999999999998,0.0,0.0,329.65,12.879999999999999,154.35999999999999,0.0,0.0,1334.21,37.97
United States,Colorado,Barley,2023,spring,186.83999999999995,0.0,35.0,1528.57,52.95,12.08,0.0,0.0,454.24,6.01,140.38,0.0,2.0,1922.08,28.6,205.45999999999998,0.0,35.0,2209.32,52.95,12.009999999999998,0.0,0.0,359.29,6.92,121.83,0.0,2.0,1336.2799999999997,28.599999999999998
United States,Colorado,Barley,2024,spring,100.38000000000001,0.0,51.0,1815.36,28.939999999999998,30.970000000000002,0.0,0.0,393.12,17.119999999999997,120.38,0.0,0.0,1874.9699999999998,13.98,132.05,0.0,51.0,2326.11,28.939999999999998,28.42,0.0,0.0,365.9,13.98,91.26,0.0,0.0,1391.44,13.75
United States,Colorado,Barley,2025,spring,121.9,0.0,43.0,1699.6299999999999,30.909999999999997,12.470000000000002,0.0,0.0,412.27,5.87,153.37,0.0,0.0,1702.15,27.98,134.82,0.0,43.0,2136.35,30.909999999999997,18.590000000000003,0.0,0.0,336.27,8.32,134.33,0.0,0.0,1341.4299999999998,27.98
United States,Colorado,Oats,1990,spring,97.12,0.0,54.0,1461.0300000000002,20.9,5.95,0.0,0.0,394.6600000000001,3.4899999999999998,198.52,0.0,0.0,2088.0600000000004,21.87,104.47999999999999,0.0,54.0,2013.0099999999998,20.9,74.59,0.0,0.0,518.34,21.87,122.52,0.0,0.0,1412.4,15.819999999999999
United States,Colorado,Oats,1991,spring,112.24000000000001,0.0,45.0,1466.6799999999998,16.59,16.759999999999994,0.0,0.0,326.90000000000003,8.6,178.78,0.0,6.0,2119.96,26.75,130.57000000000002,0.0,45.0,2033.56,16.59,80.02,0.0,0.0,555.44,26.75,97.18999999999998,0.0,6.0,1324.54,20.9
United States,Colorado,Oats,1992,spring,73.80000000000001,0.0,34.0,1461.1,15.32,18.229999999999997,0.0,0.0,330.93,8.75,167.53000000000003,0.0,5.0,2066.61,50.550000000000004,101.46,0.0,34.0,1865.79,15.32,38.199999999999996,0.0,0.0,617.08,8.76,119.9,0.0,5.0,1375.7699999999998,50.550000000000004
United States,Colorado,Oats,1993,spring,88.75,0.0,47.0,1484.3700000000001,12.749999999999998,21.419999999999998,0.0,3.0,344.21999999999997,15.66,128.27999999999997,0.0,11.0,2204.629999999999,12.68,115.16999999999999,0.0,51.0,2207.85,15.659999999999997,24.66,0.0,0.0,633.66,7.42,98.62,0.0,10.0,1191.7099999999998,12.68
United States,Colorado,Oats,1994,spring,133.66,0.0,30.0,1467.05,25.349999999999998,18.490000000000002,0.0,0.0,368.49,14.919999999999998,130.17,0.0,4.0,2120.98,16.86,153.64,0.0,30.0,1912.24,25.349999999999998,8.71,0.0,0.0,599.7,2.81,119.96999999999998,0.0,4.0,1444.5800000000002,16.86
United States,Colorado,Oats,1995,spring,204.91000000000003,0.0,58.0,1387.7700000000004,40.21,23.399999999999995,0.0,4.0,345.7900000000001,13.77,185.69000000000003,0.0,6.0,2141.57,27.740000000000002,289.00000000000006,0.0,62.0,2273.35,40.21,22.560000000000002,0.0,0.0,619.83,11.05,102.44,0.0,6.0,981.95,16.599999999999998
United States,Colorado,Oats,1996,spring,92.96999999999998,0.0,42.0,1571.81,44.02,36.11,0.0,0.0,333.26000000000005,18.14,176.34,0.0,7.0,2140.1699999999996,15.480000000000002,134.79000000000002,0.0,42.0,2038.9300000000003,44.02,44.25,0.0,0.0,557.9,15.480000000000002,126.38,0.0,7.0,1448.4099999999999,12.66
United States,Colorado,Oats,1997,spring,128.30999999999997,0.0,46.0,1496.54,23.950000000000003,29.129999999999995,0.0,0.0,336.74,15.870000000000001,195.51999999999998,0.0,2.0,2186.43,26.54,163.92,0.0,46.0,2105.77,29.520000000000003,24.21,0.0,0.0,623.08,10.52,164.82999999999998,0.0,2.0,1290.86,26.54
United States,Colorado,Oats,1998,spring,78.98999999999998,0.0,51.0,1562.2900000000002,13.559999999999999,12.73,0.0,4.0,337.98,6.19,194.20000000000002,0.0,0.0,2255.3099999999995,25.259999999999998,96.66,0.0,55.0,2246.69,13.559999999999999,77.68,0.0,0.0,560.85,25.259999999999998,111.58,0.0,0.0,1348.0400000000002,20.24
United States,Colorado,Oats,1999,spring,176.79000000000002,0.0,52.0,1484.23,51.36,31.699999999999996,0.0,0.0,305.52000000000004,11.48,180.80000000000007,0.0,6.0,2170.35,21.72,218.07999999999998,0.0,52.0,2212.46,51.36,71.92,0.0,0.0,557.3100000000001,19.54,99.28999999999999,0.0,6.0,1190.3300000000002,21.72
United States,Colorado,Oats,2000,spring,71.13,0.0,45.0,1533.9899999999998,16.53,8.540000000000001,0.0,0.0,358.84000000000003,5.779999999999999,182.73000000000002,0.0,5.0,2116.3699999999994,23.24,79.53,0.0,45.0,1859.16,16.53,47.31999999999999,0.0,0.0,567.33,19.7,135.55,0.0,5.0,1582.71,23.240000000000002
United States,Colorado,Oats,2001,spring,107.61000000000001,0.0,37.0,1484.82,39.28,11.729999999999999,0.0,3.0,373.73,7.94,145.99,0.0,2.0,2092.9500000000003,15.350000000000001,121.4,0.0,40.0,1926.74,39.28,43.4,0.0,0.0,507.14000000000004,15.350000000000001,100.52999999999997,0.0,2.0,1517.62,11.93
United States,Colorado,Oats,2002,spring,40.379999999999995,0.0,46.0,1577.81,9.89,4.66,0.0,0.0,386.78999999999996,2.8599999999999994,116.66000000000001,0.0,4.0,2195.47,21.61,42.96,0.0,46.0,1919.29,9.89,27.179999999999996,0.0,0.0,510.00999999999993,10.35,91.56,0.0,4.0,1730.77,21.610000000000003
United States,Colorado,Oats,2003,spring,78.16999999999999,0.0,45.0,1443.78,14.29,25.650000000000002,0.0,1.0,310.43000000000006,12.45,122.4,0.0,7.0,2233.5899999999997,14.27,106.49,0.0,46.0,1928.2,14.29,8.879999999999999,0.0,0.0,558.64,3.54,110.85000000000001,0.0,7.0,1500.9599999999998,14.27
United States,Colorado,Oats,2004,spring,107.2,0.0,41.0,1488.3299999999997,25.63,23.060000000000002,0.0,0.0,310.95,10.01,191.94999999999996,0.0,4.0,2082.85,26.36,143.26,0.0,41.0,1920.4,25.63,80.28,0.0,0.0,579.0300000000001,26.36,98.66999999999999,0.0,4.0,1382.7000000000003,22.959999999999997
United States,Colorado,Oats,2005,spring,73.77,0.0,46.0,1532.32,18.509999999999998,23.68,0.0,3.0,354.08,16.14,142.76,0.0,2.0,2196.9100000000003,28.610000000000003,107.17999999999999,0.0,49.0,2056.15,18.509999999999998,15.98,0.0,0.0,565.7300000000001,10.790000000000001,117.05,0.0,2.0,1461.4299999999998,28.610000000000003
United States,Colorado,Oats,2006,spring,44.9,0.0,41.0,1587.62,8.43,6.12,0.0,0.0,364.11,2.49,243.07,0.0,11.0,2041.3099999999997,33.97,49.93,0.0,41.0,1877.2400000000002,8.43,87.21000000000001,0.0,0.0,581.4,33.97,156.95,0.0,11.0,1534.3999999999999,20.73
United States,Colorado,Oats,2007,spring,120.91000000000003,0.0,44.0,1388.72,24.07,10.389999999999999,0.0,1.0,369.59999999999997,8.09,201.52,0.0,4.0,2118.44,22.080000000000005,136.21000000000004,0.0,45.0,1923.3000000000002,24.07,54.339999999999996,0.0,0.0,530.17,19.040000000000003,142.27000000000004,0.0,4.0,1423.2900000000002,22.08
United States,Colorado,Oats,2008,spring,71.95,0.0,50.0,1547.96,15.64,2.2500000000000004,0.0,5.0,403.75999999999993,0.68,148.55999999999997,0.0,1.0,2162.54,34.660000000000004,81.55,0.0,55.0,2239.4600000000005,15.64,25.830000000000005,0.0,0.0,545.3400000000001,9.81,115.38,0.0,1.0,1329.4599999999998,34.660000000000004
United States,Colorado,Oats,2009,spring,136.25,0.0,41.0,1406.0400000000002,30.369999999999997,16.109999999999996,0.0,2.0,309.47,6.32,171.78999999999996,0.0,7.0,2143.7599999999998,19.33,173.25,0.0,43.0,1973.0100000000004,30.369999999999997,47.1,0.0,0.0,590.3399999999999,12.15,103.80000000000001,0.0,7.0,1295.92,19.33
United States,Colorado,Oats,2010,spring,75.18,0.0,50.0,1515.5099999999998,23.060000000000002,27.909999999999997,0.0,1.0,346.51,24.259999999999998,142.16000000000003,0.0,0.0,2314.8899999999994,21.39,110.52,0.0,51.0,2088.98,24.259999999999998,36.12,0.0,0.0,582.39,13.700000000000001,98.61,0.0,0.0,1505.5400000000002,21.39
United States,Colorado,Oats,2011,spring,87.78,0.0,57.0,1469.59,19.96,14.1,0.0,0.0,365.3,11.96,166.89000000000001,0.0,3.0,2201.3199999999997,24.630000000000003,109.17,0.0,57.0,2164.79,19.96,54.41,0.0,0.0,533.35,16.9,105.19000000000001,0.0,3.0,1338.0700000000002,24.630000000000003
United States,Colorado,Oats,2012,spring,76.14,0.0,37.0,1580.7399999999998,15.090000000000002,1.5599999999999998,0.0,0.0,416.44000000000005,1.4,171.42,0.0,0.0,2089.370000000001,33.21,77.70000000000002,0.0,37.0,1904.1499999999999,15.090000000000002,47.77000000000001,0.0,0.0,521.2300000000001,33.21,123.65,0.0,0.0,1661.1699999999998,26.43
United States,Colorado,Oats,2013,spring,102.78999999999999,0.0,52.0,1411.2,29.05,4.859999999999999,0.0,0.0,377.7099999999999,4.359999999999999,264.58,0.0,5.0,2045.0600000000002,54.22,110.27000000000001,0.0,52.0,1983.27,29.05,55.77,0.0,0.0,584.06,16.34,206.19000000000003,0.0,5.0,1266.64,54.22
United States,Colorado,Oats,2014,spring,105.37,0.0,47.0,1437.02,22.490000000000002,9.84,0.0,2.0,368.77,6.819999999999999,213.07999999999998,0.0,2.0,2068.52,30.25,119.28000000000002,0.0,49.0,2070.08,22.490000000000002,58.00999999999999,0.0,0.0,541.97,20.580000000000002,150.99999999999997,0.0,2.0,1262.26,30.25
United States,Colorado,Oats,2015,spring,200.97,0.0,50.0,1318.1300000000003,35.51,35.43,0.0,0.0,339.59999999999997,16.38,120.36,0.0,0.0,2145.0799999999995,21.06,249.32999999999998,0.0,50.0,1930.06,35.51,56.74,0.0,0.0,591.97,21.06,50.69,0.0,0.0,1280.78,12.090000000000002
United States,Colorado,Oats,2016,spring,117.99,0.0,49.0,1386.93,29.93,23.459999999999997,0.0,0.0,383.6700000000001,11.059999999999999,123.03,0.0,3.0,2160.8199999999997,16.6,150.63,0.0,49.0,1918.16,29.93,33.57,0.0,0.0,586.73,16.6,80.28,0.0,3.0,1426.53,16.36
United States,Colorado,Oats,2017,spring,116.13,0.0,45.0,1453.9400000000005,25.43,0.78,0.0,0.0,410.03999999999996,0.42000000000000004,202.95999999999998,0.0,3.0,2026.0500000000002,23.04,118.31999999999996,0.0,45.0,1993.6500000000003,25.43,40.31999999999999,0.0,0.0,522.41,21.72,161.23,0.0,3.0,1373.9700000000003,23.040000000000003
United States,Colorado,Oats,2018,spring,62.79,0.0,33.0,1505.28,13.999999999999998,10.57,0.0,0.0,364.64,9.760000000000002,116.96000000000001,0.0,3.0,2212.42,20.31,73.16,0.0,33.0,1787.5299999999997,13.999999999999998,17.87,0.0,0.0,611.5799999999999,13.58,99.28999999999999,0.0,3.0,1683.23,20.31
United States,Illinois,Wheat,1990,winter,459.99,0.0,135.0,2461.42,58.379999999999995,123.43,0.0,0.0,458.25,59.230000000000004,277.21000000000004,0.0,0.0,939.27,70.28,627.5799999999999,0.0,135.0,2995.15,59.230000000000004,70.64000000000001,0.0,0.0,404.01,30.54,162.41000000000003,0.0,0.0,459.78000000000003,70.28
United States,Illinois,Wheat,1991,winter,629.17,1.0,121.0,2467.4700000000003,75.67,107.63,0.0,0.0,443.64,62.33,99.58999999999999,0.0,0.0,1060.85,28.76,726.7,1.0,121.0,2834.52,75.67,52.83,0.0,0.0,326.88,28.76,56.86000000000001,0.0,0.0,810.56,17.94
United States,Illinois,Wheat,1992,winter,561.22,0.0,129.0,2276.6399999999994,88.75999999999999,26.299999999999997,0.0,2.0,451.65999999999997,6.19,80.55000000000001,0.0,0.0,990.2399999999999,28.879999999999995,589.7,0.0,131.0,2792.42,88.75999999999999,41.82000000000001,0.0,0.0,473.81,24.810000000000002,36.55,0.0,0.0,452.31,28.880000000000003
United States,Illinois,Wheat,1993,winter,696.0500000000001,0.0,136.0,2141.11,59.78,60.38000000000001,0.0,1.0,454.72,27.26,211.55,0.0,0.0,931.64,61.19,782.8000000000001,0.0,137.0,2941.5699999999997,59.78,107.83,0.0,0.0,370.02,41.41,77.35,0.0,0.0,215.88,61.19
United States,Illinois,Wheat,1994,winter,665.85,0.0,133.0,2287.3599999999997,96.77,112.22999999999999,0.0,0.0,479.97,44.269999999999996,116.49999999999999,0.0,0.0,1130.6799999999998,29.47,818.5100000000001,0.0,133.0,3362.28,96.77,62.839999999999996,0.0,0.0,386.03999999999996,28.68,13.230000000000002,0.0,0.0,149.69,12.83
United States,Illinois,Wheat,1995,winter,551.06,0.0,116.0,2401.09,52.69,102.02000000000001,0.0,0.0,373.29999999999995,56.77,255.64999999999998,0.0,0.0,961.79,94.67,640.6399999999999,0.0,116.0,2723.1,56.77,188.27999999999997,0.0,0.0,395.15999999999997,94.67,79.81,0.0,0.0,617.92,22.86
United States,Illinois,Wheat,1996,winter,352.65999999999997,0.0,143.0,2505.23,32.29,185.22,0.0,0.0,339.58,56.010000000000005,172.32,0.0,0.0,932.71,59.69,599.71,0.0,143.0,3052.58,56.010000000000005,89.88,0.0,0.0,401.90000000000003,30.13,20.61,0.0,0.0,323.03999999999996,11.84
United States,Illinois,Wheat,1997,winter,462.51,0.0,137.0,2385.54,50.76,39.160000000000004,0.0,0.0,481.71999999999997,21.14,141.39,0.0,0.0,954.7400000000001,26.87,542.3299999999999,0.0,137.0,3156.9900000000002,50.76,63.039999999999985,0.0,0.0,358.52000000000004,22.65,37.69,0.0,0.0,306.49,26.87
United States,Illinois,Wheat,1998,winter,590.3,0.0,114.0,2349.83,51.26,126.52,0.0,0.0,428.01,45.209999999999994,275.98,0.0,0.0,968.8599999999999,37.57,714.54,0.0,114.0,2725.57,51.26,66.42,0.0,0.0,371.97,37.379999999999995,211.83999999999997,0.0,0.0,649.1600000000001,37.57
United States,Illinois,Wheat,1999,winter,491.68,0.0,111.0,2453.19,50.27,99.69,0.0,0.0,448.42,34.22,166.76999999999995,0.0,0.0,1033.1799999999998,49.02,531.75,0.0,111.0,2660.0,50.27,88.83000000000001,0.0,0.0,423.15,34.22,137.56,0.0,0.0,851.6399999999999,49.02
United States,Illinois,Wheat,2000,winter,335.47,0.0,110.0,2618.1399999999994,36.92,45.8,0.0,0.0,484.26,15.110000000000001,210.24,0.0,0.0,904.5,61.49999999999999,351.3399999999999,0.0,110.0,2755.1400000000003,36.92,40.34000000000001,0.0,0.0,407.54,13.14,199.83,0.0,0.0,844.22,61.49999999999999
United States,Illinois,Wheat,2001,winter,514.42,1.0,143.0,2544.2799999999997,52.260000000000005,41.519999999999996,0.0,0.0,483.86,12.61,162.76999999999998,0.0,0.0,986.41,59.3,556.36,1.0,143.0,3053.7,52.260000000000005,140.82999999999998,0.0,0.0,384.53000000000003,59.3,21.52,0.0,0.0,576.32,15.55
United States,Illinois,Wheat,2002,winter,587.48,0.0,112.0,2542.19,68.33000000000001,253.93,0.0,0.0,412.65999999999997,88.33999999999999,156.84,0.0,2.0,998.91,71.95,723.28,0.0,112.0,2827.58,68.33000000000001,164.0,0.0,2.0,496.31,88.33999999999999,110.97000000000001,0.0,0.0,629.87,71.95
United States,Illinois,Wheat,2003,winter,347.78999999999996,0.0,129.0,2520.93,33.230000000000004,114.81,0.0,0.0,448.42,48.510000000000005,123.08000000000001,0.0,0.0,990.48,32.17,466.6500000000001,0.0,129.0,2983.31,48.510000000000005,40.68,0.0,0.0,452.80999999999995,11.59,78.35000000000001,0.0,0.0,523.71,32.17
United States,Illinois,Wheat,2004,winter,457.89,0.0,120.0,2600.71,68.13999999999999,108.52000000000001,0.0,0.0,445.43,42.68,168.20999999999998,0.0,0.0,1027.0100000000002,43.709999999999994,512.3,0.0,120.0,2965.62,68.13999999999999,117.30000000000003,0.0,0.0,352.68999999999994,43.709999999999994,105.02000000000001,0.0,0.0,754.84,31.73
United States,Illinois,Wheat,2005,winter,585.96,0.0,108.0,2549.34,72.74,44.1,0.0,2.0,459.54999999999995,16.43,68.68,1.0,0.0,1089.4599999999998,24.239999999999995,607.94,0.0,110.0,2866.68,72.74,45.42,0.0,0.0,482.65,21.96,45.379999999999995,1.0,0.0,749.02,24.240000000000002
United States,Illinois,Wheat,2006,winter,520.21,1.0,116.0,2529.6099999999997,48.34,59.88,0.0,0.0,427.56000000000006,35.52,90.50000000000001,0.0,0.0,1077.48,26.29,524.22,1.0,116.0,2667.5099999999998,48.34,66.9,0.0,0.0,506.7300000000001,35.52,79.47000000000001,0.0,0.0,860.4100000000001,26.29
United States,Illinois,Wheat,2007,winter,571.8,0.0,125.0,2361.6899999999996,81.3,61.72,0.0,0.0,486.66,41.160000000000004,156.35000000000002,0.0,0.0,1015.87,57.129999999999995,632.28,0.0,125.0,2728.77,81.3,35.349999999999994,0.0,0.0,436.24999999999994,19.9,122.24,0.0,0.0,699.2,57.129999999999995
United States,Illinois,Wheat,2008,winter,635.61,1.0,128.0,2465.63,69.11,78.3,0.0,0.0,420.69,33.33,252.67000000000002,0.0,0.0,1030.39,88.35000000000001,678.16,1.0,128.0,2796.2200000000003,69.11,136.6,0.0,0.0,472.54999999999995,35.67,151.82000000000002,0.0,0.0,647.9399999999999,66.11
United States,Illinois,Wheat,2009,winter,723.5999999999999,0.0,131.0,2496.9100000000003,136.1,133.5,0.0,0.0,419.55000000000007,45.95,216.14,0.0,0.0,998.0799999999999,51.6,896.49,0.0,131.0,3054.49,136.1,62.47,0.0,0.0,410.54999999999995,22.86,114.27999999999999,0.0,0.0,449.50000000000006,51.6
United States,Illinois,Wheat,2010,winter,697.58,0.0,109.0,2396.4,70.25,104.65,0.0,0.0,459.74,40.64000000000001,314.31999999999994,0.0,0.0,1012.01,66.97999999999999,841.81,0.0,109.0,2927.4700000000003,70.25,75.06,0.0,0.0,370.26000000000005,31.369999999999997,199.68,0.0,0.0,570.4200000000001,66.97999999999999
United States,Illinois,Wheat,2011,winter,526.0,0.0,124.0,2496.88,64.14,105.13,0.0,0.0,393.99,32.43,225.68,0.0,0.0,908.4399999999999,44.53,636.2,0.0,124.0,2928.66,64.14,85.10000000000001,0.0,0.0,345.38999999999993,44.53,135.51,0.0,0.0,525.26,40.81
United States,Illinois,Wheat,2012,winter,431.71000000000004,3.0,99.0,2582.31,37.5,64.32000000000001,0.0,0.0,458.71000000000004,38.95,55.699999999999996,4.0,0.0,1199.6100000000001,15.57,428.40999999999997,3.0,99.0,2508.6600000000003,37.5,67.57,0.0,0.0,434.72,38.95,55.75000000000001,4.0,0.0,1297.25,15.57
United States,Illinois,Wheat,2013,winter,649.3199999999999,0.0,138.0,2426.91,69.91999999999999,93.9,0.0,0.0,467.28999999999996,42.61,244.6,0.0,0.0,925.3700000000001,64.29,779.4699999999999,0.0,138.0,3058.4,69.91999999999999,130.85000000000002,0.0,0.0,363.87,64.29,77.49999999999999,0.0,0.0,397.30000000000007,22.04
United States,Illinois,Wheat,2014,winter,435.09999999999997,3.0,141.0,2542.32,55.36,82.73999999999998,0.0,0.0,451.45000000000005,29.55,192.69,0.0,0.0,1049.58,39.34,526.67,3.0,141.0,3160.92,55.36,78.27,0.0,0.0,396.61,36.96,105.58999999999999,0.0,0.0,485.81999999999994,39.34
United States,Illinois,Wheat,2015,winter,521.64,0.0,131.0,2434.7799999999997,79.29,77.60000000000001,0.0,1.0,500.3,34.4,288.49999999999994,0.0,0.0,943.12,56.87,618.0999999999999,0.0,132.0,3130.7,79.29,109.10000000000001,0.0,0.0,396.54,56.87,160.54,0.0,0.0,350.96,53.16
United States,Illinois,Wheat,2016,winter,623.94,0.0,100.0,2539.6600000000003,132.38,109.00999999999999,0.0,0.0,394.27,28.42,130.38000000000002,0.0,0.0,1153.3700000000001,28.150000000000002,616.35,0.0,100.0,2529.5,132.38,116.98,0.0,0.0,453.85,28.42,130.00000000000003,0.0,0.0,1103.95,28.150000000000002
United States,Illinois,Wheat,2017,winter,470.39000000000004,0.0,102.0,2436.8,54.99,169.99,0.0,0.0,453.23,74.11,132.19,0.0,0.0,1118.68,44.28,459.45000000000005,0.0,102.0,2327.5600000000004,54.99,180.91000000000003,0.0,0.0,477.95,74.11,132.21000000000004,0.0,0.0,1203.2,44.28
United States,Illinois,Wheat,2018,winter,595.6,0.0,134.0,2464.17,151.76,28.869999999999997,0.0,1.0,518.08,11.85,236.29,0.0,0.0,1033.2700000000002,89.83,622.8299999999999,0.0,135.0,2929.0699999999997,151.76,29.630000000000006,0.0,0.0,367.95,15.860000000000001,208.3,0.0,0.0,718.4999999999999,89.83
United States,Illinois,Wheat,2019,winter,662.49,0.0,133.0,2427.56,73.25999999999999,91.72,0.0,1.0,385.48,34.0,212.18999999999997,0.0,0.0,965.46,42.22999999999999,757.51,0.0,134.0,2892.75,73.25999999999999,83.14000000000001,0.0,0.0,365.99,39.41,125.75,0.0,0.0,519.76,42.22999999999999
United States,Illinois,Wheat,2020,winter,569.55,0.0,126.0,2366.52,83.5,128.31,0.0,0.0,419.53999999999996,46.269999999999996,197.08,0.0,0.0,1049.3199999999997,54.27,697.86,0.0,126.0,2786.06,83.5,88.17,0.0,0.0,376.84999999999997,54.27,108.91,0.0,0.0,672.47,39.34
United States,Illinois,Wheat,2021,winter,477.1,0.0,119.0,2541.65,41.129999999999995,71.39,0.0,2.0,486.6,28.65,271.51,0.0,0.0,969.4,89.57,548.49,0.0,121.0,2971.2700000000004,41.129999999999995,64.79,0.0,0.0,402.44,35.029999999999994,206.72,0.0,0.0,623.94,89.57
United States,Illinois,Wheat,2022,winter,627.9200000000001,0.0,123.0,2452.83,55.63,61.11,0.0,1.0,413.21999999999997,26.179999999999996,93.28,0.0,0.0,1050.4800000000002,21.25,688.54,0.0,124.0,2726.38,55.63,55.690000000000005,0.0,0.0,377.32000000000005,21.25,38.08,0.0,0.0,812.83,16.990000000000002
United States,Illinois,Wheat,2023,winter,495.94000000000005,0.0,115.0,2489.9599999999996,42.24,57.16,0.0,2.0,476.45000000000005,41.339999999999996,68.73,0.0,0.0,1105.9200000000003,34.019999999999996,522.5899999999999,0.0,117.0,2809.64,42.24,37.94,0.0,0.0,482.79999999999995,24.27,61.30000000000001,0.0,0.0,779.8899999999999,34.019999999999996
United States,Illinois,Wheat,2024,winter,540.15,0.0,102.0,2529.7,53.43000000000001,100.13,0.0,2.0,454.15,38.349999999999994,117.34999999999998,0.0,0.0,1091.78,43.55,527.73,0.0,102.0,2461.1000000000004,53.43000000000001,94.21000000000001,0.0,2.0,471.15,38.349999999999994,135.69000000000003,0.0,0.0,1143.3799999999999,43.55
United States,Illinois,Wheat,2025,winter,496.71000000000004,0.0,100.0,2595.67,83.92,48.31,0.0,0.0,484.24,13.36,157.59,0.0,0.0,1007.2500000000001,40.480000000000004,498.38,0.0,100.0,2631.05,83.92,48.88,0.0,0.0,471.63,13.36,155.35,0.0,0.0,984.4800000000001,40.480000000000004
United States,Illinois,Oats,1990,spring,272.43,0.0,9.0,1186.4200000000003,59.230000000000004,121.37,0.0,0.0,318.52,70.28,280.49000000000007,1.0,0.0,1909.7900000000002,58.51,238.45000000000002,0.0,9.0,987.65,59.230000000000004,85.07000000000001,0.0,0.0,469.53,42.72,350.77,1.0,0.0,1957.55,70.28
United States,Illinois,Oats,1991,spring,235.23000000000002,0.0,2.0,1305.99,62.33,29.669999999999998,0.0,0.0,326.33,15.42,255.47999999999996,2.0,0.0,2018.8899999999999,69.83,210.40000000000003,0.0,2.0,889.0900000000001,62.33,24.83,0.0,0.0,416.90000000000003,13.540000000000001,285.15000000000003,2.0,0.0,2345.2200000000003,69.83
United States,Illinois,Oats,1992,spring,128.93,0.0,9.0,1219.23,24.810000000000002,32.35,0.0,0.0,300.78,28.880000000000003,376.01,0.0,0.0,1802.6100000000001,56.379999999999995,96.73000000000002,0.0,9.0,1031.04,22.490000000000002,63.809999999999995,0.0,0.0,416.96999999999997,28.879999999999995,376.75000000000006,0.0,0.0,1874.6100000000001,56.379999999999995
United States,Illinois,Oats,1993,spring,237.08999999999997,0.0,8.0,1137.39,54.349999999999994,54.58,0.0,0.0,312.57,28.049999999999997,586.7199999999998,0.0,0.0,1701.94,62.970000000000006,174.34000000000003,0.0,8.0,976.81,54.349999999999994,101.52000000000001,0.0,0.0,401.88000000000005,41.41,602.53,0.0,0.0,1773.21,62.970000000000006
United States,Illinois,Oats,1994,spring,315.32000000000005,0.0,7.0,1431.7100000000003,96.77000000000001,38.03000000000001,0.0,0.0,327.53,17.18,241.17999999999998,0.0,0.0,1890.1299999999999,30.87,282.96000000000004,0.0,7.0,1223.17,96.77000000000001,69.08,0.0,0.0,462.58000000000004,29.47,242.49,0.0,0.0,1963.62,30.87
United States,Illinois,Oats,1995,spring,358.27,0.0,4.0,1119.4799999999998,94.67,30.769999999999996,0.0,0.0,328.25,17.29,231.17,0.0,1.0,2027.46,35.94,346.77000000000004,0.0,4.0,903.0699999999999,94.67,24.98,0.0,0.0,469.54,13.250000000000002,248.46,0.0,1.0,2102.58,35.94
United States,Illinois,Oats,1996,spring,339.24999999999994,0.0,10.0,1133.4299999999998,59.69,32.75,0.0,0.0,266.53000000000003,13.579999999999998,201.42000000000002,2.0,0.0,2024.03,37.790000000000006,286.21999999999997,0.0,10.0,912.33,59.69,84.79999999999998,0.0,0.0,425.28000000000003,30.13,202.4,2.0,0.0,2086.38,37.790000000000006
United States,Illinois,Oats,1997,spring,150.35000000000002,0.0,12.0,1277.7199999999998,22.9,27.290000000000003,0.0,0.0,293.47,14.120000000000001,260.43,6.0,0.0,1992.8899999999999,44.63,131.25,0.0,12.0,1198.8899999999996,22.9,46.4,0.0,0.0,393.99,22.65,260.42,6.0,0.0,1971.2,44.63
United States,Illinois,Oats,1998,spring,286.92999999999995,0.0,2.0,1231.74,45.209999999999994,131.20000000000002,0.0,0.0,262.59999999999997,37.57,288.80000000000007,0.0,0.0,2009.8500000000001,55.20000000000001,243.32,0.0,2.0,907.37,45.209999999999994,100.34,0.0,0.0,402.98999999999995,35.09,363.2700000000001,0.0,0.0,2193.83,55.2
United States,Illinois,Oats,1999,spring,285.0,0.0,0.0,1257.31,50.27,56.160000000000004,0.0,0.0,306.26,49.02,255.20000000000002,2.0,0.0,2105.61,69.30000000000001,224.57000000000002,0.0,0.0,863.8199999999999,50.27,66.57,0.0,0.0,465.54,36.9,305.22,2.0,0.0,2339.8199999999997,69.30000000000001
United States,Illinois,Oats,2000,spring,163.45000000000002,0.0,4.0,1212.98,37.550000000000004,99.05000000000001,0.0,0.0,279.09,61.49999999999999,319.62999999999994,3.0,0.0,1987.5200000000002,42.86999999999999,111.15,0.0,4.0,909.8400000000001,20.84,69.48,0.0,0.0,391.65000000000003,37.550000000000004,401.5,3.0,0.0,2178.1000000000004,61.49999999999999
United States,Illinois,Oats,2001,spring,237.45,0.0,4.0,1247.62,59.3,20.619999999999997,0.0,0.0,336.01,15.55,247.23,6.0,0.0,2080.92,46.379999999999995,100.72999999999999,0.0,4.0,888.4599999999998,33.76,136.72,0.0,0.0,412.35,59.3,267.85,6.0,0.0,2363.74,46.379999999999995
United States,Illinois,Oats,2002,spring,379.89,0.0,8.0,1220.1100000000001,88.34,83.81999999999998,0.0,0.0,309.21000000000004,71.95,286.08000000000004,0.0,0.0,2072.44,48.330000000000005,358.34999999999997,0.0,8.0,1024.79,88.34,105.26,0.0,0.0,384.96,71.95,286.18,0.0,0.0,2192.01,48.330000000000005
United States,Illinois,Oats,2003,spring,209.83,0.0,6.0,1218.2,48.510000000000005,53.26,0.0,0.0,320.85,32.17,371.37,6.0,0.0,2079.09,107.78999999999999,177.49999999999997,0.0,6.0,926.2099999999999,48.510000000000005,80.32,0.0,0.0,446.7,32.17,376.63999999999993,6.0,0.0,2245.23,107.78999999999999
United States,Illinois,Oats,2004,spring,205.01999999999998,0.0,5.0,1363.3,43.709999999999994,72.18,0.0,0.0,281.59999999999997,31.73,248.32,0.0,0.0,2036.5900000000001,58.47,131.54,0.0,5.0,957.89,42.68,76.42999999999999,0.0,0.0,446.75000000000006,43.709999999999994,317.55,0.0,0.0,2276.85,58.47
United States,Illinois,Oats,2005,spring,98.8,0.0,2.0,1386.0800000000002,23.590000000000003,40.79,0.0,0.0,326.37999999999994,24.240000000000002,253.05,14.0,0.0,2052.46,28.07,95.47999999999999,0.0,2.0,1037.94,23.590000000000003,20.27,0.0,0.0,443.26,11.1,276.89,14.0,0.0,2283.72,28.07
United States,Illinois,Oats,2006,spring,208.93,0.0,3.0,1344.63,48.34,18.36,0.0,0.0,305.67,15.219999999999999,298.50999999999993,4.0,0.0,1883.1000000000001,53.02,163.98000000000002,0.0,3.0,1001.35,48.34,48.06,0.0,0.0,406.97999999999996,26.29,313.75999999999993,4.0,0.0,2125.07,53.02
United States,Illinois,Oats,2007,spring,152.84000000000003,0.0,13.0,1304.97,41.160000000000004,29.73,0.0,0.0,364.82,21.41,246.57,7.0,0.0,2063.79,41.82,113.27,0.0,13.0,1039.51,41.160000000000004,39.91,0.0,0.0,399.24999999999994,18.91,275.96,7.0,0.0,2294.8199999999997,57.129999999999995
United States,Illinois,Oats,2008,spring,326.7199999999999,0.0,5.0,1208.21,88.35000000000002,18.970000000000002,0.0,0.0,358.88,11.16,521.2,0.0,0.0,2017.1999999999998,136.1,172.16000000000003,0.0,5.0,1031.07,33.980000000000004,171.15,0.0,0.0,394.15000000000003,88.35000000000001,523.58,0.0,0.0,2159.07,136.1
United States,Illinois,Oats,2009,spring,331.59,0.0,8.0,1264.27,75.03999999999999,100.95000000000002,0.0,0.0,250.37000000000003,51.6,300.81,0.0,0.0,1932.75,35.550000000000004,294.98,0.0,8.0,1012.16,75.03999999999999,101.86999999999999,0.0,0.0,427.92,34.55,336.5,0.0,0.0,2007.31,35.550000000000004
United States,Illinois,Oats,2010,spring,251.73,0.0,0.0,1342.5100000000002,40.64000000000001,138.10999999999999,0.0,0.0,290.78999999999996,46.629999999999995,402.05,0.0,0.0,2115.7900000000004,69.52999999999999,185.82000000000002,0.0,0.0,928.61,40.64000000000001,78.33000000000001,0.0,0.0,419.66999999999996,31.369999999999997,527.74,0.0,0.0,2400.8100000000004,69.52999999999999
United States,Illinois,Oats,2011,spring,294.43000000000006,0.0,1.0,1142.35,44.53,88.05,0.0,0.0,274.61,40.81,172.83,5.0,0.0,2027.81,39.540000000000006,219.70000000000002,0.0,1.0,881.25,34.35,89.49000000000002,0.0,0.0,343.59,38.980000000000004,246.12,5.0,0.0,2219.9299999999994,40.81
United States,Illinois,Oats,2012,spring,144.43,0.0,1.0,1448.5200000000002,38.95,21.279999999999998,0.0,0.0,371.40999999999997,14.1,230.2,32.0,0.0,2096.13,79.66,112.33000000000001,0.0,1.0,989.41,38.95,32.1,0.0,0.0,488.8299999999999,15.57,251.48,32.0,0.0,2437.82,79.66
United States,Illinois,Oats,2013,spring,389.77000000000004,0.0,7.0,1216.5000000000005,69.92,34.03,0.0,0.0,312.09,21.0,180.18,4.0,0.0,2016.19,27.8,277.62,0.0,7.0,979.9800000000001,69.92,133.32000000000002,0.0,0.0,407.08,57.16,193.04,4.0,0.0,2157.72,27.8
United States,Illinois,Oats,2014,spring,227.94,0.0,6.0,1332.71,41.84,44.33,0.0,0.0,305.53000000000003,22.75,397.14,0.0,0.0,1955.95,79.29,150.40999999999997,0.0,6.0,1040.48,41.84,101.66,0.0,0.0,406.04,36.96,417.34,0.0,0.0,2147.67,79.29
United States,Illinois,Oats,2015,spring,218.81000000000003,0.0,3.0,1324.0,43.11,137.35,0.0,0.0,274.51,43.949999999999996,306.5399999999999,0.0,0.0,1942.31,53.16,155.29,0.0,3.0,966.9799999999999,34.4,107.47000000000001,0.0,0.0,430.92999999999995,56.87,399.94000000000005,0.0,0.0,2142.91,53.16
United States,Illinois,Oats,2016,spring,211.76999999999998,0.0,8.0,1306.0700000000002,28.42,29.71,0.0,0.0,376.48999999999995,25.03,427.80000000000007,0.0,0.0,1988.4600000000003,67.26,167.95,0.0,8.0,1036.31,28.42,48.40999999999999,0.0,0.0,428.0799999999999,24.689999999999998,452.92,0.0,0.0,2206.63,67.26
United States,Illinois,Oats,2017,spring,298.66,0.0,1.0,1333.0800000000002,74.11,40.78,0.0,0.0,365.06,23.950000000000003,185.99,1.0,0.0,2101.42,27.82,276.8,0.0,1.0,908.17,74.11,21.86,0.0,0.0,512.4399999999999,13.9,226.76999999999998,1.0,0.0,2378.95,27.82
United States,Illinois,Oats,2018,spring,159.42999999999998,0.0,17.0,1375.8300000000002,35.4,134.57000000000002,0.0,0.0,282.31,89.83000000000001,341.67999999999995,0.0,0.0,1978.97,73.25999999999999,120.63000000000001,0.0,17.0,1052.09,35.4,130.79,0.0,0.0,373.94,89.83,384.25999999999993,0.0,0.0,2211.0799999999995,73.25999999999999
United States,Illinois,Oats,2019,spring,257.7199999999999,0.0,4.0,1221.47,39.41,92.6,0.0,0.0,263.85,42.22999999999999,253.23000000000002,0.0,0.0,2037.8100000000002,34.190000000000005,219.76,0.0,4.0,914.7,39.41,50.82000000000001,0.0,0.0,413.46,21.950000000000003,332.96999999999997,0.0,0.0,2194.9700000000007,42.22999999999999
United States,Illinois,Oats,2020,spring,277.36,0.0,7.0,1286.6100000000001,54.269999999999996,19.87,0.0,0.0,354.94,11.23,288.79999999999995,0.0,0.0,2059.85,49.74,237.65000000000003,0.0,7.0,1042.91,54.269999999999996,48.35000000000001,0.0,0.0,507.2099999999999,39.34,300.03,0.0,0.0,2151.28,49.74
United States,Illinois,Oats,2021,spring,174.51,0.0,6.0,1326.89,35.03,55.26,0.0,0.0,340.26000000000005,36.08,427.32000000000005,0.0,0.0,1920.6499999999999,89.57,140.43,0.0,6.0,1041.9599999999998,35.03,52.51,0.0,0.0,436.2799999999999,26.939999999999998,464.1500000000001,0.0,0.0,2109.56,89.57
United States,Illinois,Oats,2022,spring,169.9,0.0,9.0,1210.9199999999996,26.18,14.56,0.0,0.0,333.62,7.24,302.07000000000005,2.0,0.0,2006.54,50.67,152.1,0.0,9.0,937.5499999999998,26.18,29.679999999999996,0.0,0.0,370.67,12.54,304.75,2.0,0.0,2242.8599999999997,50.67
United States,Illinois,Oats,2023,spring,110.17,0.0,4.0,1428.02,41.339999999999996,16.42,0.0,0.0,339.87,16.28,284.49,9.0,0.0,1961.9700000000003,53.010000000000005,102.33999999999999,0.0,4.0,1026.21,41.339999999999996,24.040000000000003,0.0,0.0,528.5,16.21,284.70000000000005,9.0,0.0,2175.1499999999996,53.010000000000005
United States,Illinois,Oats,2024,spring,288.7,0.0,5.0,1314.77,53.43,10.899999999999999,0.0,0.0,357.61,10.4,387.4,4.0,0.0,2030.7899999999997,89.10999999999999,217.19,0.0,5.0,882.75,53.43,71.52000000000001,0.0,0.0,446.52000000000004,43.55,398.28999999999996,4.0,0.0,2373.9,89.10999999999999
United States,Illinois,Oats,2025,spring,241.41,0.0,3.0,1253.18,50.16,43.7,0.0,0.0,306.86,21.07,197.04999999999998,3.0,0.0,2104.6,29.49,183.02,0.0,3.0,937.0100000000001,50.16,76.78,0.0,0.0,451.54999999999995,40.480000000000004,222.35999999999999,3.0,0.0,2276.08,29.49
United States,Iowa,Wheat,1990,winter,371.04999999999995,0.0,157.0,2544.44,62.95,94.2,0.0,1.0,472.28999999999996,35.699999999999996,343.47999999999996,0.0,0.0,972.9699999999999,100.09,609.92,0.0,158.0,3576.33,62.95,197.69,0.0,0.0,384.83000000000004,100.09,1.12,0.0,0.0,28.54,1.12
United States,Iowa,Wheat,1991,winter,444.49,0.0,136.0,2548.9300000000003,53.83,107.86999999999999,0.0,0.0,424.51,38.84,234.55999999999995,0.0,0.0,974.24,49.32,624.8,0.0,136.0,3134.1800000000003,53.83,109.82,0.0,0.0,369.95,46.75000000000001,52.3,0.0,0.0,443.54999999999995,43.56999999999999
United States,Iowa,Wheat,1992,winter,497.18,0.0,151.0,2219.67,49.26000000000001,16.740000000000002,0.0,4.0,495.23,11.58,70.72999999999999,0.0,0.0,1062.18,20.75,552.51,0.0,155.0,3289.6400000000003,49.26000000000001,31.940000000000005,0.0,0.0,462.78999999999996,20.75,0.2,0.0,0.0,24.65,0.2
United States,Iowa,Wheat,1993,winter,526.28,0.0,156.0,2394.77,60.09,115.93,0.0,1.0,393.53999999999996,35.69,270.7099999999999,0.0,0.0,882.7599999999999,50.14,852.06,0.0,157.0,3445.51,60.09,60.86,0.0,0.0,225.56,50.02000000000001,0.0,0.0,0.0,0.0,0.0
United States,Iowa,Wheat,1994,winter,275.87,0.0,156.0,2488.29,37.4,57.44,0.0,3.0,466.84999999999997,21.66,189.80999999999995,0.0,0.0,1076.8799999999999,44.55,456.07000000000005,0.0,159.0,3795.84,37.4,67.05,0.0,0.0,236.17999999999998,44.55,0.0,0.0,0.0,0.0,0.0
United States,Iowa,Wheat,1995,winter,428.62,0.0,136.0,2359.79,47.269999999999996,119.48,0.0,1.0,367.88,53.06,160.59000000000003,0.0,0.0,977.68,38.57,616.52,0.0,137.0,3131.36,53.059999999999995,38.39,0.0,0.0,438.7099999999999,17.6,53.78,0.0,0.0,135.28,38.57
United States,Iowa,Wheat,1996,winter,280.59,0.0,160.0,2439.25,37.370000000000005,121.36999999999998,0.0,2.0,395.63,64.74,246.07999999999998,0.0,0.0,877.3100000000001,49.239999999999995,592.26,0.0,162.0,3402.2200000000003,64.74,55.78,0.0,0.0,309.96999999999997,29.97,0.0,0.0,0.0,0.0,0.0
United States,Iowa,Wheat,1997,winter,403.42,0.0,153.0,2456.8,42.18,85.05,0.0,2.0,480.43,51.7,149.79999999999998,0.0,1.0,1093.75,54.230000000000004,545.0,0.0,156.0,3713.61,51.7,93.27000000000001,0.0,0.0,317.37,54.230000000000004,0.0,0.0,0.0,0.0,0.0
United States,Iowa,Wheat,1998,winter,437.75,0.0,143.0,2354.13,45.2,38.669999999999995,0.0,0.0,510.01,16.49,337.34000000000003,0.0,0.0,949.7899999999998,50.39,539.22,0.0,143.0,3105.66,45.2,159.12,0.0,0.0,392.22,50.39,115.41999999999999,0.0,0.0,316.05,43.2
United States,Iowa,Wheat,1999,winter,308.23,0.0,129.0,2500.2599999999998,35.989999999999995,86.14,0.0,0.0,416.73,30.25,209.38000000000005,0.0,0.0,989.9600000000002,44.99,417.81000000000006,0.0,129.0,2975.49,35.989999999999995,72.98,0.0,0.0,452.53000000000003,25.35,112.96000000000001,0.0,0.0,478.93000000000006,44.99
United States,Iowa,Wheat,2000,winter,241.46,0.0,122.0,2559.01,16.83,23.76,1.0,1.0,546.02,10.37,175.29999999999998,1.0,0.0,975.91,36.9,265.02000000000004,1.0,123.0,3077.6,16.83,59.03,0.0,0.0,383.88000000000005,22.41,116.47,1.0,0.0,619.4599999999999,36.9
United States,Iowa,Wheat,2001,winter,368.78,2.0,155.0,2516.8300000000004,28.330000000000005,88.00999999999999,0.0,1.0,428.77,29.490000000000002,162.87000000000003,0.0,0.0,1013.7500000000001,33.21000000000001,531.8299999999999,2.0,156.0,3294.4100000000008,29.49000000000001,77.96000000000001,0.0,0.0,410.58000000000004,33.21,9.87,0.0,0.0,254.35999999999999,6.4799999999999995
United States,Iowa,Wheat,2002,winter,351.49,0.0,135.0,2481.56,67.72,87.59,0.0,2.0,468.35,30.089999999999996,113.79,3.0,0.0,1106.53,38.849999999999994,464.03,0.0,137.0,3292.41,67.72,66.45,0.0,0.0,360.58,38.849999999999994,22.39,3.0,0.0,403.45000000000005,9.370000000000001
United States,Iowa,Wheat,2003,winter,302.67999999999995,0.0,156.0,2427.5,32.19,167.51999999999998,0.0,0.0,436.61,55.37,121.88,0.0,0.0,1070.2800000000002,42.94,521.71,0.0,156.0,3424.58,55.37,56.76999999999999,0.0,0.0,398.58,42.94,13.599999999999998,0.0,0.0,111.22999999999999,13.559999999999999
United States,Iowa,Wheat,2004,winter,369.41999999999996,0.0,145.0,2548.91,76.89,58.5,0.0,0.0,440.4,19.88,238.86,0.0,0.0,1014.1800000000002,83.82000000000001,551.6600000000001,0.0,145.0,3218.0200000000004,83.82000000000001,71.50999999999999,0.0,0.0,420.34999999999997,28.06,43.61,0.0,0.0,365.12,20.59
United States,Iowa,Wheat,2005,winter,291.9,0.0,134.0,2501.8999999999996,40.830000000000005,100.05000000000001,0.0,5.0,450.71,69.23,139.48000000000002,1.0,0.0,1023.6499999999999,47.06,401.15999999999997,0.0,139.0,3068.08,69.23,41.419999999999995,0.0,0.0,413.44,22.36,88.85000000000001,1.0,0.0,494.73999999999995,47.06
United States,Iowa,Wheat,2006,winter,266.01,1.0,132.0,2449.69,30.730000000000004,68.4,0.0,1.0,407.79999999999995,46.85,63.48,1.0,0.0,1067.15,14.03,336.73,1.0,133.0,2924.17,46.85,29.230000000000004,0.0,0.0,414.64000000000004,14.03,31.930000000000003,1.0,0.0,585.8299999999999,12.760000000000002
United States,Iowa,Wheat,2007,winter,418.93,0.0,141.0,2513.5999999999995,63.230000000000004,153.04000000000002,0.0,0.0,458.88,83.55,168.32000000000002,0.0,0.0,1096.89,56.519999999999996,641.32,0.0,141.0,3307.1899999999996,83.55,44.239999999999995,0.0,0.0,476.86,32.2,54.73,0.0,0.0,285.32,45.86
United States,Iowa,Wheat,2008,winter,415.58000000000004,0.0,152.0,2500.8799999999997,52.22,99.18,0.0,3.0,472.97999999999996,44.089999999999996,343.60999999999996,0.0,0.0,1035.8700000000001,72.58000000000001,728.71,0.0,155.0,3459.3799999999997,72.58000000000001,117.97,0.0,0.0,450.7800000000001,46.21,11.69,0.0,0.0,99.57,11.69
United States,Iowa,Wheat,2009,winter,423.24,0.0,153.0,2524.26,42.68999999999999,111.79,0.0,1.0,454.16999999999996,72.95,189.76000000000002,0.0,0.0,958.5699999999998,47.529999999999994,640.3499999999999,0.0,154.0,3508.09,72.94999999999999,84.37,0.0,0.0,327.54,28.369999999999997,0.07,0.0,0.0,101.37,0.07
United States,Iowa,Wheat,2010,winter,429.98,0.0,125.0,2525.76,60.25,131.60999999999999,0.0,0.0,430.9,53.129999999999995,299.0,0.0,0.0,1067.58,72.93,581.82,0.0,125.0,3366.6600000000003,60.25,176.85999999999999,0.0,0.0,346.31000000000006,60.3,101.91,0.0,0.0,311.27000000000004,72.93
United States,Iowa,Wheat,2011,winter,317.37,0.0,147.0,2440.0600000000004,46.739999999999995,63.30999999999999,0.0,4.0,424.38,26.409999999999997,243.39000000000001,0.0,0.0,952.53,58.989999999999995,468.61,0.0,151.0,3371.9300000000003,46.739999999999995,144.63,0.0,0.0,331.8299999999999,58.989999999999995,10.83,0.0,0.0,113.21000000000001,10.75
United States,Iowa,Wheat,2012,winter,327.14,1.0,123.0,2620.26,57.95,63.14,0.0,0.0,492.1,22.63,93.88000000000001,3.0,0.0,1124.34,24.71,388.93999999999994,1.0,123.0,2904.6899999999996,57.95,13.89,0.0,0.0,509.23,9.96,81.33,3.0,0.0,822.7800000000001,24.71
United States,Iowa,Wheat,2013,winter,380.96000000000004,1.0,156.0,2489.6099999999997,56.669999999999995,88.04,0.0,5.0,471.99,35.81,246.51,0.0,0.0,920.89,79.56,648.0099999999999,1.0,161.0,3452.4799999999996,79.56,66.36,0.0,0.0,340.9,35.08999999999999,1.1400000000000001,0.0,0.0,89.11,1.1400000000000001
United States,Iowa,Wheat,2014,winter,284.83,2.0,156.0,2576.32,50.37,120.12,0.0,0.0,381.08,45.769999999999996,276.66999999999996,0.0,0.0,976.1,68.27,444.70000000000005,2.0,156.0,3377.2400000000002,50.37,105.89,0.0,0.0,409.77,44.89,131.03000000000003,0.0,0.0,146.49,68.27
United States,Iowa,Wheat,2015,winter,334.52,0.0,138.0,2596.3,40.62,60.44,0.0,3.0,467.96999999999997,17.39,235.95000000000002,0.0,0.0,956.41,58.04999999999999,461.40999999999997,0.0,141.0,3443.95,44.480000000000004,93.67000000000002,0.0,0.0,369.5799999999999,37.879999999999995,75.83,0.0,0.0,207.14999999999998,58.05
United States,Iowa,Wheat,2016,winter,473.39000000000004,0.0,130.0,2568.15,87.71000000000001,74.93,0.0,0.0,404.9,29.270000000000003,128.99,0.0,0.0,1189.3299999999997,30.16,549.1600000000001,0.0,130.0,3118.37,87.71000000000001,71.22999999999999,0.0,0.0,458.64,30.16,56.919999999999995,0.0,0.0,585.3699999999999,16.96
United States,Iowa,Wheat,2017,winter,440.68000000000006,0.0,115.0,2333.5,51.03,66.94,0.0,0.0,488.93,36.35,140.11,0.0,0.0,1070.56,37.14,507.62,0.0,115.0,2765.58,51.03,69.95,0.0,0.0,457.39000000000004,37.14,70.16,0.0,0.0,670.0200000000001,25.59
United States,Iowa,Wheat,2018,winter,367.23,0.0,167.0,2473.49,60.739999999999995,72.82,0.0,0.0,490.98,52.089999999999996,264.21,2.0,0.0,1031.71,57.0,465.30999999999995,2.0,167.0,3309.79,60.739999999999995,102.91000000000001,0.0,0.0,400.04,47.690000000000005,136.04,0.0,0.0,286.34999999999997,57.0
United States,Iowa,Oats,1990,spring,248.66000000000003,0.0,13.0,1284.75,47.39,185.08,0.0,0.0,306.24999999999994,100.09,358.64000000000004,0.0,0.0,2015.0399999999997,58.41,232.26000000000002,0.0,13.0,1204.89,47.39,206.17000000000002,0.0,0.0,405.56,100.09,353.95,0.0,0.0,1995.59,58.41
United States,Iowa,Oats,1991,spring,418.82,0.0,2.0,1174.9499999999998,53.83,58.52,0.0,0.0,316.1,43.56999999999999,212.32,0.0,2.0,2019.3999999999999,52.77,317.82000000000005,0.0,2.0,890.7800000000001,53.83,110.80999999999999,0.0,0.0,397.96999999999997,46.75000000000001,261.03000000000003,0.0,2.0,2221.7,52.77
United States,Iowa,Oats,1992,spring,130.66,0.0,10.0,1272.39,47.84,23.569999999999997,0.0,0.0,329.96000000000004,20.75,440.18,0.0,0.0,1879.47,63.18,128.07,0.0,10.0,1118.2,47.84,26.16,0.0,0.0,484.15,20.75,440.18,0.0,0.0,1879.47,63.18
United States,Iowa,Oats,1993,spring,289.92,0.0,8.0,1077.9599999999998,35.69,100.62,0.0,0.0,296.76,50.14,732.1799999999998,0.0,0.0,1724.97,115.75,256.49,0.0,8.0,994.03,35.69,137.74,0.0,0.0,429.69,50.14,728.49,0.0,0.0,1675.97,115.75
United States,Iowa,Oats,1994,spring,163.90999999999997,0.0,9.0,1428.6000000000001,34.71,65.09,0.0,0.0,312.9700000000001,26.92,341.61999999999995,0.0,0.0,1857.9800000000002,47.269999999999996,114.22,0.0,9.0,1277.42,22.060000000000002,104.29000000000002,0.0,0.0,425.05,34.71,352.11,0.0,0.0,1897.0800000000004,47.269999999999996
United States,Iowa,Oats,1995,spring,290.66,0.0,12.0,1146.12,53.059999999999995,19.019999999999996,0.0,0.0,333.44999999999993,14.04,334.59,1.0,1.0,1941.38,38.57,273.06000000000006,0.0,12.0,1085.06,53.059999999999995,46.53,0.0,0.0,465.34999999999997,17.6,324.67999999999995,1.0,1.0,1870.5400000000002,38.57
United States,Iowa,Oats,1996,spring,280.3,0.0,14.0,1114.1400000000003,64.74,79.61,0.0,0.0,283.54,44.24,304.99999999999994,0.0,0.0,2020.6100000000001,58.15,264.9,0.0,14.0,1079.5900000000001,64.74,112.16999999999999,0.0,0.0,381.90999999999997,44.24,287.84,0.0,0.0,1956.7900000000002,58.15
United States,Iowa,Oats,1997,spring,166.24,0.0,14.0,1330.0400000000002,51.7,71.4,0.0,0.0,346.68,54.230000000000004,230.61,7.0,0.0,1998.6100000000001,30.370000000000005,166.24,0.0,14.0,1330.0400000000002,51.7,89.95,0.0,0.0,442.09999999999997,54.230000000000004,212.06,7.0,0.0,1903.19,30.370000000000005
United States,Iowa,Oats,1998,spring,205.37000000000003,0.0,5.0,1291.85,34.239999999999995,173.89,0.0,0.0,250.66,50.39,307.26,0.0,0.0,2032.4300000000003,41.56,163.29999999999998,0.0,5.0,1008.4600000000002,34.239999999999995,159.66,0.0,0.0,434.27000000000004,50.39,363.55999999999995,0.0,0.0,2132.21,43.2
United States,Iowa,Oats,1999,spring,261.9800000000001,0.0,3.0,1213.8499999999997,30.25,70.43,0.0,0.0,285.98,44.99,336.84,5.0,0.0,2095.7499999999995,26.91,218.93,0.0,3.0,975.64,30.25,103.07000000000001,0.0,0.0,415.23999999999995,44.99,347.25,5.0,0.0,2204.6999999999994,26.91
United States,Iowa,Oats,2000,spring,125.21999999999997,1.0,5.0,1310.9299999999998,22.41,67.45,1.0,0.0,299.19,36.9,285.7200000000001,6.0,0.0,1922.73,26.12,71.88999999999999,1.0,5.0,1007.8599999999999,15.25,68.87,1.0,0.0,398.56999999999994,22.41,337.63000000000017,6.0,0.0,2126.4199999999996,33.24
United States,Iowa,Oats,2001,spring,235.45999999999998,0.0,8.0,1201.2,29.490000000000002,59.080000000000005,0.0,0.0,320.04,33.21,317.74000000000007,7.0,0.0,2009.93,67.72,171.56,0.0,8.0,926.7399999999999,29.490000000000002,113.13,0.0,0.0,477.46,33.21000000000001,327.59000000000003,7.0,0.0,2126.9700000000003,67.72
United States,Iowa,Oats,2002,spring,165.89999999999998,0.0,9.0,1352.1899999999998,30.089999999999996,56.17,0.0,0.0,302.4700000000001,38.85,357.5100000000001,11.0,0.0,2079.4700000000003,50.97,151.48,0.0,9.0,1187.9399999999998,30.089999999999996,65.07000000000001,0.0,0.0,378.56,38.849999999999994,363.03,11.0,0.0,2167.63,50.97
United States,Iowa,Oats,2003,spring,257.29,0.0,7.0,1255.8500000000001,55.37,20.130000000000003,0.0,0.0,347.0400000000001,13.719999999999999,252.13000000000002,10.0,0.0,2112.5,54.28000000000001,217.83999999999997,0.0,7.0,1064.24,55.37,59.46000000000001,0.0,0.0,483.82000000000005,26.08,252.25000000000003,10.0,0.0,2167.33,54.28000000000001
United States,Iowa,Oats,2004,spring,245.39,0.0,8.0,1359.2800000000002,83.82000000000001,75.07,0.0,0.0,282.51,26.43,258.01,0.0,0.0,2044.52,52.400000000000006,214.54000000000002,0.0,8.0,1057.5700000000002,83.82000000000001,71.66,0.0,0.0,448.55,28.060000000000002,292.27000000000004,0.0,0.0,2180.19,52.400000000000006
United States,Iowa,Oats,2005,spring,200.37,0.0,6.0,1308.4199999999998,69.23,43.269999999999996,0.0,0.0,330.18,24.52,296.9000000000001,12.0,0.0,2098.8700000000003,47.06,177.36999999999998,0.0,6.0,1017.2900000000001,69.23,59.14,0.0,0.0,411.78,24.52,304.03000000000003,12.0,0.0,2308.4,47.06
United States,Iowa,Oats,2006,spring,140.94,0.0,4.0,1332.5400000000002,46.85,18.81,1.0,0.0,280.44999999999993,12.71,373.16,11.0,0.0,1939.6100000000001,63.23,113.49,0.0,4.0,975.2400000000002,46.85,31.12,0.0,0.0,407.38999999999993,12.03,388.3,12.0,0.0,2169.97,63.23
United States,Iowa,Oats,2007,spring,295.18,0.0,13.0,1375.8400000000001,83.55,16.54,0.0,0.0,369.76,10.57,414.5799999999999,1.0,0.0,2053.0199999999995,64.14,250.13,0.0,13.0,1135.84,83.55,47.379999999999995,0.0,0.0,492.93,32.2,428.78999999999996,1.0,0.0,2169.85,64.14
United States,Iowa,Oats,2008,spring,381.69000000000005,0.0,14.0,1238.3099999999997,72.58000000000001,81.05000000000001,0.0,0.0,342.9800000000001,46.21,362.85999999999996,0.0,0.0,2014.0699999999997,72.13,292.32,0.0,14.0,1154.8200000000002,65.52000000000001,171.0,0.0,0.0,455.64000000000004,72.58,362.28,0.0,0.0,1984.8999999999999,72.13
United States,Iowa,Oats,2009,spring,240.00000000000006,0.0,14.0,1316.33,72.95,69.84,0.0,0.0,242.87000000000003,28.369999999999997,269.48999999999995,0.0,0.0,1997.5500000000002,39.35,203.56,0.0,14.0,1172.14,72.95,106.28,0.0,0.0,387.06,29.41,269.48999999999995,0.0,0.0,1997.5500000000002,39.35
United States,Iowa,Oats,2010,spring,246.21999999999997,0.0,1.0,1336.8900000000003,53.129999999999995,134.16,0.0,0.0,257.74,60.3,622.3599999999999,0.0,0.0,2076.0000000000005,120.98999999999998,175.93,0.0,1.0,988.8300000000002,53.129999999999995,138.36,0.0,0.0,438.62999999999994,60.3,688.45,0.0,0.0,2243.1699999999996,120.99
United States,Iowa,Oats,2011,spring,212.35999999999999,0.0,11.0,1241.4900000000002,41.46000000000001,127.50999999999999,0.0,0.0,249.12,58.989999999999995,201.89000000000001,1.0,0.0,1999.7200000000003,26.08,210.32,0.0,11.0,1073.4099999999999,41.46000000000001,102.85999999999999,0.0,0.0,382.94,58.989999999999995,228.58,1.0,0.0,2033.9800000000005,28.4
United States,Iowa,Oats,2012,spring,174.17,0.0,3.0,1439.4700000000003,57.95,54.660000000000004,1.0,0.0,356.30999999999995,24.589999999999996,140.82,34.0,0.0,2148.6800000000003,18.09,144.49,0.0,3.0,1033.45,57.95,29.680000000000003,0.0,0.0,465.96000000000004,15.030000000000001,195.48,35.0,0.0,2445.0499999999997,24.71
United States,Iowa,Oats,2013,spring,379.96,0.0,19.0,1195.7399999999998,79.56,40.78,0.0,0.0,301.6,24.299999999999997,134.26,8.0,0.0,2082.77,35.089999999999996,378.52,0.0,19.0,1145.4699999999998,79.56,53.79,0.0,0.0,390.99999999999994,24.299999999999997,122.68999999999998,8.0,0.0,2043.64,33.93
United States,Iowa,Oats,2014,spring,255.02,0.0,10.0,1243.8100000000002,50.37,71.94,0.0,0.0,314.42,44.89,457.6000000000001,0.0,0.0,1836.0100000000002,68.27,208.78,0.0,10.0,1055.58,50.37,92.98,0.0,0.0,438.27,44.89,482.8,0.0,0.0,1900.3899999999999,68.27
United States,Iowa,Oats,2015,spring,214.13000000000002,0.0,5.0,1289.4099999999996,44.480000000000004,71.38,0.0,0.0,287.96000000000004,37.879999999999995,501.10999999999996,0.0,0.0,1977.34,70.37,186.85999999999999,0.0,5.0,1020.81,44.480000000000004,90.22000000000001,0.0,0.0,415.58,37.879999999999995,509.53999999999996,0.0,0.0,2118.32,70.37
United States,Iowa,Oats,2016,spring,172.8,0.0,10.0,1353.58,30.159999999999997,31.63,0.0,0.0,376.72,16.96,464.61,0.0,0.0,1963.05,65.31,146.52,0.0,10.0,1088.4799999999998,30.159999999999997,55.53,0.0,0.0,497.26000000000005,16.96,466.99,0.0,0.0,2107.6099999999997,65.31
United States,Iowa,Oats,2017,spring,195.35,0.0,1.0,1291.9699999999998,37.13999999999999,38.489999999999995,0.0,0.0,330.95000000000005,25.59,214.24999999999997,6.0,0.0,2061.86,39.7,186.26999999999998,0.0,1.0,966.3499999999999,37.13999999999999,30.12,0.0,0.0,493.89,19.89,231.70000000000002,6.0,0.0,2224.5400000000004,39.7
United States,Iowa,Oats,2018,spring,170.23999999999998,2.0,18.0,1387.1100000000001,52.089999999999996,132.53,0.0,0.0,271.24,56.99999999999999,456.24999999999994,0.0,0.0,1920.9800000000002,71.13,131.59,2.0,18.0,1131.2099999999998,52.089999999999996,108.14,0.0,0.0,424.16,47.690000000000005,519.29,0.0,0.0,2023.96,71.13
United States,Iowa,Oats,2019,spring,247.54000000000002,0.0,8.0,1198.78,45.76,67.62,0.0,0.0,272.83,26.43,311.84,0.0,0.0,1909.12,46.769999999999996,242.25000000000003,0.0,8.0,1029.25,45.76,72.91,0.0,0.0,442.36,26.43,311.84,0.0,0.0,1909.12,46.769999999999996
United States,Iowa,Oats,2020,spring,171.07000000000002,0.0,13.0,1306.2599999999998,38.42,50.74999999999999,0.0,0.0,333.88,26.64,208.09000000000003,7.0,0.0,2005.7900000000004,57.53,158.60000000000002,0.0,13.0,1143.57,38.42,59.84,0.0,0.0,456.57,26.64,211.47000000000003,7.0,0.0,2045.7900000000004,57.53
United States,Iowa,Oats,2021,spring,101.97,0.0,7.0,1356.8100000000002,22.380000000000003,23.38,3.0,0.0,378.51,19.11,255.61,6.0,0.0,1989.79,38.36,86.13999999999999,0.0,7.0,1047.3899999999999,22.380000000000003,18.49,1.0,0.0,470.78,15.459999999999999,276.33000000000004,8.0,0.0,2206.94,38.36
United States,Iowa,Oats,2022,spring,213.01,0.0,14.0,1178.6799999999998,46.660000000000004,49.330000000000005,0.0,0.0,336.31,35.72,218.56999999999996,8.0,0.0,2135.7300000000005,50.699999999999996,164.81,0.0,14.0,1006.7900000000001,35.849999999999994,97.24000000000001,0.0,0.0,422.45000000000005,46.660000000000004,218.85999999999999,8.0,0.0,2221.4799999999996,50.699999999999996
United States,Iowa,Oats,2023,spring,144.68,0.0,8.0,1411.6999999999998,30.34,32.269999999999996,0.0,0.0,332.46,27.549999999999997,208.80000000000004,13.0,0.0,1973.88,40.150000000000006,111.49999999999999,0.0,8.0,1108.77,30.34,37.760000000000005,0.0,0.0,430.15,28.18,236.49000000000004,13.0,0.0,2179.1200000000003,40.150000000000006
United States,Iowa,Oats,2024,spring,298.90999999999997,0.0,4.0,1334.4000000000003,82.37,45.129999999999995,0.0,0.0,307.50000000000006,29.5,280.83000000000004,2.0,0.0,2017.28,54.949999999999996,250.49,0.0,4.0,970.1,82.37,48.870000000000005,0.0,0.0,490.82,21.39,325.51,2.0,0.0,2198.2599999999993,54.949999999999996
United States,Iowa,Oats,2025,spring,221.07,0.0,7.0,1305.72,63.47,62.739999999999995,0.0,0.0,314.43000000000006,26.16,427.71,0.0,0.0,1966.0900000000001,63.6,162.56,0.0,7.0,1086.4299999999998,63.47,80.17,0.0,0.0,403.9999999999999,46.58,468.78999999999996,0.0,0.0,2095.81,63.599999999999994
United States,Kansas,Wheat,1990,winter,251.11,0.0,121.0,2921.9300000000003,37.21000000000001,100.15,0.0,0.0,450.08000000000004,38.7,136.17000000000002,13.0,0.0,1089.05,33.49,275.76,0.0,121.0,3011.1600000000003,37.21000000000001,96.63,0.0,0.0,484.38999999999993,38.7,115.03999999999999,13.0,0.0,965.51,33.49
United States,Kansas,Wheat,1991,winter,223.43,9.0,110.0,2992.35,36.6,59.36,0.0,0.0,451.6,20.34,143.88999999999996,9.0,0.0,1086.8000000000002,41.61,199.82,9.0,110.0,2701.2899999999995,36.6,47.48,0.0,0.0,488.35,20.25,179.38,9.0,0.0,1341.1100000000001,41.61
United States,Kansas,Wheat,1992,winter,254.78,2.0,111.0,2806.58,27.27,52.02,1.0,0.0,576.01,26.18,257.43,0.0,0.0,891.2299999999999,72.78,242.14,2.0,111.0,2695.2,27.27,19.5,1.0,0.0,494.85,10.31,302.59000000000003,0.0,0.0,1083.77,72.78
United States,Kansas,Wheat,1993,winter,396.99,0.0,129.0,2553.0699999999997,56.95,123.31000000000002,0.0,0.0,372.40000000000003,47.71,198.66,0.0,0.0,1052.3999999999999,62.669999999999995,536.3,0.0,129.0,2986.7,56.95,51.379999999999995,0.0,0.0,434.61000000000007,18.46,131.28,0.0,0.0,556.56,62.669999999999995
United States,Kansas,Wheat,1994,winter,222.10000000000002,0.0,132.0,2829.96,39.489999999999995,58.629999999999995,0.0,2.0,457.21000000000004,34.0,56.99999999999999,13.0,0.0,1198.18,21.189999999999998,280.73,0.0,134.0,3287.17,39.489999999999995,5.37,2.0,0.0,465.53999999999996,4.699999999999999,51.63,11.0,0.0,732.64,21.189999999999998
United States,Kansas,Wheat,1995,winter,278.55000000000007,1.0,106.0,2768.0299999999997,29.9,118.53999999999999,0.0,1.0,380.98,59.699999999999996,275.10999999999996,0.0,0.0,936.46,56.57,240.93,1.0,103.0,2585.73,29.9,138.26000000000002,0.0,4.0,500.25,59.699999999999996,293.01,0.0,0.0,999.4900000000001,56.57
United States,Kansas,Wheat,1996,winter,158.31,4.0,124.0,2971.79,38.370000000000005,90.9,0.0,0.0,409.52,30.450000000000003,183.44000000000005,13.0,0.0,1120.32,79.71000000000001,177.81,4.0,124.0,3143.0,38.370000000000005,72.82999999999998,3.0,0.0,344.32000000000005,30.450000000000003,182.01000000000005,10.0,0.0,1014.3100000000001,79.71000000000001
United States,Kansas,Wheat,1997,winter,313.52,0.0,120.0,2904.55,69.78,26.540000000000003,0.0,0.0,544.99,17.71,179.29999999999998,4.0,0.0,1111.6000000000001,51.480000000000004,339.79,0.0,120.0,3256.26,69.78,65.93,1.0,0.0,522.63,27.21,113.64,3.0,0.0,782.25,51.480000000000004
United States,Kansas,Wheat,1998,winter,412.58000000000004,1.0,122.0,2770.74,55.97,50.92,0.0,0.0,502.2,24.46,96.61999999999999,12.0,0.0,1173.0500000000002,39.86,439.12,1.0,122.0,2992.25,55.97,33.98,0.0,0.0,444.22999999999996,12.3,87.01999999999998,12.0,0.0,1009.51,39.86
United States,Kansas,Wheat,1999,winter,446.90999999999997,8.0,103.0,2895.17,98.80000000000001,70.77000000000001,0.0,0.0,415.93,18.509999999999998,212.59,0.0,0.0,1009.5,27.830000000000005,363.75,8.0,102.0,2523.7799999999997,98.80000000000001,125.44000000000001,0.0,1.0,530.1500000000001,50.22,241.08,0.0,0.0,1266.6699999999998,27.830000000000002
United States,Kansas,Wheat,2000,winter,354.38,2.0,100.0,2957.74,61.91,54.400000000000006,0.0,0.0,480.14,32.72,163.31000000000003,0.0,0.0,1083.95,41.78,345.92,2.0,96.0,2669.6100000000006,61.91,55.24,0.0,4.0,553.05,32.72,170.93,0.0,0.0,1299.17,41.78
United States,Kansas,Wheat,2001,winter,361.40999999999997,12.0,139.0,2829.37,62.510000000000005,73.16,0.0,0.0,571.3299999999999,51.760000000000005,188.48999999999998,0.0,0.0,1094.3300000000002,54.37,375.95,12.0,139.0,2996.83,62.510000000000005,59.03999999999999,0.0,0.0,461.23,51.760000000000005,188.07000000000002,0.0,0.0,1036.97,54.37
United States,Kansas,Wheat,2002,winter,248.60999999999999,1.0,115.0,3035.1800000000003,71.16,55.88,0.0,0.0,493.73,19.630000000000003,147.33999999999997,13.0,0.0,1116.4199999999998,41.44,217.5,1.0,115.0,2897.4700000000003,71.16,49.67000000000001,0.0,0.0,449.40000000000003,25.39,184.66,13.0,0.0,1298.46,41.440000000000005
United States,Kansas,Wheat,2003,winter,372.65999999999997,7.0,123.0,2858.0600000000004,89.74000000000001,66.19,0.0,0.0,487.29999999999995,38.72,143.03000000000003,1.0,0.0,1060.81,31.939999999999998,411.62,7.0,123.0,2990.02,89.74000000000001,60.61000000000001,0.0,0.0,482.99000000000007,30.980000000000004,109.64999999999999,1.0,0.0,933.16,31.939999999999998
United States,Kansas,Wheat,2004,winter,305.29999999999995,0.0,113.0,2973.62,55.54,71.50999999999999,0.0,0.0,487.74,19.36,170.94,3.0,0.0,1111.5299999999997,51.599999999999994,306.24,0.0,113.0,2988.17,55.54,70.57,0.0,0.0,473.19000000000005,19.36,170.94,3.0,0.0,1111.5299999999997,51.599999999999994
United States,Kansas,Wheat,2005,winter,338.25,1.0,104.0,2817.8199999999997,39.809999999999995,43.52,0.0,2.0,516.3900000000001,30.54,179.47999999999996,6.0,0.0,1164.98,52.419999999999995,318.49,1.0,104.0,2594.24,39.809999999999995,29.799999999999997,0.0,2.0,594.56,16.04,212.95999999999998,6.0,0.0,1310.3899999999999,52.419999999999995
United States,Kansas,Wheat,2006,winter,185.44,1.0,94.0,3098.3,29.62,79.09,1.0,0.0,451.96999999999997,28.19,129.67,12.0,0.0,1207.6200000000001,30.86,156.26000000000002,1.0,94.0,2610.18,29.62,29.180000000000003,0.0,0.0,515.39,18.91,208.76000000000002,13.0,0.0,1632.32,30.86
United States,Kansas,Wheat,2007,winter,403.15999999999997,1.0,110.0,2880.39,48.69,139.04999999999998,0.0,0.0,447.51,85.17999999999999,242.19999999999996,0.0,0.0,1007.9499999999999,96.41,403.66999999999996,1.0,110.0,2906.7299999999996,48.69,130.82999999999998,0.0,0.0,364.30999999999995,85.17999999999999,249.91,0.0,0.0,1064.81,96.41
United States,Kansas,Wheat,2008,winter,339.65999999999997,0.0,123.0,2942.7799999999997,47.93,76.4,0.0,0.0,510.7,46.92,186.86,2.0,0.0,1144.81,45.480000000000004,356.84,0.0,123.0,3125.6299999999997,47.93,66.26,0.0,0.0,541.11,46.92,179.82,2.0,0.0,931.5500000000001,45.480000000000004
United States,Kansas,Wheat,2009,winter,368.65,0.0,119.0,2964.4299999999994,66.42000000000002,96.03,0.0,0.0,433.55,42.4,149.95,7.0,0.0,1150.6899999999998,46.93,425.44000000000005,0.0,119.0,3147.59,66.42000000000002,42.22999999999999,0.0,0.0,488.59000000000003,27.06,146.96,7.0,0.0,912.4900000000001,46.93
United States,Kansas,Wheat,2010,winter,281.09999999999997,0.0,115.0,2632.0899999999997,29.38,66.73,0.0,0.0,540.5799999999999,34.25,186.05,6.0,0.0,1088.1200000000001,68.74,331.46999999999997,0.0,115.0,3042.6499999999996,34.25,90.36000000000001,0.0,0.0,403.40000000000003,37.529999999999994,112.05,6.0,0.0,814.7399999999999,68.74000000000001
United States,Kansas,Wheat,2011,winter,210.26,2.0,124.0,2950.7,55.580000000000005,17.46,3.0,0.0,499.31000000000006,9.22,155.22,16.0,0.0,1121.25,44.61,210.03,2.0,124.0,2888.43,55.580000000000005,12.62,3.0,0.0,493.34000000000003,9.22,160.29,16.0,0.0,1189.49,44.61
United States,Kansas,Wheat,2012,winter,331.46999999999997,3.0,100.0,3046.9800000000005,37.54,14.350000000000001,1.0,0.0,534.33,8.59,91.2,12.0,0.0,1255.8200000000002,50.6,272.22,3.0,100.0,2678.62,37.54,59.290000000000006,0.0,0.0,501.91999999999996,29.14,105.51,13.0,0.0,1656.5900000000001,50.6
United States,Kansas,Wheat,2013,winter,219.12,5.0,120.0,2926.04,21.98,63.68000000000001,0.0,3.0,500.5,27.32,155.06,12.0,0.0,1143.72,58.0,238.04,5.0,122.0,3025.6499999999996,21.98,53.209999999999994,0.0,1.0,492.4,27.32,146.61,12.0,0.0,1052.21,58.0
United States,Kansas,Wheat,2014,winter,164.94,3.0,130.0,3028.5999999999995,21.07,48.06,3.0,0.0,544.25,25.95,258.27,1.0,0.0,1060.17,61.120000000000005,183.6,3.0,130.0,3196.43,21.07,30.71,4.0,0.0,516.6899999999999,25.95,256.96,0.0,0.0,919.9,61.120000000000005
United States,Kansas,Wheat,2015,winter,251.58999999999997,3.0,105.0,2972.8199999999997,37.42000000000001,94.30000000000001,0.0,0.0,474.67999999999995,36.8,218.52,6.0,0.0,1036.08,50.1,210.14,3.0,105.0,2854.53,28.640000000000004,95.42,0.0,0.0,451.73999999999995,37.42,258.84999999999997,6.0,0.0,1177.3100000000002,50.1
United States,Kansas,Wheat,2016,winter,356.95,7.0,93.0,3081.8599999999997,74.31,75.82000000000001,0.0,0.0,519.62,42.17,197.17999999999998,4.0,0.0,1082.5700000000002,61.1,283.35,7.0,87.0,2431.9,74.31,71.8,0.0,6.0,627.71,51.07,274.8,4.0,0.0,1624.44,61.1
United States,Kansas,Wheat,2017,winter,357.95,0.0,84.0,2968.67,64.46000000000001,96.58000000000001,0.0,0.0,501.02,41.28,140.1,1.0,0.0,1138.4799999999998,51.24,194.72,0.0,84.0,2523.4399999999996,33.4,163.23,0.0,0.0,445.2300000000001,64.46000000000001,236.68000000000004,1.0,0.0,1639.4999999999998,51.239999999999995
United States,Kansas,Wheat,2018,winter,198.45999999999998,5.0,119.0,2934.79,60.72999999999999,73.23,0.0,0.0,500.76000000000005,31.990000000000002,149.0,13.0,0.0,1193.52,30.789999999999996,197.14999999999998,5.0,119.0,2837.63,60.72999999999999,61.7,0.0,0.0,483.02,31.990000000000002,161.84,13.0,0.0,1308.42,30.789999999999996
United States,Kansas,Wheat,2019,winter,501.76000000000005,0.0,127.0,2744.82,114.85,184.98000000000002,0.0,0.0,453.32000000000005,100.49000000000001,314.29999999999995,0.0,0.0,1088.4199999999998,76.16999999999999,683.99,0.0,127.0,3095.7400000000002,114.85,180.72999999999996,0.0,0.0,433.30000000000007,76.16999999999999,136.32,0.0,0.0,757.5199999999999,68.48
United States,Kansas,Wheat,2020,winter,270.04,0.0,125.0,2915.64,36.03999999999999,71.92,0.0,0.0,460.21000000000004,24.75,154.18,4.0,0.0,1167.7400000000002,43.97,289.6,0.0,125.0,3025.0499999999997,36.03999999999999,76.17,0.0,0.0,500.03,24.75,130.37,4.0,0.0,1018.51,43.970000000000006
United States,Kansas,Wheat,2021,winter,344.21000000000004,5.0,114.0,2926.6900000000005,42.04,48.14,0.0,1.0,504.53999999999996,21.92,164.79000000000002,9.0,0.0,1014.83,38.98,344.34000000000003,5.0,115.0,2998.7700000000004,42.04,73.14,0.0,0.0,477.62000000000006,41.38,139.66,9.0,0.0,969.67,38.98
United States,Kansas,Wheat,2022,winter,255.04999999999998,5.0,102.0,3140.88,67.22999999999999,54.16,0.0,0.0,497.23,30.32,252.32999999999998,9.0,0.0,1111.0800000000002,93.58,241.34999999999997,5.0,97.0,2682.44,67.22999999999999,17.59,0.0,5.0,612.0899999999999,9.0,302.6,9.0,0.0,1454.66,93.58
United States,Kansas,Wheat,2023,winter,210.8,9.0,127.0,3140.09,38.24,33.760000000000005,1.0,0.0,527.25,16.66,180.00000000000003,2.0,0.0,1075.3600000000001,29.21,185.36,9.0,127.0,2936.1400000000003,38.24,33.46,1.0,0.0,581.63,17.61,205.74000000000004,2.0,0.0,1224.9299999999998,31.61
United States,Kansas,Wheat,2024,winter,259.59000000000003,7.0,91.0,3044.8500000000004,24.749999999999996,53.27,0.0,0.0,491.62,19.3,196.33999999999997,8.0,0.0,1121.68,40.09,248.72,7.0,84.0,2311.5,24.749999999999996,10.489999999999998,0.0,7.0,688.45,3.9099999999999997,249.99,8.0,0.0,1658.2,40.09
United States,Kansas,Wheat,2025,winter,294.62,3.0,95.0,3125.39,45.599999999999994,48.120000000000005,0.0,0.0,513.54,18.15,273.7,0.0,0.0,1064.7199999999998,58.14,248.32999999999998,3.0,94.0,2592.5999999999995,45.599999999999994,46.34,0.0,1.0,559.22,17.39,321.7699999999999,0.0,0.0,1551.83,58.14
United States,Kansas,Barley,1990,spring,238.01,6.0,7.0,1565.53,38.7,21.72,11.0,0.0,428.53999999999996,20.759999999999998,252.39,26.0,0.0,1894.0900000000001,41.42,203.58,0.0,7.0,1189.34,38.7,23.7,3.0,0.0,268.65000000000003,12.12,284.8399999999999,40.0,0.0,2430.17,41.42
United States,Kansas,Barley,1991,spring,236.97,1.0,0.0,1593.1700000000003,41.61,11.5,10.0,0.0,388.09000000000003,9.389999999999999,136.87,26.0,0.0,1877.4,20.53,146.59,0.0,0.0,1002.83,33.86,76.47999999999999,0.0,0.0,303.18,29.75,162.26999999999998,37.0,0.0,2552.649999999999,20.53
United States,Kansas,Barley,1992,spring,268.0,1.0,3.0,1554.2400000000002,72.78,58.900000000000006,0.0,0.0,325.63,21.83,313.18999999999994,5.0,0.0,1828.5800000000002,46.980000000000004,107.97999999999999,1.0,3.0,1159.55,31.159999999999997,133.12,0.0,0.0,267.68,72.78,398.98999999999995,5.0,0.0,2281.22,46.980000000000004
United States,Kansas,Barley,1993,spring,282.75,0.0,4.0,1407.6000000000001,62.129999999999995,116.01999999999998,0.0,0.0,378.08000000000004,43.75,424.61,5.0,0.0,1747.02,79.58,219.23000000000005,0.0,4.0,1122.44,47.71,64.50999999999999,0.0,0.0,303.77000000000004,62.669999999999995,539.6399999999999,5.0,0.0,2106.4900000000002,79.58
United States,Kansas,Barley,1994,spring,132.54,7.0,6.0,1690.8300000000002,39.489999999999995,86.78999999999999,8.0,0.0,427.47,58.290000000000006,153.32000000000002,18.0,0.0,1883.33,38.11,108.74999999999999,1.0,6.0,1250.5400000000002,39.489999999999995,23.490000000000002,1.0,0.0,264.47999999999996,12.89,240.40999999999997,31.0,0.0,2486.6100000000006,58.290000000000006
United States,Kansas,Barley,1995,spring,390.9500000000001,0.0,4.0,1428.2500000000002,59.699999999999996,51.129999999999995,0.0,0.0,311.99,27.75,199.23000000000002,32.0,1.0,1858.03,38.370000000000005,361.51000000000005,0.0,4.0,1156.2499999999998,59.699999999999996,29.44,0.0,0.0,325.67,29.26,250.35999999999996,32.0,1.0,2116.35,38.370000000000005
United States,Kansas,Barley,1996,spring,260.8,6.0,6.0,1673.66,79.71000000000001,25.119999999999997,11.0,0.0,413.11,18.08,332.35,11.0,0.0,1728.71,44.89,184.84,5.0,6.0,1151.31,79.71000000000001,65.23,0.0,0.0,347.6199999999999,45.66,368.20000000000005,23.0,0.0,2316.5499999999997,44.89
United States,Kansas,Barley,1997,spring,183.21999999999997,1.0,8.0,1723.43,31.990000000000002,73.15,4.0,0.0,387.95,51.480000000000004,318.69,14.0,0.0,1841.2400000000002,55.97,147.26,1.0,8.0,1400.3,31.990000000000002,35.96000000000001,0.0,0.0,323.12999999999994,25.589999999999996,391.84000000000003,18.0,0.0,2229.1900000000005,55.97
United States,Kansas,Barley,1998,spring,118.88,3.0,2.0,1756.2799999999997,24.46,78.38999999999999,11.0,0.0,425.40000000000003,39.86,265.09,28.0,0.0,1810.8000000000002,48.720000000000006,105.15,1.0,2.0,1296.34,24.46,12.53,1.0,0.0,333.48999999999995,10.190000000000001,344.68,40.0,0.0,2362.65,48.72
United States,Kansas,Barley,1999,spring,303.75999999999993,0.0,1.0,1598.19,50.22,67.6,0.0,0.0,326.08000000000004,28.96,264.94,18.0,0.0,1819.2600000000002,69.22,231.95999999999998,0.0,1.0,1245.9200000000003,50.22,37.49,0.0,0.0,297.80999999999995,21.0,366.85,18.0,0.0,2199.8,69.22
United States,Kansas,Barley,2000,spring,147.08,0.0,5.0,1697.6200000000001,41.78,88.32000000000001,1.0,0.0,377.20000000000005,41.21,150.89999999999998,49.0,0.0,1917.0499999999997,60.96000000000001,121.87000000000002,0.0,5.0,1235.79,41.78,10.619999999999997,0.0,0.0,300.21000000000004,7.53,253.80999999999997,50.0,0.0,2455.8699999999994,60.96000000000001
United States,Kansas,Barley,2001,spring,279.9399999999999,0.0,1.0,1692.43,54.37,23.89,2.0,0.0,431.08,19.39,246.44000000000003,35.0,0.0,1931.6599999999999,71.16,131.89999999999998,0.0,1.0,1183.54,51.760000000000005,137.17000000000002,0.0,0.0,255.84,54.370000000000005,281.2,37.0,0.0,2615.79,71.16
United States,Kansas,Barley,2002,spring,249.46,5.0,4.0,1643.5699999999997,41.44,6.27,8.0,0.0,401.61,4.24,193.07,34.0,0.0,1907.2800000000002,62.94,154.41,0.0,4.0,1202.4299999999998,25.39,16.96,5.0,0.0,263.91999999999996,12.030000000000001,277.43,42.0,0.0,2486.1099999999997,62.94
United States,Kansas,Barley,2003,spring,237.07000000000005,0.0,5.0,1655.0700000000002,38.72,20.44,4.0,0.0,390.95000000000005,10.84,200.15,40.0,0.0,1913.57,61.54,184.55999999999997,0.0,5.0,1248.32,38.72,47.73,0.0,0.0,327.43,25.32,225.37,44.0,0.0,2383.84,61.540000000000006
United States,Kansas,Barley,2004,spring,215.4,3.0,2.0,1733.6600000000005,51.599999999999994,84.68,0.0,0.0,359.51,34.47,259.88,13.0,0.0,1923.66,68.02,112.1,1.0,2.0,1204.7,20.56,27.069999999999997,1.0,0.0,324.52,15.47,420.79,14.0,0.0,2487.61,68.02
United States,Kansas,Barley,2005,spring,265.37999999999994,1.0,2.0,1739.8300000000002,52.419999999999995,51.57000000000001,6.0,0.0,424.68,45.38,205.59000000000003,21.0,0.0,1875.01,35.18,118.16,1.0,2.0,1292.7500000000002,30.54,96.63,0.0,0.0,268.09000000000003,36.449999999999996,307.75,27.0,0.0,2478.6800000000003,45.38
United States,Kansas,Barley,2006,spring,197.92000000000002,8.0,0.0,1780.45,28.19,42.69,8.0,0.0,429.53,30.86,266.41999999999996,26.0,0.0,1875.9700000000003,60.519999999999996,118.98000000000002,2.0,0.0,1160.9399999999998,28.19,32.809999999999995,1.0,0.0,262.13000000000005,26.53,355.24,39.0,0.0,2662.88,60.519999999999996
United States,Kansas,Barley,2007,spring,402.67999999999995,0.0,8.0,1585.5399999999997,96.41,46.11,0.0,0.0,303.1,15.540000000000001,237.3,11.0,0.0,1879.4,43.41,356.89,0.0,8.0,1211.1299999999999,96.41,43.470000000000006,0.0,0.0,339.23,34.489999999999995,285.72999999999996,11.0,0.0,2217.68,43.41
United States,Kansas,Barley,2008,spring,284.73,0.0,6.0,1713.7900000000002,46.92,41.05,4.0,0.0,417.70000000000005,38.01,321.23,16.0,0.0,1721.6599999999999,54.26999999999999,213.46999999999994,0.0,6.0,1310.5800000000002,46.92,35.43,0.0,0.0,312.32,17.310000000000002,398.11,20.0,0.0,2230.25,54.26999999999999
United States,Kansas,Barley,2009,spring,262.7,1.0,5.0,1654.6800000000003,46.93,62.89,6.0,0.0,411.13,36.510000000000005,264.31,12.0,0.0,1758.9499999999998,44.029999999999994,191.38,0.0,5.0,1288.39,42.4,67.8,1.0,0.0,285.01,43.650000000000006,330.71999999999997,18.0,0.0,2251.36,44.029999999999994
United States,Kansas,Barley,2010,spring,261.86,2.0,0.0,1706.1799999999998,68.74000000000001,50.349999999999994,4.0,0.0,406.51000000000005,43.93,247.09,30.0,0.0,1924.8199999999997,50.27,156.23,0.0,0.0,1230.1200000000001,37.53,33.720000000000006,2.0,0.0,274.58,29.779999999999998,369.35,34.0,0.0,2532.81,68.74000000000001
United States,Kansas,Barley,2011,spring,186.33000000000004,12.0,1.0,1680.1000000000004,44.61,8.139999999999999,11.0,0.0,433.71999999999997,7.66,158.39,46.0,0.0,1956.54,39.150000000000006,117.42999999999999,4.0,1.0,1193.6399999999999,44.61,32.44,6.0,0.0,266.21,30.49,202.98999999999998,59.0,0.0,2610.51,39.150000000000006
United States,Kansas,Barley,2012,spring,155.82,5.0,0.0,1823.5700000000002,50.6,11.66,12.0,0.0,440.34999999999997,8.94,146.93,36.0,0.0,1914.79,55.739999999999995,75.85,1.0,0.0,1099.22,29.14,27.210000000000004,2.0,0.0,291.9,20.740000000000002,211.35,50.0,0.0,2787.59,55.739999999999995
United States,Kansas,Barley,2013,spring,249.14999999999998,6.0,11.0,1647.6700000000003,58.0,10.8,6.0,0.0,411.62,7.75,382.81000000000006,17.0,0.0,1739.84,71.91,180.06,2.0,11.0,1254.6,58.0,35.309999999999995,4.0,0.0,311.02,19.990000000000002,427.38999999999993,23.0,0.0,2233.51,71.91
United States,Kansas,Barley,2014,spring,245.95,4.0,4.0,1716.77,61.120000000000005,68.77,0.0,0.0,365.09000000000003,33.33,231.16,28.0,0.0,1868.9099999999999,42.3,87.9,4.0,4.0,1207.5099999999998,27.51,128.35999999999999,0.0,0.0,286.55,58.099999999999994,329.62,28.0,0.0,2456.71,42.3
United States,Kansas,Barley,2015,spring,369.44,0.0,0.0,1548.8,50.1,12.85,7.0,0.0,412.91999999999996,8.17,220.58999999999997,21.0,0.0,1848.4300000000003,37.61,288.86999999999995,0.0,0.0,1110.2900000000002,50.1,23.2,0.0,0.0,294.61,20.11,290.81,28.0,0.0,2405.25,44.87
United States,Kansas,Barley,2018,spring,157.70999999999998,10.0,12.0,1777.5600000000004,31.990000000000002,78.01,5.0,0.0,414.21,30.79,345.55,14.0,0.0,1775.6100000000001,70.85,113.22,1.0,12.0,1229.6399999999999,31.990000000000002,33.160000000000004,2.0,0.0,287.90000000000003,27.650000000000002,434.89,26.0,0.0,2449.84,70.85
United States,Kansas,Barley,2019,spring,435.33,0.0,4.0,1638.3100000000002,100.49000000000001,100.72999999999999,0.0,0.0,407.28,68.48,244.48,1.0,0.0,1829.92,50.53,374.95,0.0,4.0,1246.6000000000001,100.49000000000001,46.7,0.0,0.0,354.0,24.22,358.89,1.0,0.0,2274.91,68.48
United States,Kansas,Barley,2020,spring,178.31,3.0,11.0,1737.4499999999998,39.779999999999994,77.54,1.0,0.0,391.24,43.97,241.31000000000003,15.0,0.0,1837.06,43.75,154.63,0.0,11.0,1296.12,39.779999999999994,14.270000000000001,3.0,0.0,326.77,13.05,328.26000000000005,16.0,0.0,2342.8600000000006,43.97
United States,Kansas,Barley,2021,spring,201.83,4.0,4.0,1642.79,41.38,56.01,5.0,0.0,361.5,37.66,238.15000000000003,29.0,0.0,1885.3899999999999,67.23,196.92000000000002,0.0,4.0,1228.8600000000001,41.38,4.91,1.0,0.0,325.77000000000004,4.54,294.15999999999997,37.0,0.0,2335.05,67.22999999999999
United States,Kansas,Barley,2022,spring,285.15999999999997,5.0,3.0,1724.21,93.58,64.1,5.0,0.0,382.73,33.11,128.47,45.0,0.0,1969.58,31.96,180.83,0.0,3.0,1208.89,93.58,103.99000000000001,0.0,0.0,293.65,45.940000000000005,192.91,55.0,0.0,2573.98,33.11
United States,Kansas,Barley,2023,spring,204.15999999999997,1.0,2.0,1769.2000000000003,31.61,51.71,3.0,0.0,411.04,22.020000000000003,176.19,36.0,0.0,1885.41,31.93,98.1,1.0,2.0,1264.88,31.61,61.61,0.0,0.0,283.39,29.21,272.35,39.0,0.0,2517.38,31.93
United States,Kansas,Barley,2024,spring,207.08,2.0,0.0,1745.6200000000001,40.09,80.74,8.0,0.0,371.31,29.09,183.36,30.0,0.0,1890.29,47.20000000000001,107.76,0.0,0.0,1189.2299999999998,33.00000000000001,40.67999999999999,0.0,0.0,272.19000000000005,21.31,322.74,40.0,0.0,2545.7999999999997,47.20000000000001
United States,Kansas,Barley,2025,spring,317.06999999999994,0.0,1.0,1664.3000000000004,58.13999999999999,48.760000000000005,0.0,0.0,422.9,33.76,338.82,15.0,0.0,1757.1399999999999,41.440000000000005,194.88,0.0,1.0,1189.62,53.809999999999995,48.14,0.0,0.0,331.16999999999996,23.28,461.63,15.0,0.0,2323.55,58.13999999999999
United States,Kansas,Oats,1990,spring,206.70000000000002,0.0,7.0,1291.83,38.7,52.06999999999999,7.0,0.0,342.01,23.75,253.35000000000002,36.0,0.0,2254.32,41.42,145.48,0.0,7.0,988.3499999999998,38.7,69.68,0.0,0.0,401.15000000000003,33.49,296.9599999999999,43.0,0.0,2498.6600000000003,41.42
United States,Kansas,Oats,1991,spring,223.31000000000003,0.0,0.0,1324.7599999999998,41.61,15.1,3.0,0.0,347.8,8.89,146.93,34.0,0.0,2186.0999999999995,20.53,100.74,0.0,0.0,819.6600000000001,20.34,113.29,0.0,0.0,376.63,41.61,171.31,37.0,0.0,2662.37,20.53
United States,Kansas,Oats,1992,spring,208.37999999999997,1.0,3.0,1306.7,72.78,77.95,0.0,0.0,308.21999999999997,31.540000000000003,353.76,5.0,0.0,2093.5299999999997,46.980000000000004,68.75999999999999,1.0,3.0,929.45,26.31,158.02,0.0,0.0,419.57000000000005,72.78,413.31,5.0,0.0,2359.4300000000003,46.980000000000004
United States,Kansas,Oats,1993,spring,219.71000000000004,0.0,4.0,1142.17,47.71,64.08999999999999,0.0,0.0,338.8,62.669999999999995,539.5799999999999,5.0,0.0,2051.7299999999996,79.58,190.44,0.0,4.0,899.38,47.71,30.18,0.0,0.0,450.1700000000001,18.459999999999997,602.76,5.0,0.0,2183.15,79.58
United States,Kansas,Oats,1994,spring,131.59000000000003,2.0,6.0,1433.5799999999997,39.489999999999995,9.36,6.0,0.0,325.08,8.41,231.70000000000002,25.0,0.0,2242.9700000000007,58.290000000000006,103.63,0.0,6.0,1005.26,39.489999999999995,27.960000000000004,2.0,0.0,428.32,12.889999999999999,241.06,31.0,0.0,2568.0500000000006,58.290000000000006
United States,Kansas,Oats,1995,spring,361.51000000000005,0.0,4.0,1156.2499999999998,59.699999999999996,29.46,0.0,0.0,352.51,29.26,250.33999999999997,32.0,1.0,2089.5099999999998,38.370000000000005,315.93,0.0,4.0,907.9,59.699999999999996,75.02000000000002,0.0,0.0,464.53,44.03,250.36,32.0,1.0,2225.84,38.370000000000005
United States,Kansas,Oats,1996,spring,249.06,5.0,6.0,1380.28,79.71000000000001,23.939999999999998,4.0,0.0,378.02,12.2,345.27,19.0,0.0,2057.1800000000003,44.89,102.91999999999999,2.0,6.0,934.52,30.450000000000003,146.07000000000002,3.0,0.0,429.06,79.71000000000001,369.28,23.0,0.0,2451.899999999999,44.89
United States,Kansas,Oats,1997,spring,147.26,1.0,8.0,1455.84,31.990000000000002,37.730000000000004,3.0,0.0,345.00999999999993,25.589999999999996,390.06999999999994,15.0,0.0,2151.77,55.97,112.03,1.0,8.0,1161.09,31.990000000000002,61.35999999999999,0.0,0.0,452.97,27.67,401.66999999999996,18.0,0.0,2338.560000000001,55.97
United States,Kansas,Oats,1998,spring,109.64,1.0,2.0,1476.6099999999997,24.46,36.79,4.0,0.0,363.61,27.549999999999997,315.93000000000006,37.0,0.0,2152.2600000000007,48.72,93.55,0.0,2.0,1053.66,24.46,23.040000000000006,1.0,0.0,464.66999999999996,11.18,345.77,41.0,0.0,2474.15,48.72
United States,Kansas,Oats,1999,spring,240.36,0.0,1.0,1394.8,50.22,69.38,0.0,0.0,255.68999999999997,27.830000000000002,326.56,18.0,0.0,2093.04,69.22,197.48000000000002,0.0,1.0,971.31,50.22,50.19,0.0,0.0,469.14,17.5,388.63,18.0,0.0,2303.08,69.22
United States,Kansas,Oats,2000,spring,129.67000000000002,0.0,5.0,1447.1599999999999,41.78,26.299999999999997,0.0,0.0,318.82,11.810000000000002,230.33,50.0,0.0,2225.89,60.96000000000001,76.22,0.0,5.0,974.72,32.72,53.470000000000006,0.0,0.0,501.84999999999997,41.78,256.61000000000007,50.0,0.0,2515.2999999999993,60.96000000000001
United States,Kansas,Oats,2001,spring,262.72999999999996,0.0,1.0,1391.1900000000003,54.37,36.6,0.0,0.0,366.15999999999997,19.630000000000003,250.94,37.0,0.0,2297.8199999999997,71.16,112.14999999999999,0.0,1.0,917.3499999999999,51.760000000000005,124.42,0.0,0.0,437.7200000000001,54.37,313.7,37.0,0.0,2700.1,71.16
United States,Kansas,Oats,2002,spring,166.57,4.0,4.0,1391.7900000000002,25.39,83.30000000000001,1.0,0.0,325.47999999999996,41.44,198.93,42.0,0.0,2235.1899999999996,62.94,125.82,0.0,4.0,951.19,25.39,40.75,4.0,0.0,440.59999999999997,21.060000000000002,282.23,43.0,0.0,2560.6699999999996,62.94
United States,Kansas,Oats,2003,spring,219.63,0.0,5.0,1377.45,38.72,25.76,0.0,0.0,335.1,11.96,212.27,44.0,0.0,2247.0400000000004,61.54,147.76000000000002,0.0,5.0,963.7499999999999,38.72,72.82000000000001,0.0,0.0,491.62,31.939999999999998,237.08,44.0,0.0,2504.2200000000003,61.540000000000006
United States,Kansas,Oats,2004,spring,136.01999999999998,2.0,2.0,1491.6,20.56,103.44,1.0,0.0,303.4200000000001,51.599999999999994,320.5,13.0,0.0,2221.81,68.02,110.60000000000001,0.0,2.0,981.9200000000001,20.56,25.080000000000002,2.0,0.0,457.31,15.129999999999999,424.28000000000003,14.0,0.0,2577.6000000000004,68.02
United States,Kansas,Oats,2005,spring,171.53,1.0,2.0,1478.04,35.98,96.47,0.0,0.0,340.48,52.42,254.54000000000002,27.0,0.0,2221.0,45.38,92.42,0.0,2.0,1035.15,30.54,79.10999999999999,1.0,0.0,442.89,35.98,351.01,27.0,0.0,2561.48,52.42
United States,Kansas,Oats,2006,spring,159.78,4.0,0.0,1500.17,28.19,65.94,6.0,0.0,357.24,27.799999999999997,281.31,32.0,0.0,2228.5400000000004,60.519999999999996,105.99000000000001,1.0,0.0,924.83,28.19,43.260000000000005,2.0,0.0,403.8,26.53,357.78,39.0,0.0,2757.3199999999997,60.519999999999996
United States,Kansas,Oats,2007,spring,357.90999999999997,0.0,8.0,1347.6799999999998,96.41,45.77,0.0,0.0,315.88,34.489999999999995,282.4099999999999,11.0,0.0,2104.4800000000005,43.41,219.93,0.0,8.0,1007.31,85.17999999999999,144.71999999999997,0.0,0.0,444.87,83.83,321.43999999999994,11.0,0.0,2315.86,43.41
United States,Kansas,Oats,2008,spring,227.68,0.0,6.0,1439.55,46.92,57.669999999999995,0.0,0.0,351.91,34.14,361.65999999999997,20.0,0.0,2061.69,54.26999999999999,162.0,0.0,6.0,1128.39,46.92,69.59,0.0,0.0,383.88000000000005,44.16,415.41999999999996,20.0,0.0,2340.88,54.26999999999999
United States,Kansas,Oats,2009,spring,197.54000000000002,1.0,5.0,1416.02,42.4,101.67,0.0,0.0,295.64,46.93,290.69,18.0,0.0,2113.1,44.029999999999994,154.25,0.0,5.0,1032.12,42.4,56.22,1.0,0.0,448.22999999999996,22.81,379.42999999999995,18.0,0.0,2344.4100000000003,46.93
United States,Kansas,Oats,2010,spring,181.57000000000002,2.0,0.0,1467.41,37.53,86.35000000000001,0.0,0.0,323.3,68.74000000000001,291.38,34.0,0.0,2246.7999999999993,62.849999999999994,124.96,0.0,0.0,1024.66,35.57,33.69,2.0,0.0,409.72,28.28,400.65000000000003,34.0,0.0,2603.129999999999,68.74000000000001
United States,Kansas,Oats,2011,spring,147.99,8.0,1.0,1410.3400000000001,44.61,38.660000000000004,6.0,0.0,346.14,20.900000000000002,166.20999999999998,55.0,0.0,2313.88,39.150000000000006,36.870000000000005,3.0,1.0,971.23,9.22,111.12,3.0,0.0,383.80999999999995,40.11,204.86999999999998,63.0,0.0,2715.3200000000006,39.150000000000006
United States,Kansas,Oats,2012,spring,104.56,4.0,0.0,1521.0199999999998,29.14,60.16,1.0,0.0,378.9599999999999,50.6,149.69,48.0,0.0,2278.73,55.739999999999995,73.46,1.0,0.0,832.7699999999999,29.14,8.73,2.0,0.0,438.0199999999999,6.34,232.22,50.0,0.0,2907.92,55.739999999999995
United States,Kansas,Oats,2013,spring,200.07000000000005,2.0,11.0,1348.79,58.0,49.120000000000005,4.0,0.0,376.03,33.78,393.57000000000005,23.0,0.0,2074.31,71.91,119.36,0.0,11.0,1035.45,27.32,90.08,4.0,0.0,425.85,58.0,433.31999999999994,25.0,0.0,2337.8300000000004,71.91
United States,Kansas,Oats,2014,spring,159.67,4.0,4.0,1444.5599999999997,44.07,87.09,0.0,0.0,350.46999999999997,61.12,299.12,28.0,0.0,2155.74,42.3,57.739999999999995,4.0,4.0,1018.9100000000001,25.95,83.33,0.0,0.0,388.08,27.69,404.81000000000006,28.0,0.0,2543.7799999999997,61.120000000000005
United States,Kansas,Oats,2015,spring,311.9,0.0,0.0,1316.8400000000001,50.1,57.57,1.0,0.0,317.7300000000001,44.87,233.41000000000003,27.0,0.0,2175.58,37.61,161.15000000000003,0.0,0.0,865.59,37.42,149.53000000000003,0.0,0.0,423.7899999999999,50.1,292.2,28.0,0.0,2520.77,44.87
United States,Kansas,Oats,2016,spring,277.20000000000005,0.0,1.0,1443.6900000000003,61.1,35.13,2.0,0.0,378.32,23.720000000000002,412.61,12.0,0.0,2101.2499999999995,66.53999999999999,165.66,0.0,1.0,1025.68,51.07,111.54,0.0,0.0,447.05,61.1,447.73999999999995,14.0,0.0,2450.5299999999997,66.53999999999999
United States,Kansas,Oats,2017,spring,263.22,0.0,0.0,1421.1799999999998,51.239999999999995,19.19,1.0,0.0,377.33000000000004,14.009999999999998,191.13999999999996,23.0,0.0,2147.8,39.38,229.85999999999999,0.0,0.0,974.5899999999999,51.239999999999995,33.519999999999996,0.0,0.0,504.03,10.23,210.17,24.0,0.0,2467.6899999999996,39.379999999999995
United States,Kansas,Oats,2018,spring,146.37,3.0,12.0,1489.24,31.990000000000002,36.52,7.0,0.0,361.76000000000005,30.349999999999998,398.38,19.0,0.0,2116.3799999999997,70.85,96.22999999999998,0.0,12.0,1003.5899999999999,31.990000000000002,45.949999999999996,2.0,0.0,443.04999999999995,27.65,439.09000000000003,27.0,0.0,2520.74,70.85
United States,Kansas,Oats,2019,spring,382.01000000000005,0.0,4.0,1369.76,100.49000000000001,60.42,0.0,0.0,342.02000000000004,24.22,338.11,1.0,0.0,2163.7300000000005,62.650000000000006,311.82000000000005,0.0,4.0,1018.9099999999999,100.49000000000001,94.86,0.0,0.0,451.07,48.22,373.86,1.0,0.0,2405.53,68.48
United States,Kansas,Oats,2020,spring,155.85,2.0,11.0,1415.0999999999997,39.779999999999994,66.43,1.0,0.0,369.49000000000007,43.97,274.88000000000005,16.0,0.0,2181.1600000000003,43.75,138.31,0.0,11.0,1070.86,30.11,30.589999999999996,2.0,0.0,463.79,14.44,328.26000000000005,17.0,0.0,2431.1,43.97
United States,Kansas,Oats,2021,spring,201.34,0.0,4.0,1336.02,41.38,2.55,6.0,0.0,384.6,2.06,292.09999999999997,32.0,0.0,2169.06,67.22999999999999,126.53,0.0,4.0,1017.9699999999998,41.38,75.30000000000001,0.0,0.0,415.07999999999987,38.98,294.15999999999997,38.0,0.0,2456.629999999999,67.22999999999999
United States,Kansas,Oats,2022,spring,266.87,0.0,3.0,1442.97,93.58,29.15,7.0,0.0,367.32,17.950000000000003,181.71,48.0,0.0,2266.2299999999996,33.11,66.33000000000001,0.0,3.0,960.8300000000002,30.32,195.82,0.0,0.0,454.18,93.58,215.57999999999996,55.0,0.0,2661.5099999999998,33.11
United States,Kansas,Oats,2023,spring,140.74,1.0,2.0,1501.05,31.61,84.85000000000001,0.0,0.0,330.92,26.01,206.47,39.0,0.0,2233.68,31.93,82.07,1.0,2.0,1043.12,31.61,56.64000000000001,0.0,0.0,404.71000000000004,29.21,293.35,39.0,0.0,2617.8199999999997,31.93
United States,Kansas,Oats,2024,spring,148.44000000000003,0.0,0.0,1461.4199999999998,33.00000000000001,85.55999999999999,2.0,0.0,352.8999999999999,38.43000000000001,237.18,38.0,0.0,2192.9,47.20000000000001,69.19000000000001,0.0,0.0,934.17,19.3,65.16,0.0,0.0,433.65999999999997,33.00000000000001,336.83,40.0,0.0,2639.39,47.20000000000001
United States,Kansas,Oats,2025,spring,242.19000000000003,0.0,1.0,1407.25,53.809999999999995,74.88,0.0,0.0,344.52000000000004,58.13999999999999,387.58000000000004,15.0,0.0,2092.57,41.440000000000005,90.83,0.0,1.0,969.69,18.15,151.36000000000004,0.0,0.0,437.56,53.81,462.46000000000004,15.0,0.0,2437.0900000000006,58.13999999999999
United States,Kansas,Canola,2016,spring,337.04,4.0,1.0,2023.1499999999999,61.1,132.82,6.0,0.0,654.3800000000001,66.53999999999999,255.07999999999998,4.0,0.0,1245.73,35.89,139.68000000000004,0.0,1.0,861.6899999999998,51.07,137.51999999999998,0.0,0.0,582.0,61.1,447.73999999999995,14.0,0.0,2479.5699999999997,66.53999999999999
United States,Kansas,Canola,2017,spring,314.96999999999997,1.0,0.0,2003.57,51.239999999999995,38.709999999999994,16.0,0.0,715.4899999999999,13.620000000000001,119.87,7.0,0.0,1227.25,39.38,174.86999999999998,0.0,0.0,865.09,41.28,88.46,0.0,0.0,584.06,51.24,210.22,24.0,0.0,2497.16,39.379999999999995
United States,Kansas,Canola,2018,spring,227.75000000000003,13.0,12.0,2077.9600000000005,31.990000000000002,79.5,11.0,0.0,701.17,26.89,274.02,5.0,0.0,1188.25,70.85,76.17999999999999,0.0,12.0,865.2000000000002,31.990000000000002,65.87,1.0,0.0,499.3,27.65,439.22,28.0,0.0,2602.8799999999997,70.85
United States,Kansas,Canola,2019,spring,511.26,0.0,4.0,1949.4900000000002,100.49000000000001,47.57,0.0,0.0,727.0699999999999,27.53,221.70999999999998,1.0,0.0,1198.9500000000003,50.53,196.95999999999998,0.0,4.0,917.2400000000001,100.49000000000001,209.72,0.0,0.0,552.74,76.16999999999999,373.86,1.0,0.0,2405.53,68.48
United States,Kansas,Canola,2020,spring,238.57000000000002,4.0,11.0,2024.2,43.97,136.47,1.0,0.0,679.9800000000001,36.07,122.12,14.0,0.0,1261.57,42.04,88.39,0.0,11.0,972.5799999999999,24.75,80.47999999999999,2.0,0.0,532.71,39.779999999999994,328.29,17.0,0.0,2460.46,43.97
United States,Kansas,Canola,2021,spring,253.12000000000003,9.0,4.0,1914.57,41.38,59.29,7.0,0.0,652.0699999999999,25.44,183.57999999999998,22.0,0.0,1323.04,67.23,122.44,0.0,4.0,960.1499999999999,41.38,79.02,0.0,0.0,454.94000000000005,38.98,294.53,38.0,0.0,2474.59,67.22999999999999
United States,Kansas,Canola,2022,spring,316.12,9.0,3.0,2018.18,93.58,84.54999999999998,17.0,0.0,691.5300000000001,33.11,77.06,29.0,0.0,1366.8100000000002,27.03,60.68000000000001,0.0,3.0,830.25,30.32,198.01999999999998,0.0,0.0,557.83,93.58,219.02999999999994,55.0,0.0,2688.44,33.11
United States,Kansas,Canola,2023,spring,239.41000000000003,3.0,2.0,2068.52,31.61,78.51,13.0,0.0,651.4399999999999,25.16,114.13999999999999,24.0,0.0,1345.69,31.93,50.32,1.0,2.0,909.13,17.61,81.77,0.0,0.0,488.90000000000003,31.61,299.97,39.0,0.0,2667.62,31.93
United States,Kansas,Canola,2024,spring,258.01,8.0,0.0,2040.6100000000004,40.09,47.93,13.0,0.0,675.6099999999999,29.09,165.24,19.0,0.0,1291.0,47.20000000000001,50.46,0.0,0.0,754.7600000000001,19.3,71.29,0.0,0.0,559.31,33.00000000000001,349.43,40.0,0.0,2693.15,47.20000000000001
United States,Kansas,Canola,2025,spring,364.53,0.0,1.0,1977.1599999999999,58.13999999999999,99.55000000000001,7.0,0.0,687.2399999999998,37.01,240.57,8.0,0.0,1179.94,41.440000000000005,90.82,0.0,1.0,795.5799999999999,18.15,132.45000000000002,0.0,0.0,566.52,53.81,481.38000000000005,15.0,0.0,2482.24,58.13999999999999
United States,Minnesota,Wheat,1990,spring,312.12000000000006,0.0,23.0,1419.48,71.58000000000001,28.25,0.0,0.0,307.62,16.040000000000003,303.61999999999995,0.0,0.0,1675.66,51.78,321.7,0.0,23.0,1516.73,71.58000000000001,18.820000000000004,0.0,0.0,332.13,16.040000000000003,303.46999999999997,0.0,0.0,1553.9,51.78
United States,Minnesota,Wheat,1991,spring,289.33000000000004,0.0,16.0,1437.42,51.92,90.22,0.0,0.0,253.97,31.55,288.67,0.0,1.0,1681.75,63.910000000000004,280.69000000000005,0.0,16.0,1349.39,51.92,69.15,0.0,0.0,318.86,31.550000000000004,318.38,0.0,1.0,1704.89,63.910000000000004
United States,Minnesota,Wheat,1992,spring,173.77,0.0,19.0,1462.46,49.04,53.64,0.0,0.0,268.02,32.17,224.64999999999998,0.0,0.0,1513.45,36.239999999999995,186.68,0.0,19.0,1517.67,49.04,76.0,0.0,0.0,358.40000000000003,52.78,189.38,0.0,0.0,1367.86,36.239999999999995
United States,Minnesota,Wheat,1993,spring,263.18999999999994,0.0,18.0,1365.24,53.589999999999996,90.28,0.0,0.0,266.44,48.08,288.24,0.0,1.0,1504.6,30.83,328.15,0.0,18.0,1509.09,53.589999999999996,92.13000000000001,0.0,0.0,343.71000000000004,32.94,221.43,0.0,1.0,1283.48,30.83
United States,Minnesota,Wheat,1994,spring,222.22,0.0,23.0,1566.1299999999997,46.96,47.51,0.0,0.0,279.04999999999995,19.759999999999998,299.72999999999996,0.0,0.0,1574.0800000000002,41.17999999999999,239.31,0.0,23.0,1611.77,46.96,49.39,0.0,0.0,322.36,18.97,280.75999999999993,0.0,0.0,1485.13,41.17999999999999
United States,Minnesota,Wheat,1995,spring,185.52,0.0,23.0,1462.73,27.19,16.339999999999996,0.0,0.0,306.26000000000005,8.96,390.01,0.0,1.0,1541.2900000000002,75.21,189.28,0.0,23.0,1646.51,27.19,84.2,0.0,0.0,274.39,49.75,318.39000000000004,0.0,1.0,1389.3799999999999,75.21
United States,Minnesota,Wheat,1996,spring,160.25,0.0,29.0,1551.54,39.91,57.13999999999999,0.0,0.0,262.06,24.47,186.55000000000004,0.0,0.0,1661.7700000000002,24.46,202.56,0.0,29.0,1723.5300000000002,39.91,60.34,0.0,0.0,360.84000000000003,24.46,141.04000000000005,0.0,0.0,1391.0,23.86
United States,Minnesota,Wheat,1997,spring,85.67000000000002,0.0,23.0,1586.88,17.59,91.04999999999998,0.0,0.0,300.24,32.76,303.2,0.0,0.0,1583.25,44.84,121.16000000000001,0.0,23.0,1729.87,32.76,91.67,0.0,0.0,357.49,31.58,267.09,0.0,0.0,1383.01,44.84
United States,Minnesota,Wheat,1998,spring,182.58000000000004,0.0,10.0,1627.7400000000005,39.09,79.95000000000002,0.0,0.0,273.4700000000001,36.51,189.49,0.0,0.0,1780.5800000000002,33.52,163.23000000000002,0.0,10.0,1568.1300000000003,39.09,98.29,0.0,0.0,285.67,38.010000000000005,190.5,0.0,0.0,1827.99,33.52
United States,Minnesota,Wheat,1999,spring,274.37999999999994,0.0,9.0,1450.8300000000002,82.64,78.99,0.0,0.0,275.14,35.23,304.52,0.0,0.0,1628.05,34.38,274.37999999999994,0.0,9.0,1423.19,82.64,88.64999999999999,0.0,0.0,325.29,35.23,294.85999999999996,0.0,0.0,1605.5399999999997,34.38
United States,Minnesota,Wheat,2000,spring,164.09,0.0,23.0,1452.5100000000002,27.47,40.980000000000004,0.0,0.0,295.14000000000004,16.86,201.46,0.0,1.0,1610.12,40.78,170.86,0.0,23.0,1497.63,27.47,53.86,0.0,0.0,324.61,14.07,181.80999999999997,0.0,1.0,1535.5300000000004,40.78
United States,Minnesota,Wheat,2001,spring,417.95,0.0,15.0,1318.0299999999997,83.10000000000001,19.900000000000002,0.0,0.0,358.8,12.850000000000001,196.08999999999997,0.0,0.0,1706.61,30.38,430.8,0.0,15.0,1388.1299999999999,83.10000000000001,9.32,0.0,0.0,401.08,3.0100000000000002,193.81999999999996,0.0,0.0,1594.23,30.379999999999995
United States,Minnesota,Wheat,2002,spring,155.46,0.0,28.0,1474.6000000000001,32.64,93.70000000000003,0.0,0.0,297.81,53.660000000000004,425.04,0.0,0.0,1646.03,66.11,246.34999999999997,0.0,28.0,1586.02,53.660000000000004,48.480000000000004,0.0,0.0,321.16999999999996,43.89,379.37,0.0,0.0,1511.2499999999998,66.11
United States,Minnesota,Wheat,2003,spring,232.53000000000003,0.0,15.0,1527.18,47.419999999999995,93.35000000000001,0.0,0.0,309.96,65.73,203.95999999999998,1.0,1.0,1703.19,64.02,235.21000000000004,0.0,15.0,1648.8000000000002,47.419999999999995,131.61,0.0,0.0,349.92999999999995,65.73,163.02,1.0,1.0,1541.6,64.02
United States,Minnesota,Wheat,2004,spring,248.96,0.0,17.0,1404.5700000000002,39.97,15.379999999999999,0.0,0.0,328.68,8.82,242.59,0.0,0.0,1580.5900000000001,39.7,250.75000000000003,0.0,17.0,1528.43,39.97,44.61,0.0,0.0,359.75000000000006,14.69,211.56999999999996,0.0,0.0,1425.66,39.7
United States,Minnesota,Wheat,2005,spring,193.73000000000002,0.0,16.0,1329.8999999999999,27.38,52.21999999999999,0.0,0.0,312.98,26.0,146.15,5.0,0.0,1719.04,25.990000000000002,193.73000000000002,0.0,16.0,1265.8999999999999,27.38,50.31999999999999,0.0,0.0,333.77000000000004,26.0,148.04999999999998,5.0,0.0,1762.2499999999998,25.990000000000002
United States,Minnesota,Wheat,2006,spring,115.28999999999999,0.0,8.0,1514.39,26.36,12.799999999999999,0.0,0.0,341.24,8.4,140.67999999999998,8.0,0.0,1717.27,24.38,100.77,0.0,8.0,1364.5200000000002,26.36,20.16,0.0,0.0,347.48999999999995,13.549999999999999,147.84,8.0,0.0,1860.89,24.38
United States,Minnesota,Wheat,2007,spring,137.04,0.0,16.0,1566.8399999999997,27.669999999999998,11.36,0.0,0.0,349.5300000000001,8.39,256.41999999999996,3.0,0.0,1655.3000000000002,54.12,130.23999999999998,0.0,16.0,1448.6399999999999,27.669999999999998,18.139999999999997,0.0,0.0,341.96000000000004,10.21,256.44,3.0,0.0,1781.0700000000002,54.12
United States,Minnesota,Wheat,2008,spring,282.12999999999994,0.0,18.0,1394.89,50.24,28.01,0.0,0.0,344.63,24.16,237.03,0.0,0.0,1699.5899999999997,38.660000000000004,284.55,0.0,18.0,1622.9900000000005,50.24,64.88,0.0,0.0,368.90999999999997,35.089999999999996,197.74,0.0,0.0,1447.21,38.660000000000004
United States,Minnesota,Wheat,2009,spring,104.83,0.0,17.0,1570.9799999999998,19.19,40.8,0.0,0.0,285.46999999999997,14.08,237.13,0.0,0.0,1652.8300000000002,47.129999999999995,128.8,0.0,17.0,1694.48,22.470000000000002,19.020000000000003,0.0,0.0,361.86,14.08,234.94,0.0,0.0,1452.94,47.129999999999995
United States,Minnesota,Wheat,2010,spring,217.79999999999998,0.0,6.0,1434.5199999999995,32.93,48.2,0.0,0.0,307.10999999999996,22.7,419.1500000000001,0.0,0.0,1644.0400000000002,49.86999999999999,188.54,0.0,6.0,1372.8099999999997,32.93,71.28999999999999,0.0,0.0,313.84000000000003,26.11,425.32000000000005,0.0,0.0,1699.0200000000004,49.86999999999999
United States,Minnesota,Wheat,2011,spring,258.65999999999997,0.0,21.0,1387.8200000000002,56.370000000000005,76.79,0.0,0.0,243.70000000000002,32.21,249.75000000000003,0.0,0.0,1698.88,32.23,302.6299999999999,0.0,21.0,1481.4399999999998,56.370000000000005,46.39000000000001,0.0,0.0,364.51,24.660000000000004,236.18,0.0,0.0,1484.45,32.23
United States,Minnesota,Wheat,2012,spring,368.42999999999995,0.0,10.0,1476.1699999999998,73.60999999999999,70.47000000000003,0.0,0.0,317.21000000000004,67.53999999999999,182.95999999999998,0.0,0.0,1809.2700000000002,31.35,327.81,0.0,10.0,1415.27,73.60999999999999,110.89999999999999,0.0,0.0,325.7,67.54,183.14999999999998,0.0,0.0,1861.68,31.349999999999998
United States,Minnesota,Wheat,2013,spring,233.64,0.0,29.0,1302.31,49.769999999999996,93.71,0.0,0.0,310.12,71.18,174.0,1.0,0.0,1678.5000000000002,24.87,313.69,0.0,29.0,1520.1,71.18,35.230000000000004,0.0,0.0,324.97,16.27,152.42999999999998,1.0,0.0,1445.8600000000001,24.87
United States,Minnesota,Wheat,2014,spring,378.32,0.0,20.0,1446.6900000000003,68.09,45.85,0.0,0.0,274.03000000000003,23.299999999999997,281.96000000000004,0.0,0.0,1599.5400000000002,47.620000000000005,408.02,0.0,20.0,1583.52,68.09,29.76,0.0,0.0,355.52,13.77,268.35,0.0,0.0,1381.2200000000003,47.620000000000005
United States,Minnesota,Wheat,2015,spring,218.79999999999998,0.0,14.0,1494.12,41.82,43.730000000000004,0.0,0.0,325.51,24.900000000000002,297.68000000000006,0.0,0.0,1660.4899999999996,57.66,218.85999999999999,0.0,14.0,1519.35,41.82,43.71,0.0,0.0,364.58000000000004,24.9,297.64000000000004,0.0,0.0,1596.1899999999998,57.66
United States,Minnesota,Wheat,2016,spring,169.56,0.0,17.0,1434.5200000000004,42.629999999999995,30.77,0.0,0.0,360.88,14.690000000000001,436.29,0.0,0.0,1581.8300000000002,108.13000000000001,169.56,0.0,17.0,1434.5200000000004,42.629999999999995,30.77,0.0,0.0,413.90999999999997,14.690000000000001,436.2900000000001,0.0,0.0,1528.8000000000002,108.13000000000001
United States,Minnesota,Wheat,2017,spring,238.67999999999995,0.0,10.0,1457.64,39.95,43.129999999999995,0.0,0.0,281.86999999999995,33.43,325.59999999999997,0.0,0.0,1619.0100000000002,44.41,239.98999999999995,0.0,10.0,1474.6100000000001,39.95,46.39999999999999,0.0,0.0,374.78999999999996,33.43,321.0199999999999,0.0,0.0,1509.1200000000001,44.41
United States,Minnesota,Wheat,2018,spring,188.99,0.0,23.0,1592.7800000000002,44.61,51.980000000000004,0.0,0.0,296.21999999999997,33.33,300.49,0.0,2.0,1567.0199999999998,39.17999999999999,188.99,0.0,23.0,1592.7800000000002,44.61,52.870000000000005,0.0,0.0,318.18999999999994,33.33,299.6,0.0,2.0,1545.05,39.17999999999999
United States,Minnesota,Wheat,2019,spring,229.18,0.0,16.0,1435.0599999999997,43.55,86.03,0.0,0.0,264.48,35.040000000000006,354.27,0.0,0.0,1596.29,44.06999999999999,267.5,0.0,16.0,1614.65,43.55,74.64,0.0,0.0,278.79,35.040000000000006,327.34,0.0,0.0,1402.3899999999999,44.06999999999999
United States,Minnesota,Wheat,2020,spring,115.33,0.0,23.0,1627.0300000000004,18.759999999999998,60.86,0.0,0.0,322.15000000000003,41.27,280.7,0.0,0.0,1647.5400000000002,56.16,132.71000000000004,0.0,23.0,1730.4799999999998,18.759999999999998,44.81999999999999,0.0,0.0,318.39000000000004,41.27,279.36,0.0,0.0,1547.8500000000001,56.16
United States,Minnesota,Wheat,2021,spring,135.9,0.0,13.0,1556.5400000000002,50.96,37.55,0.0,0.0,325.22,18.860000000000003,258.07,2.0,0.0,1696.6899999999998,52.56,135.78,0.0,13.0,1477.3200000000002,50.96,37.669999999999995,0.0,0.0,349.15,18.860000000000003,258.07,2.0,0.0,1751.9799999999998,52.56
United States,Minnesota,Wheat,2022,spring,256.7,0.0,25.0,1376.16,61.27,66.51,0.0,0.0,335.09,40.12,245.04000000000002,0.0,0.0,1628.46,37.199999999999996,288.7899999999999,0.0,25.0,1531.7499999999998,61.27,55.279999999999994,0.0,0.0,320.94,29.979999999999997,224.18,0.0,0.0,1487.0200000000002,37.199999999999996
United States,Minnesota,Wheat,2023,spring,155.18999999999997,0.0,19.0,1574.75,43.050000000000004,55.73,0.0,0.0,294.35,45.17,200.99,3.0,0.0,1538.68,49.76,155.18999999999997,0.0,19.0,1574.75,43.050000000000004,55.73,0.0,0.0,294.35,45.17,200.99,3.0,0.0,1538.68,49.76
United States,Minnesota,Wheat,2024,spring,374.90999999999997,0.0,11.0,1466.2499999999998,66.94,77.71000000000001,0.0,0.0,269.22,32.43,254.57000000000002,0.0,0.0,1665.2399999999998,48.779999999999994,354.77,0.0,11.0,1451.3799999999999,66.94,109.76000000000002,0.0,0.0,340.54999999999995,39.88,242.65999999999997,0.0,0.0,1608.78,48.779999999999994
United States,Minnesota,Wheat,2025,spring,222.18000000000004,0.0,14.0,1446.8899999999999,43.18000000000001,75.12,0.0,0.0,290.51,38.28,243.81,0.0,0.0,1524.2099999999998,42.88,222.49000000000004,0.0,14.0,1469.9499999999998,43.18000000000001,75.21000000000001,0.0,0.0,320.83,38.28,243.40999999999997,0.0,0.0,1470.83,42.88
United States,Minnesota,Barley,1990,spring,312.12000000000006,0.0,23.0,1419.48,71.58000000000001,27.68,0.0,0.0,289.63,16.040000000000003,304.18999999999994,0.0,0.0,1693.6499999999999,51.78,321.78,0.0,23.0,1572.8600000000001,71.58000000000001,39.14,0.0,0.0,283.47,20.439999999999998,283.06999999999994,0.0,0.0,1546.43,51.78
United States,Minnesota,Barley,1991,spring,289.33000000000004,0.0,16.0,1437.42,51.92,79.36,0.0,0.0,236.2,31.55,299.53000000000003,0.0,1.0,1699.52,63.910000000000004,288.46000000000004,0.0,16.0,1379.22,51.92,80.22999999999999,0.0,0.0,294.4,31.550000000000004,299.53000000000003,0.0,1.0,1699.52,63.910000000000004
United States,Minnesota,Barley,1992,spring,173.77,0.0,19.0,1462.46,49.04,32.99,0.0,0.0,261.03,14.14,245.3,0.0,0.0,1520.4399999999998,41.79,192.27,0.0,19.0,1548.93,49.04,70.41,0.0,0.0,327.14,52.78,189.38,0.0,0.0,1367.86,36.239999999999995
United States,Minnesota,Barley,1993,spring,263.18999999999994,0.0,18.0,1365.24,53.589999999999996,76.33,0.0,0.0,255.32999999999998,48.08,302.18999999999994,0.0,1.0,1515.7099999999998,32.94,328.28,0.0,18.0,1529.01,53.589999999999996,92.0,0.0,0.0,323.79,32.94,221.43,0.0,1.0,1283.48,30.83
United States,Minnesota,Barley,1994,spring,222.22,0.0,23.0,1566.1299999999997,46.96,47.51,0.0,0.0,261.33,19.759999999999998,299.7299999999999,0.0,0.0,1591.8000000000002,41.17999999999999,241.98,0.0,23.0,1633.2,46.96,46.72,0.0,0.0,300.93,18.97,280.75999999999993,0.0,0.0,1485.13,41.17999999999999
United States,Minnesota,Barley,1995,spring,185.52,0.0,23.0,1462.73,27.19,14.859999999999998,0.0,0.0,281.22,8.96,391.49,0.0,1.0,1566.33,75.21,190.64000000000001,0.0,23.0,1662.16,27.19,82.84000000000002,0.0,0.0,258.74,49.75,318.39000000000004,0.0,1.0,1389.3799999999999,75.21
United States,Minnesota,Barley,1996,spring,160.25,0.0,29.0,1551.54,39.91,50.669999999999995,0.0,0.0,244.78,24.47,193.02,0.0,0.0,1679.0500000000002,24.46,209.15,0.0,29.0,1748.0600000000002,39.91,53.75,0.0,0.0,336.31,24.46,141.04000000000005,0.0,0.0,1391.0,23.86
United States,Minnesota,Barley,1997,spring,85.67000000000002,0.0,23.0,1586.88,17.59,71.14999999999999,0.0,0.0,278.16,32.76,323.09999999999997,0.0,0.0,1605.33,44.84,121.44000000000001,0.0,23.0,1757.4799999999998,32.76,91.38999999999999,0.0,0.0,329.88,31.58,267.09,0.0,0.0,1383.01,44.84
United States,Minnesota,Barley,1998,spring,182.58000000000004,0.0,10.0,1627.7400000000005,39.09,79.37000000000002,0.0,0.0,247.90000000000006,36.51,190.07000000000002,0.0,0.0,1806.15,33.52,169.82000000000002,0.0,10.0,1587.2900000000004,39.09,91.70000000000002,0.0,0.0,266.51,38.01,190.5,0.0,0.0,1827.99,33.52
United States,Minnesota,Barley,1999,spring,274.37999999999994,0.0,9.0,1450.8300000000002,82.64,74.97999999999999,0.0,0.0,255.55,35.23,308.53,0.0,0.0,1647.64,34.38,274.59999999999997,0.0,9.0,1475.3500000000001,82.64,88.42999999999999,0.0,0.0,273.13000000000005,35.23,294.85999999999996,0.0,0.0,1605.5399999999997,34.38
United States,Minnesota,Barley,2000,spring,164.09,0.0,23.0,1452.5100000000002,27.47,37.550000000000004,0.0,0.0,267.21000000000004,16.86,204.89000000000001,0.0,1.0,1638.0500000000002,40.78,180.95000000000002,0.0,23.0,1508.5,27.47,47.57,0.0,0.0,332.9,16.03,178.01,0.0,1.0,1516.3700000000003,40.78
United States,Minnesota,Barley,2001,spring,417.95,0.0,15.0,1318.0299999999997,83.10000000000001,19.89,0.0,0.0,326.51,12.850000000000001,196.1,0.0,0.0,1738.8999999999999,30.38,433.79,0.0,15.0,1442.9399999999998,83.10000000000001,6.330000000000001,0.0,0.0,346.27,2.0700000000000003,193.81999999999996,0.0,0.0,1594.23,30.379999999999995
United States,Minnesota,Barley,2002,spring,155.46,0.0,28.0,1474.6000000000001,32.64,93.68000000000004,0.0,0.0,270.06,53.660000000000004,425.06,0.0,0.0,1673.78,66.11,249.06999999999996,0.0,28.0,1610.71,53.660000000000004,45.760000000000005,0.0,0.0,296.47999999999996,43.89,379.37,0.0,0.0,1511.2499999999998,66.11
United States,Minnesota,Barley,2003,spring,232.53000000000003,0.0,15.0,1527.18,47.419999999999995,93.18,0.0,0.0,282.31,65.73,204.13,1.0,1.0,1730.8400000000001,64.02,268.91,0.0,15.0,1665.2100000000003,47.419999999999995,97.91,0.0,0.0,333.52000000000004,47.22,163.02,1.0,1.0,1541.6,64.02
United States,Minnesota,Barley,2004,spring,248.96,0.0,17.0,1404.5700000000002,39.97,15.239999999999998,0.0,0.0,298.11,8.82,242.73,0.0,0.0,1611.1599999999999,39.7,258.08,0.0,17.0,1585.2200000000003,39.97,37.28,0.0,0.0,302.96000000000004,14.69,211.56999999999996,0.0,0.0,1425.66,39.7
United States,Minnesota,Barley,2005,spring,193.73000000000002,0.0,16.0,1329.8999999999999,27.38,52.209999999999994,0.0,0.0,282.8,26.0,146.15999999999997,5.0,0.0,1749.2199999999998,25.990000000000002,193.73000000000002,0.0,16.0,1297.9899999999998,27.38,50.31999999999999,0.0,0.0,301.68000000000006,26.0,148.04999999999998,5.0,0.0,1762.2499999999998,25.990000000000002
United States,Minnesota,Barley,2006,spring,115.28999999999999,0.0,8.0,1514.39,26.36,11.69,0.0,0.0,315.89,8.4,141.79000000000002,8.0,0.0,1742.62,24.38,101.25999999999999,0.0,8.0,1387.98,26.36,19.669999999999998,0.0,0.0,324.03000000000003,13.549999999999999,147.84,8.0,0.0,1860.89,24.38
United States,Minnesota,Barley,2007,spring,137.04,0.0,16.0,1566.8399999999997,27.669999999999998,11.34,0.0,0.0,325.18000000000006,8.39,256.44,3.0,0.0,1679.65,54.12,130.23999999999998,0.0,16.0,1473.56,27.669999999999998,18.14,0.0,0.0,317.04,10.21,256.44,3.0,0.0,1781.0700000000002,54.12
United States,Minnesota,Barley,2008,spring,282.12999999999994,0.0,18.0,1394.89,50.24,26.64,0.0,0.0,316.35,24.16,238.4,0.0,0.0,1727.87,38.660000000000004,307.29999999999995,0.0,18.0,1634.8700000000001,50.24,42.13,0.0,0.0,357.03,35.089999999999996,197.74,0.0,0.0,1447.21,38.660000000000004
United States,Minnesota,Barley,2009,spring,104.83,0.0,17.0,1570.9799999999998,19.19,40.79,0.0,0.0,267.83,14.08,237.14,0.0,0.0,1670.4700000000003,47.129999999999995,130.66000000000003,0.0,17.0,1718.81,22.470000000000002,17.16,0.0,0.0,337.53000000000003,14.08,234.94,0.0,0.0,1452.94,47.129999999999995
United States,Minnesota,Barley,2010,spring,217.79999999999998,0.0,6.0,1434.5199999999995,32.93,47.99,0.0,0.0,277.65999999999997,22.7,419.36,0.0,0.0,1673.4900000000002,49.86999999999999,191.69,0.0,6.0,1385.4099999999996,32.93,68.14,0.0,0.0,301.24,26.11,425.32000000000005,0.0,0.0,1699.0200000000004,49.86999999999999
United States,Minnesota,Barley,2011,spring,258.65999999999997,0.0,21.0,1387.8200000000002,56.370000000000005,52.85,0.0,0.0,220.39000000000001,32.21,273.69,0.0,0.0,1722.19,32.23,303.6299999999999,0.0,21.0,1520.1999999999998,56.370000000000005,45.39000000000001,0.0,0.0,325.75,24.660000000000004,236.18,0.0,0.0,1484.45,32.23
United States,Minnesota,Barley,2012,spring,368.42999999999995,0.0,10.0,1476.1699999999998,73.60999999999999,70.32000000000002,0.0,0.0,289.97,67.53999999999999,183.10999999999999,0.0,0.0,1836.5100000000002,31.35,345.32,0.0,10.0,1441.4699999999998,73.60999999999999,93.39,0.0,0.0,299.49999999999994,67.54,183.14999999999998,0.0,0.0,1861.68,31.349999999999998
United States,Minnesota,Barley,2013,spring,233.64,0.0,29.0,1302.31,49.769999999999996,93.71,0.0,0.0,282.05,71.18,174.0,1.0,0.0,1706.5700000000002,24.87,325.12,0.0,29.0,1537.6999999999998,71.18,23.799999999999997,0.0,0.0,307.37,16.27,152.42999999999998,1.0,0.0,1445.8600000000001,24.87
United States,Minnesota,Barley,2014,spring,378.32,0.0,20.0,1446.6900000000003,68.09,44.56,0.0,0.0,259.04,23.299999999999997,283.25000000000006,0.0,0.0,1614.5300000000004,47.620000000000005,409.39,0.0,20.0,1619.6899999999998,68.09,28.390000000000004,0.0,0.0,319.34999999999997,13.47,268.35,0.0,0.0,1381.2200000000003,47.620000000000005
United States,Minnesota,Barley,2015,spring,218.79999999999998,0.0,14.0,1494.12,41.82,43.660000000000004,0.0,0.0,301.36,24.900000000000002,297.75,0.0,0.0,1684.6399999999996,57.66,241.39000000000001,0.0,14.0,1555.8899999999999,41.82,21.18,0.0,0.0,328.03999999999996,12.97,297.64000000000004,0.0,0.0,1596.1899999999998,57.66
United States,Minnesota,Barley,2016,spring,169.56,0.0,17.0,1434.5200000000004,42.629999999999995,30.77,0.0,0.0,330.84,14.690000000000001,436.29,0.0,0.0,1611.8700000000001,108.13000000000001,170.35,0.0,17.0,1457.9100000000005,42.629999999999995,29.980000000000004,0.0,0.0,390.52,14.690000000000001,436.2900000000001,0.0,0.0,1528.8000000000002,108.13000000000001
United States,Minnesota,Barley,2017,spring,238.67999999999995,0.0,10.0,1457.64,39.95,42.66,0.0,0.0,261.23999999999995,33.43,326.07,0.0,0.0,1639.64,44.41,240.34,0.0,10.0,1494.0,39.95,46.59,0.0,0.0,383.06,33.43,320.48,0.0,0.0,1481.46,44.41
United States,Minnesota,Barley,2018,spring,188.99,0.0,23.0,1592.7800000000002,44.61,29.590000000000003,0.0,0.0,286.95,12.8,322.88,0.0,2.0,1576.29,39.17999999999999,192.21,0.0,23.0,1620.0800000000002,46.45,49.65,0.0,0.0,290.89,33.33,299.6,0.0,2.0,1545.05,39.17999999999999
United States,Minnesota,Barley,2019,spring,229.18,0.0,16.0,1435.0599999999997,43.55,79.74,0.0,0.0,246.93,32.99,360.56,0.0,0.0,1613.8400000000001,44.06999999999999,279.59000000000003,0.0,16.0,1623.18,43.55,62.55,0.0,0.0,299.84,35.040000000000006,327.34000000000003,0.0,0.0,1372.81,44.06999999999999
United States,Minnesota,Barley,2020,spring,115.33,0.0,23.0,1627.0300000000004,18.759999999999998,60.06,0.0,0.0,300.6,41.27,281.5,0.0,0.0,1669.0900000000001,56.16,133.27000000000004,0.0,23.0,1779.7799999999997,18.759999999999998,46.19,0.0,0.0,284.22,41.27,277.43,0.0,0.0,1532.7200000000005,56.16
United States,Minnesota,Barley,2021,spring,135.9,0.0,13.0,1556.5400000000002,50.96,37.55,0.0,0.0,297.66,18.860000000000003,258.07,2.0,0.0,1724.2499999999998,52.56,135.78,0.0,13.0,1504.9600000000003,50.96,37.669999999999995,0.0,0.0,321.51,18.860000000000003,258.07,2.0,0.0,1751.9799999999998,52.56
United States,Minnesota,Barley,2022,spring,256.7,0.0,25.0,1376.16,61.27,66.51,0.0,0.0,306.28,40.12,245.04,0.0,0.0,1657.27,37.199999999999996,312.4399999999999,0.0,25.0,1549.7499999999998,61.27,31.779999999999998,0.0,0.0,326.4,20.13,224.03000000000003,0.0,0.0,1463.5600000000002,37.199999999999996
United States,Minnesota,Barley,2023,spring,155.18999999999997,0.0,19.0,1574.75,43.050000000000004,55.73,0.0,0.0,269.57,45.17,200.99000000000004,3.0,0.0,1563.4599999999998,49.76,157.54000000000002,0.0,19.0,1609.96,43.050000000000004,53.739999999999995,0.0,0.0,285.15000000000003,45.17,200.63000000000002,3.0,0.0,1512.6699999999998,49.76
United States,Minnesota,Barley,2024,spring,374.90999999999997,0.0,11.0,1466.2499999999998,66.94,72.56,0.0,0.0,244.26000000000002,32.43,259.72,0.0,0.0,1690.1999999999998,48.78,394.32,0.0,11.0,1472.7499999999998,66.94,70.21000000000001,0.0,0.0,319.18,32.43,242.65999999999997,0.0,0.0,1608.78,48.779999999999994
United States,Minnesota,Barley,2025,spring,222.18000000000004,0.0,14.0,1446.8899999999999,43.18000000000001,75.12,0.0,0.0,262.93,38.28,243.80999999999997,0.0,0.0,1551.79,42.88,229.44000000000003,0.0,14.0,1516.8999999999999,43.18000000000001,68.26,0.0,0.0,273.87999999999994,38.28,243.40999999999997,0.0,0.0,1470.83,42.88
United States,Minnesota,Oats,1990,spring,234.39000000000001,0.0,23.0,1258.4300000000003,71.58000000000001,104.56999999999998,0.0,0.0,396.56999999999994,44.599999999999994,305.03,0.0,0.0,1747.7600000000002,51.78,262.3,0.0,23.0,1338.97,71.58000000000001,78.08999999999999,0.0,0.0,413.07,44.599999999999994,303.6,0.0,0.0,1650.72,51.78
United States,Minnesota,Oats,1991,spring,256.60999999999996,0.0,16.0,1231.5,51.92,91.42999999999999,0.0,0.0,422.37,31.550000000000004,320.18,0.0,1.0,1719.27,63.910000000000004,255.88,0.0,16.0,1102.52,51.92,72.7,0.0,0.0,502.91,31.550000000000004,339.64,0.0,1.0,1767.7099999999998,63.91
United States,Minnesota,Oats,1992,spring,115.44,0.0,19.0,1285.24,31.950000000000003,79.80000000000001,0.0,0.0,397.37999999999994,49.04,256.82,0.0,0.0,1561.31,52.78,115.62,0.0,19.0,1311.42,31.950000000000003,132.95000000000002,0.0,0.0,457.53999999999996,52.78,203.49,0.0,0.0,1474.97,36.239999999999995
United States,Minnesota,Oats,1993,spring,218.61,0.0,18.0,1200.3,53.589999999999996,109.72999999999999,0.0,0.0,393.07000000000005,48.08,313.36999999999995,0.0,1.0,1542.9099999999999,32.94,223.82999999999996,0.0,18.0,1295.66,53.589999999999996,181.64000000000001,0.0,0.0,441.33000000000004,48.08,236.23999999999998,0.0,1.0,1399.2899999999997,30.83
United States,Minnesota,Oats,1994,spring,164.29999999999998,0.0,23.0,1410.2800000000002,46.96,103.03000000000002,0.0,0.0,387.47999999999996,42.38,302.12999999999994,0.0,0.0,1621.5,41.17999999999999,165.35,0.0,23.0,1429.9900000000002,46.96,104.38000000000001,0.0,0.0,397.46999999999997,42.38,299.7299999999999,0.0,0.0,1591.8000000000002,41.17999999999999
United States,Minnesota,Oats,1995,spring,168.86,0.0,23.0,1239.8,27.19,30.74,0.0,0.0,476.12,16.220000000000002,392.27,0.0,1.0,1594.36,75.21,185.48000000000002,0.0,23.0,1433.59,27.19,82.60000000000001,0.0,0.0,389.81,49.75,323.79,0.0,1.0,1486.8799999999999,75.21
United States,Minnesota,Oats,1996,spring,143.47,0.0,29.0,1351.04,39.91,65.68,0.0,0.0,397.02,24.47,194.79000000000002,0.0,0.0,1727.31,24.46,160.25,0.0,29.0,1551.54,39.91,77.41,0.0,0.0,424.3,24.47,166.28,0.0,0.0,1499.53,24.46
United States,Minnesota,Oats,1997,spring,67.71000000000001,0.0,23.0,1367.75,16.16,82.16999999999999,0.0,0.0,457.93,32.76,330.03999999999996,0.0,0.0,1644.6900000000003,44.839999999999996,68.08000000000001,0.0,23.0,1536.0800000000002,16.16,124.96000000000002,0.0,0.0,419.02,32.76,286.87999999999994,0.0,0.0,1515.2700000000002,44.84
United States,Minnesota,Oats,1998,spring,129.61,0.0,10.0,1468.3700000000003,39.09,130.89999999999998,0.0,0.0,362.57000000000005,38.010000000000005,191.51,0.0,0.0,1850.85,33.52,120.80000000000001,0.0,10.0,1282.0800000000002,34.99,115.14999999999999,0.0,0.0,474.53999999999996,38.010000000000005,216.07,0.0,0.0,1925.17,33.52
United States,Minnesota,Oats,1999,spring,258.84,0.0,9.0,1243.78,82.64,84.30999999999999,0.0,0.0,421.58000000000004,35.23,314.73999999999995,0.0,0.0,1688.66,34.38,251.5,0.0,9.0,1182.76,82.64,77.65999999999998,0.0,0.0,473.68,27.459999999999997,328.72999999999996,0.0,0.0,1697.58,34.38
United States,Minnesota,Oats,2000,spring,124.88,0.0,23.0,1291.49,23.1,75.46,0.0,0.0,367.7099999999999,27.47,206.18999999999997,0.0,1.0,1698.5700000000002,40.78,124.88,0.0,23.0,1291.49,23.1,80.19,0.0,0.0,456.15999999999997,27.47,201.46,0.0,1.0,1610.12,40.78
United States,Minnesota,Oats,2001,spring,318.7099999999999,0.0,15.0,1143.6299999999999,83.10000000000001,117.27000000000002,0.0,0.0,451.46999999999997,57.97,197.95999999999998,0.0,0.0,1788.3400000000001,30.38,333.4899999999999,0.0,15.0,1170.55,83.10000000000001,104.36000000000001,0.0,0.0,506.28000000000003,57.97,196.08999999999997,0.0,0.0,1706.61,30.38
United States,Minnesota,Oats,2002,spring,142.1,0.0,28.0,1276.66,32.64,106.99000000000001,0.0,0.0,412.56,53.660000000000004,425.11,0.0,0.0,1729.2199999999998,66.11,154.87,0.0,28.0,1419.9700000000003,32.64,96.02,0.0,0.0,403.01,53.660000000000004,423.31000000000006,0.0,0.0,1595.46,66.11
United States,Minnesota,Oats,2003,spring,198.10000000000002,0.0,15.0,1318.2399999999998,47.419999999999995,127.09,0.0,0.0,439.9,65.73,204.65,1.0,1.0,1782.19,64.02,221.66000000000003,0.0,15.0,1379.6100000000001,47.419999999999995,135.17,0.0,0.0,481.32000000000005,65.73,173.01,1.0,1.0,1679.4,64.02
United States,Minnesota,Oats,2004,spring,207.6,0.0,17.0,1210.9699999999998,39.97,55.81,0.0,0.0,437.87,24.64,243.51999999999995,0.0,0.0,1665.0000000000002,39.7,232.24,0.0,17.0,1258.92,39.97,40.51,0.0,0.0,538.67,13.529999999999998,234.17999999999998,0.0,0.0,1516.25,39.7
United States,Minnesota,Oats,2005,spring,155.59,0.0,16.0,1143.15,26.04,70.21999999999998,0.0,0.0,448.91,27.38,166.28999999999996,5.0,0.0,1769.86,25.990000000000002,138.47,0.0,16.0,1085.3300000000002,26.04,83.02,0.0,0.0,452.43,27.38,170.60999999999999,5.0,0.0,1824.1599999999996,25.990000000000002
United States,Minnesota,Oats,2006,spring,95.75999999999999,0.0,8.0,1331.48,26.36,29.24,0.0,0.0,448.17,13.549999999999999,143.77,8.0,0.0,1793.2499999999998,24.38,87.46000000000001,0.0,8.0,1117.93,26.36,28.05,0.0,0.0,467.81000000000006,13.549999999999999,153.26000000000002,8.0,0.0,1987.1599999999999,24.38
United States,Minnesota,Oats,2007,spring,128.07,0.0,16.0,1338.11,27.669999999999998,20.310000000000002,0.0,0.0,496.57000000000005,10.21,256.44,3.0,0.0,1736.9899999999998,54.12,114.36,0.0,16.0,1215.2300000000002,27.669999999999998,31.369999999999997,0.0,0.0,479.18000000000006,10.21,259.09000000000003,3.0,0.0,1877.26,54.12
United States,Minnesota,Oats,2008,spring,223.24999999999997,0.0,18.0,1211.61,36.98,85.42999999999999,0.0,0.0,444.90000000000003,50.24,238.49000000000004,0.0,0.0,1782.6,38.660000000000004,282.09999999999997,0.0,18.0,1368.74,50.24,31.47,0.0,0.0,515.49,24.16,233.6,0.0,0.0,1554.88,38.660000000000004
United States,Minnesota,Oats,2009,spring,86.6,0.0,17.0,1380.66,19.19,58.3,0.0,0.0,434.84,22.47,237.85999999999999,0.0,0.0,1693.7800000000002,47.129999999999995,88.85000000000001,0.0,17.0,1517.4699999999998,19.19,57.75000000000001,0.0,0.0,409.71,22.47,236.16,0.0,0.0,1582.1000000000001,47.129999999999995
United States,Minnesota,Oats,2010,spring,157.98,0.0,6.0,1320.4500000000003,32.93,101.85,0.0,0.0,334.46000000000004,29.35,425.32000000000005,0.0,0.0,1730.7600000000004,49.86999999999999,115.53999999999999,0.0,6.0,1188.9899999999998,32.93,121.65,0.0,0.0,389.9,29.35,447.96000000000004,0.0,0.0,1806.7800000000002,49.86999999999999
United States,Minnesota,Oats,2011,spring,214.83000000000004,0.0,21.0,1218.58,56.370000000000005,96.4,0.0,0.0,342.73,32.21,273.97,0.0,0.0,1769.09,32.23,217.15999999999997,0.0,21.0,1330.2900000000002,56.370000000000005,126.05999999999999,0.0,0.0,416.43000000000006,32.21,241.98,0.0,0.0,1583.6799999999998,32.23
United States,Minnesota,Oats,2012,spring,299.96000000000004,0.0,10.0,1289.73,73.60999999999999,138.75,0.0,0.0,424.0300000000001,67.54,183.14999999999998,0.0,0.0,1888.89,31.349999999999998,296.31000000000006,0.0,10.0,1171.62,73.60999999999999,142.39,0.0,0.0,435.42999999999995,67.54,183.15999999999997,0.0,0.0,1995.6000000000004,31.349999999999998
United States,Minnesota,Oats,2013,spring,211.33,0.0,29.0,1121.69,49.769999999999996,113.78999999999999,0.0,0.0,416.01,71.18,176.23000000000002,1.0,0.0,1753.23,24.87,233.64,0.0,29.0,1333.1599999999999,49.769999999999996,100.69999999999999,0.0,0.0,421.86,71.18,167.01,1.0,0.0,1535.91,24.87
United States,Minnesota,Oats,2014,spring,316.96999999999997,0.0,20.0,1268.7800000000004,68.09,104.94,0.0,0.0,383.42999999999995,44.48,284.22,0.0,0.0,1668.0500000000002,47.620000000000005,358.69,0.0,20.0,1386.7,68.09,69.81,0.0,0.0,433.19,24.069999999999997,277.63,0.0,0.0,1500.3700000000003,47.620000000000005
United States,Minnesota,Oats,2015,spring,203.88,0.0,14.0,1287.3499999999997,41.82,55.54,0.0,0.0,464.99999999999994,24.9,300.79,0.0,0.0,1727.7699999999998,57.66,203.88,0.0,14.0,1287.3499999999997,41.82,58.37,0.0,0.0,485.86999999999995,24.9,297.96000000000004,0.0,0.0,1706.8999999999999,57.66
United States,Minnesota,Oats,2016,spring,135.29000000000002,0.0,17.0,1281.0799999999997,42.629999999999995,63.11,0.0,0.0,433.37,21.82,438.21999999999997,0.0,0.0,1662.7800000000002,108.13000000000001,135.29000000000002,0.0,17.0,1281.0799999999997,42.629999999999995,63.11,0.0,0.0,433.37,21.82,438.21999999999997,0.0,0.0,1662.7800000000002,108.13000000000001
United States,Minnesota,Oats,2017,spring,190.83999999999997,0.0,10.0,1268.5999999999997,39.95,73.97,0.0,0.0,416.50999999999993,33.839999999999996,342.59999999999997,0.0,0.0,1673.4099999999999,44.41,190.83999999999997,0.0,10.0,1268.5999999999997,39.95,90.97,0.0,0.0,470.90999999999997,33.839999999999996,325.59999999999997,0.0,0.0,1619.0100000000002,44.41
United States,Minnesota,Oats,2018,spring,112.84999999999998,0.0,23.0,1439.1799999999998,24.36,94.79,0.0,0.0,402.27,46.45,333.82000000000005,0.0,2.0,1614.57,39.17999999999999,112.10999999999999,0.0,23.0,1417.6599999999999,24.36,95.52999999999999,0.0,0.0,423.78999999999996,46.45,333.82000000000005,0.0,2.0,1614.57,39.17999999999999
United States,Minnesota,Oats,2019,spring,210.42000000000002,0.0,16.0,1233.7499999999998,43.55,69.75,0.0,0.0,416.38000000000005,32.99,389.31000000000006,0.0,0.0,1645.7,44.06999999999999,225.64000000000001,0.0,16.0,1397.7899999999997,43.55,104.19999999999999,0.0,0.0,411.60999999999996,35.040000000000006,339.64000000000004,0.0,0.0,1486.43,44.06999999999999
United States,Minnesota,Oats,2020,spring,100.81,0.0,23.0,1402.4299999999996,18.759999999999998,38.43,0.0,0.0,488.9700000000001,14.75,317.65,0.0,0.0,1705.3200000000004,56.16,111.36999999999999,0.0,23.0,1495.3000000000002,18.759999999999998,64.88,0.0,0.0,482.21000000000004,41.27,280.64,0.0,0.0,1619.21,56.16
United States,Minnesota,Oats,2021,spring,131.12,0.0,13.0,1314.3600000000001,50.96,40.39,0.0,0.0,488.89,18.860000000000003,260.01,2.0,0.0,1775.2,52.56,130.5,0.0,13.0,1258.7,50.96,25.98,0.0,0.0,493.0200000000001,18.860000000000003,275.04,2.0,0.0,1826.73,52.56
United States,Minnesota,Oats,2022,spring,239.07,0.0,25.0,1189.7000000000003,61.27,83.35,0.0,0.0,447.2099999999999,40.12,245.83000000000004,0.0,0.0,1702.8,37.199999999999996,252.42,0.0,25.0,1307.0200000000002,61.27,90.91999999999999,0.0,0.0,454.91,40.12,224.91000000000003,0.0,0.0,1577.7800000000002,37.199999999999996
United States,Minnesota,Oats,2023,spring,149.14000000000004,0.0,19.0,1354.61,43.050000000000004,61.31999999999999,0.0,0.0,436.96999999999997,45.17,201.45000000000002,3.0,0.0,1616.1999999999996,49.76,148.15000000000003,0.0,19.0,1326.62,43.050000000000004,56.94,0.0,0.0,459.25,45.17,206.82000000000002,3.0,0.0,1621.9099999999999,49.76
United States,Minnesota,Oats,2024,spring,322.03000000000003,0.0,11.0,1281.6800000000003,66.94,125.32,0.0,0.0,379.91,43.349999999999994,259.84000000000003,0.0,0.0,1739.12,48.78,321.03000000000003,0.0,11.0,1227.7000000000003,66.94,126.32,0.0,0.0,433.88999999999993,43.349999999999994,259.84000000000003,0.0,0.0,1739.12,48.78
United States,Minnesota,Oats,2025,spring,182.79,0.0,14.0,1300.56,43.18000000000001,97.06,0.0,0.0,362.03999999999996,38.28,261.26,0.0,0.0,1599.01,42.88,178.78,0.0,14.0,1284.55,43.18000000000001,117.66,0.0,0.0,402.37999999999994,38.28,244.67,0.0,0.0,1574.6799999999998,42.88
United States,Minnesota,Canola,1997,spring,156.82,0.0,23.0,1865.04,32.76,171.0,0.0,0.0,566.43,44.84,152.10000000000002,0.0,0.0,1038.8999999999999,32.09,68.08000000000001,0.0,23.0,1536.0800000000002,16.16,144.75000000000003,0.0,0.0,551.28,32.76,267.09,0.0,0.0,1383.01,44.84
United States,Minnesota,Canola,1998,spring,261.95000000000005,0.0,10.0,1875.6399999999999,39.09,69.09,0.0,0.0,650.2900000000001,33.52,120.98,0.0,0.0,1155.8600000000001,24.33,85.81,0.0,10.0,1216.99,20.270000000000003,174.7,0.0,0.0,613.9499999999999,39.089999999999996,191.51,0.0,0.0,1850.85,33.52
United States,Minnesota,Canola,1999,spring,349.36000000000007,0.0,9.0,1706.38,82.64,112.62999999999998,0.0,0.0,634.83,32.25,195.89999999999998,0.0,0.0,1012.81,34.38,236.09,0.0,9.0,1164.45,82.64,126.94,0.0,0.0,584.03,35.23,294.85999999999996,0.0,0.0,1605.5399999999997,34.38
United States,Minnesota,Canola,2000,spring,201.64000000000001,0.0,23.0,1719.72,27.47,118.47999999999999,0.0,0.0,596.17,40.78,86.41,0.0,1.0,1041.88,21.58,124.3,0.0,23.0,1248.95,23.1,92.78000000000002,0.0,0.0,557.94,27.47,189.45000000000002,0.0,1.0,1550.88,40.78
United States,Minnesota,Canola,2001,spring,437.84,0.0,15.0,1644.5399999999997,83.10000000000001,66.77,0.0,0.0,632.22,30.38,129.33,0.0,0.0,1106.6799999999998,24.72,333.4899999999999,0.0,15.0,1170.55,83.10000000000001,106.63,0.0,0.0,618.66,57.97,193.81999999999996,0.0,0.0,1594.23,30.379999999999995
United States,Minnesota,Canola,2002,spring,249.13999999999996,0.0,28.0,1744.6599999999999,53.660000000000004,165.59000000000003,0.0,0.0,602.6800000000001,66.11,259.46999999999997,0.0,0.0,1071.1,49.06,154.86,0.0,28.0,1392.0600000000002,32.64,112.85,0.0,0.0,501.87,53.660000000000004,406.49,0.0,0.0,1524.5099999999998,66.11
United States,Minnesota,Canola,2003,spring,325.71,0.0,15.0,1809.49,65.73,88.63000000000001,0.0,0.0,634.6,34.0,115.5,1.0,1.0,1096.24,64.02,201.28000000000003,0.0,15.0,1340.3999999999999,47.419999999999995,158.56,0.0,0.0,604.45,65.73,170.0,1.0,1.0,1595.48,64.02
United States,Minnesota,Canola,2004,spring,264.20000000000005,0.0,17.0,1702.6799999999998,39.97,79.78,0.0,0.0,598.75,36.34,162.95,0.0,0.0,1012.4100000000001,39.7,232.24,0.0,17.0,1258.92,39.97,88.72999999999999,0.0,0.0,648.7100000000002,34.86,185.95999999999998,0.0,0.0,1406.21,39.7
United States,Minnesota,Canola,2005,spring,245.94,0.0,16.0,1612.6999999999998,27.38,30.69,2.0,0.0,643.72,16.810000000000002,115.47,3.0,0.0,1105.5,25.990000000000002,117.35,0.0,16.0,1061.51,26.04,108.35,0.0,0.0,508.32,27.38,166.39999999999998,5.0,0.0,1792.09,25.990000000000002
United States,Minnesota,Canola,2006,spring,126.98,0.0,8.0,1830.2799999999997,26.36,16.45,5.0,0.0,698.59,4.0200000000000005,125.34,3.0,0.0,1044.03,24.38,86.45,0.0,8.0,1066.69,26.36,29.1,0.0,0.0,573.5699999999999,13.549999999999999,153.22,8.0,0.0,1932.6399999999999,24.38
United States,Minnesota,Canola,2007,spring,148.38,0.0,16.0,1892.0199999999998,27.669999999999998,57.300000000000004,2.0,0.0,642.8099999999998,23.45,199.14,1.0,0.0,1036.8400000000001,54.12,83.94,0.0,16.0,1117.43,27.669999999999998,61.78999999999999,0.0,0.0,576.98,19.369999999999997,259.09000000000003,3.0,0.0,1877.26,54.12
United States,Minnesota,Canola,2008,spring,308.7699999999999,0.0,18.0,1711.2400000000002,50.24,69.35000000000001,0.0,0.0,630.47,35.089999999999996,169.05,0.0,0.0,1097.4,38.660000000000004,282.09999999999997,0.0,18.0,1368.74,50.24,67.32999999999998,0.0,0.0,623.16,35.089999999999996,197.74,0.0,0.0,1447.21,38.660000000000004
United States,Minnesota,Canola,2009,spring,145.62,0.0,17.0,1838.81,22.470000000000002,96.24,0.0,0.0,591.5799999999999,46.43,140.89999999999998,0.0,0.0,1078.8899999999999,47.129999999999995,89.48,0.0,17.0,1541.4599999999998,19.19,58.34,0.0,0.0,514.8800000000001,22.47,234.94,0.0,0.0,1452.94,47.129999999999995
United States,Minnesota,Canola,2010,spring,265.78999999999996,0.0,6.0,1712.18,32.93,129.19,0.0,0.0,631.1299999999999,32.78,290.16999999999996,0.0,0.0,1042.36,49.87,114.08,0.0,6.0,1137.7399999999998,32.93,145.75,0.0,0.0,517.17,29.35,425.32000000000005,0.0,0.0,1730.7600000000004,49.86999999999999
United States,Minnesota,Canola,2011,spring,311.51,0.0,21.0,1608.21,56.370000000000005,134.5,0.0,0.0,624.47,32.23,139.19,0.0,0.0,1097.72,31.57,217.10999999999996,0.0,21.0,1309.88,56.370000000000005,131.91,0.0,0.0,536.0699999999999,32.21,236.18,0.0,0.0,1484.45,32.23
United States,Minnesota,Canola,2012,spring,438.75000000000006,0.0,10.0,1766.1399999999999,73.60999999999999,109.07000000000001,0.0,0.0,639.9399999999999,31.35,74.04,0.0,0.0,1196.5700000000002,16.049999999999997,296.29,0.0,10.0,1126.6399999999999,73.60999999999999,142.42,0.0,0.0,558.5,67.54,183.14999999999998,0.0,0.0,1917.51,31.349999999999998
United States,Minnesota,Canola,2013,spring,327.35,0.0,29.0,1584.3599999999997,71.18,57.769999999999996,0.0,0.0,611.12,18.24,116.22999999999999,1.0,0.0,1095.4499999999998,24.87,231.21,0.0,29.0,1236.04,49.769999999999996,103.16999999999999,0.0,0.0,540.81,71.18,166.97000000000003,1.0,0.0,1514.0800000000002,24.87
United States,Minnesota,Canola,2014,spring,422.87999999999994,0.0,20.0,1705.7299999999998,68.09,71.4,0.0,0.0,593.5,29.64,211.85,0.0,0.0,1021.03,47.620000000000005,332.36,0.0,20.0,1377.92,68.09,105.42,0.0,0.0,561.12,44.48,268.35,0.0,0.0,1381.2200000000003,47.620000000000005
United States,Minnesota,Canola,2015,spring,262.4599999999999,0.0,14.0,1795.4799999999998,41.82,116.66,0.0,0.0,619.1899999999999,36.34,181.09,0.0,0.0,1065.45,57.66,197.45,0.0,14.0,1241.9999999999998,41.82,65.11999999999999,0.0,0.0,618.64,24.9,297.64000000000004,0.0,0.0,1619.4799999999998,57.66
United States,Minnesota,Canola,2016,spring,200.33,0.0,17.0,1765.3599999999997,42.629999999999995,185.25,0.0,0.0,589.1,108.13000000000001,251.04000000000002,0.0,0.0,1022.77,61.39,133.81,0.0,17.0,1180.2299999999998,42.629999999999995,66.52,0.0,0.0,585.1300000000001,21.82,436.29,0.0,0.0,1611.8700000000001,108.13000000000001
United States,Minnesota,Canola,2017,spring,281.34000000000003,0.0,10.0,1718.88,39.95,70.83000000000001,0.0,0.0,633.1999999999999,22.83,255.24,0.0,0.0,1006.44,44.41,190.83999999999997,0.0,10.0,1268.5999999999997,39.95,96.09,0.0,0.0,608.4599999999999,33.839999999999996,320.48,0.0,0.0,1481.46,44.41
United States,Minnesota,Canola,2018,spring,218.58,0.0,23.0,1879.73,46.45,119.89,0.0,0.0,607.0199999999999,37.699999999999996,202.98999999999998,0.0,2.0,969.27,39.17999999999999,84.58999999999999,0.0,23.0,1296.13,24.36,122.7,0.0,0.0,521.6899999999999,46.45,334.1700000000001,0.0,2.0,1638.2,39.17999999999999
United States,Minnesota,Canola,2019,spring,308.92,0.0,16.0,1681.9900000000002,43.55,107.18,0.0,0.0,605.0,35.07,253.38,0.0,0.0,1008.8400000000001,44.06999999999999,225.64000000000001,0.0,16.0,1397.7899999999997,43.55,116.50000000000001,0.0,0.0,495.65000000000003,35.040000000000006,327.34,0.0,0.0,1402.3899999999999,44.06999999999999
United States,Minnesota,Canola,2020,spring,175.39,0.0,23.0,1927.6300000000003,41.27,124.38999999999999,0.0,0.0,630.01,42.87,157.11,0.0,0.0,1039.08,56.16,104.10000000000001,0.0,23.0,1425.4799999999996,18.759999999999998,72.25,0.0,0.0,576.1800000000001,41.27,280.53999999999996,0.0,0.0,1595.06,56.16
United States,Minnesota,Canola,2021,spring,173.45,0.0,13.0,1854.2,50.96,50.440000000000005,2.0,0.0,598.9800000000001,25.91,207.63,0.0,0.0,1125.27,52.56,130.45,0.0,13.0,1230.76,50.96,34.29,0.0,0.0,552.78,18.860000000000003,266.78000000000003,2.0,0.0,1794.9099999999999,52.56
United States,Minnesota,Canola,2022,spring,323.21,0.0,25.0,1682.4399999999996,61.27,78.69999999999999,0.0,0.0,587.75,20.13,166.34,0.0,0.0,1069.52,37.2,252.03,0.0,25.0,1288.9400000000003,61.27,91.54,0.0,0.0,513.73,40.12,224.68,0.0,0.0,1537.0400000000002,37.199999999999996
United States,Minnesota,Canola,2023,spring,210.92000000000002,0.0,19.0,1844.32,45.17000000000001,37.61,0.0,0.0,582.34,17.930000000000003,163.38,3.0,0.0,981.12,49.760000000000005,145.37,0.0,19.0,1207.4299999999998,43.050000000000004,59.72,0.0,0.0,578.44,45.17,206.82000000000002,3.0,0.0,1621.9099999999999,49.76
United States,Minnesota,Canola,2024,spring,447.46999999999997,0.0,11.0,1710.51,66.94,80.52000000000001,0.0,0.0,619.7400000000001,21.73,179.20000000000002,0.0,0.0,1070.46,48.779999999999994,318.07,0.0,11.0,1193.3700000000001,66.94,135.42000000000002,0.0,0.0,581.7600000000001,43.349999999999994,253.70000000000002,0.0,0.0,1625.58,48.779999999999994
United States,Minnesota,Canola,2025,spring,297.3,0.0,14.0,1709.82,43.18000000000001,110.74,0.0,0.0,578.63,42.88,133.07,0.0,0.0,973.1600000000001,21.14,172.36,0.0,14.0,1262.58,43.18000000000001,124.94,0.0,0.0,474.82,38.28,243.81,0.0,0.0,1524.2099999999998,42.88
United States,Montana,Wheat,1990,spring,165.25000000000003,0.0,28.0,1593.9999999999998,33.879999999999995,17.69,1.0,0.0,382.19000000000005,6.4,99.39999999999998,0.0,0.0,1961.23,32.65,182.93999999999997,1.0,28.0,1976.19,33.879999999999995,3.71,0.0,0.0,436.95,2.27,95.68999999999998,0.0,0.0,1524.2800000000002,32.65
United States,Montana,Wheat,1991,spring,238.25,0.0,28.0,1571.33,39.25,59.24999999999999,0.0,0.0,287.83,25.32,87.16000000000001,0.0,2.0,1955.77,17.02,297.51,0.0,28.0,1949.3600000000001,39.25,21.38,0.0,0.0,438.02000000000004,9.51,65.77000000000001,0.0,2.0,1427.5500000000002,17.02
United States,Montana,Wheat,1992,spring,172.57000000000002,0.0,15.0,1592.6299999999997,59.51,39.0,0.0,0.0,309.33,29.83,127.42999999999999,0.0,5.0,1794.2799999999997,22.590000000000003,172.85,0.0,15.0,1677.52,59.51,73.27,0.0,0.0,444.46000000000004,29.83,92.88,0.0,5.0,1574.26,22.590000000000003
United States,Montana,Wheat,1993,spring,185.35999999999999,0.0,27.0,1571.49,24.870000000000005,42.31,0.0,0.0,358.7699999999999,22.569999999999997,293.29999999999995,0.0,5.0,1610.6000000000001,34.57,247.19000000000003,0.0,27.0,1932.7000000000003,33.800000000000004,136.94,0.0,0.0,412.44000000000005,34.24,136.84,0.0,5.0,1195.7199999999998,34.57
United States,Montana,Wheat,1994,spring,169.81000000000006,0.0,21.0,1551.65,34.84,9.23,0.0,0.0,377.48,6.14,60.41,0.0,0.0,1838.17,20.86,177.07,0.0,21.0,1792.12,34.84,31.14,0.0,0.0,455.17999999999995,20.86,31.24,0.0,0.0,1520.0,6.2
United States,Montana,Wheat,1995,spring,235.95999999999998,0.0,38.0,1522.87,46.85,34.989999999999995,0.0,0.0,320.94,16.97,167.35,0.0,4.0,1836.7099999999998,24.69,303.63,0.0,38.0,2004.71,46.85,51.220000000000006,0.0,0.0,393.2,24.69,83.44999999999999,0.0,4.0,1282.61,17.47
United States,Montana,Wheat,1996,spring,149.31999999999996,0.0,31.0,1450.6100000000001,30.849999999999994,23.06,0.0,0.0,353.87000000000006,11.81,89.23,0.0,5.0,1907.98,30.78,174.66,0.0,31.0,1834.8300000000002,30.849999999999994,9.86,0.0,0.0,478.87,6.83,77.09000000000002,0.0,5.0,1398.76,30.78
United States,Montana,Wheat,1997,spring,246.08,0.0,30.0,1609.12,46.67999999999999,58.809999999999995,0.0,0.0,337.0399999999999,29.72,144.67000000000002,0.0,1.0,1900.0099999999998,24.29,306.77,0.0,30.0,2001.2,46.67999999999999,53.06,0.0,0.0,393.48,24.29,89.72999999999999,0.0,1.0,1451.4899999999998,17.39
United States,Montana,Wheat,1998,spring,172.41,0.0,20.0,1658.3300000000002,35.31,47.230000000000004,0.0,0.0,304.34000000000003,16.47,133.67,0.0,0.0,1905.04,28.52,219.64000000000001,0.0,20.0,1962.6700000000003,35.31,31.159999999999997,0.0,0.0,415.84999999999997,22.23,102.51000000000002,0.0,0.0,1489.19,28.52
United States,Montana,Wheat,1999,spring,159.68,0.0,32.0,1596.6000000000001,30.36,39.21,0.0,0.0,326.94,13.99,125.19999999999997,0.0,3.0,1805.1599999999999,23.779999999999998,207.94,0.0,32.0,2032.6499999999996,30.36,7.89,0.0,0.0,436.24,3.75,108.25999999999999,0.0,3.0,1259.8100000000002,23.779999999999998
United States,Montana,Wheat,2000,spring,145.59999999999997,0.0,24.0,1613.1300000000003,24.79,48.29,0.0,0.0,337.4699999999999,26.650000000000002,87.53,4.0,5.0,1863.28,20.25,167.24,0.0,24.0,1876.4100000000003,24.79,51.57000000000001,1.0,0.0,410.64,29.44,62.61000000000001,3.0,5.0,1526.83,20.25
United States,Montana,Wheat,2001,spring,150.21000000000004,0.0,28.0,1663.8000000000004,38.14,15.059999999999999,0.0,0.0,378.36,11.77,112.75999999999999,1.0,0.0,1950.28,33.98,163.48,0.0,28.0,1936.74,38.14,15.899999999999999,0.0,0.0,357.44,9.55,98.65,1.0,0.0,1698.26,33.98
United States,Montana,Wheat,2002,spring,147.92,0.0,40.0,1570.06,29.84,25.759999999999998,1.0,0.0,363.83,21.849999999999998,170.35000000000002,4.0,4.0,1836.22,33.62,177.87,1.0,40.0,2009.52,29.84,33.36,4.0,0.0,347.12,20.49,132.8,0.0,4.0,1413.4699999999998,33.62
United States,Montana,Wheat,2003,spring,196.78000000000006,0.0,25.0,1578.7500000000002,26.32,10.37,0.0,0.0,351.79999999999995,5.24,70.21000000000001,10.0,3.0,1890.5700000000002,20.130000000000003,206.35999999999999,0.0,25.0,1872.03,26.32,3.84,0.0,0.0,426.35,1.99,67.16000000000001,10.0,3.0,1522.74,20.130000000000003
United States,Montana,Wheat,2004,spring,196.88000000000002,0.0,23.0,1571.38,41.63,25.849999999999998,0.0,0.0,329.63,9.709999999999999,120.83000000000001,0.0,1.0,1824.6799999999998,17.299999999999997,233.93999999999997,0.0,23.0,1946.64,41.63,23.71,0.0,0.0,388.84000000000003,8.0,85.91,0.0,1.0,1390.2099999999998,17.299999999999997
United States,Montana,Wheat,2005,spring,196.63,0.0,27.0,1544.37,36.91,34.779999999999994,0.0,0.0,353.95,24.599999999999998,112.06,1.0,2.0,1873.3600000000001,16.430000000000003,231.42999999999998,0.0,27.0,1928.6899999999998,36.91,20.590000000000003,1.0,0.0,393.40999999999997,11.61,91.45,0.0,2.0,1449.5800000000002,16.43
United States,Montana,Wheat,2006,spring,232.66,0.0,18.0,1660.12,43.870000000000005,21.150000000000002,0.0,0.0,378.48,16.200000000000003,118.11999999999999,2.0,3.0,1910.13,29.990000000000002,235.91,0.0,18.0,1819.5599999999997,43.870000000000005,23.819999999999997,0.0,0.0,412.54,16.200000000000003,112.19999999999999,2.0,3.0,1716.63,29.990000000000002
United States,Montana,Wheat,2007,spring,261.34999999999997,0.0,23.0,1576.7799999999997,47.980000000000004,15.64,0.0,0.0,385.95000000000005,7.69,97.88,5.0,1.0,1854.1000000000001,13.67,273.31,0.0,23.0,1862.8700000000001,47.980000000000004,18.05,1.0,0.0,368.11999999999995,13.67,83.50999999999999,4.0,1.0,1585.84,10.530000000000001
United States,Montana,Wheat,2008,spring,259.19,0.0,35.0,1460.6999999999998,76.96000000000001,14.83,0.0,0.0,374.15000000000003,12.54,98.99999999999999,0.0,0.0,1902.6200000000001,22.78,276.72,0.0,35.0,1968.43,76.96000000000001,6.09,0.0,0.0,421.27,3.0300000000000002,90.21,0.0,0.0,1347.77,22.78
United States,Montana,Wheat,2009,spring,161.77999999999997,0.0,33.0,1601.4099999999996,24.439999999999998,39.64000000000001,0.0,0.0,368.06,24.400000000000002,160.39000000000004,0.0,1.0,1871.9,27.15,218.35999999999999,0.0,33.0,2063.04,24.439999999999998,26.98,0.0,0.0,431.35,13.43,116.47000000000001,0.0,1.0,1346.9800000000002,27.15
United States,Montana,Wheat,2010,spring,280.63999999999993,0.0,36.0,1510.1799999999998,45.39,35.3,0.0,0.0,352.15999999999997,14.23,194.85,0.0,0.0,1791.1700000000003,38.75,337.8499999999999,0.0,36.0,2087.52,45.39,22.69,0.0,0.0,416.93,13.360000000000001,150.25000000000003,0.0,0.0,1149.06,38.75
United States,Montana,Wheat,2011,spring,349.75,0.0,36.0,1420.29,46.31,12.17,0.0,0.0,386.63000000000005,6.49,69.92999999999999,0.0,0.0,2011.5500000000002,12.9,382.22,0.0,36.0,2139.85,46.31,9.83,0.0,0.0,432.14,4.14,39.800000000000004,0.0,0.0,1246.48,12.08
United States,Montana,Wheat,2012,spring,202.35000000000002,0.0,27.0,1633.2499999999995,34.71,12.38,0.0,0.0,369.05,7.32,55.82000000000001,0.0,0.0,1929.8899999999999,10.73,207.41000000000003,0.0,27.0,1945.95,34.71,15.559999999999999,0.0,0.0,347.22999999999996,7.58,47.580000000000005,0.0,0.0,1639.01,10.73
United States,Montana,Wheat,2013,spring,249.38,0.0,27.0,1564.3399999999997,52.760000000000005,27.360000000000003,0.0,0.0,377.46000000000004,18.92,147.30999999999997,0.0,2.0,1852.0099999999998,24.0,276.74,0.0,27.0,1911.6999999999998,52.760000000000005,22.770000000000003,0.0,0.0,388.5900000000001,12.38,124.53999999999999,0.0,2.0,1493.52,24.0
United States,Montana,Wheat,2014,spring,156.88,0.0,29.0,1556.9800000000005,26.689999999999998,26.8,0.0,0.0,336.67999999999995,10.95,225.95000000000002,0.0,3.0,1776.27,111.55,187.29,0.0,29.0,1940.49,26.689999999999998,11.67,0.0,0.0,392.59000000000003,10.22,210.67000000000002,0.0,3.0,1336.8500000000001,111.55
United States,Montana,Wheat,2015,spring,199.52,0.0,28.0,1621.09,38.290000000000006,13.66,0.0,0.0,363.54,7.06,120.47,0.0,0.0,1753.7499999999995,25.66,209.39000000000001,0.0,28.0,1878.9599999999998,38.290000000000006,20.99,0.0,0.0,353.85999999999996,8.49,103.27000000000001,0.0,0.0,1505.5599999999997,25.66
United States,Montana,Wheat,2016,spring,177.68,0.0,16.0,1627.0599999999997,36.309999999999995,10.259999999999998,0.0,0.0,396.81000000000006,5.39,181.54000000000002,0.0,2.0,1799.8299999999997,37.96,182.78,0.0,16.0,1806.94,36.309999999999995,49.52,0.0,0.0,418.57,37.96,137.18,0.0,2.0,1598.1899999999998,34.56
United States,Montana,Wheat,2017,spring,172.17,0.0,20.0,1700.0199999999998,33.36,7.25,0.0,0.0,360.57,5.109999999999999,104.25000000000001,1.0,4.0,1877.2900000000002,50.47,176.92,0.0,20.0,1929.54,33.36,17.540000000000003,1.0,0.0,372.62,14.19,89.21,0.0,4.0,1635.7200000000003,50.47
United States,Montana,Wheat,2018,spring,258.9,0.0,23.0,1565.68,47.47,63.14999999999999,0.0,0.0,330.65999999999997,22.27,121.36999999999999,2.0,3.0,1751.21,23.01,300.03,0.0,23.0,1751.89,47.47,33.07,0.0,0.0,438.21000000000004,20.13,110.31999999999998,2.0,3.0,1457.4499999999998,23.01
United States,Montana,Wheat,2019,spring,176.08999999999997,0.0,27.0,1502.3200000000002,29.810000000000002,47.89999999999999,0.0,0.0,289.16,19.09,205.16000000000003,0.0,4.0,1778.19,30.759999999999998,239.04999999999998,0.0,27.0,1845.8600000000001,29.810000000000002,47.190000000000005,0.0,0.0,435.44000000000005,22.59,142.91000000000003,0.0,4.0,1288.37,30.759999999999998
United States,Montana,Wheat,2020,spring,180.55999999999995,0.0,26.0,1645.3300000000002,31.65,84.06,0.0,0.0,334.7300000000001,60.17,83.31,0.0,2.0,1848.76,18.799999999999997,264.62,0.0,26.0,1980.06,60.17,24.96,0.0,0.0,463.15,11.89,58.349999999999994,0.0,2.0,1385.6100000000001,18.799999999999997
United States,Montana,Wheat,2021,spring,144.29999999999998,2.0,31.0,1618.2799999999997,26.68,8.51,0.0,0.0,375.0,5.86,123.4,1.0,0.0,1672.74,35.52,152.4,2.0,31.0,1839.59,26.68,17.439999999999998,0.0,0.0,380.43,9.09,106.37,1.0,0.0,1446.0,35.52
United States,Montana,Wheat,2022,spring,156.6,0.0,37.0,1488.4699999999998,22.18,26.069999999999997,0.0,0.0,356.85999999999996,14.46,147.60999999999999,5.0,0.0,1902.84,24.76,220.31,0.0,37.0,1955.5600000000002,24.759999999999998,16.119999999999997,1.0,0.0,344.27000000000004,10.4,93.85,4.0,0.0,1448.3400000000001,23.35
United States,Montana,Wheat,2023,spring,293.34000000000003,0.0,22.0,1548.2999999999997,70.05,41.580000000000005,0.0,0.0,340.71,20.73,143.90000000000003,1.0,0.0,1811.6700000000003,40.879999999999995,324.81999999999994,0.0,22.0,1711.6800000000003,70.05,21.889999999999997,0.0,0.0,448.83,7.52,132.10999999999999,1.0,0.0,1540.17,40.879999999999995
United States,Montana,Wheat,2024,spring,195.35,0.0,21.0,1621.9499999999998,53.980000000000004,37.64,0.0,0.0,341.35,15.67,165.67999999999998,2.0,0.0,1768.56,80.62,230.6,0.0,21.0,1942.0899999999997,53.980000000000004,12.340000000000002,0.0,0.0,378.07000000000005,7.25,155.73,2.0,0.0,1411.7,80.62
United States,Montana,Wheat,2025,spring,164.11999999999998,0.0,18.0,1637.7600000000002,29.64,32.809999999999995,0.0,0.0,342.64000000000004,21.07,153.64000000000001,0.0,0.0,1824.7800000000002,22.020000000000003,186.73999999999995,0.0,18.0,1797.79,29.64,18.32,0.0,0.0,410.49,7.01,145.51000000000002,0.0,0.0,1596.9,22.020000000000003
United States,Montana,Barley,1990,spring,165.25000000000003,0.0,28.0,1593.9999999999998,33.879999999999995,17.880000000000003,1.0,0.0,442.63,6.4,99.20999999999998,0.0,0.0,1900.79,32.65,183.12999999999997,1.0,28.0,2036.63,33.879999999999995,3.5199999999999996,0.0,0.0,376.51,2.27,95.68999999999998,0.0,0.0,1524.2800000000002,32.65
United States,Montana,Barley,1991,spring,238.25,0.0,28.0,1571.33,39.25,59.25,0.0,0.0,348.22,25.32,87.16000000000001,0.0,2.0,1895.38,17.02,297.60999999999996,0.0,28.0,1997.79,39.25,21.280000000000005,0.0,0.0,389.59,9.51,65.77000000000001,0.0,2.0,1427.5500000000002,17.02
United States,Montana,Barley,1992,spring,172.57000000000002,0.0,15.0,1592.6299999999997,59.51,45.57,0.0,0.0,358.46,29.83,120.86,0.0,5.0,1745.15,22.590000000000003,172.96,0.0,15.0,1706.8799999999999,59.51,73.15999999999998,0.0,0.0,415.1,29.83,92.88,0.0,5.0,1574.26,22.590000000000003
United States,Montana,Barley,1993,spring,185.35999999999999,0.0,27.0,1571.49,24.870000000000005,68.05000000000001,0.0,0.0,378.44,39.040000000000006,267.56000000000006,0.0,5.0,1590.9299999999998,34.57,256.53000000000003,0.0,27.0,1970.1399999999999,39.040000000000006,127.59999999999998,0.0,0.0,404.0000000000001,34.24,136.84,0.0,5.0,1166.7200000000003,34.57
United States,Montana,Barley,1994,spring,169.81000000000006,0.0,21.0,1551.65,34.84,9.73,0.0,0.0,436.33000000000004,6.14,59.910000000000004,0.0,0.0,1779.32,20.62,177.07,0.0,21.0,1823.35,34.84,31.14,0.0,0.0,423.94999999999993,20.86,31.24,0.0,0.0,1520.0,6.2
United States,Montana,Barley,1995,spring,235.95999999999998,0.0,38.0,1522.87,46.85,56.48,0.0,0.0,346.62,24.33,145.86,0.0,4.0,1811.03,24.69,306.57,0.0,38.0,2025.1200000000001,46.85,48.300000000000004,0.0,0.0,401.44,24.69,83.43,0.0,4.0,1253.96,17.47
United States,Montana,Barley,1996,spring,149.31999999999996,0.0,31.0,1450.6100000000001,30.849999999999994,26.17,0.0,0.0,410.54,11.81,86.12,0.0,5.0,1851.3100000000002,30.78,175.92,0.0,31.0,1886.06,30.849999999999994,8.6,0.0,0.0,427.64,6.83,77.09000000000002,0.0,5.0,1398.76,30.78
United States,Montana,Barley,1997,spring,246.08,0.0,30.0,1609.12,46.67999999999999,60.68999999999999,0.0,0.0,392.08,29.72,142.79,0.0,1.0,1844.9699999999998,24.29,307.37,0.0,30.0,2032.0499999999997,46.67999999999999,52.46,0.0,0.0,362.63,24.29,89.72999999999999,0.0,1.0,1451.4899999999998,17.39
United States,Montana,Barley,1998,spring,172.41,0.0,20.0,1658.3300000000002,35.31,63.92,0.0,0.0,348.08000000000004,21.46,116.97999999999999,0.0,0.0,1861.3000000000002,28.52,226.04000000000002,0.0,20.0,1982.9600000000003,35.31,24.759999999999994,0.0,0.0,395.56,16.3,102.51000000000002,0.0,0.0,1489.19,28.52
United States,Montana,Barley,1999,spring,159.68,0.0,32.0,1596.6000000000001,30.36,46.53,0.0,0.0,355.14,13.99,117.88,0.0,3.0,1776.96,23.779999999999998,208.12,0.0,32.0,2078.9399999999996,30.36,7.71,0.0,0.0,389.95000000000005,3.75,108.25999999999999,0.0,3.0,1259.8100000000002,23.779999999999998
United States,Montana,Barley,2000,spring,145.59999999999997,0.0,24.0,1613.1300000000003,24.79,58.019999999999996,0.0,0.0,378.67,29.440000000000005,77.80000000000001,4.0,5.0,1822.0800000000002,20.25,169.13,0.0,24.0,1906.8700000000003,24.79,49.68,1.0,0.0,380.18,29.44,62.61000000000001,3.0,5.0,1526.83,20.25
United States,Montana,Barley,2001,spring,150.21000000000004,0.0,28.0,1663.8000000000004,38.14,15.870000000000001,0.0,0.0,435.03,11.77,111.94999999999999,1.0,0.0,1893.6100000000001,33.98,164.36999999999998,0.0,28.0,1966.23,38.14,15.009999999999998,0.0,0.0,327.95,9.55,98.65,1.0,0.0,1698.26,33.98
United States,Montana,Barley,2002,spring,147.92,0.0,40.0,1570.06,29.84,29.939999999999998,1.0,0.0,408.27,21.849999999999998,166.17000000000002,4.0,4.0,1791.78,33.62,180.65,1.0,40.0,2037.07,29.84,30.580000000000002,4.0,0.0,319.57,20.49,132.8,0.0,4.0,1413.4699999999998,33.62
United States,Montana,Barley,2003,spring,196.78000000000006,0.0,25.0,1578.7500000000002,26.32,10.42,0.0,0.0,404.7,5.24,70.16,10.0,3.0,1837.67,20.130000000000003,207.04,0.0,25.0,1901.34,26.32,3.16,0.0,0.0,397.04,1.99,67.16000000000001,10.0,3.0,1522.74,20.130000000000003
United States,Montana,Barley,2004,spring,196.88000000000002,0.0,23.0,1571.38,41.63,37.059999999999995,0.0,0.0,375.26,12.84,109.62000000000002,0.0,1.0,1779.05,17.299999999999997,240.48,0.0,23.0,1992.1899999999998,41.63,19.1,0.0,0.0,366.01,9.92,83.98,0.0,1.0,1367.49,17.299999999999997
United States,Montana,Barley,2005,spring,196.63,0.0,27.0,1544.37,36.91,34.89,0.0,0.0,414.33000000000004,24.599999999999998,111.94999999999999,1.0,2.0,1812.98,16.430000000000003,231.51999999999998,0.0,27.0,1958.6999999999998,36.91,20.5,1.0,0.0,363.4,11.61,91.45,0.0,2.0,1449.5800000000002,16.43
United States,Montana,Barley,2006,spring,232.66,0.0,18.0,1660.12,43.870000000000005,24.6,0.0,0.0,425.16999999999996,16.200000000000003,114.67,2.0,3.0,1863.44,29.990000000000002,236.22,0.0,18.0,1851.4199999999996,43.870000000000005,23.509999999999998,0.0,0.0,380.68,16.200000000000003,112.19999999999999,2.0,3.0,1716.63,29.990000000000002
United States,Montana,Barley,2007,spring,261.34999999999997,0.0,23.0,1576.7799999999997,47.980000000000004,15.83,0.0,0.0,444.13,7.69,97.69,5.0,1.0,1795.92,13.67,273.75,0.0,23.0,1887.2900000000002,47.980000000000004,17.61,1.0,0.0,371.65999999999997,13.67,83.51,4.0,1.0,1557.88,10.530000000000001
United States,Montana,Barley,2008,spring,259.19,0.0,35.0,1460.6999999999998,76.96000000000001,17.18,0.0,0.0,427.52,12.56,96.64999999999999,0.0,0.0,1849.25,22.78,276.72,0.0,35.0,1995.8300000000002,76.96000000000001,7.409999999999999,0.0,0.0,416.91,4.32,88.88999999999999,0.0,0.0,1324.73,22.78
United States,Montana,Barley,2009,spring,161.77999999999997,0.0,33.0,1601.4099999999996,24.439999999999998,42.03,0.0,0.0,413.79999999999995,24.400000000000002,158.0,0.0,1.0,1826.16,27.15,230.82,0.0,33.0,2107.23,24.47,14.520000000000001,0.0,0.0,387.15999999999997,13.43,116.47000000000001,0.0,1.0,1346.9800000000002,27.15
United States,Montana,Barley,2010,spring,280.63999999999993,0.0,36.0,1510.1799999999998,45.39,44.16,0.0,0.0,402.87,15.18,185.98999999999998,0.0,0.0,1740.46,38.75,337.9399999999999,0.0,36.0,2114.93,45.39,22.6,0.0,0.0,389.52000000000004,13.360000000000001,150.25000000000003,0.0,0.0,1149.06,38.75
United States,Montana,Barley,2011,spring,349.75,0.0,36.0,1420.29,46.31,12.73,0.0,0.0,444.91,6.49,69.37,0.0,0.0,1953.27,12.9,382.46000000000004,0.0,36.0,2169.02,46.31,9.589999999999998,0.0,0.0,402.96999999999997,4.14,39.800000000000004,0.0,0.0,1246.48,12.08
United States,Montana,Barley,2012,spring,202.35000000000002,0.0,27.0,1633.2499999999995,34.71,12.64,0.0,0.0,428.02000000000004,7.58,55.56,0.0,0.0,1870.92,10.73,214.16000000000003,0.0,27.0,1971.89,34.71,8.809999999999999,0.0,0.0,321.28999999999996,6.25,47.580000000000005,0.0,0.0,1639.01,10.73
United States,Montana,Barley,2013,spring,249.38,0.0,27.0,1564.3399999999997,52.760000000000005,27.9,0.0,0.0,425.96000000000004,18.92,146.76999999999998,0.0,2.0,1803.51,24.0,276.74,0.0,27.0,1941.7999999999997,52.760000000000005,22.770000000000003,0.0,0.0,358.49000000000007,12.38,124.53999999999999,0.0,2.0,1493.52,24.0
United States,Montana,Barley,2014,spring,156.88,0.0,29.0,1556.9800000000005,26.689999999999998,30.41,0.0,0.0,383.51,10.95,222.34000000000003,0.0,3.0,1729.44,111.55,187.39,0.0,29.0,1964.16,26.689999999999998,11.57,0.0,0.0,368.9200000000001,10.22,210.67000000000002,0.0,3.0,1336.8500000000001,111.55
United States,Montana,Barley,2015,spring,199.52,0.0,28.0,1621.09,38.290000000000006,13.780000000000001,0.0,0.0,420.56,7.06,120.35,0.0,0.0,1696.7299999999998,25.66,211.02,0.0,28.0,1905.1299999999999,38.290000000000006,19.36,0.0,0.0,327.69,8.49,103.27000000000001,0.0,0.0,1505.5599999999997,25.66
United States,Montana,Barley,2016,spring,177.68,0.0,16.0,1627.0599999999997,36.309999999999995,10.58,0.0,0.0,454.25,5.39,181.22,0.0,2.0,1742.3899999999999,37.96,183.20999999999998,0.0,16.0,1856.67,36.309999999999995,49.330000000000005,0.0,0.0,394.78,37.96,136.94,0.0,2.0,1572.25,34.56
United States,Montana,Barley,2017,spring,172.17,0.0,20.0,1700.0199999999998,33.36,7.25,0.0,0.0,420.32,5.109999999999999,104.25,1.0,4.0,1817.5400000000002,50.47,178.30999999999997,0.0,20.0,1976.9799999999998,33.36,16.150000000000002,1.0,0.0,325.17999999999995,14.19,89.21,0.0,4.0,1635.7200000000003,50.47
United States,Montana,Barley,2018,spring,258.9,0.0,23.0,1565.68,47.47,70.22,0.0,0.0,379.99,22.27,114.29999999999998,2.0,3.0,1701.8799999999999,23.01,306.28999999999996,0.0,23.0,1804.19,47.47,26.810000000000002,0.0,0.0,385.9100000000001,14.43,110.31999999999998,2.0,3.0,1457.4499999999998,23.01
United States,Montana,Barley,2019,spring,176.08999999999997,0.0,27.0,1502.3200000000002,29.810000000000002,60.28,0.0,0.0,323.62,19.09,192.78,0.0,4.0,1743.73,30.759999999999998,243.83999999999997,0.0,27.0,1897.8100000000002,29.810000000000002,42.400000000000006,0.0,0.0,383.49,22.59,142.91000000000003,0.0,4.0,1288.37,30.759999999999998
United States,Montana,Barley,2020,spring,180.55999999999995,0.0,26.0,1645.3300000000002,31.65,89.88999999999999,0.0,0.0,386.21,60.17,77.47999999999999,0.0,2.0,1797.2800000000002,18.8,270.45,0.0,26.0,2031.54,60.17,19.13,0.0,0.0,411.66999999999996,11.89,58.349999999999994,0.0,2.0,1385.6100000000001,18.799999999999997
United States,Montana,Barley,2021,spring,144.29999999999998,2.0,31.0,1618.2799999999997,26.68,15.07,0.0,0.0,428.24,6.72,116.84,1.0,0.0,1619.5,35.52,152.4,2.0,31.0,1870.8,26.68,17.439999999999998,0.0,0.0,349.21999999999997,9.09,106.37,1.0,0.0,1446.0,35.52
United States,Montana,Barley,2022,spring,156.6,0.0,37.0,1488.4699999999998,22.18,43.7,0.0,0.0,394.22,20.18,129.98,5.0,0.0,1865.48,23.35,223.24,0.0,37.0,1981.5700000000002,24.759999999999998,13.19,1.0,0.0,347.3,7.470000000000001,93.85,4.0,0.0,1419.3000000000004,23.35
United States,Montana,Barley,2023,spring,293.34000000000003,0.0,22.0,1548.2999999999997,70.05,44.34,0.0,0.0,383.69,20.73,141.14,1.0,0.0,1768.69,40.879999999999995,329.96,0.0,22.0,1756.6599999999999,70.05,16.75,0.0,0.0,403.85,5.25,132.10999999999999,1.0,0.0,1540.17,40.879999999999995
United States,Montana,Barley,2024,spring,195.35,0.0,21.0,1621.9499999999998,53.980000000000004,42.50000000000001,0.0,0.0,381.05,15.67,160.82,2.0,0.0,1728.86,80.62,235.73,0.0,21.0,1982.9599999999998,53.980000000000004,8.65,0.0,0.0,363.03000000000003,5.84,154.29,2.0,0.0,1385.8700000000001,80.62
United States,Montana,Barley,2025,spring,164.11999999999998,0.0,18.0,1637.7600000000002,29.64,35.46,0.0,0.0,389.39,21.07,150.99,0.0,0.0,1778.0300000000002,22.020000000000003,190.38999999999996,0.0,18.0,1819.3,29.64,14.67,0.0,0.0,388.98,5.77,145.51000000000002,0.0,0.0,1596.9,22.020000000000003
United States,Montana,Oats,1990,spring,145.72000000000003,0.0,28.0,1349.2600000000002,33.879999999999995,23.39,0.0,0.0,317.49,14.86,113.22999999999999,1.0,0.0,2270.6699999999996,32.65,171.35000000000005,0.0,28.0,1756.8300000000002,33.879999999999995,14.93,1.0,0.0,542.3,6.4,96.05999999999999,0.0,0.0,1638.29,32.65
United States,Montana,Oats,1991,spring,220.6,0.0,28.0,1271.0699999999997,39.25,42.97,0.0,0.0,340.59000000000003,25.32,121.09,0.0,2.0,2203.2699999999995,17.02,274.97,0.0,28.0,1670.06,39.25,43.540000000000006,0.0,0.0,581.5899999999999,13.770000000000001,66.15,0.0,2.0,1563.28,17.02
United States,Montana,Oats,1992,spring,97.52,0.0,15.0,1391.66,18.069999999999997,75.32999999999998,0.0,0.0,285.86,59.51,166.15,0.0,5.0,2018.72,29.83,97.96,0.0,15.0,1476.9,18.069999999999997,126.01,0.0,0.0,497.89,59.510000000000005,115.03,0.0,5.0,1721.45,22.590000000000003
United States,Montana,Oats,1993,spring,135.36999999999998,0.0,27.0,1343.43,23.730000000000004,51.64000000000001,0.0,0.0,311.95,24.87,333.96,0.0,5.0,1885.4799999999998,39.040000000000006,185.5,0.0,27.0,1602.2600000000002,24.870000000000005,160.13,0.0,0.0,634.0,39.040000000000006,175.34,0.0,5.0,1304.6000000000001,34.57
United States,Montana,Oats,1994,spring,152.34000000000003,0.0,21.0,1310.91,34.84,19.770000000000003,0.0,0.0,323.5,8.67,67.34,0.0,0.0,2132.8899999999994,20.86,169.58000000000007,0.0,21.0,1502.0,34.84,32.78,0.0,0.0,598.8400000000001,20.86,37.08999999999999,0.0,0.0,1666.4599999999998,6.199999999999999
United States,Montana,Oats,1995,spring,212.87,0.0,38.0,1272.61,46.85,35.08,0.0,0.0,315.06,11.99,190.35,0.0,4.0,2092.85,24.689999999999998,266.24,0.0,38.0,1724.5,46.85,86.45,0.0,0.0,555.14,24.69,85.61,0.0,4.0,1400.8799999999999,17.47
United States,Montana,Oats,1996,spring,135.00000000000003,0.0,31.0,1161.83,30.849999999999994,21.6,0.0,0.0,368.53000000000003,7.28,105.01000000000002,0.0,5.0,2182.1,30.78,164.32000000000002,0.0,31.0,1585.7600000000002,30.849999999999994,15.02,0.0,0.0,602.77,5.33,82.27000000000001,0.0,5.0,1523.93,30.78
United States,Montana,Oats,1997,spring,178.31,0.0,30.0,1364.41,46.67999999999999,69.39,0.0,0.0,335.05999999999995,38.94,201.86,0.0,1.0,2146.7,29.72,247.01999999999995,0.0,30.0,1668.2000000000003,46.67999999999999,80.98,0.0,0.0,633.14,29.72,121.55999999999999,0.0,1.0,1544.83,24.29
United States,Montana,Oats,1998,spring,104.74,0.0,20.0,1445.44,20.439999999999998,81.35,0.0,0.0,271.96999999999997,35.31,167.22,0.0,0.0,2150.2999999999997,28.52,182.62,0.0,20.0,1678.2400000000002,35.31,68.13,0.0,0.0,583.17,22.23,102.56,0.0,0.0,1606.3,28.52
United States,Montana,Oats,1999,spring,144.37,0.0,32.0,1317.32,30.36,26.990000000000002,0.0,0.0,360.21,11.68,152.73000000000002,0.0,3.0,2051.17,23.779999999999998,172.48000000000002,0.0,32.0,1727.1499999999999,30.36,41.36,0.0,0.0,618.7,13.99,110.24999999999999,0.0,3.0,1382.85,23.779999999999998
United States,Montana,Oats,2000,spring,108.13999999999999,0.0,24.0,1389.0500000000002,24.79,49.69,0.0,0.0,289.03000000000003,22.03,123.58999999999997,4.0,5.0,2135.8,29.440000000000005,141.67,0.0,24.0,1559.5400000000004,24.79,75.53,0.0,0.0,616.7699999999999,29.440000000000005,64.22,4.0,5.0,1637.57,20.25
United States,Montana,Oats,2001,spring,90.89999999999999,0.0,28.0,1420.6900000000003,28.330000000000002,59.43999999999999,0.0,0.0,336.64,38.14,127.68999999999998,1.0,0.0,2235.1099999999997,33.98,150.21000000000004,0.0,28.0,1663.8000000000004,38.14,19.050000000000004,0.0,0.0,543.5600000000001,11.77,108.77,1.0,0.0,1785.0800000000002,33.98
United States,Montana,Oats,2002,spring,103.14999999999999,0.0,40.0,1330.9400000000003,23.34,50.28999999999999,0.0,0.0,314.51000000000005,29.840000000000003,190.59,5.0,4.0,2124.6600000000008,33.62,170.34,0.0,40.0,1741.39,29.84,22.13,5.0,0.0,520.19,11.43,151.56000000000003,0.0,4.0,1508.5299999999997,33.62
United States,Montana,Oats,2003,spring,167.39999999999998,0.0,25.0,1304.8700000000003,26.32,34.62,0.0,0.0,342.3299999999999,18.400000000000002,75.34,10.0,3.0,2173.9200000000005,20.130000000000003,196.78000000000006,0.0,25.0,1578.7500000000002,26.32,12.47,0.0,0.0,602.1999999999999,5.24,68.11,10.0,3.0,1640.17,20.130000000000003
United States,Montana,Oats,2004,spring,141.31,0.0,23.0,1360.1499999999999,41.63,56.859999999999985,0.0,0.0,277.23999999999995,41.209999999999994,145.39000000000001,0.0,1.0,2088.2999999999997,17.299999999999997,202.51999999999998,0.0,23.0,1657.6799999999998,41.63,47.129999999999995,0.0,0.0,607.52,15.98,93.90999999999998,0.0,1.0,1460.49,17.299999999999997
United States,Montana,Oats,2005,spring,152.47000000000003,0.0,27.0,1306.8999999999999,36.91,46.71,0.0,0.0,325.5899999999999,23.57,144.29000000000005,1.0,2.0,2139.1900000000005,24.599999999999998,199.17999999999998,0.0,27.0,1632.4900000000002,36.91,49.46,1.0,0.0,555.9300000000002,24.599999999999998,94.82999999999998,0.0,2.0,1583.2599999999998,16.43
United States,Montana,Oats,2006,spring,167.53,0.0,18.0,1422.6699999999998,41.870000000000005,68.30999999999999,0.0,0.0,310.71,43.87,136.09,2.0,3.0,2215.35,29.990000000000002,215.79,0.0,18.0,1510.61,43.870000000000005,42.4,0.0,0.0,602.39,16.200000000000003,113.74,2.0,3.0,1835.7300000000002,29.990000000000002
United States,Montana,Oats,2007,spring,233.26999999999998,0.0,23.0,1309.19,47.980000000000004,35.769999999999996,0.0,0.0,358.56000000000006,15.62,105.83,5.0,1.0,2149.0799999999995,13.67,259.95,0.0,23.0,1552.9199999999998,47.980000000000004,30.899999999999995,1.0,0.0,563.44,13.669999999999998,84.02,4.0,1.0,1700.4699999999998,10.530000000000001
United States,Montana,Oats,2008,spring,203.41999999999996,0.0,34.0,1211.74,76.96000000000001,56.07,0.0,1.0,341.78,36.16,113.52999999999999,0.0,0.0,2183.9499999999994,22.78,261.48,0.0,35.0,1717.3700000000001,76.96000000000001,18.249999999999996,0.0,0.0,574.5899999999999,12.56,93.28999999999999,0.0,0.0,1445.51,22.78
United States,Montana,Oats,2009,spring,139.38,0.0,32.0,1356.81,23.869999999999997,45.71,0.0,1.0,315.47999999999996,24.330000000000002,176.72000000000003,0.0,1.0,2169.0799999999995,27.15,192.71,0.0,33.0,1784.1899999999998,24.439999999999998,52.01,0.0,0.0,577.1399999999999,24.47,117.08999999999999,0.0,1.0,1480.04,27.15
United States,Montana,Oats,2010,spring,212.17,0.0,36.0,1287.0900000000001,37.43000000000001,79.93999999999998,0.0,0.0,296.77,45.39,218.68,0.0,0.0,2069.6499999999996,38.75,301.71,0.0,36.0,1798.9400000000003,45.39,53.349999999999994,0.0,0.0,592.22,15.18,155.73000000000002,0.0,0.0,1262.35,38.75
United States,Montana,Oats,2011,spring,306.49,0.0,36.0,1191.0800000000002,42.19,47.58000000000001,0.0,0.0,300.28000000000003,22.5,77.77999999999999,0.0,0.0,2327.11,12.9,362.48,0.0,36.0,1865.2,46.31,28.46,0.0,0.0,569.8,12.9,40.910000000000004,0.0,0.0,1383.47,12.08
United States,Montana,Oats,2012,spring,167.70999999999995,0.0,27.0,1368.08,34.71,39.379999999999995,0.0,0.0,338.32,23.189999999999998,63.46,0.0,0.0,2225.7900000000004,10.73,207.08,0.0,27.0,1677.1,34.71,9.389999999999999,0.0,0.0,528.37,7.58,54.080000000000005,0.0,0.0,1726.7199999999998,10.73
United States,Montana,Oats,2013,spring,220.76,0.0,27.0,1282.4799999999998,52.760000000000005,47.54,0.0,0.0,352.33000000000004,24.75,155.75,0.0,2.0,2159.0,24.0,272.67,0.0,27.0,1655.2100000000003,52.760000000000005,22.540000000000003,0.0,0.0,513.21,12.38,128.83999999999997,0.0,2.0,1625.3899999999999,24.0
United States,Montana,Oats,2014,spring,113.01000000000002,0.0,29.0,1323.55,14.62,54.82,0.0,0.0,306.18999999999994,26.69,241.79999999999998,0.0,3.0,2040.19,111.55,169.17,0.0,29.0,1658.69,26.689999999999998,20.290000000000006,0.0,0.0,559.9399999999999,10.26,220.17000000000002,0.0,3.0,1451.3,111.55
United States,Montana,Oats,2015,spring,187.08999999999997,0.0,28.0,1350.42,38.290000000000006,14.559999999999999,0.0,0.0,335.75,5.54,132.0,0.0,0.0,2052.2099999999996,25.66,199.52,0.0,28.0,1621.09,38.290000000000006,20.85,0.0,0.0,497.59000000000003,7.06,113.28000000000002,0.0,0.0,1619.6999999999996,25.66
United States,Montana,Oats,2016,spring,156.93,0.0,16.0,1349.9600000000003,36.309999999999995,20.879999999999995,0.0,0.0,371.03999999999996,10.04,191.67000000000002,0.0,2.0,2102.7,37.96,165.88000000000002,0.0,16.0,1472.6899999999998,36.309999999999995,25.049999999999997,0.0,0.0,652.82,10.04,178.55,0.0,2.0,1698.1899999999996,37.96
United States,Montana,Oats,2017,spring,134.62,0.0,20.0,1438.8999999999996,22.7,37.709999999999994,0.0,0.0,340.32000000000005,33.36,111.34,1.0,4.0,2158.6600000000003,50.47,170.82999999999998,0.0,20.0,1633.4499999999998,33.36,9.42,0.0,0.0,574.9699999999999,5.109999999999999,103.41999999999999,1.0,4.0,1729.46,50.47
United States,Montana,Oats,2018,spring,196.95,0.0,23.0,1336.3100000000002,41.15,84.22,0.0,0.0,291.40999999999997,47.47,162.24999999999997,2.0,3.0,2019.83,23.01,206.77,0.0,23.0,1505.79,41.15,124.62,0.0,0.0,579.7099999999999,47.47,112.02999999999999,2.0,3.0,1562.0499999999997,23.01
United States,Montana,Oats,2019,spring,158.26,0.0,27.0,1252.97,29.810000000000002,30.37,0.0,0.0,294.5,12.54,240.51999999999998,0.0,4.0,2022.2,30.760000000000005,195.98999999999998,0.0,27.0,1586.21,29.810000000000002,90.09,0.0,0.0,552.19,22.590000000000003,143.07,0.0,4.0,1431.2699999999998,30.759999999999998
United States,Montana,Oats,2020,spring,143.82000000000002,0.0,26.0,1409.7900000000002,31.65,41.220000000000006,0.0,0.0,304.2099999999999,25.380000000000003,162.89,0.0,2.0,2114.8200000000006,60.17,185.04000000000002,0.0,26.0,1714.0,31.65,98.94,0.0,0.0,603.9300000000001,60.17,63.95,0.0,2.0,1510.89,18.799999999999997
United States,Montana,Oats,2021,spring,137.75999999999996,0.0,31.0,1319.21,26.68,12.4,2.0,0.0,371.08,5.89,126.05000000000001,1.0,0.0,1975.7299999999998,35.52,144.29999999999998,2.0,31.0,1587.4299999999998,26.68,24.159999999999997,0.0,0.0,528.9399999999999,9.09,107.75000000000001,1.0,0.0,1549.6499999999996,35.52
United States,Montana,Oats,2022,spring,137.51000000000002,0.0,37.0,1272.3300000000002,22.18,33.55,0.0,0.0,273.09000000000003,14.95,159.22,5.0,0.0,2202.7499999999995,24.759999999999998,175.32,0.0,37.0,1709.7600000000002,22.18,60.24,0.0,0.0,484.20000000000005,24.759999999999998,94.72,5.0,0.0,1554.21,23.35
United States,Montana,Oats,2023,spring,252.04,0.0,22.0,1317.3799999999999,70.05,51.99,0.0,0.0,299.7,29.509999999999998,174.79,1.0,0.0,2083.5999999999995,40.879999999999995,281.72,0.0,22.0,1391.4099999999999,70.05,60.43,0.0,0.0,641.1700000000001,20.73,136.67,1.0,0.0,1668.1000000000001,40.879999999999995
United States,Montana,Oats,2024,spring,155.67,0.0,21.0,1357.4999999999998,53.980000000000004,47.54,0.0,0.0,339.09000000000003,29.77,195.45999999999998,2.0,0.0,2035.27,80.62,197.13,0.0,21.0,1676.0799999999997,53.980000000000004,45.72,0.0,0.0,536.65,15.67,155.82,2.0,0.0,1519.13,80.62
United States,Montana,Oats,2025,spring,133.64,0.0,18.0,1374.15,29.64,47.73,0.0,0.0,331.96000000000004,17.25,169.2,0.0,0.0,2099.0699999999997,22.020000000000003,151.41,0.0,18.0,1510.8100000000002,29.64,50.529999999999994,0.0,0.0,562.32,21.07,148.63,0.0,0.0,1732.05,22.020000000000003
United States,Montana,Canola,1999,spring,206.39,0.0,32.0,2014.0299999999997,30.36,9.58,0.0,0.0,564.7700000000001,3.75,108.11999999999999,0.0,3.0,1149.9,23.779999999999998,174.94000000000003,0.0,32.0,1778.76,30.36,41.03,0.0,0.0,745.3599999999999,13.99,108.11999999999999,0.0,3.0,1204.58,23.779999999999998
United States,Montana,Canola,2000,spring,205.72,0.0,24.0,2043.99,29.440000000000005,19.900000000000002,1.0,0.0,570.57,10.39,55.8,3.0,5.0,1199.3200000000002,20.25,154.68,0.0,24.0,1626.54,24.79,66.05000000000001,1.0,0.0,703.1,29.440000000000005,60.690000000000005,3.0,5.0,1484.24,20.25
United States,Montana,Canola,2001,spring,169.09,0.0,28.0,2147.21,38.14,49.02,0.0,0.0,546.13,17.009999999999998,59.92,1.0,0.0,1299.1,33.98,139.50000000000003,0.0,28.0,1648.3700000000003,38.14,33.08,0.0,0.0,621.76,11.77,105.44999999999999,1.0,0.0,1722.3100000000002,33.98
United States,Montana,Canola,2002,spring,180.65,1.0,40.0,2037.07,29.84,42.04,4.0,0.0,548.43,20.49,121.33999999999999,0.0,4.0,1184.61,33.62,170.34,0.0,40.0,1741.39,29.84,40.410000000000004,5.0,0.0,588.7,20.49,133.28000000000003,0.0,4.0,1440.02,33.62
United States,Montana,Canola,2003,spring,207.29,0.0,25.0,2043.92,26.32,17.69,6.0,0.0,595.11,13.04,52.379999999999995,4.0,3.0,1182.09,20.130000000000003,196.78000000000006,0.0,25.0,1578.7500000000002,26.32,13.71,1.0,0.0,748.0300000000001,5.24,66.87,9.0,3.0,1494.3400000000004,20.130000000000003
United States,Montana,Canola,2004,spring,240.48,0.0,23.0,1992.1899999999998,41.63,25.91,0.0,0.0,564.55,9.92,77.16999999999999,0.0,1.0,1168.95,17.299999999999997,212.32999999999998,0.0,23.0,1810.98,41.63,50.42999999999999,0.0,0.0,650.2,15.98,80.79999999999998,0.0,1.0,1264.51,17.299999999999997
United States,Montana,Canola,2005,spring,231.70999999999998,0.0,27.0,2014.0500000000002,36.91,28.179999999999996,1.0,0.0,555.59,11.61,83.58,0.0,2.0,1202.04,16.43,199.74999999999997,0.0,27.0,1690.69,36.91,52.48,1.0,0.0,690.6100000000001,24.599999999999998,91.24,0.0,2.0,1390.38,16.43
United States,Montana,Canola,2006,spring,258.53,0.0,18.0,2140.42,43.870000000000005,19.879999999999995,1.0,0.0,613.89,11.09,93.52000000000001,1.0,3.0,1194.42,29.990000000000002,215.79,0.0,18.0,1510.61,43.870000000000005,45.059999999999995,0.0,0.0,747.74,16.200000000000003,111.08,2.0,3.0,1690.38,29.990000000000002
United States,Montana,Canola,2007,spring,279.63999999999993,1.0,23.0,2076.59,47.980000000000004,27.800000000000004,3.0,0.0,550.6600000000001,11.329999999999998,67.43,1.0,1.0,1189.58,10.530000000000001,250.91,0.0,23.0,1528.62,47.980000000000004,40.45,1.0,0.0,702.3700000000001,13.67,83.50999999999999,4.0,1.0,1585.84,10.530000000000001
United States,Montana,Canola,2008,spring,276.72,0.0,35.0,1941.6000000000001,76.96000000000001,8.06,0.0,0.0,577.1600000000001,4.32,88.24,0.0,0.0,1218.71,22.78,261.48,0.0,35.0,1749.43,76.96000000000001,22.650000000000002,0.0,0.0,663.3099999999998,12.56,88.88999999999999,0.0,0.0,1324.73,22.78
United States,Montana,Canola,2009,spring,218.35999999999999,0.0,33.0,2063.04,24.439999999999998,43.28,0.0,0.0,538.2800000000001,13.610000000000001,100.17,0.0,1.0,1240.05,27.15,194.1,0.0,33.0,1803.7099999999998,24.439999999999998,52.809999999999995,0.0,0.0,714.9399999999998,24.47,114.89999999999999,0.0,1.0,1322.72,27.15
United States,Montana,Canola,2010,spring,329.99999999999994,0.0,36.0,1952.17,45.39,30.540000000000003,0.0,0.0,552.2800000000001,13.360000000000001,150.25000000000003,0.0,0.0,1149.06,38.75,308.60999999999996,0.0,36.0,1818.9700000000003,45.39,52.14,0.0,0.0,739.3000000000002,15.18,150.04000000000002,0.0,0.0,1095.24,38.75
United States,Montana,Canola,2011,spring,364.19,0.0,36.0,1923.0299999999997,46.31,27.71,0.0,0.0,591.73,12.9,39.95,0.0,0.0,1303.71,12.08,364.19,0.0,36.0,1923.0299999999997,46.31,28.14,0.0,0.0,690.6,12.9,39.52,0.0,0.0,1204.84,12.08
United States,Montana,Canola,2012,spring,215.46000000000004,0.0,27.0,2101.0499999999997,34.71,31.069999999999997,0.0,0.0,534.09,10.73,24.02,0.0,0.0,1297.0499999999997,6.000000000000001,207.1,0.0,27.0,1725.8799999999999,34.71,16.7,0.0,0.0,590.0100000000001,7.58,46.75,0.0,0.0,1616.3,10.73
United States,Montana,Canola,2013,spring,286.34999999999997,0.0,27.0,2043.9400000000005,52.760000000000005,26.990000000000002,0.0,0.0,578.23,12.370000000000001,110.71000000000001,0.0,2.0,1171.64,24.0,272.75,0.0,27.0,1685.5900000000004,52.760000000000005,26.76,0.0,0.0,614.6999999999999,12.38,124.53999999999999,0.0,2.0,1493.52,24.0
United States,Montana,Canola,2014,spring,187.39999999999998,0.0,29.0,1993.6000000000001,26.689999999999998,25.150000000000002,0.0,0.0,563.76,12.93,197.07999999999998,0.0,3.0,1112.57,111.55,173.8,0.0,29.0,1741.26,26.689999999999998,30.900000000000006,0.0,0.0,632.92,10.22,204.93000000000004,0.0,3.0,1295.75,111.55
United States,Montana,Canola,2015,spring,219.36,0.0,28.0,2072.17,38.290000000000006,48.44,0.0,0.0,480.88,25.66,65.85,0.0,0.0,1185.33,20.28,200.29,0.0,28.0,1641.4299999999998,38.290000000000006,32.04,0.0,0.0,616.5200000000001,8.49,101.32000000000001,0.0,0.0,1480.4299999999996,25.66
United States,Montana,Canola,2016,spring,190.92999999999998,0.0,16.0,2125.51,36.309999999999995,62.300000000000004,0.0,0.0,536.8900000000001,37.96,116.25,0.0,2.0,1161.3000000000002,34.56,167.07000000000002,0.0,16.0,1499.33,36.309999999999995,67.26,0.0,0.0,773.9100000000002,37.96,135.15,0.0,2.0,1550.4599999999998,34.56
United States,Montana,Canola,2017,spring,180.21999999999997,0.0,20.0,2177.99,33.36,17.19,1.0,0.0,589.5300000000001,14.19,86.26,0.0,4.0,1170.3600000000001,50.47,172.01999999999998,0.0,20.0,1676.9499999999998,33.36,22.549999999999997,1.0,0.0,653.6500000000001,14.19,89.1,0.0,4.0,1607.2800000000002,50.47
United States,Montana,Canola,2018,spring,329.28999999999996,0.0,23.0,2002.66,47.47,16.21,0.0,0.0,571.1400000000001,9.71,97.91999999999999,2.0,3.0,1073.75,23.009999999999998,206.37,0.0,23.0,1446.74,41.15,126.73000000000002,0.0,0.0,743.36,47.47,110.31999999999998,2.0,3.0,1457.4499999999998,23.01
United States,Montana,Canola,2019,spring,240.42,0.0,27.0,1874.3300000000002,29.810000000000002,47.589999999999996,0.0,0.0,568.4800000000001,22.59,141.14,0.0,4.0,1126.8600000000001,30.759999999999998,207.64,0.0,27.0,1679.63,29.810000000000002,80.09,0.0,0.0,682.49,22.590000000000003,141.42000000000002,0.0,4.0,1207.55,30.759999999999998
United States,Montana,Canola,2020,spring,274.88,0.0,26.0,2087.66,60.17,21.970000000000002,0.0,0.0,558.2599999999999,7.47,51.08,0.0,2.0,1182.9,18.799999999999997,185.37000000000003,0.0,26.0,1741.82,31.65,105.11999999999998,0.0,0.0,757.6,60.17,57.44,0.0,2.0,1329.4,18.799999999999997
United States,Montana,Canola,2021,spring,161.11,2.0,31.0,2095.0099999999998,26.68,30.999999999999996,1.0,0.0,501.75,10.64,84.10000000000001,0.0,0.0,1069.26,35.52,144.29999999999998,2.0,31.0,1556.07,26.68,25.499999999999996,0.0,0.0,606.97,9.09,106.41000000000001,1.0,0.0,1502.98,35.52
United States,Montana,Canola,2022,spring,212.02,0.0,37.0,1927.39,24.759999999999998,34.73000000000001,1.0,0.0,577.0500000000001,18.08,83.53,4.0,0.0,1243.73,23.35,179.5,0.0,37.0,1736.7200000000003,22.18,56.93000000000001,1.0,0.0,592.15,24.759999999999998,93.85,4.0,0.0,1419.3000000000004,23.35
United States,Montana,Canola,2023,spring,341.58,0.0,22.0,1982.0399999999997,70.05,18.89,1.0,0.0,547.8100000000001,11.54,118.35000000000001,0.0,0.0,1170.83,40.879999999999995,268.56,0.0,22.0,1334.4799999999998,70.05,77.58999999999999,0.0,0.0,802.47,20.73,132.67,1.0,0.0,1563.73,40.879999999999995
United States,Montana,Canola,2024,spring,241.57000000000002,0.0,21.0,2042.91,53.980000000000004,6.34,2.0,0.0,542.14,2.79,150.76,0.0,0.0,1146.81,80.62,203.42000000000002,0.0,21.0,1724.1899999999996,53.980000000000004,42.129999999999995,0.0,0.0,642.94,15.67,153.11999999999998,2.0,0.0,1364.73,80.62
United States,Montana,Canola,2025,spring,201.93999999999997,0.0,18.0,2073.13,29.64,71.28,0.0,0.0,514.15,22.020000000000003,77.35,0.0,0.0,1217.8999999999999,13.38,151.41,0.0,18.0,1510.8100000000002,29.64,53.64999999999999,0.0,0.0,697.4699999999999,21.07,145.51000000000002,0.0,0.0,1596.9,22.020000000000003
United States,Nebraska,Wheat,1990,winter,155.10000000000002,0.0,147.0,2771.1099999999997,38.9,64.96,0.0,2.0,473.8,27.53,139.55999999999997,7.0,0.0,1120.1799999999998,26.169999999999998,286.11,0.0,149.0,3558.96,38.9,53.14,1.0,0.0,430.28000000000003,22.24,20.37,6.0,0.0,375.84999999999997,16.36
United States,Nebraska,Wheat,1991,winter,184.34999999999997,4.0,141.0,2797.83,25.14,75.47,0.0,1.0,476.96,37.67,188.96999999999997,5.0,0.0,1012.61,44.05,296.54999999999995,4.0,142.0,3309.19,37.67,97.27,0.0,0.0,362.65,32.1,54.97,5.0,0.0,615.56,17.47
United States,Nebraska,Wheat,1992,winter,277.38,0.0,147.0,2742.4400000000005,40.7,9.65,0.0,3.0,580.16,5.5,124.18,0.0,0.0,971.29,25.009999999999998,303.85,0.0,150.0,3473.12,40.7,71.68,0.0,0.0,465.81,24.139999999999997,35.68,0.0,0.0,354.96000000000004,21.27
United States,Nebraska,Wheat,1993,winter,206.74,0.0,157.0,2543.4500000000003,29.78,63.629999999999995,0.0,1.0,465.30999999999995,31.299999999999997,200.51999999999998,0.0,0.0,1048.2,48.65,339.38,0.0,158.0,3541.73,31.299999999999997,124.44,0.0,0.0,473.86,48.65,7.069999999999999,0.0,0.0,41.370000000000005,7.069999999999999
United States,Nebraska,Wheat,1994,winter,183.71999999999997,0.0,160.0,2750.21,28.929999999999996,36.67,0.0,6.0,465.42,16.87,134.26,1.0,0.0,1220.4200000000003,42.83,249.82,0.0,166.0,3764.18,28.929999999999996,85.83,1.0,0.0,394.03,42.83,19.0,0.0,0.0,277.84000000000003,10.0
United States,Nebraska,Wheat,1995,winter,281.25,0.0,135.0,2650.92,36.64,81.98,0.0,5.0,376.89,30.01,200.49000000000004,0.0,0.0,975.91,81.05000000000001,472.32,0.0,140.0,3287.81,81.05,48.58,0.0,0.0,462.47999999999996,24.19,42.81999999999999,0.0,0.0,253.43,36.68
United States,Nebraska,Wheat,1996,winter,194.18,1.0,148.0,2799.29,40.55,46.82,0.0,2.0,435.35,16.599999999999998,181.92,0.0,0.0,1068.5700000000002,75.03999999999999,369.52,1.0,150.0,3675.9800000000005,75.03999999999999,48.29,0.0,0.0,441.40999999999997,27.9,5.11,0.0,0.0,185.82,5.090000000000001
United States,Nebraska,Wheat,1997,winter,224.74999999999997,0.0,154.0,2738.04,71.35,25.049999999999997,0.0,1.0,505.65000000000003,10.379999999999999,135.80999999999997,2.0,0.0,1090.46,39.61,322.81000000000006,0.0,155.0,3822.75,71.35,42.87,1.0,0.0,426.15000000000003,19.84,19.93,1.0,0.0,85.25,19.93
United States,Nebraska,Wheat,1998,winter,283.76,0.0,150.0,2637.79,53.61999999999999,33.57,0.0,1.0,517.6600000000001,18.23,187.14,1.0,0.0,1141.4900000000002,59.47,364.46,0.0,151.0,3496.2899999999995,53.61999999999999,117.57,0.0,0.0,459.69000000000005,59.47,22.44,1.0,0.0,340.9600000000001,21.310000000000002
United States,Nebraska,Wheat,1999,winter,250.55999999999997,6.0,133.0,2768.3599999999997,33.23,72.81,0.0,0.0,399.44,29.39,200.38,0.0,0.0,1053.5199999999998,42.08,327.20000000000005,6.0,133.0,3182.6800000000003,33.23,56.92000000000001,0.0,0.0,521.97,18.78,139.63,0.0,0.0,516.67,42.08
United States,Nebraska,Wheat,2000,winter,111.91,0.0,128.0,2874.34,20.1,46.089999999999996,0.0,0.0,529.53,19.2,123.73,6.0,0.0,1110.68,28.04,157.96000000000004,0.0,128.0,3303.38,20.1,53.97,1.0,0.0,462.41,28.04,69.80000000000001,5.0,0.0,748.76,24.189999999999998
United States,Nebraska,Wheat,2001,winter,300.86,4.0,157.0,2680.98,41.49,122.29999999999998,0.0,2.0,541.6500000000001,51.36,59.67999999999999,7.0,0.0,1100.7800000000002,14.829999999999998,443.79,4.0,159.0,3560.7000000000003,51.67999999999999,34.089999999999996,1.0,0.0,469.22,13.930000000000001,4.96,6.0,0.0,293.49,2.77
United States,Nebraska,Wheat,2002,winter,173.42,2.0,139.0,2864.55,38.4,45.809999999999995,0.0,3.0,484.57,21.21,70.66999999999999,15.0,0.0,1199.2199999999996,17.72,222.75,2.0,142.0,3532.84,38.4,44.419999999999995,3.0,0.0,466.88,17.72,22.73,12.0,0.0,548.62,8.209999999999999
United States,Nebraska,Wheat,2003,winter,197.31,2.0,143.0,2745.63,30.119999999999997,114.47,0.0,0.0,443.99999999999994,37.41,128.41,1.0,0.0,1097.5000000000002,31.5,336.29,2.0,143.0,3524.66,37.41,57.95,1.0,0.0,458.62,14.21,45.95,0.0,0.0,303.85,31.5
United States,Nebraska,Wheat,2004,winter,178.89999999999998,0.0,137.0,2886.1099999999997,33.620000000000005,51.300000000000004,2.0,1.0,540.8499999999999,25.810000000000002,134.73999999999998,1.0,0.0,1047.1100000000001,32.18000000000001,241.46999999999997,2.0,138.0,3467.87,33.620000000000005,48.57,0.0,0.0,482.08,22.31,74.9,1.0,0.0,524.12,32.18000000000001
United States,Nebraska,Wheat,2005,winter,274.6,2.0,131.0,2710.46,57.51,63.69,0.0,8.0,516.45,37.660000000000004,159.07000000000002,1.0,0.0,1140.25,66.1,347.29,2.0,139.0,3328.39,57.51,96.95000000000002,0.0,0.0,508.4800000000001,66.1,53.120000000000005,1.0,0.0,530.29,25.889999999999997
United States,Nebraska,Wheat,2006,winter,151.22999999999996,1.0,127.0,2893.1800000000003,29.58,20.21,0.0,3.0,491.35,15.83,82.26999999999998,9.0,0.0,1232.5700000000002,38.16,170.19,1.0,130.0,3172.7,29.58,5.76,0.0,0.0,515.48,4.39,77.75999999999999,9.0,0.0,928.9200000000002,38.16
United States,Nebraska,Wheat,2007,winter,339.87,0.0,144.0,2717.48,42.150000000000006,150.20999999999998,0.0,0.0,496.54,79.11,228.76999999999998,0.0,0.0,1129.34,89.82,553.37,0.0,144.0,3539.9,79.11,158.42000000000002,0.0,0.0,468.21000000000004,81.87,7.0600000000000005,0.0,0.0,335.25,5.38
United States,Nebraska,Wheat,2008,winter,231.68,0.0,146.0,2884.99,45.970000000000006,90.9,0.0,6.0,500.98,35.89,243.03,0.0,0.0,1138.6399999999999,106.13000000000001,492.71999999999997,0.0,152.0,3788.9900000000002,106.13000000000001,52.5,0.0,0.0,523.8300000000002,28.240000000000002,20.389999999999997,0.0,0.0,211.79,10.95
United States,Nebraska,Wheat,2009,winter,344.26,0.0,150.0,2746.54,64.26,48.400000000000006,0.0,1.0,481.56000000000006,16.96,186.04999999999995,0.0,0.0,1037.26,33.7,469.18,0.0,151.0,3713.8100000000004,64.26,94.71,0.0,0.0,385.06,33.7,14.82,0.0,0.0,166.48999999999998,14.23
United States,Nebraska,Wheat,2010,winter,298.53999999999996,0.0,154.0,2531.8999999999996,39.72,35.89,0.0,2.0,483.84000000000003,20.33,305.7,0.0,0.0,1117.31,114.55000000000001,548.0600000000001,0.0,156.0,3642.1400000000003,89.17,92.07000000000001,0.0,0.0,463.33,59.800000000000004,0.0,0.0,0.0,27.58,0.0
United States,Nebraska,Wheat,2011,winter,209.17000000000002,0.0,141.0,2727.0899999999997,35.5,38.39,0.0,2.0,494.17999999999995,27.87,176.49999999999994,0.0,0.0,1024.4899999999998,45.15,331.94000000000005,0.0,143.0,3602.4500000000003,45.15,75.92,0.0,0.0,434.94,38.720000000000006,16.2,0.0,0.0,208.37,15.84
United States,Nebraska,Wheat,2012,winter,242.56,2.0,125.0,2919.8,60.769999999999996,46.10999999999999,0.0,0.0,549.28,30.98,40.96,12.0,0.0,1203.58,11.620000000000001,287.48,2.0,125.0,3269.1000000000004,60.769999999999996,23.12,0.0,0.0,544.1500000000001,11.620000000000001,19.03,12.0,0.0,859.41,5.76
United States,Nebraska,Wheat,2013,winter,117.99,7.0,148.0,2798.09,43.35,38.79,0.0,9.0,538.49,20.509999999999998,148.91,2.0,0.0,1118.6499999999999,45.94,238.06,7.0,157.0,3658.6800000000003,45.94,33.290000000000006,0.0,0.0,480.07,13.089999999999996,34.339999999999996,2.0,0.0,316.47999999999996,30.42
United States,Nebraska,Wheat,2014,winter,178.07999999999998,7.0,156.0,2784.33,29.900000000000002,34.58,0.0,0.0,492.01,17.419999999999998,219.96999999999997,0.0,0.0,1108.65,64.48,230.0,7.0,156.0,3657.92,29.900000000000002,149.59,0.0,0.0,460.06,64.48,53.040000000000006,0.0,0.0,267.01,27.64
United States,Nebraska,Wheat,2015,winter,190.27000000000004,0.0,125.0,2914.88,38.99000000000001,57.13,0.0,0.0,479.05,26.54,173.45000000000002,1.0,0.0,1032.6299999999999,35.81,260.15,0.0,125.0,3434.64,38.99000000000001,75.9,0.0,0.0,491.47,23.28,84.8,1.0,0.0,500.44999999999993,35.81
United States,Nebraska,Wheat,2016,winter,299.3,5.0,122.0,2730.92,77.45,131.6,0.0,2.0,510.04999999999995,56.65,140.41000000000003,2.0,0.0,1210.04,35.04,418.46,5.0,124.0,3100.97,77.45,79.66,0.0,0.0,562.0,35.04,73.19,2.0,0.0,788.04,30.839999999999996
United States,Nebraska,Wheat,2017,winter,215.62,0.0,111.0,2711.08,34.25,63.95,0.0,2.0,496.09000000000003,32.449999999999996,89.83999999999999,3.0,0.0,1151.5900000000001,32.78,268.26,0.0,113.0,3060.7200000000003,34.25,79.35000000000001,0.0,0.0,566.7900000000001,32.78,21.799999999999997,3.0,0.0,731.2499999999999,9.420000000000002
United States,Nebraska,Wheat,2018,winter,282.37,1.0,159.0,2746.25,80.47000000000001,68.02000000000001,0.0,0.0,463.80999999999995,29.03,254.32000000000002,2.0,0.0,1109.14,79.21000000000001,465.27,1.0,159.0,3585.4800000000005,80.47000000000001,47.629999999999995,2.0,0.0,454.54999999999995,25.15,91.81,0.0,0.0,279.16999999999996,40.379999999999995
United States,Nebraska,Wheat,2019,winter,326.64,0.0,151.0,2602.22,40.94,55.07,0.0,1.0,457.58,25.310000000000002,229.88000000000002,0.0,0.0,1095.84,63.67,571.41,0.0,152.0,3776.8199999999997,63.67,40.17999999999999,0.0,0.0,378.82,17.47,0.0,0.0,0.0,0.0,0.0
United States,Nebraska,Wheat,2020,winter,240.3,0.0,161.0,2776.65,28.05,46.949999999999996,0.0,1.0,498.63,31.38,135.42000000000004,0.0,0.0,1137.64,49.85000000000001,385.75,0.0,162.0,3794.8999999999996,49.85000000000001,33.11000000000001,0.0,0.0,431.66,17.03,3.81,0.0,0.0,186.36,2.75
United States,Nebraska,Wheat,2021,winter,227.27999999999997,1.0,149.0,2776.91,79.24999999999999,28.62,0.0,4.0,510.74,12.16,105.08,5.0,0.0,1078.69,23.28,317.98,1.0,153.0,3513.49,79.24999999999999,17.16,1.0,0.0,479.43,12.75,25.84,4.0,0.0,373.41999999999996,13.93
United States,Nebraska,Wheat,2022,winter,123.38,1.0,133.0,2938.96,30.01,100.44999999999999,0.0,1.0,480.42,43.449999999999996,80.05999999999999,8.0,0.0,1156.86,29.44,221.74,1.0,134.0,3350.16,43.449999999999996,34.28,0.0,0.0,509.89,14.79,47.87,8.0,0.0,716.19,29.44
United States,Nebraska,Wheat,2023,winter,120.64,5.0,152.0,2942.77,20.85,132.07,0.0,6.0,528.42,63.870000000000005,113.02999999999999,0.0,0.0,1131.5300000000002,23.619999999999997,256.62,5.0,158.0,3667.25,63.870000000000005,55.519999999999996,0.0,0.0,410.69000000000005,23.150000000000002,53.60000000000001,0.0,0.0,524.7800000000001,23.619999999999997
United States,Nebraska,Wheat,2024,winter,269.25,4.0,125.0,2875.85,50.300000000000004,92.32,0.0,1.0,503.81,39.06,177.87,4.0,0.0,1152.9999999999998,38.53,356.20000000000005,4.0,126.0,3240.82,50.300000000000004,74.37,0.0,0.0,550.8199999999999,38.53,108.86999999999999,4.0,0.0,741.02,34.28
United States,Nebraska,Wheat,2025,winter,114.72,2.0,128.0,2929.26,23.97,33.41,0.0,0.0,525.08,15.13,262.93,3.0,0.0,1047.5,62.83,129.9,2.0,128.0,3136.7,23.97,87.86000000000001,0.0,0.0,528.3900000000001,34.32,193.3,3.0,0.0,836.75,62.83
United States,Nebraska,Barley,1990,spring,194.43,1.0,11.0,1649.29,27.53,20.71,9.0,0.0,428.92999999999995,16.36,153.28000000000003,15.0,0.0,1814.24,36.769999999999996,170.77,1.0,11.0,1469.2199999999998,27.53,40.809999999999995,1.0,0.0,332.95,22.24,156.84,23.0,0.0,2090.29,36.769999999999996
United States,Nebraska,Barley,1991,spring,280.04,0.0,5.0,1580.08,44.050000000000004,18.23,5.0,0.0,377.70000000000005,15.18,123.09,15.0,1.0,1840.06,40.699999999999996,244.4,0.0,5.0,1241.6599999999999,44.050000000000004,38.71,0.0,0.0,361.00000000000006,17.07,138.25,20.0,1.0,2195.1800000000003,40.699999999999996
United States,Nebraska,Barley,1992,spring,107.91999999999999,0.0,8.0,1624.21,25.009999999999998,49.16,0.0,0.0,338.62,21.27,248.34000000000003,1.0,0.0,1724.8200000000002,74.27000000000001,74.50999999999999,0.0,8.0,1414.6399999999999,17.65,54.849999999999994,0.0,0.0,287.3,25.009999999999998,276.06,1.0,0.0,1985.71,74.27000000000001
United States,Nebraska,Barley,1993,spring,242.3,0.0,13.0,1496.5600000000002,40.43,82.49000000000001,0.0,0.0,408.89,48.65,310.93,0.0,0.0,1703.2899999999997,42.849999999999994,201.85,0.0,13.0,1422.63,31.299999999999997,105.4,0.0,0.0,363.7100000000001,48.650000000000006,328.4700000000001,0.0,0.0,1822.3999999999999,42.849999999999994
United States,Nebraska,Barley,1994,spring,170.51000000000002,1.0,17.0,1714.06,42.82999999999999,61.04,0.0,0.0,426.35,24.11,191.57,3.0,0.0,1839.0099999999998,38.599999999999994,110.28,0.0,17.0,1435.04,28.93,62.800000000000004,1.0,0.0,308.58000000000004,29.74,250.03999999999994,3.0,0.0,2235.8,38.599999999999994
United States,Nebraska,Barley,1995,spring,307.43,0.0,16.0,1408.2299999999998,81.05,47.86,0.0,0.0,362.37,36.68,167.84,23.0,2.0,1866.3899999999999,40.55,307.55,0.0,16.0,1464.78,81.05,47.76,0.0,0.0,332.69,36.68,167.82,23.0,2.0,1839.52,40.55
United States,Nebraska,Barley,1996,spring,226.82999999999996,0.0,12.0,1594.7700000000002,75.03999999999999,17.41,1.0,0.0,413.90999999999997,5.52,292.63,2.0,0.0,1624.5299999999997,71.35,201.83999999999997,0.0,12.0,1488.0300000000002,75.03999999999999,33.489999999999995,0.0,0.0,309.28000000000003,24.95,301.54,3.0,0.0,1835.8999999999999,71.35
United States,Nebraska,Barley,1997,spring,157.57,0.0,14.0,1601.9800000000005,39.61,47.34,2.0,0.0,431.17,21.78,237.97,11.0,0.0,1769.2799999999997,44.56999999999999,156.07999999999998,0.0,14.0,1520.4800000000005,39.61,24.99,1.0,0.0,319.7900000000001,19.84,261.81,12.0,0.0,1962.1599999999999,44.56999999999999
United States,Nebraska,Barley,1998,spring,223.75000000000003,0.0,10.0,1683.9399999999996,59.47,42.65,1.0,0.0,441.9,21.310000000000002,163.14,15.0,0.0,1799.2,26.68,184.57,0.0,10.0,1480.1299999999999,59.47,60.809999999999995,0.0,0.0,376.81,28.86,184.15999999999997,16.0,0.0,2068.1,26.68
United States,Nebraska,Barley,1999,spring,256.82,0.0,10.0,1558.32,42.080000000000005,70.10000000000001,0.0,0.0,351.87,36.71000000000001,143.53,12.0,0.0,1873.8799999999999,20.100000000000005,227.82999999999998,0.0,10.0,1428.28,42.080000000000005,71.33,0.0,0.0,306.42,32.09,171.29000000000002,12.0,0.0,2049.37,20.100000000000005
United States,Nebraska,Barley,2000,spring,141.76000000000002,5.0,10.0,1699.75,28.04,58.230000000000004,1.0,0.0,396.97,19.76,129.01999999999998,28.0,0.0,1828.7800000000002,18.12,109.00999999999998,1.0,10.0,1388.43,28.04,38.57,4.0,0.0,329.68,24.189999999999998,181.43000000000004,29.0,0.0,2207.39,23.89
United States,Nebraska,Barley,2001,spring,264.4700000000001,1.0,7.0,1680.58,51.68,14.5,7.0,0.0,418.97,7.88,216.66,18.0,0.0,1873.95,29.79,249.09,0.0,7.0,1400.11,51.68,17.490000000000002,1.0,0.0,379.85999999999996,10.51,229.05,25.0,0.0,2193.53,29.79
United States,Nebraska,Barley,2002,spring,117.47000000000001,5.0,8.0,1760.53,21.21,10.379999999999999,13.0,0.0,424.01,5.87,126.20999999999998,27.0,0.0,1870.87,29.72,100.43,2.0,8.0,1474.6300000000003,21.21,20.16,3.0,0.0,322.30000000000007,8.209999999999999,133.47000000000003,40.0,0.0,2258.48,29.72
United States,Nebraska,Barley,2003,spring,250.17000000000004,1.0,7.0,1606.6999999999998,37.41,46.47,2.0,0.0,405.78999999999996,31.5,78.86,22.0,0.0,1975.79,16.519999999999996,225.32,1.0,7.0,1431.3600000000001,37.41,43.599999999999994,0.0,0.0,280.83,13.77,106.58000000000001,24.0,0.0,2276.09,23.09
United States,Nebraska,Barley,2004,spring,200.92999999999998,3.0,5.0,1760.4499999999998,32.18000000000001,40.769999999999996,0.0,0.0,338.15,26.360000000000003,254.85000000000002,10.0,0.0,1883.17,57.51,137.68,2.0,5.0,1457.4499999999998,29.89,63.75,1.0,0.0,312.19,32.18000000000001,295.11999999999995,10.0,0.0,2212.130000000001,57.51
United States,Nebraska,Oats,1990,spring,131.94,0.0,11.0,1137.6899999999998,27.53,39.540000000000006,1.0,0.0,361.16999999999996,21.79,196.94,24.0,0.0,2393.6,36.769999999999996,141.79,0.0,11.0,1172.74,27.53,53.279999999999994,1.0,0.0,503.47,22.24,173.35,24.0,0.0,2216.25,36.769999999999996
United States,Nebraska,Oats,1991,spring,209.02999999999997,0.0,5.0,1069.16,44.050000000000004,55.7,0.0,0.0,346.56999999999994,20.810000000000002,156.63,20.0,1.0,2382.1100000000006,40.699999999999996,195.16,0.0,5.0,1031.93,44.050000000000004,72.42,0.0,0.0,428.9,26.810000000000002,153.78000000000003,20.0,1.0,2337.01,40.699999999999996
United States,Nebraska,Oats,1992,spring,42.980000000000004,0.0,8.0,1223.16,17.209999999999997,38.13,0.0,0.0,270.63000000000005,17.65,324.31,1.0,0.0,2193.8600000000006,74.27000000000001,35.79,0.0,8.0,1126.6199999999997,17.209999999999997,70.91,0.0,0.0,466.86,25.009999999999998,298.72,1.0,0.0,2094.17,74.27000000000001
United States,Nebraska,Oats,1993,spring,151.40000000000003,0.0,13.0,1070.0800000000002,31.299999999999997,48.64,0.0,0.0,297.83,22.28,435.68000000000006,0.0,0.0,2240.8300000000004,48.650000000000006,175.88,0.0,13.0,1164.09,31.299999999999997,121.57,0.0,0.0,494.96000000000004,48.65,338.27000000000004,0.0,0.0,1949.6899999999998,42.849999999999994
United States,Nebraska,Oats,1994,spring,82.88,0.0,17.0,1209.93,28.93,66.30000000000001,0.0,0.0,380.57,42.83,273.94,4.0,0.0,2388.92,38.599999999999994,80.22999999999999,0.0,17.0,1183.77,28.93,69.00999999999999,1.0,0.0,482.2,42.83,273.88,3.0,0.0,2313.4500000000003,38.599999999999994
United States,Nebraska,Oats,1995,spring,256.76,0.0,16.0,936.78,81.05,49.199999999999996,0.0,0.0,299.53999999999996,24.19,217.17000000000002,23.0,2.0,2400.6699999999996,40.55,305.95,0.0,16.0,1206.33,81.05,44.8,0.0,0.0,497.68,36.68,172.38,23.0,2.0,1932.98,40.55
United States,Nebraska,Oats,1996,spring,157.95999999999998,0.0,12.0,1081.15,75.03999999999999,35.98,0.0,0.0,379.23,19.21,342.92999999999995,3.0,0.0,2172.83,71.35,177.36999999999998,0.0,12.0,1171.93,75.03999999999999,54.15,0.0,0.0,494.23,27.9,305.34999999999997,3.0,0.0,1967.0499999999997,71.35
United States,Nebraska,Oats,1997,spring,116.53,0.0,14.0,1096.2500000000002,39.61,25.97,0.0,0.0,356.7300000000001,17.23,300.38,13.0,0.0,2349.4500000000003,44.57000000000001,135.32999999999998,0.0,14.0,1289.45,39.61,42.550000000000004,1.0,0.0,441.78,19.84,265.0,12.0,0.0,2071.2,44.57000000000001
United States,Nebraska,Oats,1998,spring,106.17999999999998,0.0,10.0,1224.25,31.060000000000002,80.13999999999999,0.0,0.0,314.12,59.47,243.22,16.0,0.0,2386.669999999999,28.700000000000003,106.17999999999998,0.0,10.0,1224.25,31.060000000000002,117.63,0.0,0.0,522.1300000000001,59.47,205.73000000000002,16.0,0.0,2178.6599999999994,26.68
United States,Nebraska,Oats,1999,spring,158.45,0.0,10.0,1091.82,29.39,70.81,0.0,0.0,354.28999999999996,42.08,241.19,12.0,0.0,2337.9599999999996,36.71000000000001,178.76,0.0,10.0,1180.8,29.39,79.01,0.0,0.0,437.01,42.08,212.68,12.0,0.0,2166.26,36.71000000000001
United States,Nebraska,Oats,2000,spring,99.53000000000002,0.0,10.0,1181.4199999999998,28.04,29.639999999999997,5.0,0.0,384.37,19.46,199.83999999999997,29.0,0.0,2359.71,23.89,88.2,0.0,10.0,1116.7399999999998,28.04,46.87,5.0,0.0,496.3,24.189999999999998,193.94,29.0,0.0,2312.4600000000005,23.89
United States,Nebraska,Oats,2001,spring,218.01,0.0,7.0,1207.1999999999998,51.68,36.0,0.0,0.0,301.09999999999997,13.930000000000001,241.62,26.0,0.0,2465.2000000000003,29.79,214.81,0.0,7.0,1167.3799999999999,51.68,48.919999999999995,0.0,0.0,486.69999999999993,14.829999999999998,231.89999999999998,26.0,0.0,2319.42,29.79
United States,Nebraska,Oats,2002,spring,81.17999999999999,0.0,8.0,1212.89,21.21,28.03,3.0,0.0,397.35,12.870000000000001,144.85000000000002,42.0,0.0,2445.17,29.72,81.22,0.0,8.0,1241.94,21.21,36.089999999999996,3.0,0.0,463.87,12.870000000000001,136.75,42.0,0.0,2349.6,29.72
United States,Nebraska,Oats,2003,spring,189.44000000000003,0.0,7.0,1132.97,37.41,44.86999999999999,1.0,0.0,350.78,14.21,141.19,24.0,0.0,2504.5299999999997,31.5,189.44000000000003,0.0,7.0,1132.97,37.41,61.00000000000001,1.0,0.0,497.78000000000003,14.21,125.06,24.0,0.0,2357.5299999999997,31.5
United States,Nebraska,Oats,2004,spring,119.83999999999999,2.0,5.0,1247.23,29.89,44.629999999999995,1.0,0.0,384.37,24.89,332.08,10.0,0.0,2350.1700000000005,57.51,119.52999999999999,2.0,5.0,1164.7100000000003,29.89,45.0,1.0,0.0,497.95000000000005,24.89,332.02,10.0,0.0,2319.11,57.51
United States,Nebraska,Oats,2005,spring,117.61,0.0,9.0,1228.43,37.660000000000004,121.81000000000002,0.0,0.0,304.11,66.10000000000001,168.01000000000005,19.0,0.0,2467.480000000001,50.53999999999999,116.74,0.0,9.0,1198.2,37.660000000000004,127.83,0.0,0.0,475.46,66.10000000000001,162.86,19.0,0.0,2326.36,50.53999999999999
United States,Nebraska,Oats,2006,spring,47.96,2.0,5.0,1282.8999999999999,15.83,24.550000000000004,3.0,0.0,387.28999999999996,11.669999999999998,267.86999999999995,23.0,0.0,2354.4099999999994,42.15,41.540000000000006,0.0,5.0,1082.97,15.83,18.729999999999997,3.0,0.0,461.95,9.16,280.11,25.0,0.0,2479.68,42.15
United States,Nebraska,Oats,2007,spring,235.57999999999998,0.0,11.0,1180.7,79.11,123.99999999999999,0.0,0.0,336.21000000000004,81.87,251.14000000000001,3.0,0.0,2334.9,26.54,235.57999999999998,0.0,11.0,1180.7,79.11,158.42000000000002,0.0,0.0,491.62000000000006,81.87,216.71999999999994,3.0,0.0,2179.4900000000002,26.54
United States,Nebraska,Oats,2008,spring,301.74,0.0,19.0,1158.8400000000001,106.13,66.44,0.0,0.0,373.04999999999995,28.240000000000002,255.05999999999997,4.0,0.0,2454.1800000000003,34.34,344.21999999999997,0.0,19.0,1317.84,106.13,49.87,0.0,0.0,557.03,20.84,229.15,4.0,0.0,2111.1999999999994,34.34
United States,Nebraska,Oats,2009,spring,140.14999999999998,0.0,12.0,1135.32,24.510000000000005,80.58999999999999,0.0,0.0,277.21,33.7,306.77,1.0,0.0,2353.3699999999994,32.39,144.57999999999998,0.0,12.0,1222.6699999999998,24.510000000000005,126.66999999999999,0.0,0.0,446.88999999999993,33.7,256.26,1.0,0.0,2096.3399999999997,32.39
United States,Nebraska,Oats,2010,spring,128.41,0.0,6.0,1187.33,26.35,200.34,0.0,0.0,334.29999999999995,114.55000000000001,330.09,0.0,0.0,2476.4400000000005,41.0,153.77999999999997,0.0,6.0,1274.2499999999998,26.35,223.38000000000002,0.0,0.0,434.86999999999995,114.55000000000001,281.68,0.0,0.0,2288.9500000000007,41.0
United States,Nebraska,Oats,2011,spring,160.14000000000001,0.0,9.0,1091.2699999999998,45.15,19.419999999999998,0.0,0.0,339.6799999999999,9.59,256.96,15.0,0.0,2366.980000000001,38.720000000000006,171.76,0.0,9.0,1214.13,45.15,75.96000000000001,0.0,0.0,464.73,38.720000000000006,188.79999999999998,15.0,0.0,2119.07,36.370000000000005
United States,Nebraska,Oats,2012,spring,148.98,0.0,0.0,1224.1,48.63,8.58,1.0,0.0,387.67,5.76,64.58,52.0,0.0,2559.59,12.15,136.3,0.0,0.0,1036.6399999999999,48.63,18.94,1.0,0.0,506.62,11.620000000000001,66.9,52.0,0.0,2628.1,12.15
United States,Nebraska,Oats,2013,spring,141.31000000000003,0.0,23.0,1135.22,43.35,47.25,0.0,0.0,371.12999999999994,29.94,276.46000000000004,27.0,0.0,2341.9399999999996,34.06,174.3,0.0,23.0,1275.6999999999998,45.94,54.36,1.0,0.0,473.6700000000001,24.179999999999996,236.36,26.0,0.0,2098.92,34.06
United States,Nebraska,Oats,2014,spring,69.74999999999999,0.0,11.0,1178.73,17.419999999999998,118.98000000000002,0.0,0.0,328.33,64.48,287.07,7.0,0.0,2414.0600000000004,37.85,70.38999999999999,0.0,11.0,1236.72,17.419999999999998,158.9,0.0,0.0,480.28,64.48,246.51000000000002,7.0,0.0,2204.1199999999994,37.85
United States,Nebraska,Oats,2015,spring,174.17999999999998,0.0,3.0,1073.55,38.989999999999995,61.42000000000001,0.0,0.0,324.90999999999997,28.76,256.39,13.0,0.0,2358.54,43.550000000000004,176.73999999999998,0.0,3.0,1122.6,38.989999999999995,105.19,0.0,0.0,437.38,35.81,210.06000000000003,13.0,0.0,2197.0199999999995,43.550000000000004
United States,Nebraska,Oats,2016,spring,275.09000000000003,0.0,5.0,1164.7099999999998,77.45,17.81,0.0,0.0,437.24,10.42,253.26999999999998,6.0,0.0,2335.67,27.63,285.51000000000005,0.0,5.0,1247.1799999999998,77.45,46.46,1.0,0.0,523.2800000000001,30.839999999999996,214.2,5.0,0.0,2167.16,24.53
United States,Nebraska,Oats,2017,spring,149.45000000000002,0.0,3.0,1155.0600000000002,32.78,6.069999999999999,0.0,0.0,386.86999999999995,3.2,360.21000000000004,14.0,0.0,2392.8700000000003,84.93,149.45000000000002,0.0,3.0,1216.54,32.78,9.080000000000002,1.0,0.0,439.96000000000004,3.2,357.20000000000005,13.0,0.0,2278.3,84.93
United States,Nebraska,Oats,2018,spring,212.38,0.0,17.0,1132.3600000000004,79.21000000000001,37.22,0.0,0.0,404.84999999999997,25.15,332.01000000000005,2.0,0.0,2264.8699999999994,40.379999999999995,215.43,0.0,17.0,1202.9100000000003,79.21000000000001,47.629999999999995,2.0,0.0,454.54999999999995,25.15,318.54999999999995,0.0,0.0,2144.62,40.379999999999995
United States,Nebraska,Oats,2019,spring,225.39,0.0,8.0,1096.5700000000002,63.67,43.74,0.0,0.0,394.28,19.77,410.65000000000003,2.0,0.0,2292.1099999999997,49.150000000000006,248.81999999999996,0.0,8.0,1245.0900000000001,63.67,62.97,0.0,0.0,529.5400000000001,18.200000000000003,367.99,2.0,0.0,2008.3300000000002,49.150000000000006
United States,Nebraska,Oats,2020,spring,145.89,0.0,14.0,1190.7099999999998,49.85000000000001,27.25,0.0,0.0,400.03999999999996,17.03,164.08,12.0,0.0,2454.0400000000004,37.879999999999995,147.27,0.0,14.0,1327.3499999999997,49.85000000000001,32.43,0.0,0.0,465.35999999999996,17.03,157.52,12.0,0.0,2252.0800000000004,37.879999999999995
United States,Nebraska,Oats,2021,spring,111.15,0.0,15.0,1137.4799999999998,23.28,15.059999999999999,0.0,0.0,397.27,12.75,237.8,17.0,0.0,2373.17,30.369999999999997,123.9,0.0,15.0,1188.4599999999996,23.28,4.73,4.0,0.0,490.49,2.16,235.38,13.0,0.0,2228.9700000000003,30.369999999999997
United States,Nebraska,Oats,2022,spring,118.33,0.0,14.0,1233.3,43.449999999999996,49.83000000000001,0.0,0.0,346.65000000000003,29.44,151.35000000000002,40.0,0.0,2512.6499999999996,31.92,125.52,0.0,14.0,1250.95,43.449999999999996,45.45,2.0,0.0,476.58,29.44,148.54000000000002,38.0,0.0,2365.0699999999997,31.92
United States,Nebraska,Oats,2023,spring,154.98000000000002,0.0,12.0,1268.2,63.870000000000005,45.75,0.0,0.0,356.72,18.11,251.29,18.0,0.0,2416.5699999999997,33.739999999999995,147.63,0.0,12.0,1228.1100000000001,63.870000000000005,55.25,0.0,0.0,482.45000000000005,23.150000000000006,249.14,18.0,0.0,2330.93,33.739999999999995
United States,Nebraska,Oats,2024,spring,178.82999999999998,0.0,7.0,1254.72,39.06,61.44,1.0,0.0,370.88,26.209999999999997,181.73,19.0,0.0,2348.17,34.28,178.82999999999998,0.0,7.0,1254.72,39.06,80.50999999999999,1.0,0.0,472.49000000000007,26.209999999999997,162.66,19.0,0.0,2246.56,34.28
United States,Nebraska,Oats,2025,spring,131.60999999999999,0.0,8.0,1160.6499999999999,37.08,66.78,0.0,0.0,357.75,47.47,366.68000000000006,14.0,0.0,2263.9900000000002,62.83,116.71000000000001,0.0,8.0,1134.9299999999998,34.32,92.27000000000002,0.0,0.0,490.03999999999996,47.47,356.09000000000003,14.0,0.0,2157.42,62.83
United States,North Dakota,Wheat,1990,spring,187.25000000000003,0.0,25.0,1668.4199999999998,34.199999999999996,52.339999999999996,0.0,0.0,369.45000000000005,29.08,125.39999999999999,0.0,0.0,1759.2499999999998,21.9,187.25000000000003,0.0,25.0,1668.4199999999998,34.199999999999996,52.339999999999996,0.0,0.0,369.45000000000005,29.08,125.39999999999999,0.0,0.0,1759.2499999999998,21.9
United States,North Dakota,Wheat,1991,spring,187.85,0.0,19.0,1541.1100000000001,27.88,44.2,0.0,0.0,282.26,25.57,140.54,5.0,2.0,1706.57,30.36,146.92,0.0,19.0,1301.8400000000001,27.88,50.839999999999996,0.0,0.0,363.69000000000005,24.58,174.83,5.0,2.0,1864.41,30.36
United States,North Dakota,Wheat,1992,spring,121.13,0.0,21.0,1667.16,28.580000000000002,30.35,0.0,0.0,294.76,23.060000000000002,113.69000000000001,1.0,2.0,1593.2799999999997,19.75,108.46000000000001,0.0,21.0,1578.51,28.580000000000002,43.02,0.0,0.0,383.41,23.060000000000002,113.69000000000001,1.0,2.0,1593.2799999999997,19.75
United States,North Dakota,Wheat,1993,spring,188.9,0.0,20.0,1594.0700000000002,46.53,92.11,0.0,0.0,268.67,46.07,283.44000000000005,0.0,1.0,1523.7600000000002,58.73,200.86,0.0,20.0,1613.8400000000001,46.53,104.1,0.0,0.0,387.54999999999995,46.07,259.49,0.0,1.0,1385.11,58.72999999999999
United States,North Dakota,Wheat,1994,spring,163.04,0.0,23.0,1675.0,34.46000000000001,21.33,0.0,0.0,358.08000000000004,10.14,147.19,0.0,0.0,1642.4700000000003,43.599999999999994,154.06,0.0,23.0,1608.3000000000002,34.46000000000001,27.63,0.0,0.0,371.11,10.14,149.86999999999998,0.0,0.0,1696.1399999999999,43.599999999999994
United States,North Dakota,Wheat,1995,spring,158.42000000000002,0.0,24.0,1581.79,41.95,44.11,0.0,0.0,253.19999999999996,23.63,146.53,3.0,3.0,1737.9499999999996,30.909999999999997,174.00000000000003,0.0,24.0,1650.37,41.95,35.47,0.0,0.0,341.93,23.63,139.59,3.0,3.0,1580.6399999999999,30.57
United States,North Dakota,Wheat,1996,spring,121.75,0.0,30.0,1565.9299999999998,19.92,40.24,0.0,0.0,301.34999999999997,22.89,154.90999999999997,3.0,1.0,1654.85,28.75,150.19000000000003,0.0,30.0,1642.8600000000001,22.89,27.089999999999996,0.0,0.0,363.15000000000003,10.42,139.62,3.0,1.0,1516.12,28.75
United States,North Dakota,Wheat,1997,spring,115.96000000000001,0.0,22.0,1756.0400000000002,63.24,80.92999999999999,0.0,0.0,316.46000000000004,51.059999999999995,98.16999999999999,2.0,0.0,1714.68,25.54,115.96000000000001,0.0,22.0,1756.0400000000002,63.24,86.64999999999999,0.0,0.0,368.56,51.059999999999995,92.44999999999999,2.0,0.0,1662.58,25.54
United States,North Dakota,Wheat,1998,spring,143.54000000000005,0.0,11.0,1645.82,33.01,80.12000000000002,0.0,0.0,314.05,41.34,131.6,2.0,0.0,1811.0799999999997,28.1,109.99,0.0,11.0,1583.1,17.810000000000002,72.33000000000001,0.0,0.0,310.86,32.98,172.93999999999997,2.0,0.0,1876.99,51.5
United States,North Dakota,Wheat,1999,spring,254.79000000000002,0.0,14.0,1644.3899999999999,59.99,31.919999999999998,0.0,0.0,322.4,11.64,207.31,3.0,2.0,1662.8499999999997,72.05000000000001,254.79000000000002,0.0,14.0,1644.3899999999999,59.99,42.739999999999995,0.0,0.0,405.55,11.64,196.49,3.0,2.0,1579.6999999999998,72.05000000000001
United States,North Dakota,Wheat,2000,spring,239.18,0.0,21.0,1598.6200000000001,79.42999999999999,38.32,0.0,0.0,321.3,22.439999999999998,162.70000000000002,3.0,1.0,1666.2999999999997,23.68,239.18,0.0,21.0,1598.6200000000001,79.42999999999999,40.92999999999999,0.0,0.0,367.81,22.439999999999998,160.08999999999997,3.0,1.0,1619.79,23.68
United States,North Dakota,Wheat,2001,spring,193.4,0.0,19.0,1651.26,40.019999999999996,8.37,0.0,0.0,341.01,4.529999999999999,145.5,6.0,1.0,1737.4399999999996,36.27,192.19,0.0,19.0,1599.79,40.019999999999996,9.410000000000002,0.0,0.0,363.71000000000004,4.529999999999999,145.67000000000002,6.0,1.0,1766.21,36.27
United States,North Dakota,Wheat,2002,spring,138.01999999999998,0.0,33.0,1623.92,38.78,20.62,3.0,0.0,374.90000000000003,11.75,140.29999999999995,7.0,2.0,1639.9199999999998,21.98,149.87,0.0,33.0,1717.12,38.78,11.08,3.0,0.0,327.35,8.08,137.98999999999998,7.0,2.0,1594.2699999999998,20.72
United States,North Dakota,Wheat,2003,spring,225.41,0.0,11.0,1545.49,30.939999999999998,25.919999999999998,0.0,0.0,323.42,11.479999999999999,123.63999999999999,10.0,1.0,1702.02,35.290000000000006,219.88,0.0,11.0,1467.21,30.939999999999998,30.65,0.0,0.0,370.95,11.479999999999999,124.44,10.0,1.0,1732.77,35.290000000000006
United States,North Dakota,Wheat,2004,spring,188.38,0.0,26.0,1652.7299999999998,47.27,27.29,0.0,0.0,326.14000000000004,13.67,155.52,1.0,0.0,1591.8700000000001,23.200000000000003,189.38000000000002,0.0,26.0,1754.4499999999998,47.27,50.17999999999999,0.0,0.0,376.86,15.100000000000001,131.63,1.0,0.0,1439.43,23.200000000000003
United States,North Dakota,Wheat,2005,spring,214.38,0.0,16.0,1621.0699999999997,55.34,111.89,0.0,0.0,314.13999999999993,61.620000000000005,116.60000000000002,2.0,0.0,1714.61,21.4,201.71,0.0,16.0,1509.5300000000004,55.34,123.28999999999999,0.0,0.0,351.47999999999996,61.620000000000005,117.87,2.0,0.0,1788.8099999999997,21.4
United States,North Dakota,Wheat,2006,spring,120.51,0.0,14.0,1678.38,23.65,16.780000000000005,0.0,0.0,364.75,14.340000000000002,147.32000000000002,10.0,1.0,1715.3200000000004,27.78,103.72,0.0,14.0,1414.3900000000003,23.65,31.32,0.0,0.0,387.45,14.340000000000002,149.57,10.0,1.0,1956.6100000000001,27.78
United States,North Dakota,Wheat,2007,spring,324.06,0.0,16.0,1626.12,59.44,14.739999999999998,0.0,0.0,366.79,7.37,129.08,6.0,0.0,1684.1200000000001,29.71,305.45,0.0,16.0,1512.5999999999997,59.44,28.66,0.0,0.0,367.07,18.54,133.77,6.0,0.0,1797.36,29.71
United States,North Dakota,Wheat,2008,spring,181.56000000000003,0.0,26.0,1634.88,54.36,10.780000000000001,0.0,0.0,362.99,7.02,205.47,0.0,0.0,1738.46,25.43,185.32000000000005,0.0,26.0,1739.5100000000002,54.36,17.66,0.0,0.0,387.21000000000004,9.29,194.83,0.0,0.0,1609.61,25.43
United States,North Dakota,Wheat,2009,spring,146.08999999999997,0.0,24.0,1674.4999999999998,35.39,35.67,0.0,0.0,357.8399999999999,29.400000000000002,131.39,1.0,0.0,1655.85,29.12,178.35000000000002,0.0,24.0,1823.85,35.39,54.51,0.0,0.0,401.9,29.119999999999997,80.29000000000002,1.0,0.0,1462.44,28.5
United States,North Dakota,Wheat,2010,spring,247.2,0.0,15.0,1573.75,39.910000000000004,45.47000000000001,0.0,0.0,346.05999999999995,29.75,235.86999999999998,3.0,1.0,1670.9,57.05,226.63,0.0,15.0,1521.3899999999999,39.910000000000004,65.37,0.0,0.0,376.7099999999999,30.54,236.54,3.0,1.0,1692.6100000000001,57.05
United States,North Dakota,Wheat,2011,spring,264.59,0.0,20.0,1468.77,54.41,25.04,0.0,0.0,345.63,12.19,223.6,0.0,0.0,1716.08,35.29,277.86,0.0,20.0,1594.29,54.41,43.63000000000001,0.0,0.0,382.77000000000004,26.990000000000002,191.74,0.0,0.0,1553.42,35.29
United States,North Dakota,Wheat,2012,spring,184.73,0.0,11.0,1608.78,26.87,9.379999999999999,0.0,0.0,348.28999999999996,4.3,91.46000000000001,5.0,1.0,1675.0800000000002,20.2,156.11999999999998,0.0,11.0,1459.4299999999998,26.87,33.21,0.0,0.0,374.86,18.63,96.24000000000001,5.0,1.0,1797.8600000000001,24.43
United States,North Dakota,Wheat,2013,spring,291.51,0.0,32.0,1567.3700000000001,68.52,36.24,0.0,0.0,369.93,22.15,154.25,1.0,0.0,1665.21,47.76,317.17999999999995,0.0,32.0,1717.69,68.52,25.36,0.0,0.0,371.69,12.69,139.46,1.0,0.0,1513.13,47.76
United States,North Dakota,Wheat,2014,spring,171.32,0.0,27.0,1572.73,36.02,72.62,0.0,0.0,285.34999999999997,51.81,195.83,0.0,1.0,1624.24,49.75,185.28,0.0,27.0,1646.33,36.02,64.6,0.0,0.0,348.97,51.81,189.89,0.0,1.0,1487.02,49.75
United States,North Dakota,Wheat,2015,spring,196.04,0.0,18.0,1658.6699999999998,33.57000000000001,27.27,0.0,0.0,311.82,9.65,114.43,6.0,0.0,1749.34,29.419999999999998,184.6,0.0,18.0,1633.37,33.57000000000001,38.709999999999994,0.0,0.0,337.11999999999995,16.52,114.43,6.0,0.0,1749.34,29.419999999999998
United States,North Dakota,Wheat,2016,spring,174.90999999999997,0.0,16.0,1743.04,33.35,11.07,0.0,0.0,352.11999999999995,5.32,194.16,2.0,0.0,1633.6699999999998,23.990000000000002,165.60999999999996,0.0,16.0,1594.9499999999998,33.35,13.379999999999999,0.0,0.0,405.9700000000001,7.0,201.15,2.0,0.0,1727.91,23.99
United States,North Dakota,Wheat,2017,spring,91.86,1.0,14.0,1790.67,33.21,15.769999999999998,2.0,0.0,341.02,11.399999999999999,176.70000000000002,4.0,0.0,1681.5400000000004,26.89,83.2,1.0,14.0,1624.46,33.21,21.330000000000002,0.0,0.0,397.11,11.399999999999999,179.8,6.0,0.0,1791.6599999999999,26.89
United States,North Dakota,Wheat,2018,spring,162.52,0.0,21.0,1709.36,41.05,65.76,0.0,0.0,351.81,26.77,116.22000000000003,5.0,2.0,1669.3299999999997,19.770000000000003,148.14999999999998,0.0,21.0,1569.72,41.05,56.11,0.0,0.0,327.02,26.77,140.23999999999995,5.0,2.0,1833.76,23.1
United States,North Dakota,Wheat,2019,spring,163.28,0.0,23.0,1572.4300000000003,32.230000000000004,36.56,0.0,0.0,323.96,18.36,343.1,0.0,0.0,1602.3300000000004,46.25,163.29,0.0,23.0,1624.1700000000003,32.230000000000004,47.85000000000001,0.0,0.0,334.26000000000005,18.36,331.8,0.0,0.0,1540.2900000000004,46.25
United States,North Dakota,Wheat,2020,spring,75.29,0.0,27.0,1759.2199999999998,19.75,67.95,0.0,0.0,343.8399999999999,54.78,101.5,3.0,0.0,1775.78,16.950000000000003,75.30000000000001,0.0,27.0,1782.4699999999998,19.75,67.94,0.0,0.0,320.59,54.78,101.5,3.0,0.0,1775.78,16.950000000000003
United States,North Dakota,Wheat,2021,spring,111.4,1.0,20.0,1747.1200000000001,30.55,16.99,3.0,0.0,346.78999999999996,11.07,140.48999999999998,11.0,0.0,1564.5700000000002,46.13000000000001,92.88000000000001,1.0,20.0,1549.8400000000001,30.55,30.930000000000003,1.0,0.0,381.55,18.48,145.07000000000002,13.0,0.0,1727.09,46.13000000000001
United States,North Dakota,Wheat,2022,spring,240.62999999999997,1.0,29.0,1555.65,47.36,33.04,0.0,0.0,359.07,20.979999999999997,109.26000000000002,4.0,0.0,1737.1100000000004,21.43,248.04999999999998,1.0,29.0,1676.9800000000002,47.36,50.449999999999996,0.0,0.0,378.7299999999999,21.43,84.43,4.0,0.0,1596.1200000000001,17.939999999999998
United States,North Dakota,Wheat,2023,spring,168.06,0.0,20.0,1667.5199999999998,54.23,63.79,0.0,0.0,306.40999999999997,46.28,177.49000000000004,3.0,0.0,1580.5700000000004,30.410000000000004,134.19,0.0,20.0,1441.24,54.23,84.16999999999999,0.0,0.0,335.88,46.28,190.98000000000002,3.0,0.0,1777.38,30.410000000000004
United States,North Dakota,Wheat,2024,spring,221.61,0.0,14.0,1650.6399999999999,35.519999999999996,48.599999999999994,0.0,0.0,317.5799999999999,15.030000000000001,113.37,3.0,0.0,1625.66,31.05,212.06,0.0,14.0,1586.86,35.519999999999996,58.150000000000006,0.0,0.0,381.35999999999996,15.03,113.37,3.0,0.0,1625.66,31.05
United States,North Dakota,Wheat,2025,spring,237.30999999999997,2.0,17.0,1613.2299999999998,91.25,13.83,0.0,0.0,323.07,6.640000000000001,174.54000000000002,2.0,0.0,1592.0700000000002,35.97,229.42999999999998,2.0,17.0,1518.24,91.25,15.070000000000002,0.0,0.0,353.07,8.04,181.18,2.0,0.0,1657.0600000000002,35.97
United States,North Dakota,Barley,1990,spring,187.25000000000003,0.0,25.0,1668.4199999999998,34.199999999999996,52.339999999999996,0.0,0.0,369.45000000000005,29.08,125.39999999999999,0.0,0.0,1759.2499999999998,21.9,187.27000000000004,0.0,25.0,1697.0299999999997,34.199999999999996,52.32,0.0,0.0,340.84000000000003,29.08,125.39999999999999,0.0,0.0,1759.2499999999998,21.9
United States,North Dakota,Barley,1991,spring,187.85,0.0,19.0,1541.1100000000001,27.88,44.2,0.0,0.0,282.26,25.57,140.54,5.0,2.0,1706.57,30.36,146.92999999999998,0.0,19.0,1331.68,27.88,60.32,0.0,0.0,344.1,24.58,165.34,5.0,2.0,1854.1599999999999,30.36
United States,North Dakota,Barley,1992,spring,121.13,0.0,21.0,1667.16,28.580000000000002,30.35,0.0,0.0,294.76,23.060000000000002,113.69000000000001,1.0,2.0,1593.2799999999997,19.75,119.89,0.0,21.0,1606.85,28.580000000000002,38.64000000000001,0.0,0.0,368.71999999999997,23.060000000000002,106.64000000000001,1.0,2.0,1579.63,19.75
United States,North Dakota,Barley,1993,spring,188.9,0.0,20.0,1594.0700000000002,46.53,92.11,0.0,0.0,268.67,46.07,283.44000000000005,0.0,1.0,1523.7600000000002,58.73,212.51000000000002,0.0,20.0,1645.8700000000001,46.53,92.44999999999999,0.0,0.0,355.52,46.07,259.49,0.0,1.0,1385.11,58.72999999999999
United States,North Dakota,Barley,1994,spring,163.04,0.0,23.0,1675.0,34.46000000000001,21.33,0.0,0.0,358.08000000000004,10.14,147.19,0.0,0.0,1642.4700000000003,43.599999999999994,159.2,0.0,23.0,1622.54,34.46000000000001,24.15,0.0,0.0,384.85,10.14,148.21,0.0,0.0,1668.1599999999999,43.599999999999994
United States,North Dakota,Barley,1995,spring,158.42000000000002,0.0,24.0,1581.79,41.95,44.11,0.0,0.0,253.19999999999996,23.63,146.53,3.0,3.0,1737.9499999999996,30.909999999999997,174.00000000000003,0.0,24.0,1674.78,41.95,35.47,0.0,0.0,317.5199999999999,23.63,139.59,3.0,3.0,1580.6399999999999,30.57
United States,North Dakota,Barley,1996,spring,121.75,0.0,30.0,1565.9299999999998,19.92,40.24,0.0,0.0,301.34999999999997,22.89,154.90999999999997,3.0,1.0,1654.85,28.75,150.34999999999997,0.0,30.0,1668.66,22.89,26.93,0.0,0.0,337.35,10.42,139.62,3.0,1.0,1516.12,28.75
United States,North Dakota,Barley,1997,spring,115.96000000000001,0.0,22.0,1756.0400000000002,63.24,80.92999999999999,0.0,0.0,316.46000000000004,51.059999999999995,98.16999999999999,2.0,0.0,1714.68,25.54,124.16000000000001,0.0,22.0,1772.6700000000003,63.24,78.44999999999999,0.0,0.0,351.93,51.059999999999995,92.44999999999999,2.0,0.0,1662.58,25.54
United States,North Dakota,Barley,1998,spring,143.54000000000005,0.0,11.0,1645.82,33.01,80.12000000000002,0.0,0.0,314.05,41.34,131.6,2.0,0.0,1811.0799999999997,28.1,128.4,0.0,11.0,1590.34,19.34,53.92000000000001,0.0,0.0,303.62,20.46,172.93999999999997,2.0,0.0,1876.99,51.5
United States,North Dakota,Barley,1999,spring,254.79000000000002,0.0,14.0,1644.3899999999999,59.99,31.919999999999998,0.0,0.0,322.4,11.64,207.31,3.0,2.0,1662.8499999999997,72.05000000000001,255.43,0.0,14.0,1664.84,59.99,42.1,0.0,0.0,385.1,11.64,196.49,3.0,2.0,1579.6999999999998,72.05000000000001
United States,North Dakota,Barley,2000,spring,239.18,0.0,21.0,1598.6200000000001,79.42999999999999,38.32,0.0,0.0,321.3,22.439999999999998,162.70000000000002,3.0,1.0,1666.2999999999997,23.68,242.62,0.0,21.0,1624.14,79.42999999999999,37.49,0.0,0.0,342.28999999999996,22.439999999999998,160.08999999999997,3.0,1.0,1619.79,23.68
United States,North Dakota,Barley,2001,spring,193.4,0.0,19.0,1651.26,40.019999999999996,8.37,0.0,0.0,341.01,4.529999999999999,145.5,6.0,1.0,1737.4399999999996,36.27,193.4,0.0,19.0,1620.29,40.019999999999996,8.2,0.0,0.0,343.21000000000004,4.529999999999999,145.67000000000002,6.0,1.0,1766.21,36.27
United States,North Dakota,Barley,2002,spring,138.01999999999998,0.0,33.0,1623.92,38.78,20.62,3.0,0.0,374.90000000000003,11.75,140.29999999999995,7.0,2.0,1639.9199999999998,21.98,149.89000000000001,0.0,33.0,1745.2299999999998,38.78,11.45,3.0,0.0,326.11,8.08,137.59999999999997,7.0,2.0,1567.4,20.33
United States,North Dakota,Barley,2003,spring,225.41,0.0,11.0,1545.49,30.939999999999998,25.919999999999998,0.0,0.0,323.42,11.479999999999999,123.63999999999999,10.0,1.0,1702.02,35.290000000000006,219.88,0.0,11.0,1499.14,30.939999999999998,30.650000000000002,0.0,0.0,339.02000000000004,11.479999999999999,124.44,10.0,1.0,1732.77,35.290000000000006
United States,North Dakota,Barley,2004,spring,188.38,0.0,26.0,1652.7299999999998,47.27,27.29,0.0,0.0,326.14000000000004,13.67,155.52,1.0,0.0,1591.8700000000001,23.200000000000003,193.87,0.0,26.0,1798.27,47.27,45.69,0.0,0.0,333.04,15.100000000000001,131.63,1.0,0.0,1439.43,23.200000000000003
United States,North Dakota,Barley,2005,spring,214.38,0.0,16.0,1621.0699999999997,55.34,111.89,0.0,0.0,314.13999999999993,61.620000000000005,116.60000000000002,2.0,0.0,1714.61,21.4,205.02,0.0,16.0,1537.7600000000004,55.34,119.97999999999999,0.0,0.0,323.25,61.620000000000005,117.87,2.0,0.0,1788.8099999999997,21.4
United States,North Dakota,Barley,2006,spring,120.51,0.0,14.0,1678.38,23.65,16.780000000000005,0.0,0.0,364.75,14.340000000000002,147.32000000000002,10.0,1.0,1715.3200000000004,27.78,109.02000000000001,0.0,14.0,1430.01,23.65,26.020000000000007,0.0,0.0,371.83,14.340000000000002,149.57,10.0,1.0,1956.6100000000001,27.78
United States,North Dakota,Barley,2007,spring,324.06,0.0,16.0,1626.12,59.44,14.739999999999998,0.0,0.0,366.79,7.37,129.08,6.0,0.0,1684.1200000000001,29.71,323.99,0.0,16.0,1543.0299999999997,59.44,14.7,0.0,0.0,363.02000000000004,7.29,129.18999999999997,6.0,0.0,1770.9799999999996,29.71
United States,North Dakota,Barley,2008,spring,181.56000000000003,0.0,26.0,1634.88,54.36,10.780000000000001,0.0,0.0,362.99,7.02,205.47,0.0,0.0,1738.46,25.43,188.72000000000006,0.0,26.0,1760.6600000000003,54.36,14.259999999999998,0.0,0.0,366.06,9.29,194.83,0.0,0.0,1609.61,25.43
United States,North Dakota,Barley,2009,spring,146.08999999999997,0.0,24.0,1674.4999999999998,35.39,35.67,0.0,0.0,357.8399999999999,29.400000000000002,131.39,1.0,0.0,1655.85,29.12,178.35000000000002,0.0,24.0,1854.53,35.39,54.510000000000005,0.0,0.0,371.22,29.119999999999997,80.29000000000002,1.0,0.0,1462.44,28.5
United States,North Dakota,Barley,2010,spring,247.2,0.0,15.0,1573.75,39.910000000000004,45.47000000000001,0.0,0.0,346.05999999999995,29.75,235.86999999999998,3.0,1.0,1670.9,57.05,247.2,0.0,15.0,1573.75,39.910000000000004,44.80000000000001,0.0,0.0,324.34999999999997,29.75,236.54,3.0,1.0,1692.6100000000001,57.05
United States,North Dakota,Barley,2011,spring,264.59,0.0,20.0,1468.77,54.41,25.04,0.0,0.0,345.63,12.19,223.6,0.0,0.0,1716.08,35.29,277.87,0.0,20.0,1653.24,54.41,46.09,0.0,0.0,339.38,26.990000000000002,189.26999999999998,0.0,0.0,1537.8600000000001,35.29
United States,North Dakota,Barley,2012,spring,184.73,0.0,11.0,1608.78,26.87,9.379999999999999,0.0,0.0,348.28999999999996,4.3,91.46000000000001,5.0,1.0,1675.0800000000002,20.2,174.36999999999998,0.0,11.0,1501.1099999999997,26.87,14.959999999999999,0.0,0.0,333.18,9.959999999999999,96.24000000000001,5.0,1.0,1797.8600000000001,24.43
United States,North Dakota,Barley,2013,spring,291.51,0.0,32.0,1567.3700000000001,68.52,36.24,0.0,0.0,369.93,22.15,154.25,1.0,0.0,1665.21,47.76,317.17999999999995,0.0,32.0,1745.98,68.52,26.259999999999998,0.0,0.0,358.96000000000004,12.69,138.56,1.0,0.0,1497.57,47.76
United States,North Dakota,Barley,2014,spring,171.32,0.0,27.0,1572.73,36.02,72.62,0.0,0.0,285.34999999999997,51.81,195.83,0.0,1.0,1624.24,49.75,189.09,0.0,27.0,1666.8,36.02,60.81999999999999,0.0,0.0,355.39,48.49,189.86,0.0,1.0,1460.13,49.75
United States,North Dakota,Barley,2015,spring,196.04,0.0,18.0,1658.6699999999998,33.57000000000001,27.27,0.0,0.0,311.82,9.65,114.43,6.0,0.0,1749.34,29.419999999999998,196.04,0.0,18.0,1658.6699999999998,33.57000000000001,27.27,0.0,0.0,311.82,9.65,114.43,6.0,0.0,1749.34,29.419999999999998
United States,North Dakota,Barley,2016,spring,174.90999999999997,0.0,16.0,1743.04,33.35,11.07,0.0,0.0,352.11999999999995,5.32,194.16,2.0,0.0,1633.6699999999998,23.990000000000002,167.64999999999995,0.0,16.0,1625.4399999999998,33.35,11.34,0.0,0.0,375.48,7.0,201.15,2.0,0.0,1727.91,23.99
United States,North Dakota,Barley,2017,spring,91.86,1.0,14.0,1790.67,33.21,15.769999999999998,2.0,0.0,341.02,11.399999999999999,176.70000000000002,4.0,0.0,1681.5400000000004,26.89,83.38000000000001,1.0,14.0,1651.23,33.21,21.15,0.0,0.0,370.34,11.399999999999999,179.8,6.0,0.0,1791.6599999999999,26.89
United States,North Dakota,Barley,2018,spring,162.52,0.0,21.0,1709.36,41.05,65.76,0.0,0.0,351.81,26.77,116.22000000000003,5.0,2.0,1669.3299999999997,19.770000000000003,148.57999999999998,0.0,21.0,1598.24,41.05,55.67999999999999,0.0,0.0,298.5,26.77,140.23999999999995,5.0,2.0,1833.76,23.1
United States,North Dakota,Barley,2019,spring,163.28,0.0,23.0,1572.4300000000003,32.230000000000004,36.56,0.0,0.0,323.96,18.36,343.1,0.0,0.0,1602.3300000000004,46.25,166.63,0.0,23.0,1646.9300000000003,32.230000000000004,44.510000000000005,0.0,0.0,311.5,18.36,331.8,0.0,0.0,1540.2900000000004,46.25
United States,North Dakota,Barley,2020,spring,75.29,0.0,27.0,1759.2199999999998,19.75,67.95,0.0,0.0,343.8399999999999,54.78,101.5,3.0,0.0,1775.78,16.950000000000003,75.31000000000002,0.0,27.0,1810.8799999999999,19.75,67.92999999999999,0.0,0.0,292.17999999999995,54.78,101.5,3.0,0.0,1775.78,16.950000000000003
United States,North Dakota,Barley,2021,spring,111.4,1.0,20.0,1747.1200000000001,30.55,16.99,3.0,0.0,346.78999999999996,11.07,140.48999999999998,11.0,0.0,1564.5700000000002,46.13000000000001,92.88000000000001,1.0,20.0,1579.68,30.55,30.93,1.0,0.0,351.71000000000004,18.48,145.07000000000002,13.0,0.0,1727.09,46.13000000000001
United States,North Dakota,Barley,2022,spring,240.62999999999997,1.0,29.0,1555.65,47.36,33.04,0.0,0.0,359.07,20.979999999999997,109.26000000000002,4.0,0.0,1737.1100000000004,21.43,248.68999999999994,1.0,29.0,1735.08,47.36,49.809999999999995,0.0,0.0,320.62999999999994,21.43,84.43,4.0,0.0,1596.1200000000001,17.939999999999998
United States,North Dakota,Barley,2023,spring,168.06,0.0,20.0,1667.5199999999998,54.23,63.79,0.0,0.0,306.40999999999997,46.28,177.49000000000004,3.0,0.0,1580.5700000000004,30.410000000000004,134.19,0.0,20.0,1492.45,54.23,84.16999999999999,0.0,0.0,284.67,46.28,190.98000000000002,3.0,0.0,1777.38,30.410000000000004
United States,North Dakota,Barley,2024,spring,221.61,0.0,14.0,1650.6399999999999,35.519999999999996,48.599999999999994,0.0,0.0,317.5799999999999,15.030000000000001,113.37,3.0,0.0,1625.66,31.05,212.06,0.0,14.0,1642.32,35.519999999999996,58.15,0.0,0.0,325.9,15.03,113.37,3.0,0.0,1625.66,31.05
United States,North Dakota,Barley,2025,spring,237.30999999999997,2.0,17.0,1613.2299999999998,91.25,13.83,0.0,0.0,323.07,6.640000000000001,174.54000000000002,2.0,0.0,1592.0700000000002,35.97,230.59999999999997,2.0,17.0,1541.72,91.25,13.9,0.0,0.0,329.59,8.04,181.18,2.0,0.0,1657.0600000000002,35.97
United States,North Dakota,Oats,1990,spring,186.31000000000003,0.0,25.0,1644.5299999999997,34.199999999999996,53.279999999999994,0.0,0.0,393.34000000000003,29.08,125.39999999999999,0.0,0.0,1759.2499999999998,21.9,128.42,0.0,25.0,1429.8600000000001,34.16,102.65,0.0,0.0,503.79999999999995,34.199999999999996,133.92,0.0,0.0,1863.4599999999998,21.9
United States,North Dakota,Oats,1991,spring,187.81,0.0,19.0,1516.67,27.88,44.239999999999995,0.0,0.0,306.69999999999993,25.57,140.54,5.0,2.0,1706.57,30.36,120.62000000000002,0.0,19.0,1107.0600000000002,27.88,70.24,0.0,0.0,476.78999999999996,24.58,181.73000000000002,5.0,2.0,1946.0900000000001,30.36
United States,North Dakota,Oats,1992,spring,120.22,0.0,21.0,1647.7,28.580000000000002,31.26,0.0,0.0,314.21999999999997,23.060000000000002,113.69000000000001,1.0,2.0,1593.2799999999997,19.75,77.12,0.0,21.0,1362.16,23.59,49.81999999999999,0.0,0.0,498.56,28.580000000000002,138.23,1.0,2.0,1694.4799999999998,22.66
United States,North Dakota,Oats,1993,spring,186.69,0.0,20.0,1563.2900000000002,46.53,94.32000000000001,0.0,0.0,299.45,46.07,283.44000000000005,0.0,1.0,1523.7600000000002,58.73,173.09999999999997,0.0,20.0,1357.88,46.53,109.47999999999999,0.0,0.0,523.67,46.07,281.87,0.0,1.0,1504.9500000000003,58.72999999999999
United States,North Dakota,Oats,1994,spring,159.2,0.0,23.0,1653.04,34.46000000000001,25.17,0.0,0.0,380.04,10.14,147.19,0.0,0.0,1642.4700000000003,43.599999999999994,90.11,0.0,23.0,1414.71,28.77,87.16,0.0,0.0,430.27000000000004,34.46,154.29000000000002,0.0,0.0,1830.5700000000002,43.599999999999994
United States,North Dakota,Oats,1995,spring,153.86,0.0,24.0,1576.47,41.95,48.67,0.0,0.0,258.5199999999999,23.629999999999995,146.53,3.0,3.0,1737.9499999999996,30.909999999999997,138.23000000000002,0.0,24.0,1479.22,41.95,65.8,0.0,0.0,410.7,25.31,145.03,3.0,3.0,1683.0199999999998,30.909999999999997
United States,North Dakota,Oats,1996,spring,120.33,0.0,30.0,1540.82,19.92,41.66,0.0,0.0,326.4599999999999,22.89,154.90999999999997,3.0,1.0,1654.85,28.75,107.53999999999998,0.0,30.0,1436.0300000000002,19.92,59.160000000000004,0.0,0.0,455.25,22.89,150.2,3.0,1.0,1630.85,28.75
United States,North Dakota,Oats,1997,spring,115.53,0.0,22.0,1730.91,63.24,81.36,0.0,0.0,341.59000000000003,51.059999999999995,98.16999999999999,2.0,0.0,1714.68,25.54,101.55,0.0,22.0,1528.62,63.24,94.87,0.0,0.0,463.62,51.059999999999995,98.64,2.0,0.0,1794.94,25.54
United States,North Dakota,Oats,1998,spring,143.33000000000004,0.0,11.0,1631.48,33.01,80.33000000000001,0.0,0.0,328.39,41.34,131.6,2.0,0.0,1811.0799999999997,28.1,82.96000000000001,0.0,11.0,1332.3600000000001,17.810000000000002,94.26,0.0,0.0,463.54,33.01,178.04,2.0,0.0,1975.0500000000002,51.5
United States,North Dakota,Oats,1999,spring,253.47000000000003,0.0,14.0,1621.04,59.99,33.24,0.0,0.0,345.75,11.64,207.31,3.0,2.0,1662.8499999999997,72.05000000000001,235.51,0.0,14.0,1379.8299999999997,59.99,48.080000000000005,0.0,0.0,536.1700000000001,11.77,210.43,3.0,2.0,1713.6399999999999,72.05000000000001
United States,North Dakota,Oats,2000,spring,237.59,0.0,21.0,1574.3500000000001,79.42999999999999,39.910000000000004,0.0,0.0,345.57,22.439999999999998,162.70000000000002,3.0,1.0,1666.2999999999997,23.68,134.80999999999997,0.0,21.0,1363.4000000000003,28.4,127.16,0.0,0.0,520.82,79.42999999999999,178.23,3.0,1.0,1702.0,23.68
United States,North Dakota,Oats,2001,spring,193.4,0.0,19.0,1620.29,40.019999999999996,8.37,0.0,0.0,371.98,4.529999999999999,145.5,6.0,1.0,1737.4399999999996,36.27,103.94000000000001,0.0,19.0,1356.9,16.46,95.47999999999999,0.0,0.0,481.30999999999995,40.019999999999996,147.85000000000002,6.0,1.0,1891.4999999999995,36.27
United States,North Dakota,Oats,2002,spring,135.82999999999998,0.0,33.0,1597.04,38.78,22.810000000000002,3.0,0.0,401.78000000000003,13.73,140.29999999999995,7.0,2.0,1639.9199999999998,21.98,130.01,0.0,33.0,1533.0599999999997,38.78,28.51,2.0,0.0,439.06999999999994,13.73,140.42,8.0,2.0,1666.6100000000001,21.98
United States,North Dakota,Oats,2003,spring,221.73,0.0,11.0,1527.2,30.939999999999998,29.6,0.0,0.0,341.71,11.479999999999999,123.63999999999999,10.0,1.0,1702.02,35.290000000000006,183.48,0.0,11.0,1236.6,30.939999999999998,57.40999999999999,0.0,0.0,498.18,28.589999999999996,134.08,10.0,1.0,1836.1499999999999,35.290000000000006
United States,North Dakota,Oats,2004,spring,188.28,0.0,26.0,1630.4999999999998,47.27,27.389999999999997,0.0,0.0,348.37000000000006,13.67,155.52,1.0,0.0,1591.8700000000001,23.200000000000003,182.64999999999998,0.0,26.0,1425.02,47.27,33.959999999999994,0.0,0.0,592.95,13.67,154.58,1.0,0.0,1552.7700000000002,23.200000000000003
United States,North Dakota,Oats,2005,spring,213.06,0.0,16.0,1594.4499999999998,55.34,113.21,0.0,0.0,340.76,61.620000000000005,116.60000000000002,2.0,0.0,1714.61,21.4,139.23000000000002,0.0,16.0,1271.67,32.04,115.05,0.0,0.0,486.15,48.92,188.58999999999997,2.0,0.0,1891.9999999999998,61.620000000000005
United States,North Dakota,Oats,2006,spring,119.71000000000001,0.0,14.0,1655.69,23.65,17.580000000000002,0.0,0.0,387.43999999999994,14.340000000000002,147.32000000000002,10.0,1.0,1715.3200000000004,27.78,75.71000000000001,0.0,14.0,1183.93,23.65,44.800000000000004,0.0,0.0,494.45,17.98,164.10000000000005,10.0,1.0,2080.0699999999997,27.78
United States,North Dakota,Oats,2007,spring,323.99,0.0,16.0,1604.34,59.44,14.809999999999999,0.0,0.0,388.57,7.37,129.08,6.0,0.0,1684.1200000000001,29.71,247.69,0.0,16.0,1289.8600000000001,59.44,83.71,0.0,0.0,489.34999999999997,33.86,136.48000000000002,6.0,0.0,1897.82,29.71
United States,North Dakota,Oats,2008,spring,181.52000000000004,0.0,26.0,1607.48,54.36,10.82,0.0,0.0,390.39,7.02,205.47,0.0,0.0,1738.46,25.43,172.67999999999998,0.0,26.0,1466.07,54.36,20.889999999999997,0.0,0.0,558.79,8.84,204.24000000000004,0.0,0.0,1711.47,25.43
United States,North Dakota,Oats,2009,spring,145.73999999999998,0.0,24.0,1652.1399999999999,35.39,36.019999999999996,0.0,0.0,380.19999999999993,29.400000000000002,131.39,1.0,0.0,1655.85,29.12,143.14000000000001,0.0,24.0,1576.0600000000002,35.39,68.9,0.0,0.0,552.13,29.400000000000002,101.11000000000001,1.0,0.0,1560.0,28.5
United States,North Dakota,Oats,2010,spring,232.73,0.0,15.0,1548.58,39.910000000000004,59.94000000000002,0.0,0.0,371.22999999999996,29.75,235.86999999999998,3.0,1.0,1670.9,57.05,175.88000000000002,0.0,15.0,1313.67,35.8,116.01000000000002,0.0,0.0,489.48999999999995,39.91,236.65,3.0,1.0,1787.5500000000002,57.05
United States,North Dakota,Oats,2011,spring,255.68999999999997,0.0,20.0,1458.54,54.41,33.940000000000005,0.0,0.0,355.86,12.189999999999998,223.6,0.0,0.0,1716.08,35.29,224.3,0.0,20.0,1391.68,54.41,92.32,0.0,0.0,478.46000000000004,30.450000000000003,196.61,0.0,0.0,1660.34,35.29
United States,North Dakota,Oats,2012,spring,184.70999999999998,0.0,11.0,1581.1399999999999,26.87,9.399999999999999,0.0,0.0,375.92999999999995,4.3,91.46000000000001,5.0,1.0,1675.0800000000002,20.2,124.06,0.0,11.0,1226.6299999999997,26.87,61.71,0.0,0.0,494.98,20.79,99.80000000000001,5.0,1.0,1910.54,24.43
United States,North Dakota,Oats,2013,spring,286.15999999999997,0.0,32.0,1559.16,68.52,41.59,0.0,0.0,378.14,27.02,154.25,1.0,0.0,1665.21,47.76,263.79,0.0,32.0,1485.8500000000001,68.52,67.17,0.0,0.0,497.74,38.66,151.04,1.0,0.0,1618.9200000000003,47.76
United States,North Dakota,Oats,2014,spring,171.07,0.0,27.0,1547.8,36.02,72.87,0.0,0.0,310.28000000000003,51.81,195.83,0.0,1.0,1624.24,49.75,149.61999999999998,0.0,27.0,1424.3200000000002,36.02,100.03,0.0,0.0,477.05,51.81,190.11999999999998,0.0,1.0,1580.95,49.75
United States,North Dakota,Oats,2015,spring,184.6,0.0,18.0,1633.37,33.57000000000001,38.709999999999994,0.0,0.0,337.11999999999995,16.52,114.43,6.0,0.0,1749.34,29.419999999999998,150.72,0.0,18.0,1354.0900000000001,33.57000000000001,63.76999999999999,0.0,0.0,521.34,24.950000000000003,123.25000000000001,6.0,0.0,1844.3999999999999,29.419999999999998
United States,North Dakota,Oats,2016,spring,168.73999999999998,0.0,16.0,1715.45,33.35,17.24,0.0,0.0,379.71000000000004,7.0,194.16,2.0,0.0,1633.6699999999998,23.990000000000002,142.57999999999998,0.0,16.0,1366.7899999999995,33.35,34.62,0.0,0.0,507.73999999999995,15.450000000000001,202.94,2.0,0.0,1854.3,23.99
United States,North Dakota,Oats,2017,spring,91.67,1.0,14.0,1761.03,33.21,15.96,2.0,0.0,370.65999999999997,11.399999999999999,176.70000000000002,4.0,0.0,1681.5400000000004,26.89,47.27,0.0,14.0,1376.1399999999999,15.22,45.72,1.0,0.0,537.24,33.21,191.33999999999997,6.0,0.0,1899.85,26.89
United States,North Dakota,Oats,2018,spring,162.51000000000002,0.0,21.0,1689.37,41.05,65.77000000000001,0.0,0.0,371.8,26.77,116.22000000000003,5.0,2.0,1669.3299999999997,19.770000000000003,103.80000000000001,0.0,21.0,1298.1499999999999,41.05,71.35999999999999,0.0,0.0,494.66999999999996,38.370000000000005,169.33999999999997,5.0,2.0,1937.68,26.77
United States,North Dakota,Oats,2019,spring,155.21,0.0,23.0,1565.2200000000003,27.04,44.63,0.0,0.0,331.16999999999996,18.36,343.1,0.0,0.0,1602.3300000000004,46.25,119.34,0.0,23.0,1400.6200000000001,27.04,78.50999999999999,0.0,0.0,462.1699999999999,32.230000000000004,345.09000000000003,0.0,0.0,1635.93,46.25
United States,North Dakota,Oats,2020,spring,75.28,0.0,27.0,1731.7499999999998,19.75,67.96,0.0,0.0,371.30999999999995,54.78,101.5,3.0,0.0,1775.78,16.950000000000003,71.25999999999999,0.0,27.0,1542.7,19.75,62.78,0.0,0.0,462.25000000000006,54.78,110.7,3.0,0.0,1873.8900000000003,16.95
United States,North Dakota,Oats,2021,spring,111.39,1.0,20.0,1719.3700000000001,30.55,17.0,3.0,0.0,374.53999999999996,11.07,140.48999999999998,11.0,0.0,1564.5700000000002,46.13000000000001,72.84,1.0,20.0,1346.68,30.55,39.8,1.0,0.0,481.12,18.48,156.24,13.0,0.0,1830.68,46.13
United States,North Dakota,Oats,2022,spring,240.23999999999998,1.0,29.0,1531.8600000000001,47.36,33.43,0.0,0.0,382.85999999999996,20.979999999999997,109.26000000000002,4.0,0.0,1737.1100000000004,21.43,228.03000000000003,0.0,29.0,1458.1200000000001,47.36,48.980000000000004,1.0,0.0,492.98999999999995,20.979999999999997,105.92000000000002,4.0,0.0,1700.7200000000003,21.43
United States,North Dakota,Oats,2023,spring,160.69,0.0,20.0,1650.6599999999999,54.23,71.16,0.0,0.0,323.27000000000004,46.28,177.49000000000004,3.0,0.0,1580.5700000000004,30.410000000000004,120.94000000000001,0.0,20.0,1235.5500000000002,54.23,55.98999999999999,0.0,0.0,448.4600000000001,21.97,232.41000000000003,3.0,0.0,1870.49,37.71
United States,North Dakota,Oats,2024,spring,212.06,0.0,14.0,1642.32,35.519999999999996,58.15,0.0,0.0,325.9,15.03,113.37,3.0,0.0,1625.66,31.05,166.64000000000001,0.0,14.0,1359.7900000000002,35.519999999999996,85.47999999999999,0.0,0.0,507.2300000000001,26.130000000000003,131.46,3.0,0.0,1726.8600000000001,31.05
United States,North Dakota,Oats,2025,spring,234.48999999999998,2.0,17.0,1589.9299999999998,91.25,16.65,0.0,0.0,346.37,6.640000000000001,174.54000000000002,2.0,0.0,1592.0700000000002,35.97,198.89,2.0,17.0,1313.6999999999998,91.25,45.49999999999999,0.0,0.0,439.18000000000006,23.19,181.29,2.0,0.0,1775.4900000000002,35.97
United States,North Dakota,Canola,1991,spring,232.04999999999998,0.0,19.0,1823.3700000000001,27.88,35.35,3.0,0.0,672.05,11.270000000000001,105.19,2.0,2.0,1034.52,30.36,117.66000000000001,0.0,19.0,1040.3600000000001,27.88,77.32,0.0,0.0,555.38,24.58,177.60999999999999,5.0,2.0,1934.2000000000003,30.36
United States,North Dakota,Canola,1992,spring,151.48000000000002,0.0,21.0,1961.92,28.580000000000002,57.050000000000004,0.0,0.0,603.9099999999999,16.09,56.64,1.0,2.0,989.37,19.75,75.86,0.0,21.0,1264.0900000000001,23.59,73.75999999999999,0.0,0.0,646.83,28.580000000000002,115.55000000000001,1.0,2.0,1644.2799999999997,19.75
United States,North Dakota,Canola,1993,spring,281.01,0.0,20.0,1862.74,46.53,232.57999999999996,0.0,0.0,525.14,58.73,50.86,0.0,1.0,998.62,12.71,173.09999999999997,0.0,20.0,1357.88,46.53,146.23999999999998,0.0,0.0,682.9399999999999,46.07,245.10999999999999,0.0,1.0,1345.68,56.63
United States,North Dakota,Canola,1994,spring,184.37,0.0,23.0,2033.08,34.46000000000001,53.06999999999999,0.0,0.0,653.75,23.349999999999998,94.12,0.0,0.0,988.72,43.6,84.32,0.0,23.0,1336.38,28.77,93.62,0.0,0.0,591.4200000000001,34.46,153.62,0.0,0.0,1747.75,43.599999999999994
United States,North Dakota,Canola,1995,spring,202.53,0.0,24.0,1834.99,41.95,76.56,0.0,0.0,693.8100000000001,30.909999999999997,69.97,3.0,3.0,1044.1399999999999,30.57,138.23000000000002,0.0,24.0,1479.22,41.95,71.23999999999998,0.0,0.0,513.0799999999999,25.31,139.59,3.0,3.0,1580.6399999999999,30.57
United States,North Dakota,Canola,1996,spring,161.99,0.0,30.0,1867.28,22.89,83.75,0.0,0.0,608.75,24.42,71.16,3.0,1.0,1046.1000000000001,28.75,105.65999999999998,0.0,30.0,1380.7000000000003,19.92,61.199999999999996,0.0,0.0,588.3699999999999,22.89,150.04000000000002,3.0,1.0,1553.06,28.75
United States,North Dakota,Canola,1997,spring,196.89,0.0,22.0,2072.5,63.24,55.27,2.0,0.0,652.7300000000001,25.54,42.900000000000006,0.0,0.0,1061.95,12.940000000000001,101.03,0.0,22.0,1476.13,63.24,96.14999999999999,0.0,0.0,624.6499999999999,51.059999999999995,97.88,2.0,0.0,1686.4,25.54
United States,North Dakota,Canola,1998,spring,223.65999999999997,0.0,11.0,1959.87,41.34,52.190000000000005,0.0,0.0,703.7800000000001,25.19,79.41,2.0,0.0,1107.3000000000002,20.66,79.38999999999999,0.0,11.0,1274.76,17.810000000000002,102.93,0.0,0.0,619.2,33.01,172.93999999999997,2.0,0.0,1876.99,51.5
United States,North Dakota,Canola,1999,spring,286.71000000000004,0.0,14.0,1966.79,59.99,49.870000000000005,3.0,0.0,683.2100000000002,14.8,157.44,0.0,2.0,979.64,72.05,235.12,0.0,14.0,1355.0799999999997,59.99,62.41,0.0,0.0,694.86,11.77,196.49,3.0,2.0,1579.6999999999998,72.05000000000001
United States,North Dakota,Canola,2000,spring,277.5,0.0,21.0,1919.92,79.42999999999999,61.67,1.0,0.0,660.4200000000001,23.68,101.03,2.0,1.0,1005.88,16.0,134.53999999999996,0.0,21.0,1312.6700000000003,28.4,145.04000000000002,0.0,0.0,625.3099999999997,79.42999999999999,160.62,3.0,1.0,1648.2399999999998,23.68
United States,North Dakota,Canola,2001,spring,201.76999999999998,0.0,19.0,1992.27,40.019999999999996,121.25,0.0,0.0,648.7999999999998,36.27,24.25,6.0,1.0,1088.6399999999996,7.209999999999999,87.28,0.0,19.0,1277.79,15.559999999999999,114.22999999999998,0.0,0.0,626.48,40.019999999999996,145.76000000000002,6.0,1.0,1825.4399999999998,36.27
United States,North Dakota,Canola,2002,spring,158.64,3.0,33.0,1998.82,38.78,60.92999999999999,6.0,0.0,643.6499999999999,21.98,79.37,1.0,2.0,996.27,19.740000000000002,126.18999999999998,0.0,33.0,1485.9499999999998,38.78,32.449999999999996,3.0,0.0,512.87,13.73,140.29999999999995,7.0,2.0,1639.9199999999998,21.98
United States,North Dakota,Canola,2003,spring,251.32999999999998,0.0,11.0,1868.9099999999999,30.939999999999998,47.58,2.0,0.0,655.2699999999999,33.81,76.06,8.0,1.0,1046.75,35.290000000000006,180.1,0.0,11.0,1204.1,30.939999999999998,70.08999999999999,0.0,0.0,604.4000000000001,28.589999999999996,124.77999999999999,10.0,1.0,1762.43,35.290000000000006
United States,North Dakota,Canola,2004,spring,215.67000000000002,0.0,26.0,1978.87,47.27,41.900000000000006,1.0,0.0,656.79,15.1,113.62000000000002,0.0,0.0,935.08,23.200000000000003,182.64999999999998,0.0,26.0,1425.02,47.27,56.90999999999999,0.0,0.0,735.28,15.100000000000001,131.63000000000002,1.0,0.0,1410.4400000000003,23.200000000000003
United States,North Dakota,Canola,2005,spring,326.27000000000004,0.0,16.0,1935.21,61.620000000000005,55.900000000000006,2.0,0.0,664.03,21.4,60.7,0.0,0.0,1050.58,19.82,132.13000000000002,0.0,16.0,1242.8500000000001,32.04,184.94,0.0,0.0,590.7700000000001,61.620000000000005,125.8,2.0,0.0,1816.1999999999998,21.4
United States,North Dakota,Canola,2006,spring,137.29,0.0,14.0,2043.13,23.65,38.28,9.0,0.0,686.5199999999999,15.95,109.03999999999999,1.0,1.0,1028.8,27.78,75.51,0.0,14.0,1129.6,23.65,59.34,0.0,0.0,617.06,17.98,149.76000000000002,10.0,1.0,2011.7900000000002,27.78
United States,North Dakota,Canola,2007,spring,338.8,0.0,16.0,1992.91,59.44,36.08,6.0,0.0,689.37,14.110000000000001,93.0,0.0,0.0,994.75,29.71,237.45999999999998,0.0,16.0,1191.81,59.44,93.94,0.0,0.0,643.8199999999999,41.72,136.48,6.0,0.0,1841.4,29.71
United States,North Dakota,Canola,2008,spring,192.33999999999997,0.0,26.0,1997.87,54.36,98.85,0.0,0.0,687.36,25.43,106.61999999999999,0.0,0.0,1051.1,20.89,172.67999999999998,0.0,26.0,1497.25,54.36,30.299999999999997,0.0,0.0,629.47,9.29,194.83,0.0,0.0,1609.61,25.43
United States,North Dakota,Canola,2009,spring,181.76,0.0,24.0,2032.3400000000001,35.39,61.129999999999995,0.0,0.0,642.9899999999999,29.12,70.26,1.0,0.0,1012.8600000000001,28.5,145.73999999999998,0.0,24.0,1623.03,35.39,87.11999999999999,0.0,0.0,659.82,29.400000000000002,80.29000000000002,1.0,0.0,1405.3400000000001,28.5
United States,North Dakota,Canola,2010,spring,292.67,0.0,15.0,1919.81,39.910000000000004,82.50000000000001,0.0,0.0,659.19,24.88,153.36999999999998,3.0,1.0,1011.71,57.05,175.88000000000002,0.0,15.0,1313.67,35.8,116.12,0.0,0.0,584.4300000000001,39.91,236.54,3.0,1.0,1692.6100000000001,57.05
United States,North Dakota,Canola,2011,spring,289.63,0.0,20.0,1814.4,54.41,109.25,0.0,0.0,626.23,28.08,114.35000000000001,0.0,0.0,1089.8500000000001,35.29,224.3,0.0,20.0,1391.68,54.41,97.19,0.0,0.0,585.3800000000001,30.450000000000003,191.74,0.0,0.0,1553.42,35.29
United States,North Dakota,Canola,2012,spring,194.11,0.0,11.0,1957.0699999999997,26.87,45.2,3.0,0.0,618.8299999999999,20.2,46.260000000000005,2.0,1.0,1056.25,16.09,124.06,0.0,11.0,1197.5399999999997,26.87,61.74,0.0,0.0,584.02,20.79,99.77000000000001,5.0,1.0,1850.59,24.43
United States,North Dakota,Canola,2013,spring,327.75,0.0,32.0,1937.3000000000002,68.52,37.489999999999995,0.0,0.0,636.8000000000002,11.59,116.75999999999999,1.0,0.0,1028.41,47.76,259.85,0.0,32.0,1408.2700000000002,68.52,76.83,0.0,0.0,602.02,38.66,145.32000000000002,1.0,0.0,1592.22,47.76
United States,North Dakota,Canola,2014,spring,243.94,0.0,27.0,1858.08,51.81,29.69,0.0,0.0,654.04,13.260000000000002,166.14,0.0,1.0,970.1999999999999,49.75,144.51999999999998,0.0,27.0,1416.63,36.02,105.36000000000001,0.0,0.0,578.67,51.81,189.89,0.0,1.0,1487.02,49.75
United States,North Dakota,Canola,2015,spring,223.31,0.0,18.0,1970.4899999999998,33.57000000000001,43.49000000000001,0.0,0.0,695.6600000000001,15.8,70.94,6.0,0.0,1053.68,29.419999999999998,150.72,0.0,18.0,1354.0900000000001,33.57000000000001,66.86000000000001,0.0,0.0,601.73,24.950000000000003,120.16,6.0,0.0,1764.01,29.419999999999998
United States,North Dakota,Canola,2016,spring,185.98,0.0,16.0,2095.16,33.35,91.45,1.0,0.0,635.3200000000002,23.82,102.71000000000001,1.0,0.0,998.35,23.990000000000002,142.57,0.0,16.0,1282.0299999999997,33.35,34.66,0.0,0.0,644.5999999999999,15.450000000000001,202.91,2.0,0.0,1802.2,23.99
United States,North Dakota,Canola,2017,spring,107.63,3.0,14.0,2131.69,33.21,64.08,3.0,0.0,686.2,26.53,112.62,1.0,0.0,995.34,26.05,47.27,0.0,14.0,1345.1399999999999,15.22,57.120000000000005,1.0,0.0,632.61,33.21,179.94000000000003,6.0,0.0,1835.48,26.89
United States,North Dakota,Canola,2018,spring,228.28,0.0,21.0,2061.17,41.05,32.720000000000006,1.0,0.0,691.96,15.23,83.5,4.0,2.0,977.37,19.770000000000003,67.42,0.0,21.0,1186.7499999999998,26.6,105.52999999999999,0.0,0.0,586.72,38.370000000000005,171.54999999999998,5.0,2.0,1957.0299999999997,26.77
United States,North Dakota,Canola,2019,spring,199.83999999999997,0.0,23.0,1896.39,32.230000000000004,71.92000000000002,0.0,0.0,674.0,38.4,271.18,0.0,0.0,928.3299999999999,46.25,119.16,0.0,23.0,1373.8600000000001,27.04,82.16000000000001,0.0,0.0,571.54,32.230000000000004,341.62,0.0,0.0,1553.3200000000004,46.25
United States,North Dakota,Canola,2020,spring,143.24,0.0,27.0,2103.06,54.78,37.23,0.0,0.0,704.72,16.950000000000003,64.27,3.0,0.0,1071.0600000000002,15.840000000000002,71.18,0.0,27.0,1457.3700000000003,19.75,63.99,0.0,0.0,570.1500000000001,54.78,109.57,3.0,0.0,1851.3200000000002,16.95
United States,North Dakota,Canola,2021,spring,128.39,4.0,20.0,2093.91,30.55,37.38,5.0,0.0,598.04,20.69,103.11,6.0,0.0,966.5300000000001,46.13,69.52,1.0,20.0,1290.18,30.55,51.599999999999994,1.0,0.0,544.8999999999999,18.48,147.76,13.0,0.0,1823.3999999999999,46.13
United States,North Dakota,Canola,2022,spring,273.67,1.0,29.0,1914.7199999999998,47.36,56.51000000000001,2.0,0.0,689.77,21.43,52.75,2.0,0.0,1047.3400000000001,10.110000000000001,228.03000000000003,0.0,29.0,1427.67,47.36,65.99,1.0,0.0,571.48,20.979999999999997,88.91,4.0,0.0,1652.68,17.939999999999998
United States,North Dakota,Canola,2023,spring,231.85,0.0,20.0,1973.9299999999998,54.23,52.809999999999995,1.0,0.0,625.0399999999998,19.88,124.67999999999999,2.0,0.0,955.53,30.410000000000004,117.42000000000002,0.0,20.0,1162.5900000000004,54.23,59.509999999999984,0.0,0.0,521.42,21.97,232.41000000000003,3.0,0.0,1870.49,37.71
United States,North Dakota,Canola,2024,spring,270.21,0.0,14.0,1968.22,35.519999999999996,30.259999999999998,3.0,0.0,642.89,11.229999999999999,83.11,0.0,0.0,982.7699999999999,31.05,166.64000000000001,0.0,14.0,1334.3200000000002,35.519999999999996,103.57,0.0,0.0,633.9,26.130000000000003,113.37,3.0,0.0,1625.66,31.05
United States,North Dakota,Canola,2025,spring,251.14,2.0,17.0,1936.3,91.25,75.06,1.0,0.0,597.5000000000001,35.97,99.47999999999999,1.0,0.0,994.57,32.77,197.91999999999996,2.0,17.0,1244.1299999999999,91.25,46.58,0.0,0.0,566.05,23.19,181.18,2.0,0.0,1718.19,35.97
United States,Oklahoma,Wheat,1990,winter,657.4200000000001,1.0,82.0,3132.88,87.71000000000001,133.11,0.0,0.0,465.91999999999996,79.17,81.59,4.0,0.0,1153.22,23.200000000000003,507.1300000000001,1.0,76.0,2536.77,87.71000000000001,148.11,0.0,6.0,575.6800000000001,51.03,216.88,4.0,0.0,1639.57,79.17
United States,Oklahoma,Wheat,1991,winter,346.5,9.0,78.0,3240.0099999999998,67.41,112.42999999999999,0.0,0.0,462.28,39.28,167.09,1.0,0.0,1056.31,44.26,279.28999999999996,9.0,74.0,2370.0099999999998,67.41,58.519999999999996,0.0,4.0,519.99,20.06,288.21,1.0,0.0,1868.6,44.26
United States,Oklahoma,Wheat,1992,winter,669.3900000000001,0.0,67.0,3022.27,82.32000000000001,49.06,0.0,0.0,593.35,37.809999999999995,271.75000000000006,0.0,0.0,869.96,39.230000000000004,573.82,0.0,60.0,2251.74,82.32000000000001,24.14,0.0,7.0,629.45,6.7700000000000005,392.24,0.0,0.0,1604.3899999999999,39.230000000000004
United States,Oklahoma,Wheat,1993,winter,587.29,0.0,95.0,2793.3100000000004,53.36,223.85999999999999,0.0,0.0,423.04,128.28,147.51,0.0,0.0,1036.4499999999998,34.74,533.65,0.0,95.0,2489.0199999999995,53.36,101.08000000000001,0.0,0.0,513.36,45.39999999999999,323.93,0.0,0.0,1250.4199999999998,128.28
United States,Oklahoma,Wheat,1994,winter,442.15999999999997,0.0,97.0,3180.33,60.69,112.58000000000001,0.0,0.0,425.76,64.25,113.90999999999998,8.0,0.0,1242.09,36.26,391.96,0.0,94.0,2826.7,60.69,62.05,0.0,3.0,486.11,48.87,214.64,8.0,0.0,1535.3700000000001,64.25
United States,Oklahoma,Wheat,1995,winter,507.02,0.0,70.0,2906.4700000000003,79.56,123.04000000000002,0.0,0.0,443.84,77.7,307.69,0.0,0.0,986.9500000000003,79.04,352.12,0.0,59.0,2042.96,79.56,91.83000000000001,0.0,11.0,505.77,57.769999999999996,493.80000000000007,0.0,0.0,1788.5299999999997,79.04
United States,Oklahoma,Wheat,1996,winter,307.6,6.0,85.0,3279.08,48.06,59.330000000000005,0.0,0.0,487.01,40.85,130.45000000000002,18.0,0.0,1180.36,49.71000000000001,257.49,6.0,75.0,2558.24,48.06,50.08,0.0,10.0,670.5500000000001,26.330000000000002,189.81,18.0,0.0,1717.66,49.71000000000001
United States,Oklahoma,Wheat,1997,winter,528.5799999999999,0.0,80.0,3062.24,69.9,86.84,0.0,0.0,527.5999999999999,40.05,164.09000000000003,0.0,0.0,1082.14,27.479999999999997,417.25,0.0,75.0,2459.6000000000004,69.9,111.27,0.0,5.0,578.0400000000001,45.88,250.99,0.0,0.0,1634.34,40.050000000000004
United States,Oklahoma,Wheat,1998,winter,578.24,8.0,79.0,3052.32,87.44999999999999,96.85000000000001,0.0,0.0,517.8499999999999,69.07,85.22,17.0,0.0,1183.2299999999998,33.73,526.7199999999999,8.0,76.0,2347.41,87.44999999999999,43.91,0.0,3.0,575.4,17.58,189.67999999999998,17.0,0.0,1830.5899999999997,69.07
United States,Oklahoma,Wheat,1999,winter,568.99,11.0,57.0,3119.4,82.44,176.57,0.0,0.0,503.23,105.42999999999999,227.82,0.0,0.0,964.5400000000001,54.6,364.77000000000004,11.0,34.0,1714.96,82.44,67.22000000000001,0.0,16.0,577.73,37.58,541.3899999999999,0.0,7.0,2294.4800000000005,105.42999999999999
United States,Oklahoma,Wheat,2000,winter,464.15,2.0,56.0,3255.2,59.5,85.75999999999999,0.0,0.0,501.76,61.08,220.09000000000003,5.0,0.0,964.47,46.27,292.34000000000003,2.0,47.0,2122.63,59.5,69.56,0.0,9.0,503.56000000000006,22.21,408.09999999999997,5.0,0.0,2095.24,61.08
United States,Oklahoma,Wheat,2001,winter,528.04,16.0,101.0,2922.53,100.22,48.45,0.0,0.0,528.93,30.76,186.88,0.0,0.0,1187.48,68.38,499.93999999999994,16.0,100.0,2476.32,100.22,28.04,0.0,1.0,416.05,15.69,235.39000000000001,0.0,0.0,1746.5699999999997,68.38
United States,Oklahoma,Wheat,2002,winter,452.68,0.0,74.0,3148.6,74.9,32.62,0.0,0.0,446.46,18.0,160.55999999999995,1.0,0.0,1117.6000000000004,35.56,323.03,0.0,54.0,2172.3399999999997,74.9,48.51,0.0,20.0,760.9899999999999,32.269999999999996,274.32,1.0,0.0,1779.3300000000002,41.51
United States,Oklahoma,Wheat,2003,winter,432.36,7.0,80.0,3036.19,38.57,32.900000000000006,0.0,0.0,527.11,14.68,177.03,1.0,0.0,1061.1699999999998,34.22,373.49,7.0,77.0,2418.21,38.57,44.87,0.0,3.0,570.16,15.5,223.92999999999998,1.0,0.0,1636.0999999999997,34.22
United States,Oklahoma,Wheat,2004,winter,410.65,0.0,66.0,3023.5499999999997,84.83,52.84,0.0,0.0,514.6600000000001,21.799999999999997,214.28000000000003,2.0,0.0,1023.3900000000001,87.35,266.39,0.0,64.0,2164.6299999999997,46.15,123.25,0.0,2.0,450.5,84.83,288.13,2.0,0.0,1946.4699999999998,87.35
United States,Oklahoma,Wheat,2005,winter,426.71,2.0,56.0,3040.7700000000004,66.85,44.58,0.0,0.0,482.59000000000003,31.380000000000003,154.58,10.0,0.0,1122.2900000000002,46.02,377.86,2.0,50.0,1922.81,66.85,38.199999999999996,0.0,6.0,613.5799999999999,16.05,209.81,10.0,0.0,2109.26,46.02
United States,Oklahoma,Wheat,2006,winter,203.32999999999998,3.0,57.0,3410.2799999999997,50.46,114.29,0.0,0.0,485.81,59.910000000000004,96.67,21.0,0.0,1269.82,41.03,122.22,1.0,33.0,1979.7200000000003,50.46,11.139999999999999,0.0,19.0,606.0799999999999,6.029999999999999,280.93,23.0,5.0,2580.1099999999997,59.910000000000004
United States,Oklahoma,Wheat,2007,winter,490.89,0.0,75.0,3131.99,88.77000000000001,170.70000000000002,0.0,0.0,441.3,102.16999999999999,406.26,0.0,0.0,878.8899999999999,84.03999999999999,287.76,0.0,71.0,2463.67,46.74,152.82,0.0,0.0,287.32,88.77000000000001,627.2700000000001,0.0,4.0,1701.19,102.16999999999999
United States,Oklahoma,Wheat,2008,winter,506.40999999999997,0.0,94.0,3248.7000000000003,81.27,95.15,0.0,0.0,563.6099999999999,69.67,203.08,0.0,0.0,1162.29,74.13999999999999,347.42,0.0,92.0,2575.4300000000003,56.160000000000004,158.99,0.0,2.0,598.42,81.27,298.23,0.0,0.0,1800.7500000000002,74.13999999999999
United States,Oklahoma,Wheat,2009,winter,309.19000000000005,0.0,84.0,3295.07,35.72,135.84,0.0,0.0,341.54999999999995,56.86000000000001,80.74999999999999,12.0,0.0,1217.99,21.17,195.7,0.0,78.0,2514.1100000000006,29.56,64.32,0.0,6.0,548.0799999999999,23.83,265.76,12.0,0.0,1792.42,56.86000000000001
United States,Oklahoma,Wheat,2010,winter,487.83,0.0,86.0,2812.49,66.39,65.06,0.0,0.0,495.08000000000004,43.26,199.22,5.0,0.0,1137.8899999999999,91.88000000000001,437.62,0.0,86.0,2499.08,66.39,62.489999999999995,0.0,0.0,441.71,44.56,252.0,5.0,0.0,1504.67,91.88000000000001
United States,Oklahoma,Wheat,2011,winter,233.39000000000004,2.0,78.0,3363.9400000000005,53.79,86.23000000000002,3.0,0.0,476.73,38.78,131.81,29.0,0.0,1230.5999999999997,67.10000000000001,223.57,2.0,74.0,2398.86,53.79,8.609999999999998,0.0,4.0,477.30999999999995,6.51,219.25000000000003,32.0,0.0,2195.1000000000004,67.10000000000001
United States,Oklahoma,Wheat,2012,winter,546.08,5.0,57.0,3202.15,73.98,52.47,0.0,0.0,515.21,34.15,99.88000000000001,8.0,0.0,1168.99,21.09,352.79,5.0,53.0,2216.61,70.71,112.68,0.0,4.0,431.09999999999997,73.98,232.96,8.0,0.0,2238.6400000000003,41.019999999999996
United States,Oklahoma,Wheat,2013,winter,415.38,7.0,79.0,3185.46,64.97,47.019999999999996,0.0,1.0,524.99,22.74,262.8,3.0,0.0,1063.3899999999999,89.53,167.20999999999998,7.0,49.0,1982.0400000000002,39.81,97.36,0.0,27.0,820.9300000000002,35.95,460.63000000000005,3.0,4.0,1970.87,89.53
United States,Oklahoma,Wheat,2014,winter,263.44,6.0,97.0,3223.34,35.96,35.78,3.0,0.0,596.64,15.18,213.29000000000002,4.0,0.0,1064.47,61.44,239.68999999999997,6.0,93.0,2578.2200000000003,35.96,17.92,0.0,4.0,586.4399999999999,7.109999999999999,254.89999999999998,7.0,0.0,1719.7900000000002,61.44
United States,Oklahoma,Wheat,2015,winter,363.83000000000004,4.0,71.0,3071.31,41.54,237.33999999999997,0.0,0.0,434.55999999999995,93.45,319.73,0.0,0.0,1043.4699999999998,95.06000000000002,253.36999999999998,4.0,67.0,2221.88,41.54,59.239999999999995,0.0,4.0,499.53,16.73,608.29,0.0,0.0,1827.9299999999998,95.06000000000002
United States,Oklahoma,Wheat,2016,winter,538.25,3.0,61.0,3342.08,80.51,47.44,0.0,0.0,575.49,23.369999999999997,132.67999999999998,3.0,0.0,1066.51,26.65,362.51,3.0,54.0,2076.54,80.51,46.81999999999999,0.0,4.0,510.71,17.61,309.04,3.0,3.0,2396.83,75.07000000000001
United States,Oklahoma,Wheat,2017,winter,439.21000000000004,1.0,51.0,3229.01,62.69999999999999,140.36,0.0,0.0,530.5699999999999,60.7,91.27999999999999,8.0,0.0,1175.1100000000001,41.93,223.45,1.0,35.0,1800.43,44.370000000000005,73.66999999999999,0.0,13.0,546.3299999999999,35.760000000000005,373.73,8.0,3.0,2587.93,62.7
United States,Oklahoma,Wheat,2018,winter,333.57,2.0,72.0,3190.87,68.8,86.86999999999999,0.0,0.0,552.26,38.82,213.35,7.0,0.0,1165.5,82.8,298.76,2.0,60.0,2203.38,68.8,30.79,0.0,5.0,549.6300000000001,21.79,304.23999999999995,7.0,7.0,2155.62,82.8
United States,Oklahoma,Wheat,2019,winter,614.48,1.0,82.0,2857.8199999999997,74.15,177.14,0.0,0.0,425.19000000000005,57.58,332.23,0.0,0.0,1081.6100000000001,86.14,527.36,1.0,81.0,2344.54,74.15,87.12,0.0,1.0,513.2800000000001,41.8,509.37,0.0,0.0,1506.8000000000002,86.14
United States,Oklahoma,Wheat,2020,winter,491.97,2.0,68.0,3079.58,69.05,71.22,0.0,0.0,531.1199999999999,30.189999999999998,114.19,0.0,0.0,1181.97,42.73,339.89,2.0,62.0,2262.94,69.05,115.15,0.0,3.0,420.18,57.71,222.34,0.0,3.0,2109.55,42.73
United States,Oklahoma,Wheat,2021,winter,432.6,0.0,69.0,3137.6800000000003,74.49,80.17,0.0,1.0,459.72,28.7,294.92,3.0,0.0,966.5099999999999,101.87,338.39,0.0,69.0,2397.0600000000004,74.49,57.94,0.0,0.0,526.48,34.74,411.35999999999996,3.0,1.0,1640.3700000000001,101.87
United States,Oklahoma,Wheat,2022,winter,297.47,8.0,65.0,3444.5699999999997,41.89,127.41,0.0,0.0,508.44,78.91,193.27999999999997,13.0,0.0,1146.8299999999997,89.86,155.88,8.0,9.0,1705.65,39.3,58.059999999999995,0.0,51.0,892.5300000000001,17.88,404.21999999999997,13.0,5.0,2501.66,89.86
United States,Oklahoma,Wheat,2023,winter,351.44,6.0,67.0,3257.13,42.93000000000001,140.83,0.0,0.0,445.46,57.86,154.92,3.0,0.0,1068.16,27.73,233.03000000000003,6.0,50.0,2031.0300000000002,42.93000000000001,77.0,0.0,16.0,583.8100000000001,23.27,337.16,3.0,1.0,2155.9100000000003,57.86
United States,Oklahoma,Wheat,2024,winter,418.92,14.0,54.0,3214.05,53.56,140.76,0.0,0.0,497.03999999999996,43.150000000000006,108.93000000000002,10.0,0.0,1125.0399999999997,44.46,294.02,14.0,44.0,1877.94,53.56,43.96,0.0,8.0,518.12,23.619999999999997,330.63,10.0,2.0,2440.0700000000006,44.46
United States,Oklahoma,Wheat,2025,winter,491.58,5.0,60.0,3282.51,132.92,201.14000000000001,0.0,0.0,500.5,91.42,302.38,0.0,0.0,1058.7199999999998,57.39,291.7499999999999,5.0,13.0,1679.53,132.92,77.36,0.0,46.0,854.98,25.64,625.99,0.0,1.0,2307.2200000000007,91.42
United States,Oklahoma,Barley,1990,spring,301.4,0.0,2.0,1650.6599999999996,79.17,11.18,8.0,0.0,436.0,6.91,248.5,24.0,0.0,1838.63,67.40999999999998,269.49,0.0,2.0,1153.0700000000002,79.17,30.099999999999998,0.0,0.0,283.41999999999996,23.200000000000003,261.49,32.0,0.0,2488.8,67.40999999999998
United States,Oklahoma,Barley,1991,spring,285.62,0.0,0.0,1595.33,44.26,64.39,2.0,0.0,391.75,41.56,279.33,29.0,0.0,1832.6,60.21,159.70999999999998,0.0,0.0,966.82,39.28,89.0,0.0,0.0,257.42,44.26,380.63000000000005,31.0,0.0,2595.44,60.21
United States,Oklahoma,Barley,1992,spring,314.05,0.0,0.0,1536.59,37.809999999999995,83.28,0.0,0.0,379.06999999999994,39.230000000000004,317.37,0.0,0.0,1852.0400000000002,43.769999999999996,175.95,0.0,0.0,1092.3999999999999,37.809999999999995,105.51,0.0,0.0,245.23000000000002,36.24,433.24,0.0,0.0,2430.07,43.77000000000001
United States,Oklahoma,Barley,1993,spring,360.12999999999994,0.0,1.0,1512.23,128.27999999999997,65.21000000000001,0.0,0.0,371.82,34.74,256.18,23.0,0.0,1910.6699999999998,60.69,324.46999999999997,0.0,1.0,1088.52,128.27999999999997,28.470000000000002,0.0,0.0,286.91,23.41,328.58,23.0,0.0,2419.29,60.69
United States,Oklahoma,Barley,1994,spring,268.63999999999993,1.0,3.0,1734.5499999999997,64.25,10.84,11.0,0.0,446.41999999999996,6.08,214.76,26.0,0.0,1912.8899999999999,40.7,189.18,0.0,3.0,1116.94,64.25,71.26,0.0,0.0,319.67999999999995,36.26,233.8,38.0,0.0,2657.2400000000002,40.7
United States,Oklahoma,Barley,1995,spring,475.18,0.0,0.0,1526.4599999999998,79.04,24.0,0.0,0.0,390.33,12.850000000000001,280.36,30.0,0.0,1869.5900000000001,72.32,284.11999999999995,0.0,0.0,1059.64,77.7,173.67,0.0,0.0,230.19999999999996,79.04,321.75,30.0,0.0,2496.5399999999995,72.32
United States,Oklahoma,Barley,1996,spring,193.6,9.0,2.0,1785.1599999999996,49.71000000000001,7.34,13.0,0.0,432.59,4.07,490.96,9.0,0.0,1682.67,84.43,66.9,5.0,2.0,1089.66,40.85,73.67,3.0,0.0,273.71,49.71000000000001,551.3299999999999,23.0,0.0,2537.0499999999997,84.43
United States,Oklahoma,Barley,1997,spring,314.81,0.0,5.0,1664.8799999999999,45.88,52.37,2.0,0.0,412.78000000000003,19.32,260.36,27.0,0.0,1839.97,55.27,242.86000000000004,0.0,5.0,1229.98,45.88,58.260000000000005,0.0,0.0,283.14,27.479999999999997,326.42,29.0,0.0,2404.5100000000007,55.269999999999996
United States,Oklahoma,Barley,1998,spring,194.51000000000002,5.0,0.0,1818.9699999999998,69.07,11.36,15.0,0.0,439.29999999999995,9.74,115.80999999999999,59.0,0.0,1982.4699999999998,40.87,142.15000000000003,0.0,0.0,1207.5900000000001,69.07,6.419999999999999,3.0,0.0,305.01,6.3999999999999995,173.10999999999999,76.0,0.0,2728.14,40.87
United States,Oklahoma,Barley,1999,spring,324.19000000000005,0.0,0.0,1684.57,105.42999999999999,122.01,0.0,0.0,304.21,54.6,175.81,35.0,0.0,1995.73,59.5,249.98,0.0,0.0,1158.0300000000002,105.42999999999999,28.16,0.0,0.0,262.96000000000004,12.69,343.87000000000006,35.0,0.0,2563.5200000000004,59.5
United States,Oklahoma,Oats,1990,spring,145.1,0.0,2.0,463.78000000000003,51.03,124.38999999999999,0.0,0.0,689.29,79.17,291.59,32.0,0.0,2772.22,67.40999999999998,242.68,0.0,2.0,928.38,79.17,55.51,0.0,0.0,409.54,23.200000000000003,262.89,32.0,0.0,2587.37,67.40999999999998
United States,Oklahoma,Oats,1991,spring,61.919999999999995,0.0,0.0,503.48999999999995,27.71,150.6,0.0,0.0,664.6,44.26,416.82,31.0,0.0,2651.5900000000006,60.21,139.82,0.0,0.0,775.41,39.28,66.42999999999999,0.0,0.0,366.71,44.26,423.09000000000003,31.0,0.0,2677.5600000000004,60.21
United States,Oklahoma,Oats,1992,spring,75.60000000000001,0.0,0.0,526.88,36.019999999999996,133.2,0.0,0.0,634.14,37.809999999999995,505.9,0.0,0.0,2606.6800000000003,43.77000000000001,123.83,0.0,0.0,910.83,37.809999999999995,124.63000000000001,0.0,0.0,342.2900000000001,36.24,466.23999999999995,0.0,0.0,2514.5800000000004,43.77000000000001
United States,Oklahoma,Oats,1993,spring,55.69,0.0,1.0,489.72,32.92999999999999,268.34,0.0,0.0,577.59,128.28,357.49,23.0,0.0,2727.4100000000003,60.69,294.73999999999995,0.0,1.0,871.67,128.27999999999997,42.529999999999994,0.0,0.0,425.08,19.97,344.25,23.0,0.0,2497.97,60.69
United States,Oklahoma,Oats,1994,spring,78.59,0.0,3.0,538.4799999999999,48.87,153.62,0.0,0.0,672.0,50.85,262.03,38.0,0.0,2883.38,40.7,164.05,0.0,3.0,852.88,64.25,68.36,0.0,0.0,475.64000000000004,36.26,261.83,38.0,0.0,2765.34,40.7
United States,Oklahoma,Oats,1995,spring,92.06,0.0,0.0,514.84,36.24,198.56,0.0,0.0,582.4000000000001,77.7,488.92,30.0,0.0,2689.1400000000003,79.04,186.92,0.0,0.0,856.2,77.7,206.38000000000002,0.0,0.0,358.02000000000004,79.04,386.24,30.0,0.0,2572.1600000000003,78.65
United States,Oklahoma,Oats,1996,spring,48.50000000000001,0.0,2.0,582.6100000000001,40.85,42.36000000000001,8.0,0.0,731.68,19.490000000000002,601.04,23.0,0.0,2586.13,84.43,65.1,0.0,2.0,906.2500000000001,40.85,25.759999999999998,8.0,0.0,380.53999999999996,19.49,601.0399999999998,23.0,0.0,2613.63,84.43
United States,Oklahoma,Oats,1997,spring,146.23,0.0,5.0,459.49999999999994,45.88,96.63,0.0,0.0,770.48,25.46,384.68,29.0,0.0,2687.6500000000005,55.269999999999996,209.54000000000002,0.0,5.0,1004.0699999999999,45.88,47.91,0.0,0.0,424.49,25.46,370.09,29.0,0.0,2489.0700000000006,55.269999999999996
United States,Oklahoma,Oats,1998,spring,87.64,0.0,0.0,590.3799999999999,69.07,60.919999999999995,0.0,0.0,716.61,31.82,173.11999999999998,79.0,0.0,2933.75,40.87,116.27000000000001,0.0,0.0,1029.5200000000002,69.07,32.29,1.0,0.0,364.36,31.82,173.11999999999998,78.0,0.0,2846.8599999999997,40.87
United States,Oklahoma,Oats,1999,spring,152.35,0.0,0.0,529.62,105.42999999999999,110.13,0.0,0.0,717.46,33.89,359.53,35.0,0.0,2737.4300000000003,59.5,216.44000000000003,0.0,0.0,926.5799999999999,105.42999999999999,60.15,0.0,0.0,425.19,17.089999999999996,345.42,35.0,0.0,2632.74,59.5
United States,Oklahoma,Oats,2000,spring,51.97,0.0,0.0,542.5099999999999,14.860000000000001,118.64,3.0,0.0,682.04,61.08,278.40999999999997,60.0,0.0,2792.57,46.27,124.63000000000001,0.0,0.0,856.8399999999999,61.08,45.97999999999999,4.0,0.0,396.51000000000005,38.61,278.40999999999997,59.0,0.0,2763.77,46.27
United States,Oklahoma,Oats,2001,spring,27.77,0.0,0.0,513.24,15.69,169.79,0.0,0.0,718.03,68.38,278.52,43.0,0.0,2907.4199999999996,74.9,64.63,0.0,0.0,758.3000000000001,30.76,132.93,0.0,0.0,472.97,68.38,278.52,43.0,0.0,2907.4199999999996,74.9
United States,Oklahoma,Oats,2002,spring,104.63,0.0,2.0,456.84000000000003,45.540000000000006,77.03,0.0,0.0,606.84,35.56,359.64000000000004,34.0,0.0,2865.87,48.059999999999995,115.36000000000001,0.0,2.0,710.6,45.540000000000006,66.36000000000001,0.0,0.0,440.7899999999999,35.56,359.58000000000004,34.0,0.0,2778.16,48.059999999999995
United States,Oklahoma,Oats,2003,spring,53.67000000000001,0.0,1.0,581.88,15.78,77.38,0.0,0.0,683.34,32.26,308.71000000000004,48.0,0.0,2770.0400000000004,67.94,68.97,0.0,1.0,894.8899999999999,15.78,62.07999999999999,1.0,0.0,399.62,32.26,308.71,47.0,0.0,2740.75,67.94
United States,Oklahoma,Oats,2004,spring,38.73000000000001,0.0,0.0,526.74,14.850000000000001,44.22,1.0,0.0,708.48,21.799999999999997,426.03000000000003,17.0,0.0,2700.01,87.35,61.31,0.0,0.0,854.1700000000001,21.799999999999997,17.32,1.0,0.0,361.83,12.54,430.35,17.0,0.0,2719.23,87.35
United States,Oklahoma,Oats,2005,spring,10.09,0.0,0.0,597.2900000000001,5.040000000000001,54.15,4.0,0.0,629.8,31.380000000000003,453.36999999999995,26.0,0.0,2887.75,63.920000000000016,52.540000000000006,0.0,0.0,872.2299999999999,30.79,23.21,4.0,0.0,384.8,11.75,441.86,26.0,0.0,2857.8100000000004,63.920000000000016
United States,Oklahoma,Oats,2006,spring,21.15,2.0,0.0,614.1,12.09,116.63,6.0,0.0,743.21,59.910000000000004,289.34999999999997,53.0,0.0,2949.100000000001,41.03,118.34,2.0,0.0,762.7100000000002,59.910000000000004,12.069999999999999,6.0,0.0,488.90000000000003,10.26,296.72,53.0,0.0,3054.8,41.03
United States,Oklahoma,Oats,2007,spring,65.7,0.0,4.0,473.37,28.65,233.28999999999996,0.0,0.0,586.77,102.16999999999999,690.78,2.0,0.0,2579.1600000000003,136.45999999999998,221.86999999999998,0.0,4.0,841.8399999999999,102.16999999999999,101.73,0.0,0.0,343.14000000000004,37.330000000000005,666.1699999999998,2.0,0.0,2454.32,136.45999999999998
United States,Oklahoma,Oats,2008,spring,110.58,0.0,1.0,565.86,81.27,135.59,0.0,0.0,781.85,69.67,388.92,20.0,0.0,2738.7599999999998,74.13999999999999,205.75,0.0,1.0,1061.03,81.27,43.95,0.0,0.0,394.61,28.04,385.39000000000004,20.0,0.0,2630.83,74.13999999999999
United States,Oklahoma,Oats,2009,spring,67.82999999999998,0.0,2.0,527.43,35.72,152.91000000000003,0.0,0.0,604.74,56.86,394.67,34.0,0.0,2782.8399999999997,60.69,185.04000000000005,0.0,2.0,731.8599999999998,56.86000000000001,50.64999999999999,0.0,0.0,517.08,21.17,379.7199999999999,34.0,0.0,2666.0699999999993,60.69
United States,Oklahoma,Oats,2010,spring,73.08,0.0,0.0,536.16,44.56,95.32,0.0,0.0,675.9000000000001,43.26,410.17,38.0,0.0,2870.109999999999,91.88000000000001,112.94000000000001,0.0,0.0,868.1899999999999,44.56,78.53,0.0,0.0,397.53000000000003,29.07,387.1,38.0,0.0,2816.45,91.88000000000001
United States,Oklahoma,Oats,2011,spring,47.94,0.0,0.0,537.88,38.78,131.16,4.0,0.0,742.51,67.10000000000001,155.60999999999999,91.0,0.0,2992.2200000000003,38.17,59.46,3.0,0.0,842.72,38.78,119.64,1.0,0.0,437.6700000000001,67.10000000000001,155.60999999999999,91.0,0.0,2992.2200000000003,38.17
United States,Oklahoma,Oats,2012,spring,77.61,0.0,0.0,527.8499999999999,41.019999999999996,87.38999999999999,0.0,0.0,713.4499999999999,34.15,221.36000000000004,62.0,0.0,2873.2299999999996,39.81,112.69,0.0,0.0,709.7499999999999,41.019999999999996,35.68,0.0,0.0,431.41999999999996,17.09,237.99,62.0,0.0,2973.3599999999997,39.81
United States,Oklahoma,Oats,2013,spring,162.64000000000004,0.0,4.0,472.11000000000007,64.97,117.74999999999999,0.0,0.0,633.1300000000001,31.14,508.01,26.0,0.0,2850.9,76.89,212.05,0.0,4.0,915.2,64.97,192.42999999999998,0.0,0.0,381.53999999999996,89.53,383.9200000000001,26.0,0.0,2659.4,63.16
United States,Oklahoma,Oats,2014,spring,34.160000000000004,0.0,1.0,581.7500000000001,9.76,64.62,5.0,0.0,746.31,25.71,370.99,41.0,0.0,2739.5,61.44,49.959999999999994,3.0,1.0,950.1700000000001,15.18,49.010000000000005,2.0,0.0,397.72999999999996,25.71,370.79999999999995,41.0,0.0,2719.6600000000003,61.44
United States,Oklahoma,Oats,2015,spring,108.31,0.0,0.0,486.21999999999997,38.589999999999996,376.37,0.0,0.0,560.54,95.06000000000002,383.58,8.0,0.0,2797.61,65.6,270.73,0.0,0.0,754.7900000000001,93.45,213.98000000000002,0.0,0.0,387.81,95.06000000000002,383.54999999999995,8.0,0.0,2701.77,65.6
United States,Oklahoma,Oats,2016,spring,146.62,0.0,0.0,557.8999999999999,75.07000000000001,79.22999999999999,0.0,0.0,678.81,26.65,333.17,20.0,0.0,2808.46,39.92999999999999,166.06,0.0,0.0,913.89,75.07000000000001,76.63000000000001,0.0,0.0,374.4700000000001,26.65,316.33,20.0,0.0,2756.81,39.93
United States,Oklahoma,Oats,2017,spring,122.24,0.0,0.0,510.16,44.18,143.41,0.0,0.0,757.4200000000001,60.580000000000005,359.85,32.0,0.0,2770.08,68.8,211.96,0.0,0.0,878.6600000000001,60.7,54.63,0.0,0.0,464.15999999999997,41.93,358.91,32.0,0.0,2694.8399999999997,68.8
United States,Oklahoma,Oats,2018,spring,55.650000000000006,0.0,7.0,558.69,39.05,89.8,0.0,0.0,782.54,32.64,501.62,32.0,0.0,2679.26,82.8,103.67,0.0,7.0,983.56,39.05,56.83,0.0,0.0,410.96000000000004,18.66,486.57,32.0,0.0,2625.9700000000003,82.8
United States,Oklahoma,Oats,2019,spring,107.82,0.0,0.0,547.5600000000001,41.8,341.12,0.0,0.0,573.3900000000001,86.14,378.62,15.0,0.0,2852.41,38.050000000000004,254.66000000000003,0.0,0.0,837.35,57.58,199.33999999999997,0.0,0.0,359.56000000000006,86.14,373.55999999999995,15.0,0.0,2776.45,38.050000000000004
United States,Oklahoma,Oats,2020,spring,51.10999999999999,0.0,3.0,503.6500000000001,30.189999999999998,99.59,0.0,0.0,687.96,29.85,353.71,24.0,0.0,2875.0499999999993,72.92,104.22999999999999,0.0,3.0,897.9799999999998,30.189999999999998,46.51,0.0,0.0,431.76000000000005,29.85,353.66999999999996,24.0,0.0,2736.9199999999996,72.92
United States,Oklahoma,Oats,2021,spring,72.59,0.0,1.0,508.4,26.810000000000002,130.32,0.0,0.0,580.8199999999999,41.01,375.25,27.0,0.0,2797.7,101.87,139.44,0.0,1.0,878.5899999999999,28.7,100.27,0.0,0.0,340.5300000000001,41.01,338.45,27.0,0.0,2667.7999999999997,101.87
United States,Oklahoma,Oats,2022,spring,40.69,0.0,0.0,556.2099999999999,18.98,206.79,2.0,0.0,699.35,89.86,289.42,66.0,0.0,2925.6,95.97,146.5,0.0,0.0,853.63,78.91,100.98,2.0,0.0,401.93,89.86,289.42,66.0,0.0,2925.6,95.97
United States,Oklahoma,Oats,2023,spring,76.86999999999999,0.0,0.0,574.4399999999999,54.04,128.54999999999998,0.0,0.0,622.31,57.86,385.03999999999996,50.0,0.0,2879.0699999999997,98.88,118.26999999999998,0.0,0.0,887.9099999999999,54.04,91.80999999999999,0.0,0.0,380.11,51.42,380.38,50.0,0.0,2807.7999999999997,98.88
United States,Oklahoma,Canola,2009,spring,49.199999999999996,0.0,2.0,365.96000000000004,35.72,169.63999999999996,0.0,0.0,663.2099999999999,56.86000000000001,396.57000000000005,34.0,0.0,2885.84,60.69,157.45,0.0,2.0,631.28,56.86000000000001,64.13999999999999,0.0,0.0,585.63,27.380000000000003,393.82,34.0,0.0,2698.1,60.69
United States,Oklahoma,Canola,2010,spring,60.800000000000004,0.0,0.0,362.34000000000003,44.56,105.86000000000001,0.0,0.0,743.7800000000001,43.26,411.9100000000001,38.0,0.0,2976.0499999999997,91.88000000000001,77.44,0.0,0.0,704.54,44.56,90.96000000000001,0.0,0.0,478.99,43.26,410.17,38.0,0.0,2898.64,91.88000000000001
United States,Oklahoma,Canola,2011,spring,1.17,0.0,0.0,435.76,0.76,177.60000000000002,3.0,0.0,731.54,67.10000000000001,155.94,92.0,0.0,3105.31,38.17,58.949999999999996,0.0,0.0,629.6899999999999,38.78,119.82000000000001,3.0,0.0,537.61,67.10000000000001,155.94,92.0,0.0,3105.31,38.17
United States,Oklahoma,Canola,2012,spring,75.58,0.0,0.0,325.15,41.019999999999996,72.79,0.0,0.0,816.02,34.15,237.99,62.0,0.0,2973.3599999999997,39.81,102.33000000000001,0.0,0.0,554.2799999999999,41.019999999999996,44.14,0.0,0.0,480.09000000000003,17.09,239.89000000000004,62.0,0.0,3080.1600000000003,39.81
United States,Oklahoma,Canola,2013,spring,142.3,0.0,3.0,311.82,64.97,116.22,0.0,1.0,732.5000000000001,31.14,529.88,26.0,0.0,2911.82,89.53,189.32000000000002,0.0,4.0,832.9499999999999,64.97,209.25,0.0,0.0,419.8499999999999,89.53,389.83000000000004,26.0,0.0,2703.3400000000006,63.16
United States,Oklahoma,Canola,2014,spring,11.259999999999998,0.0,1.0,399.46000000000004,7.109999999999999,67.99000000000001,5.0,0.0,851.42,25.71,390.52,41.0,0.0,2816.6800000000003,61.44,34.42,1.0,1.0,762.7199999999999,9.76,55.849999999999994,4.0,0.0,502.11999999999995,25.71,379.5,41.0,0.0,2802.7200000000003,61.44
United States,Oklahoma,Canola,2015,spring,57.71999999999999,0.0,0.0,343.5300000000001,32.97,406.01,0.0,0.0,626.8499999999999,95.06000000000002,404.53,8.0,0.0,2873.9900000000002,65.6,115.62,0.0,0.0,625.7600000000001,45.9,369.06,0.0,0.0,421.0,95.06000000000002,383.58,8.0,0.0,2797.61,65.6
United States,Oklahoma,Canola,2016,spring,117.41,0.0,0.0,370.59000000000003,75.07000000000001,95.49999999999999,0.0,0.0,771.0799999999999,26.65,346.11,20.0,0.0,2903.5,39.93,159.95000000000002,0.0,0.0,744.0,75.07000000000001,65.9,0.0,0.0,492.71000000000004,26.65,333.17,20.0,0.0,2808.46,39.92999999999999
United States,Oklahoma,Canola,2017,spring,66.37,0.0,0.0,367.15999999999997,30.029999999999998,197.03000000000003,0.0,0.0,786.9399999999999,60.70000000000001,362.1,32.0,0.0,2883.5600000000004,68.8,190.34000000000003,0.0,0.0,678.85,60.7,75.31,0.0,0.0,588.73,41.93,359.85,32.0,0.0,2770.08,68.8
United States,Oklahoma,Canola,2018,spring,2.8699999999999997,0.0,7.0,396.84000000000003,1.92,140.87,0.0,0.0,828.78,39.05,503.33,32.0,0.0,2794.87,82.8,88.36000000000001,0.0,7.0,848.6899999999999,39.05,55.62,0.0,0.0,465.49,18.66,503.09,32.0,0.0,2706.3100000000004,82.8
United States,Oklahoma,Canola,2019,spring,77.52,0.0,0.0,386.72,41.8,350.07000000000005,0.0,0.0,668.3000000000002,86.14,399.96999999999997,15.0,0.0,2918.34,38.050000000000004,179.82,0.0,0.0,657.2900000000001,41.8,269.12,0.0,0.0,463.65999999999997,86.14,378.62,15.0,0.0,2852.41,38.050000000000004
United States,Oklahoma,Canola,2020,spring,19.970000000000002,0.0,3.0,329.12,17.200000000000003,126.13,0.0,0.0,779.73,30.189999999999998,358.31,24.0,0.0,2957.81,72.92,61.05,0.0,3.0,750.96,30.189999999999998,89.65,0.0,0.0,525.07,29.85,353.71,24.0,0.0,2790.6299999999997,72.92
United States,Oklahoma,Canola,2021,spring,36.580000000000005,0.0,0.0,380.20000000000005,26.810000000000002,126.55000000000003,0.0,1.0,620.88,32.41,415.03,27.0,0.0,2885.84,101.87,103.86,0.0,1.0,734.2300000000001,28.7,132.96,0.0,0.0,439.32000000000005,41.01,341.34000000000003,27.0,0.0,2713.3699999999994,101.87
United States,Oklahoma,Canola,2022,spring,21.169999999999998,0.0,0.0,404.15,17.26,226.23999999999998,2.0,0.0,742.1599999999999,89.86,289.49,66.0,0.0,3034.8500000000004,95.97,131.18,0.0,0.0,684.25,78.91,116.22999999999999,2.0,0.0,462.06,89.86,289.49,66.0,0.0,3034.8500000000004,95.97
United States,Oklahoma,Canola,2023,spring,15.43,0.0,0.0,450.53999999999996,10.95,179.34000000000003,0.0,0.0,675.5599999999998,57.86,395.68999999999994,50.0,0.0,2949.7200000000003,98.88,98.52,0.0,0.0,761.0500000000001,54.04,106.9,0.0,0.0,435.7,57.86,385.03999999999996,50.0,0.0,2879.0699999999997,98.88
United States,Oklahoma,Canola,2024,spring,32.74,0.0,0.0,388.90000000000003,16.84,175.93,0.0,0.0,774.6700000000001,43.150000000000006,306.46000000000004,52.0,0.0,2913.5,92.32999999999998,97.16,0.0,0.0,632.58,39.58,109.75000000000001,0.0,0.0,480.32000000000005,43.150000000000006,308.22,52.0,0.0,2964.17,92.32999999999998
United States,Oklahoma,Canola,2025,spring,90.86000000000001,0.0,0.0,358.38,45.1,280.39,0.0,0.0,742.92,91.42,440.71000000000004,12.0,0.0,2753.7,57.39,280.13,0.0,0.0,641.6600000000001,91.42,115.18,0.0,0.0,511.81,54.27,416.65,12.0,0.0,2701.53,57.39
United States,South Dakota,Wheat,1990,spring,151.79000000000002,0.0,22.0,1464.48,33.41,59.22999999999999,0.0,0.0,332.73,32.7,148.27000000000004,17.0,0.0,2082.59,18.919999999999998,157.41000000000003,0.0,22.0,1515.01,33.41,55.120000000000005,2.0,0.0,366.59,32.7,146.76000000000002,15.0,0.0,1998.1999999999998,18.919999999999998
United States,South Dakota,Wheat,1991,spring,310.3,0.0,10.0,1277.09,61.88,21.42,0.0,0.0,351.22,16.14,135.51999999999998,18.0,0.0,2099.2999999999997,26.58,309.18,0.0,10.0,1201.8999999999999,61.88,22.140000000000008,0.0,0.0,377.25,16.14,135.92000000000002,18.0,0.0,2148.46,26.58
United States,South Dakota,Wheat,1992,spring,68.24000000000001,2.0,11.0,1387.67,23.43,76.82000000000001,0.0,0.0,294.81999999999994,51.53,267.93,2.0,0.0,1841.28,40.59,68.21000000000001,2.0,11.0,1350.9,23.43,76.85,0.0,0.0,331.59,51.53,267.93,2.0,0.0,1841.28,40.59
United States,South Dakota,Wheat,1993,spring,176.70000000000002,0.0,14.0,1330.4699999999998,24.87,69.77,0.0,0.0,310.75,33.05,226.08,1.0,0.0,1896.8899999999999,36.91,197.64000000000004,0.0,14.0,1485.45,24.87,76.32000000000001,0.0,0.0,339.80999999999995,33.05,198.59,1.0,0.0,1712.85,36.91
United States,South Dakota,Wheat,1994,spring,119.93,0.0,17.0,1452.2600000000002,25.21,33.5,0.0,0.0,307.1,15.52,193.94,8.0,0.0,2044.7000000000003,70.66,98.01,0.0,17.0,1392.41,21.76,52.190000000000005,0.0,0.0,327.53999999999996,21.92,197.17,8.0,0.0,2084.11,70.66
United States,South Dakota,Wheat,1995,spring,283.49,0.0,19.0,1241.7500000000002,44.480000000000004,54.84,0.0,0.0,370.41999999999996,45.9,143.57,11.0,1.0,2075.6600000000003,23.1,291.48,0.0,19.0,1520.51,44.480000000000004,59.34,0.0,0.0,369.6,45.9,131.08,11.0,1.0,1797.7199999999998,23.1
United States,South Dakota,Wheat,1996,spring,164.15000000000003,0.0,21.0,1254.5900000000004,46.7,28.6,0.0,0.0,334.34000000000003,13.81,253.89000000000001,7.0,0.0,2089.2599999999998,92.31,180.6,0.0,21.0,1446.85,46.7,16.41,2.0,0.0,319.60999999999996,8.38,249.63000000000002,5.0,0.0,1911.73,92.31
United States,South Dakota,Wheat,1997,spring,214.64999999999998,0.0,17.0,1386.6299999999999,47.6,46.42999999999999,0.0,0.0,342.15999999999997,26.79,224.0,2.0,0.0,2016.28,31.22,247.74,0.0,17.0,1597.97,47.6,53.099999999999994,0.0,0.0,346.99,31.22,184.23999999999998,2.0,0.0,1800.1100000000001,24.759999999999998
United States,South Dakota,Wheat,1998,spring,154.67999999999998,0.0,9.0,1413.3600000000001,44.75,60.08,0.0,0.0,329.06999999999994,32.129999999999995,145.36999999999998,16.0,0.0,2093.2200000000003,24.5,154.67999999999998,0.0,9.0,1413.3600000000001,44.75,66.62,0.0,0.0,384.64,32.129999999999995,138.82999999999998,16.0,0.0,2037.6499999999999,24.5
United States,South Dakota,Wheat,1999,spring,244.28000000000003,0.0,9.0,1382.2,54.989999999999995,24.61,0.0,0.0,310.05,9.73,263.56,16.0,0.0,2030.8799999999999,75.91,246.62000000000003,0.0,9.0,1440.08,54.989999999999995,36.23,0.0,0.0,358.32,13.91,249.60000000000002,16.0,0.0,1924.7300000000002,75.91
United States,South Dakota,Wheat,2000,spring,146.48,2.0,14.0,1422.2499999999998,36.6,40.449999999999996,0.0,0.0,330.61,23.35,126.65,19.0,0.0,2056.5599999999995,24.389999999999997,144.94,1.0,14.0,1391.4599999999998,36.6,41.99,1.0,0.0,361.40000000000003,23.35,126.65,19.0,0.0,2056.5599999999995,24.389999999999997
United States,South Dakota,Wheat,2001,spring,194.70000000000002,0.0,9.0,1379.88,43.400000000000006,32.32,1.0,0.0,353.52,20.830000000000002,156.2,32.0,0.0,2125.3499999999995,38.87,194.70000000000002,0.0,9.0,1379.88,43.400000000000006,32.54,2.0,0.0,382.2,20.830000000000002,155.98000000000002,31.0,0.0,2096.6699999999996,38.87
United States,South Dakota,Wheat,2002,spring,62.769999999999996,1.0,16.0,1472.17,16.37,37.08,1.0,0.0,331.7300000000001,28.71,188.91000000000003,32.0,0.0,2016.67,30.599999999999998,62.95999999999999,1.0,16.0,1546.3,16.37,39.99,3.0,0.0,306.83000000000004,28.71,185.81,30.0,0.0,1967.4399999999998,30.599999999999998
United States,South Dakota,Wheat,2003,spring,165.23,0.0,9.0,1275.71,35.839999999999996,16.43,0.0,0.0,345.17,7.83,142.3,24.0,0.0,2156.22,40.220000000000006,165.82999999999998,0.0,9.0,1295.1200000000001,35.839999999999996,49.35,0.0,0.0,338.21999999999997,38.11,108.78,24.0,0.0,2143.7599999999998,17.58
United States,South Dakota,Wheat,2004,spring,134.89,0.0,9.0,1468.04,27.819999999999997,41.989999999999995,0.0,0.0,329.32,31.41,296.09,10.0,0.0,2051.31,53.88999999999999,115.73,0.0,9.0,1440.69,27.819999999999997,62.480000000000004,0.0,0.0,415.08,47.980000000000004,294.76,10.0,0.0,1992.9000000000003,53.88999999999999
United States,South Dakota,Wheat,2005,spring,196.04000000000002,0.0,11.0,1390.65,40.559999999999995,64.59,1.0,0.0,332.98,51.25,120.71,26.0,0.0,2186.54,14.64,196.04000000000002,0.0,11.0,1390.65,40.559999999999995,64.59,1.0,0.0,332.98,51.25,120.71,26.0,0.0,2186.54,14.64
United States,South Dakota,Wheat,2006,spring,67.58,3.0,4.0,1488.59,12.67,22.990000000000002,2.0,0.0,328.0,10.77,198.66,29.0,0.0,2021.8300000000002,37.83,55.51,2.0,4.0,1298.32,12.67,14.620000000000001,3.0,0.0,292.53999999999996,8.52,219.1,29.0,0.0,2247.5600000000004,37.83
United States,South Dakota,Wheat,2007,spring,225.43999999999997,0.0,16.0,1456.05,52.779999999999994,87.31000000000002,0.0,0.0,327.74000000000007,50.49,161.29,15.0,0.0,2044.6399999999996,40.34,225.43999999999997,0.0,16.0,1456.05,52.779999999999994,87.31000000000002,0.0,0.0,296.89000000000004,50.49,161.29,15.0,0.0,2075.4899999999993,40.34
United States,South Dakota,Wheat,2008,spring,208.51,0.0,20.0,1341.73,50.519999999999996,22.0,0.0,0.0,358.48,8.48,221.53,7.0,0.0,2136.6099999999997,48.55,216.38000000000002,0.0,20.0,1547.48,50.519999999999996,44.74000000000001,0.0,0.0,379.28000000000003,25.099999999999998,190.92000000000002,7.0,0.0,1910.0600000000002,48.55
United States,South Dakota,Wheat,2009,spring,105.90999999999998,1.0,15.0,1457.6,22.590000000000003,25.48,0.0,0.0,318.46000000000004,12.03,219.97,3.0,0.0,2074.6399999999994,34.1,120.12,1.0,15.0,1600.77,22.590000000000003,36.89999999999999,0.0,0.0,346.41,21.61,194.33999999999997,3.0,0.0,1903.52,34.1
United States,South Dakota,Wheat,2010,spring,187.12,0.0,6.0,1404.12,34.44,106.84,0.0,0.0,328.66,51.3,218.72000000000003,13.0,0.0,2065.45,36.02,187.12,0.0,6.0,1404.12,34.44,109.28,0.0,0.0,386.03,51.3,216.28000000000003,13.0,0.0,2008.08,36.02
United States,South Dakota,Wheat,2011,spring,185.3,1.0,15.0,1296.42,39.92999999999999,156.24999999999997,0.0,0.0,295.34999999999997,109.72,202.13,11.0,0.0,2153.42,28.46,224.51,1.0,15.0,1457.3600000000001,39.92999999999999,162.07999999999998,0.0,0.0,314.27000000000004,109.72,157.08999999999997,11.0,0.0,1973.56,19.67
United States,South Dakota,Wheat,2012,spring,185.97000000000003,1.0,2.0,1443.6299999999994,42.14,35.17,1.0,0.0,378.14,18.55,54.42,34.0,0.0,2137.71,9.89,170.47,1.0,2.0,1315.9799999999998,42.14,31.119999999999997,1.0,0.0,344.9099999999999,14.39,73.97,34.0,0.0,2298.59,18.549999999999997
United States,South Dakota,Wheat,2013,spring,217.79000000000002,0.0,26.0,1311.3899999999999,44.51,55.95,0.0,0.0,340.68,32.03,162.07000000000002,13.0,0.0,2026.6699999999998,30.919999999999998,241.23999999999998,0.0,26.0,1545.2999999999997,44.51,35.669999999999995,0.0,0.0,313.49,32.03,158.9,13.0,0.0,1819.95,30.919999999999998
United States,South Dakota,Wheat,2014,spring,161.81,0.0,14.0,1400.7899999999997,49.559999999999995,61.74,0.0,0.0,334.28,21.3,188.48,4.0,0.0,1964.73,25.439999999999998,172.59,0.0,14.0,1502.5900000000001,49.559999999999995,80.57000000000001,0.0,0.0,343.09999999999997,22.68,158.86999999999998,4.0,0.0,1854.11,25.439999999999998
United States,South Dakota,Wheat,2015,spring,175.26999999999998,1.0,10.0,1373.9099999999999,52.32,89.34,0.0,0.0,315.81,33.910000000000004,186.0,13.0,0.0,2054.92,48.68000000000001,175.26999999999998,1.0,10.0,1373.9099999999999,52.32,89.59,0.0,0.0,342.93,33.910000000000004,185.75,13.0,0.0,2027.8000000000002,48.68000000000001
United States,South Dakota,Wheat,2016,spring,184.28999999999996,1.0,10.0,1519.91,51.81,40.03,2.0,0.0,382.89000000000004,29.25,185.86,16.0,0.0,2108.01,33.669999999999995,184.28999999999996,1.0,10.0,1519.91,51.81,35.68,2.0,0.0,322.82000000000005,29.25,190.21,16.0,0.0,2168.0800000000004,33.669999999999995
United States,South Dakota,Wheat,2017,spring,82.0,2.0,7.0,1489.53,21.86,62.31,0.0,0.0,354.05999999999995,40.739999999999995,181.58000000000004,15.0,0.0,2076.0900000000006,45.099999999999994,81.97,1.0,7.0,1432.54,21.86,48.010000000000005,1.0,0.0,329.34,40.739999999999995,195.91,15.0,0.0,2157.8000000000006,45.1
United States,South Dakota,Wheat,2018,spring,130.0,3.0,20.0,1488.4299999999996,26.04,49.66,1.0,0.0,291.81,26.730000000000004,182.52,14.0,0.0,1985.76,42.2,121.83999999999999,3.0,20.0,1459.5599999999997,26.04,54.20000000000001,1.0,0.0,299.5,26.730000000000004,186.14,14.0,0.0,2006.94,42.2
United States,South Dakota,Wheat,2019,spring,241.17,0.0,12.0,1289.2500000000005,44.1,40.83,0.0,0.0,314.14000000000004,34.74,360.09000000000003,1.0,0.0,1948.3799999999999,57.65,245.83,0.0,12.0,1476.3400000000001,44.1,68.96000000000001,1.0,0.0,332.43,34.74,327.3,0.0,0.0,1743.0000000000002,57.65
United States,South Dakota,Wheat,2020,spring,143.82,0.0,20.0,1414.9499999999998,39.69,17.910000000000004,2.0,0.0,370.98999999999995,14.25,158.73000000000002,10.0,0.0,2093.35,25.02,143.82,0.0,20.0,1505.3799999999999,39.69,26.660000000000004,2.0,0.0,320.3,14.25,149.98,10.0,0.0,2053.61,25.02
United States,South Dakota,Wheat,2021,spring,84.39000000000001,3.0,13.0,1449.7099999999998,28.33,26.540000000000003,4.0,0.0,373.29999999999995,18.89,227.18,21.0,0.0,1979.51,43.279999999999994,83.67000000000002,3.0,13.0,1424.2099999999998,28.33,26.320000000000004,3.0,0.0,311.41999999999996,19.5,228.12,22.0,0.0,2066.89,43.279999999999994
United States,South Dakota,Wheat,2022,spring,194.58999999999995,0.0,21.0,1369.1399999999996,52.89,49.53999999999999,3.0,0.0,383.87000000000006,35.96,166.25999999999996,21.0,0.0,2162.7899999999995,38.2,237.34,0.0,21.0,1517.2499999999998,52.89,14.49,4.0,0.0,380.92999999999995,7.84,158.55999999999997,20.0,0.0,2017.6200000000001,38.2
United States,South Dakota,Wheat,2023,spring,106.88,1.0,15.0,1542.0500000000002,19.860000000000003,38.31,2.0,0.0,329.09,18.99,276.54,15.0,0.0,1960.7200000000003,56.97,100.02,0.0,15.0,1446.45,19.860000000000003,20.72,2.0,0.0,343.42999999999995,13.98,300.99,16.0,0.0,2041.98,56.97
United States,South Dakota,Wheat,2024,spring,158.13,0.0,9.0,1438.7599999999998,38.06,73.02000000000001,0.0,0.0,292.67,50.629999999999995,176.77,14.0,0.0,2002.86,39.99000000000001,158.13,0.0,9.0,1409.9099999999999,38.06,73.02000000000001,0.0,0.0,321.52000000000004,50.629999999999995,176.77,14.0,0.0,2002.86,39.99000000000001
United States,South Dakota,Wheat,2025,spring,187.65,2.0,9.0,1397.8899999999999,58.28,39.62,3.0,0.0,344.09999999999997,23.650000000000002,265.37,15.0,0.0,1922.88,66.66,187.65,2.0,9.0,1397.8899999999999,58.28,39.32,3.0,0.0,313.21,23.650000000000002,265.6700000000001,15.0,0.0,1953.7700000000002,66.66
United States,South Dakota,Barley,1990,spring,157.95000000000002,0.0,22.0,1540.24,33.41,59.46999999999999,4.0,0.0,450.13,32.7,141.87,13.0,0.0,1889.4299999999998,18.919999999999998,158.19000000000003,0.0,22.0,1569.3700000000001,33.41,54.339999999999996,2.0,0.0,312.22999999999996,32.7,146.76000000000002,15.0,0.0,1998.1999999999998,18.919999999999998
United States,South Dakota,Barley,1991,spring,310.4700000000001,0.0,10.0,1366.4699999999998,61.88,45.88999999999999,1.0,0.0,427.61,22.6,110.88,17.0,0.0,1933.5300000000002,26.58,309.56,0.0,10.0,1226.61,61.88,21.760000000000005,0.0,0.0,352.54,16.14,135.92000000000002,18.0,0.0,2148.46,26.58
United States,South Dakota,Barley,1992,spring,68.31,2.0,11.0,1468.7,23.43,100.74000000000001,0.0,0.0,374.83000000000004,51.53,243.94,2.0,0.0,1680.24,40.59,68.24000000000001,2.0,11.0,1387.67,23.43,76.82000000000001,0.0,0.0,294.81999999999994,51.53,267.93,2.0,0.0,1841.28,40.59
United States,South Dakota,Barley,1993,spring,185.40000000000003,0.0,14.0,1411.3300000000002,24.87,83.17999999999999,0.0,0.0,397.35,33.05,203.97,1.0,0.0,1729.43,36.91,212.08000000000004,0.0,14.0,1506.21,26.000000000000004,61.88,0.0,0.0,319.05,19.32,198.59,1.0,0.0,1712.85,36.91
United States,South Dakota,Barley,1994,spring,123.63,0.0,17.0,1520.8899999999999,25.21,32.99,0.0,0.0,445.38999999999993,15.52,190.75,8.0,0.0,1837.7800000000002,70.66,119.91000000000001,0.0,17.0,1424.7900000000002,25.21,33.3,0.0,0.0,307.07,15.52,194.16,8.0,0.0,2072.2,70.66
United States,South Dakota,Barley,1995,spring,288.61,0.0,19.0,1318.36,44.480000000000004,49.93000000000001,0.0,0.0,450.63,45.9,143.36,11.0,1.0,1918.8399999999997,23.1,319.0,0.0,19.0,1565.42,44.480000000000004,32.03999999999999,0.0,0.0,354.19,19.34,130.86,11.0,1.0,1768.2199999999998,23.1
United States,South Dakota,Barley,1996,spring,165.74,0.0,21.0,1341.4499999999998,46.7,31.269999999999996,2.0,0.0,425.01,13.81,249.63000000000002,5.0,0.0,1911.73,92.31,183.10999999999999,0.0,21.0,1474.3999999999999,46.7,13.9,2.0,0.0,292.06,8.38,249.63000000000002,5.0,0.0,1911.73,92.31
United States,South Dakota,Barley,1997,spring,241.44000000000003,0.0,17.0,1434.57,47.6,48.46000000000001,0.0,0.0,474.21,27.31,195.18,2.0,0.0,1836.29,24.759999999999998,254.02999999999997,0.0,17.0,1627.1,47.6,46.81,0.0,0.0,317.86,31.22,184.23999999999998,2.0,0.0,1800.1100000000001,24.759999999999998
United States,South Dakota,Barley,1998,spring,158.41,0.0,9.0,1491.89,44.75,64.64999999999999,0.0,0.0,434.99999999999994,32.129999999999995,137.07,16.0,0.0,1908.76,24.5,157.2,0.0,9.0,1465.67,44.75,64.1,0.0,0.0,332.33,32.129999999999995,138.82999999999998,16.0,0.0,2037.6499999999999,24.5
United States,South Dakota,Barley,1999,spring,246.62000000000003,0.0,9.0,1440.08,54.989999999999995,55.03000000000001,0.0,0.0,408.24,29.11,230.79999999999998,16.0,0.0,1874.8100000000002,75.91,252.04000000000005,0.0,9.0,1487.76,54.989999999999995,30.810000000000002,0.0,0.0,310.64,13.91,249.60000000000002,16.0,0.0,1924.7300000000002,75.91
United States,South Dakota,Barley,2000,spring,154.95000000000002,2.0,14.0,1499.05,36.6,52.42999999999999,0.0,0.0,415.4,23.35,106.2,19.0,0.0,1894.97,24.389999999999997,146.48,2.0,14.0,1422.2499999999998,36.6,40.449999999999996,0.0,0.0,330.61,23.35,126.65,19.0,0.0,2056.5599999999995,24.389999999999997
United States,South Dakota,Barley,2001,spring,201.56,0.0,9.0,1455.3700000000001,43.400000000000006,36.879999999999995,6.0,0.0,443.04,15.14,144.77999999999997,27.0,0.0,1960.3400000000001,38.87,194.84,0.0,9.0,1410.63,43.400000000000006,32.4,2.0,0.0,351.44999999999993,20.83,155.98000000000002,31.0,0.0,2096.6699999999996,38.87
United States,South Dakota,Barley,2002,spring,62.95999999999999,1.0,16.0,1546.3,16.37,40.04,7.0,0.0,455.4,28.71,185.76000000000002,26.0,0.0,1818.87,30.599999999999998,63.19999999999999,1.0,16.0,1566.72,16.37,39.75,3.0,0.0,286.40999999999997,28.71,185.81,30.0,0.0,1967.4399999999998,30.599999999999998
United States,South Dakota,Barley,2003,spring,169.50000000000003,0.0,9.0,1347.38,35.839999999999996,56.099999999999994,0.0,0.0,433.94,43.220000000000006,98.36,24.0,0.0,1995.7800000000002,17.58,169.42000000000002,0.0,9.0,1317.21,35.839999999999996,45.760000000000005,0.0,0.0,316.12999999999994,38.11,108.78,24.0,0.0,2143.7599999999998,17.58
United States,South Dakota,Barley,2004,spring,166.29999999999998,0.0,9.0,1536.3999999999999,47.980000000000004,34.8,0.0,0.0,449.13,18.98,271.86999999999995,10.0,0.0,1863.1399999999996,53.88999999999999,134.89,0.0,9.0,1468.04,27.819999999999997,43.32,0.0,0.0,387.73,31.41,294.76,10.0,0.0,1992.9000000000003,53.88999999999999
United States,South Dakota,Barley,2005,spring,222.66999999999996,0.0,11.0,1456.08,40.559999999999995,46.32,1.0,0.0,440.2,25.83,112.34999999999998,26.0,0.0,2013.89,14.64,222.28999999999996,0.0,11.0,1427.49,40.559999999999995,38.34,1.0,0.0,296.14,26.139999999999997,120.71,26.0,0.0,2186.54,14.64
United States,South Dakota,Barley,2006,spring,68.39,3.0,4.0,1540.5000000000002,12.67,24.3,4.0,0.0,461.20000000000005,10.77,196.54,27.0,0.0,1836.72,37.83,55.51,2.0,4.0,1327.97,12.67,15.68,3.0,0.0,287.53,8.52,218.04,29.0,0.0,2222.92,37.83
United States,South Dakota,Barley,2007,spring,251.26999999999995,0.0,16.0,1524.67,52.779999999999994,61.620000000000005,1.0,0.0,468.32000000000005,28.99,161.15,14.0,0.0,1835.4399999999998,40.34,227.23999999999998,0.0,16.0,1486.4099999999999,52.779999999999994,85.51,0.0,0.0,297.38,50.49,161.29,15.0,0.0,2044.6399999999996,40.34
United States,South Dakota,Barley,2008,spring,214.56000000000003,0.0,20.0,1407.3999999999999,50.519999999999996,45.61,0.0,0.0,477.32000000000005,25.099999999999998,191.87000000000003,7.0,0.0,1952.1000000000004,48.55,221.79,0.0,20.0,1596.38,50.519999999999996,39.33,0.0,0.0,330.38000000000005,25.099999999999998,190.92000000000002,7.0,0.0,1910.0600000000002,48.55
United States,South Dakota,Barley,2009,spring,108.08,1.0,15.0,1513.1699999999998,22.590000000000003,48.94,0.0,0.0,463.08,21.61,194.33999999999997,3.0,0.0,1874.4499999999998,34.1,121.47,1.0,15.0,1627.98,22.590000000000003,35.55,0.0,0.0,319.20000000000005,21.61,194.33999999999997,3.0,0.0,1903.52,34.1
United States,South Dakota,Barley,2010,spring,238.42,0.0,6.0,1454.54,51.3,61.6,1.0,0.0,473.41999999999996,33.44,212.66000000000003,12.0,0.0,1870.27,36.02,221.64,0.0,6.0,1446.04,35.06,74.76,0.0,0.0,344.11,33.44,216.28000000000003,13.0,0.0,2008.08,36.02
United States,South Dakota,Barley,2011,spring,201.33999999999997,1.0,15.0,1361.34,39.92999999999999,170.4,0.0,0.0,399.13000000000005,109.72,171.94,11.0,0.0,1984.72,19.67,231.51,1.0,15.0,1481.6200000000001,39.92999999999999,155.33999999999997,0.0,0.0,316.63000000000005,109.72,156.82999999999998,11.0,0.0,1946.94,19.67
United States,South Dakota,Barley,2012,spring,193.69,1.0,2.0,1517.26,42.14,31.29,2.0,0.0,465.92,18.55,50.58,33.0,0.0,1976.3,9.89,170.74,1.0,2.0,1334.5899999999997,42.14,31.330000000000002,1.0,0.0,356.54999999999995,14.39,73.49000000000001,34.0,0.0,2268.34,18.07
United States,South Dakota,Barley,2013,spring,234.49,0.0,26.0,1384.8099999999997,44.51,42.42,0.0,0.0,447.1,32.03,158.9,13.0,0.0,1846.83,30.919999999999998,241.4,0.0,26.0,1569.37,44.51,35.510000000000005,0.0,0.0,289.41999999999996,32.03,158.9,13.0,0.0,1819.95,30.919999999999998
United States,South Dakota,Barley,2014,spring,166.69,0.0,14.0,1483.15,49.559999999999995,86.78,0.0,0.0,419.38000000000005,22.68,158.55999999999997,4.0,0.0,1797.27,25.439999999999998,187.6,0.0,14.0,1547.1800000000003,49.559999999999995,65.56,0.0,0.0,298.51,22.68,158.86999999999998,4.0,0.0,1854.11,25.439999999999998
United States,South Dakota,Barley,2015,spring,179.57,1.0,10.0,1435.79,52.32,92.04,0.0,0.0,418.9200000000001,33.910000000000004,179.00000000000003,13.0,0.0,1889.9300000000003,48.68000000000001,178.29999999999998,1.0,10.0,1387.7699999999998,52.32,86.56,0.0,0.0,329.07,33.910000000000004,185.75,13.0,0.0,2027.8000000000002,48.68000000000001
United States,South Dakota,Barley,2018,spring,142.87,3.0,20.0,1570.4900000000002,26.04,61.48000000000001,1.0,0.0,360.84000000000003,26.730000000000004,157.83,14.0,0.0,1834.67,42.2,130.0,3.0,20.0,1488.4299999999996,26.04,46.04,1.0,0.0,270.63,26.730000000000004,186.14,14.0,0.0,2006.94,42.2
United States,South Dakota,Barley,2019,spring,243.17000000000002,0.0,12.0,1361.64,44.1,52.15,1.0,0.0,433.49999999999994,34.74,346.77000000000004,0.0,0.0,1756.6299999999999,57.65,246.38,0.0,12.0,1520.8300000000002,44.1,68.41,1.0,0.0,287.94,34.739999999999995,327.3,0.0,0.0,1743.0000000000002,57.65
United States,South Dakota,Barley,2020,spring,143.82,0.0,20.0,1505.3799999999999,39.69,32.74,3.0,0.0,445.8,14.25,143.9,9.0,0.0,1928.1100000000001,25.02,143.82,0.0,20.0,1535.9199999999998,39.69,26.660000000000004,2.0,0.0,289.76000000000005,14.25,149.98,10.0,0.0,2053.61,25.02
United States,South Dakota,Barley,2021,spring,103.28000000000002,3.0,13.0,1539.03,28.33,15.88,4.0,0.0,448.42,7.890000000000001,218.95,21.0,0.0,1815.0699999999997,43.279999999999994,84.39000000000001,3.0,13.0,1449.7099999999998,28.33,25.710000000000004,3.0,0.0,315.04999999999995,18.89,228.01000000000002,22.0,0.0,2037.7599999999998,43.279999999999994
United States,South Dakota,Barley,2022,spring,214.51,0.0,21.0,1443.0199999999998,52.89,37.75,5.0,0.0,507.8,22.83,158.12999999999997,19.0,0.0,1964.98,38.2,237.36,0.0,21.0,1548.5299999999997,52.89,14.469999999999999,4.0,0.0,349.6499999999999,7.84,158.55999999999997,20.0,0.0,2017.6200000000001,38.2
United States,South Dakota,Barley,2023,spring,114.01000000000002,1.0,15.0,1616.82,19.860000000000003,88.00999999999999,2.0,0.0,412.10999999999996,49.0,219.71000000000006,15.0,0.0,1802.9300000000003,56.97,100.02,0.0,15.0,1473.8400000000001,19.860000000000003,20.72,2.0,0.0,316.03999999999996,13.98,300.99,16.0,0.0,2041.98,56.97
United States,South Dakota,Barley,2024,spring,165.86,0.0,9.0,1519.77,38.06,88.77,0.0,0.0,379.56,50.629999999999995,153.29,14.0,0.0,1834.9599999999998,39.99000000000001,158.13,0.0,9.0,1438.7599999999998,38.06,73.02000000000001,0.0,0.0,292.67,50.629999999999995,176.77,14.0,0.0,2002.86,39.99000000000001
United States,South Dakota,Barley,2025,spring,194.72,3.0,9.0,1464.9599999999998,58.28,69.99,2.0,0.0,449.36,23.650000000000002,227.93,15.0,0.0,1750.55,66.66,187.65,3.0,9.0,1427.53,58.28,39.32,2.0,0.0,283.57,23.650000000000002,265.6700000000001,15.0,0.0,1953.7700000000002,66.66
United States,South Dakota,Oats,1990,spring,146.09,0.0,22.0,1368.6999999999998,33.41,61.599999999999994,0.0,0.0,322.84,32.7,151.60000000000002,17.0,0.0,2188.2599999999998,18.919999999999998,145.91999999999996,0.0,22.0,1285.79,33.41,65.1,0.0,0.0,482.05999999999995,32.7,148.27,17.0,0.0,2111.95,18.919999999999998
United States,South Dakota,Oats,1991,spring,308.66,0.0,10.0,1185.1299999999999,61.88,22.400000000000002,0.0,0.0,371.72,16.14,136.18,18.0,0.0,2170.76,26.58,196.59,0.0,10.0,1034.81,58.27,130.23000000000002,0.0,0.0,444.37,61.88,140.42000000000002,18.0,0.0,2248.43,26.58
United States,South Dakota,Oats,1992,spring,49.85,2.0,11.0,1319.7600000000002,14.68,91.27999999999999,0.0,0.0,261.73999999999995,51.53,271.86,2.0,0.0,1942.27,40.59,34.56,2.0,11.0,1126.22,14.68,106.02,0.0,0.0,437.63999999999993,51.53,272.40999999999997,2.0,0.0,1959.9099999999999,40.59
United States,South Dakota,Oats,1993,spring,155.23999999999998,0.0,14.0,1250.6599999999999,24.87,75.96000000000001,0.0,0.0,289.09999999999997,33.05,241.35,1.0,0.0,1998.35,36.91,155.23999999999998,0.0,14.0,1250.6599999999999,24.87,91.63000000000002,0.0,0.0,475.92,33.05,225.68,1.0,0.0,1811.5300000000002,36.91
United States,South Dakota,Oats,1994,spring,94.7,0.0,17.0,1381.0,21.76,51.8,0.0,0.0,285.76,25.21,200.86999999999998,8.0,0.0,2137.3000000000006,70.66,79.54999999999998,0.0,17.0,1188.0300000000002,21.76,62.53,0.0,0.0,449.5300000000001,25.21,205.29,8.0,0.0,2166.5,70.66
United States,South Dakota,Oats,1995,spring,233.84,0.0,19.0,1187.64,44.480000000000004,57.64,0.0,0.0,332.87,35.57,190.42,11.0,1.0,2167.32,45.9,288.61,0.0,19.0,1318.36,44.480000000000004,50.06000000000001,0.0,0.0,476.11,45.9,143.23000000000002,11.0,1.0,1893.36,23.1
United States,South Dakota,Oats,1996,spring,163.81000000000003,0.0,21.0,1149.2900000000002,46.7,19.840000000000003,0.0,0.0,344.25,13.81,262.99,7.0,0.0,2184.65,92.31,164.15000000000003,0.0,21.0,1254.5900000000004,46.7,31.03,2.0,0.0,435.81999999999994,13.81,251.46000000000004,5.0,0.0,1987.7800000000002,92.31
United States,South Dakota,Oats,1997,spring,214.61999999999998,0.0,17.0,1271.0,47.6,39.41,0.0,0.0,356.09999999999997,26.79,231.05,2.0,0.0,2117.9700000000003,31.22,214.61999999999998,0.0,17.0,1356.62,47.6,47.97,0.0,0.0,478.97,26.79,222.49,2.0,0.0,1909.48,31.22
United States,South Dakota,Oats,1998,spring,108.7,0.0,9.0,1357.89,33.14,90.72,0.0,0.0,269.73999999999995,44.75,160.70999999999998,16.0,0.0,2208.0200000000013,24.5,99.69,0.0,9.0,1189.96,33.14,101.71,0.0,0.0,496.63999999999993,44.75,158.73,16.0,0.0,2149.0500000000006,24.5
United States,South Dakota,Oats,1999,spring,239.04000000000002,0.0,9.0,1284.8899999999999,54.989999999999995,25.459999999999997,0.0,0.0,311.61,9.73,267.95,16.0,0.0,2126.63,75.91,213.95000000000002,0.0,9.0,1230.1499999999999,54.989999999999995,54.940000000000005,0.0,0.0,462.09999999999997,28.860000000000003,263.56,16.0,0.0,2030.8799999999999,75.91
United States,South Dakota,Oats,2000,spring,144.94,0.0,14.0,1303.9899999999998,36.6,37.94,2.0,0.0,340.64,23.35,130.7,19.0,0.0,2164.7899999999995,24.389999999999997,139.88000000000002,0.0,14.0,1185.2500000000002,36.6,42.99999999999999,2.0,0.0,459.38,23.35,130.7,19.0,0.0,2164.7899999999995,24.389999999999997
United States,South Dakota,Oats,2001,spring,190.36,0.0,9.0,1286.07,43.400000000000006,35.279999999999994,0.0,0.0,335.21000000000004,20.83,157.57999999999998,33.0,0.0,2237.4699999999993,38.87,162.04000000000002,0.0,9.0,1150.4399999999998,43.400000000000006,64.93,0.0,0.0,522.11,20.830000000000002,156.25,33.0,0.0,2186.2,38.87
United States,South Dakota,Oats,2002,spring,58.57999999999999,0.0,16.0,1385.67,16.37,8.459999999999999,1.0,0.0,325.82000000000005,4.17,221.72000000000006,33.0,0.0,2109.0800000000004,30.599999999999998,58.419999999999995,0.0,16.0,1326.32,16.37,32.62,1.0,0.0,426.72,24.830000000000002,197.72000000000003,33.0,0.0,2067.53,30.599999999999998
United States,South Dakota,Oats,2003,spring,158.54,0.0,9.0,1197.1200000000001,35.839999999999996,12.729999999999999,0.0,0.0,342.95000000000005,8.08,152.69000000000003,24.0,0.0,2237.0299999999993,43.220000000000006,143.73,0.0,9.0,1114.8500000000001,35.839999999999996,30.099999999999994,0.0,0.0,448.39000000000004,9.690000000000001,150.13000000000002,24.0,0.0,2213.8599999999997,43.220000000000006
United States,South Dakota,Oats,2004,spring,115.52000000000001,0.0,9.0,1385.25,27.819999999999997,59.910000000000004,0.0,0.0,310.81,47.980000000000004,297.53999999999996,10.0,0.0,2152.6100000000006,53.88999999999999,100.74,0.0,9.0,1237.1999999999998,27.819999999999997,74.69000000000001,0.0,0.0,458.86000000000007,47.980000000000004,297.53999999999996,10.0,0.0,2152.6100000000006,53.88999999999999
United States,South Dakota,Oats,2005,spring,173.32999999999998,0.0,11.0,1285.6,40.559999999999995,76.67,0.0,0.0,341.21,51.25,131.34,27.0,0.0,2283.3599999999997,14.640000000000002,133.29,0.0,11.0,1177.1599999999999,40.559999999999995,117.42,0.0,0.0,474.28000000000003,51.25,130.63,27.0,0.0,2258.73,14.64
United States,South Dakota,Oats,2006,spring,59.13999999999999,3.0,4.0,1405.71,12.67,23.54,2.0,0.0,298.33,8.44,206.54999999999998,29.0,0.0,2134.38,37.83,46.72,0.0,4.0,1076.13,12.67,21.66,3.0,0.0,437.61,8.52,220.85000000000002,31.0,0.0,2324.6800000000003,37.83
United States,South Dakota,Oats,2007,spring,212.90999999999997,0.0,16.0,1357.31,52.779999999999994,91.79,0.0,0.0,319.39,50.49,169.34,15.0,0.0,2151.7299999999996,40.34,164.13,0.0,16.0,1209.09,52.779999999999994,140.57000000000002,0.0,0.0,467.61,50.49,169.34,15.0,0.0,2151.7299999999996,40.34
United States,South Dakota,Oats,2008,spring,203.3,0.0,20.0,1250.01,50.339999999999996,18.490000000000002,0.0,0.0,346.36999999999995,6.049999999999999,230.24999999999997,7.0,0.0,2240.44,48.55,208.0,0.0,20.0,1273.24,50.519999999999996,52.17,0.0,0.0,551.17,25.099999999999998,191.87,7.0,0.0,2012.4100000000003,48.55
United States,South Dakota,Oats,2009,spring,77.46999999999998,1.0,15.0,1410.68,14.190000000000001,45.04,0.0,0.0,268.14000000000004,21.44,228.85,3.0,0.0,2171.8799999999997,34.1,75.41999999999999,1.0,15.0,1385.41,14.190000000000001,57.89000000000001,0.0,0.0,447.49000000000007,22.59,218.04999999999998,3.0,0.0,2017.7999999999997,34.1
United States,South Dakota,Oats,2010,spring,184.08,0.0,6.0,1320.59,34.44,72.46,0.0,0.0,304.14,51.300000000000004,256.14,13.0,0.0,2173.5,36.02,176.34,0.0,6.0,1181.92,34.44,97.79,0.0,0.0,496.56,51.3,238.55,13.0,0.0,2119.7499999999995,36.02
United States,South Dakota,Oats,2011,spring,183.48999999999998,0.0,15.0,1210.16,39.92999999999999,62.519999999999996,1.0,0.0,321.39,27.38,297.66999999999996,11.0,0.0,2213.6399999999994,95.53999999999999,183.51,1.0,15.0,1238.47,39.92999999999999,186.57,0.0,0.0,439.93,109.72,173.6,11.0,0.0,2066.79,19.67
United States,South Dakota,Oats,2012,spring,170.74,1.0,2.0,1334.5899999999997,42.14,38.13,1.0,0.0,375.50999999999993,14.39,66.69000000000001,34.0,0.0,2249.38,11.92,139.39,1.0,2.0,1065.4099999999999,42.14,55.04,0.0,0.0,481.0100000000001,15.64,81.13000000000001,35.0,0.0,2413.06,18.55
United States,South Dakota,Oats,2013,spring,199.14000000000001,0.0,26.0,1227.62,44.51,42.26,0.0,0.0,341.75,18.580000000000002,194.41000000000003,13.0,0.0,2109.3700000000003,32.03,217.79000000000002,0.0,26.0,1311.3899999999999,44.51,58.98,0.0,0.0,441.72,32.03,159.04000000000002,13.0,0.0,1925.6299999999999,30.919999999999998
United States,South Dakota,Oats,2014,spring,153.87,0.0,14.0,1322.55,49.559999999999995,54.809999999999995,0.0,0.0,299.46000000000004,21.3,203.34999999999997,4.0,0.0,2077.7899999999995,25.439999999999998,139.98999999999998,0.0,14.0,1259.12,49.559999999999995,83.62999999999998,0.0,0.0,502.57,21.3,188.40999999999997,4.0,0.0,1938.1100000000001,25.439999999999998
United States,South Dakota,Oats,2015,spring,170.83999999999997,0.0,10.0,1276.8299999999997,52.32,69.22999999999999,1.0,0.0,307.03000000000003,32.52,210.54000000000002,13.0,0.0,2160.78,48.68000000000001,163.66,0.0,10.0,1154.4699999999998,52.32,76.41,1.0,0.0,429.3900000000001,32.52,210.54000000000002,13.0,0.0,2160.78,48.68000000000001
United States,South Dakota,Oats,2016,spring,183.95999999999998,0.0,10.0,1401.94,51.81,34.65,3.0,0.0,382.26,29.25,191.57000000000002,16.0,0.0,2226.61,33.669999999999995,172.39,0.0,10.0,1256.4800000000002,51.81,46.220000000000006,2.0,0.0,499.51,29.25,191.57,17.0,0.0,2254.8199999999997,33.669999999999995
United States,South Dakota,Oats,2017,spring,81.73,1.0,7.0,1385.4299999999998,21.86,45.59,1.0,0.0,350.99,40.739999999999995,198.57000000000002,15.0,0.0,2183.2600000000007,45.1,80.42,0.0,7.0,1206.7400000000002,21.86,43.410000000000004,2.0,0.0,460.46,40.739999999999995,202.06000000000003,15.0,0.0,2252.4800000000005,45.1
United States,South Dakota,Oats,2018,spring,105.05,3.0,20.0,1387.4999999999998,26.04,70.08,1.0,0.0,314.40000000000003,26.730000000000004,187.05,14.0,0.0,2064.0999999999995,42.2,101.59,2.0,20.0,1245.77,26.04,63.989999999999995,2.0,0.0,425.9,21.7,196.6,14.0,0.0,2094.33,42.2
United States,South Dakota,Oats,2019,spring,235.97,0.0,12.0,1191.2400000000002,44.1,18.13,0.0,0.0,340.57,8.27,387.99000000000007,1.0,0.0,2019.9599999999998,57.65,235.98,0.0,12.0,1221.6300000000003,44.1,55.31,0.0,0.0,496.62,34.74,350.8,1.0,0.0,1833.5199999999998,57.65
United States,South Dakota,Oats,2020,spring,102.06,0.0,20.0,1348.32,29.860000000000003,56.769999999999996,2.0,0.0,342.71000000000004,39.69,161.63000000000002,10.0,0.0,2188.2599999999998,25.02,99.28,0.0,20.0,1295.01,29.860000000000003,62.239999999999995,2.0,0.0,438.28999999999996,39.69,158.94,10.0,0.0,2145.99,25.02
United States,South Dakota,Oats,2021,spring,81.47000000000001,2.0,13.0,1339.87,28.33,25.970000000000006,4.0,0.0,375.37,19.5,230.67,22.0,0.0,2087.28,43.279999999999994,81.46999999999998,0.0,13.0,1222.0500000000002,28.33,25.560000000000002,6.0,0.0,417.84000000000003,19.5,231.07999999999998,22.0,0.0,2162.63,43.279999999999994
United States,South Dakota,Oats,2022,spring,181.36999999999998,0.0,21.0,1301.1999999999998,52.89,56.79,2.0,0.0,336.02,35.96,172.23,22.0,0.0,2278.5799999999995,38.2,189.04999999999998,0.0,21.0,1310.8099999999997,52.89,62.71,4.0,0.0,464.99000000000007,35.96,158.62999999999997,20.0,0.0,2140.0,38.2
United States,South Dakota,Oats,2023,spring,100.02,0.0,15.0,1446.45,19.860000000000003,20.72,2.0,0.0,343.42999999999995,13.98,300.99,16.0,0.0,2041.98,56.97,86.1,0.0,15.0,1239.8,19.860000000000003,32.81,1.0,0.0,455.96000000000004,13.98,302.82,17.0,0.0,2136.1000000000004,56.97
United States,South Dakota,Oats,2024,spring,154.44,0.0,9.0,1341.7399999999998,38.06,26.05,0.0,0.0,317.79,10.790000000000003,227.43,14.0,0.0,2074.76,50.629999999999995,150.14000000000001,0.0,9.0,1204.2500000000002,38.06,27.870000000000005,0.0,0.0,430.91999999999996,8.670000000000002,229.90999999999997,14.0,0.0,2099.12,50.629999999999995
United States,South Dakota,Oats,2025,spring,185.93,2.0,9.0,1303.0099999999998,58.28,38.71,1.0,0.0,323.81,23.650000000000002,268.0,17.0,0.0,2038.05,66.66,176.81,2.0,9.0,1151.8799999999997,58.28,47.32,1.0,0.0,444.99,23.650000000000002,268.51,17.0,0.0,2068.0,66.66
United States,Texas,Wheat,1990,winter,342.03,10.0,29.0,3389.8,37.71,148.71,0.0,0.0,492.55999999999995,67.19,51.6,31.0,0.0,1212.09,16.150000000000002,104.57999999999998,10.0,21.0,1861.3600000000004,25.759999999999998,62.349999999999994,0.0,5.0,399.47,37.71,375.41,31.0,3.0,2833.62,67.19
United States,Texas,Wheat,1991,winter,464.49,4.0,26.0,3381.74,42.120000000000005,109.25,0.0,0.0,476.98,47.57,167.41000000000003,4.0,0.0,1095.5000000000002,48.2,259.18,4.0,4.0,1583.65,42.120000000000005,118.81000000000003,0.0,21.0,481.44999999999993,33.64,363.16,4.0,1.0,2889.12,48.20000000000001
United States,Texas,Wheat,1992,winter,869.76,0.0,29.0,3289.2700000000004,179.98000000000002,32.339999999999996,0.0,0.0,562.76,15.8,274.27000000000004,0.0,0.0,1020.1800000000001,48.29,493.17,0.0,15.0,1626.94,179.98000000000002,180.97000000000003,0.0,11.0,460.72,89.83,502.22999999999996,0.0,3.0,2784.5499999999997,60.56
United States,Texas,Wheat,1993,winter,502.31,8.0,33.0,3229.1099999999997,79.65,82.86,0.0,0.0,492.1,43.39,155.93000000000004,3.0,0.0,1109.5800000000004,36.38,238.59,8.0,13.0,1625.6999999999998,79.65,83.14,0.0,12.0,385.26000000000005,26.249999999999996,419.37,3.0,8.0,2819.8300000000004,43.39
United States,Texas,Wheat,1994,winter,377.14,2.0,38.0,3392.1899999999996,51.26,146.85,1.0,0.0,408.15999999999997,61.36,96.35000000000001,13.0,0.0,1241.1399999999999,23.740000000000002,235.52999999999997,2.0,17.0,1726.2299999999998,51.26,53.459999999999994,0.0,17.0,520.2,23.07,331.35,14.0,4.0,2795.0599999999995,61.36
United States,Texas,Wheat,1995,winter,564.4399999999999,5.0,19.0,3150.59,52.1,58.24,2.0,0.0,510.22,42.52,177.74000000000004,5.0,0.0,1130.0399999999997,59.58,292.75,5.0,3.0,1407.45,40.15,75.77000000000001,0.0,9.0,441.61999999999995,50.42,431.9,7.0,7.0,2941.78,59.58
United States,Texas,Wheat,1996,winter,229.8,10.0,39.0,3635.7299999999996,27.06,81.15,1.0,0.0,552.6600000000001,30.37,118.17,31.0,0.0,1228.89,31.41,134.41,7.0,3.0,1610.5700000000002,27.06,26.92,0.0,23.0,522.14,19.599999999999998,267.78999999999996,35.0,13.0,3284.57,31.41
United States,Texas,Wheat,1997,winter,646.27,0.0,38.0,3215.6099999999997,62.139999999999986,104.33000000000001,0.0,0.0,509.51,63.06,234.01999999999998,0.0,0.0,1069.6,75.66000000000001,311.12,0.0,12.0,1636.5499999999997,58.66,52.669999999999995,0.0,20.0,481.95000000000005,26.080000000000002,620.8299999999999,0.0,6.0,2676.22,75.66
United States,Texas,Wheat,1998,winter,539.64,18.0,26.0,3533.01,72.09,14.54,7.0,0.0,629.09,10.85,73.64000000000001,32.0,0.0,1194.87,33.29,190.31999999999994,18.0,11.0,1645.3999999999999,35.89,121.69999999999999,0.0,8.0,411.40000000000003,58.97,315.8,39.0,7.0,3300.17,72.09
United States,Texas,Wheat,1999,winter,518.5,11.0,21.0,3362.24,80.19,80.15,2.0,0.0,519.54,48.11,127.48,8.0,0.0,1052.7,34.459999999999994,340.88999999999993,11.0,0.0,1371.2800000000002,80.19,49.45,0.0,19.0,491.20000000000005,42.410000000000004,335.79,10.0,2.0,3072.0,48.11
United States,Texas,Wheat,2000,winter,296.0,18.0,13.0,3661.3900000000003,35.040000000000006,50.99,4.0,0.0,575.6500000000001,40.58,160.25000000000006,16.0,0.0,1049.28,36.66,64.78,17.0,0.0,1568.46,27.670000000000005,64.46000000000001,0.0,6.0,420.85,26.130000000000003,378.0,21.0,7.0,3297.0099999999998,40.58
United States,Texas,Wheat,2001,winter,606.52,14.0,38.0,2949.4799999999996,97.00999999999999,80.47,0.0,0.0,516.8499999999999,45.08,68.71999999999998,12.0,0.0,1210.45,24.729999999999997,378.38,14.0,27.0,1612.6499999999999,97.00999999999999,103.02,0.0,11.0,469.05000000000007,29.25,274.31,12.0,0.0,2595.08,45.08
United States,Texas,Wheat,2002,winter,430.1,0.0,37.0,3455.92,92.36,7.28,9.0,0.0,483.85,3.9699999999999998,162.48000000000002,11.0,0.0,1124.0900000000001,65.08,290.1700000000001,0.0,5.0,1558.2,92.36,21.83,0.0,16.0,526.72,12.01,287.86,20.0,16.0,2978.94,65.08
United States,Texas,Wheat,2003,winter,442.87,3.0,25.0,3288.1400000000003,58.86,16.66,7.0,0.0,480.27,6.949999999999999,174.98000000000002,11.0,0.0,1103.4499999999998,72.53999999999999,306.29999999999995,3.0,5.0,1567.8,58.86,35.37,0.0,14.0,517.6099999999999,19.22,292.84000000000003,18.0,6.0,2786.45,72.53999999999999
United States,Texas,Wheat,2004,winter,490.79,1.0,24.0,3176.75,58.12,86.01,0.0,0.0,463.16999999999996,40.33,239.15000000000006,6.0,0.0,1013.2099999999999,103.66000000000001,206.68,1.0,5.0,1486.6399999999999,49.919999999999995,67.41,0.0,8.0,375.37999999999994,58.12,541.86,6.0,11.0,2791.1099999999997,103.65999999999998
United States,Texas,Wheat,2005,winter,542.31,1.0,18.0,3279.67,85.21,54.2,0.0,0.0,494.86,34.32,87.8,21.0,0.0,1164.3300000000002,45.94,345.42999999999995,1.0,2.0,1394.3200000000002,85.21,22.200000000000003,0.0,13.0,436.17999999999995,11.22,316.68,21.0,3.0,3108.3599999999997,45.940000000000005
United States,Texas,Wheat,2006,winter,241.09,22.0,16.0,3614.28,34.760000000000005,127.47000000000001,0.0,0.0,540.8699999999999,56.42,67.95,16.0,0.0,1269.7299999999998,41.050000000000004,66.99000000000001,18.0,1.0,1515.67,15.75,2.73,0.0,9.0,420.23,2.02,366.78999999999996,20.0,6.0,3488.9799999999987,56.42000000000001
United States,Texas,Wheat,2007,winter,532.81,4.0,37.0,3338.76,74.57,96.76,0.0,0.0,434.06000000000006,54.489999999999995,393.34000000000003,0.0,0.0,966.42,106.44000000000003,171.24,4.0,7.0,1654.33,43.56,140.02999999999997,0.0,20.0,466.47,33.120000000000005,711.64,0.0,10.0,2618.4399999999996,106.44000000000003
United States,Texas,Wheat,2008,winter,281.47,0.0,33.0,3535.2700000000004,51.25000000000001,112.50999999999999,1.0,0.0,558.23,63.11,44.51,32.0,0.0,1241.4099999999999,14.84,143.5,0.0,3.0,1552.54,51.25000000000001,14.600000000000001,0.0,23.0,556.41,3.93,280.39,33.0,7.0,3225.9599999999996,68.57000000000001
United States,Texas,Wheat,2009,winter,287.14,2.0,23.0,3734.0,83.11,69.85000000000001,1.0,0.0,423.08000000000004,61.83,104.28000000000002,19.0,0.0,1186.17,25.66,93.03999999999999,2.0,7.0,1728.12,34.64,11.57,0.0,8.0,437.15,9.75,356.66,20.0,8.0,3177.9800000000005,83.11
United States,Texas,Wheat,2010,winter,702.1500000000001,2.0,52.0,3161.97,84.61,32.65,0.0,0.0,530.27,17.7,88.56,15.0,0.0,1120.17,33.05,458.91999999999996,2.0,28.0,1770.78,84.61,160.26,0.0,21.0,552.4000000000001,70.83,204.18,15.0,3.0,2489.23,33.589999999999996
United States,Texas,Wheat,2011,winter,293.6,8.0,33.0,3762.11,128.98,54.129999999999995,6.0,0.0,519.12,37.11,36.31999999999999,36.0,0.0,1278.3600000000001,21.93,187.44,1.0,3.0,1737.5900000000001,128.98,73.22000000000001,0.0,16.0,498.7199999999999,36.36,123.39000000000001,49.0,14.0,3323.28,37.11
United States,Texas,Wheat,2012,winter,494.21999999999997,17.0,16.0,3535.67,89.87,92.63,6.0,0.0,506.81,41.349999999999994,59.470000000000006,19.0,0.0,1212.3600000000001,25.740000000000002,198.33999999999997,17.0,5.0,1648.7899999999997,89.87,42.93,0.0,8.0,409.78,19.200000000000003,405.05,25.0,3.0,3196.2700000000004,69.91
United States,Texas,Wheat,2013,winter,323.28,8.0,30.0,3627.8599999999997,68.17,45.71,0.0,0.0,528.07,32.22,91.63999999999999,20.0,0.0,1121.7999999999997,38.03,132.16,8.0,0.0,1548.1900000000003,44.69,84.77000000000001,0.0,21.0,458.62,68.17,243.7,20.0,9.0,3270.9199999999996,38.03
United States,Texas,Wheat,2014,winter,358.97999999999996,8.0,53.0,3389.75,71.49,67.9,2.0,0.0,597.46,48.95,172.11,2.0,0.0,1077.2599999999998,87.44,314.2,8.0,25.0,1667.93,71.49,5.39,0.0,24.0,618.83,3.1399999999999997,279.4,4.0,4.0,2777.71,87.44
United States,Texas,Wheat,2015,winter,425.04999999999995,8.0,38.0,3169.7200000000003,51.05,108.71000000000001,0.0,0.0,442.03999999999996,47.550000000000004,249.86,0.0,0.0,1065.4399999999998,78.59,224.85999999999999,8.0,7.0,1538.68,51.05,82.18,0.0,15.0,454.36,35.29,476.5799999999999,0.0,16.0,2684.16,78.59
United States,Texas,Wheat,2016,winter,617.6500000000001,16.0,19.0,3521.13,140.35000000000002,80.64,0.0,0.0,573.51,31.76,185.51000000000002,2.0,0.0,1034.05,55.400000000000006,324.27000000000004,16.0,2.0,1462.27,140.35000000000002,56.32,0.0,8.0,374.36000000000007,27.45,503.2100000000001,2.0,9.0,3292.06,69.71
United States,Texas,Wheat,2017,winter,482.8,2.0,12.0,3421.52,66.84,6.01,0.0,0.0,590.0,3.77,165.77000000000004,12.0,0.0,1065.1999999999998,41.73,222.87000000000003,2.0,0.0,1464.0499999999995,66.84,20.08,0.0,11.0,354.01,10.700000000000001,411.63,12.0,1.0,3258.66,45.13
United States,Texas,Wheat,2018,winter,275.24,10.0,28.0,3456.76,64.62,60.30000000000001,0.0,0.0,565.5699999999999,53.24,71.77,35.0,0.0,1244.34,28.75,93.88,10.0,0.0,1502.34,33.08,42.11,0.0,20.0,472.80999999999995,19.980000000000004,271.32000000000005,35.0,8.0,3291.52,64.62
United States,Texas,Wheat,2019,winter,725.3899999999999,2.0,28.0,3145.84,170.88,158.73,0.0,0.0,446.5,58.459999999999994,123.92999999999999,3.0,0.0,1080.71,24.259999999999998,620.78,2.0,12.0,1585.94,170.88,16.62,0.0,10.0,416.43,5.57,370.65,3.0,6.0,2670.6800000000003,58.459999999999994
United States,Texas,Wheat,2020,winter,413.28999999999996,34.0,15.0,3243.71,62.239999999999995,28.52,2.0,0.0,614.03,13.739999999999998,145.06,7.0,0.0,1201.5900000000001,38.849999999999994,90.88999999999999,34.0,5.0,1511.8,16.99,14.839999999999998,0.0,4.0,361.88000000000005,8.969999999999999,481.14,9.0,6.0,3185.65,62.239999999999995
United States,Texas,Wheat,2021,winter,355.12,5.0,29.0,3423.13,59.080000000000005,103.06,0.0,0.0,407.95,69.35,188.24,7.0,0.0,1022.0600000000001,40.7,192.44,4.0,7.0,1608.05,59.080000000000005,80.35999999999999,0.0,11.0,425.07,47.0,373.61999999999995,8.0,11.0,2820.02,69.35
United States,Texas,Wheat,2022,winter,221.91,14.0,32.0,3762.7,49.59,22.19,8.0,0.0,496.93,12.43,90.68,37.0,0.0,1247.2600000000002,41.72,162.5,11.0,0.0,1569.7599999999998,49.59,5.409999999999999,0.0,1.0,264.34000000000003,5.12,166.87,48.0,31.0,3672.790000000001,41.72
United States,Texas,Wheat,2023,winter,308.03,10.0,22.0,3428.88,58.620000000000005,89.28,1.0,0.0,481.75,30.57,100.47000000000001,22.0,0.0,1117.43,25.29,191.34,9.0,1.0,1540.5200000000002,58.620000000000005,11.54,0.0,7.0,346.15999999999997,5.55,294.9,24.0,14.0,3141.38,30.57
United States,Texas,Wheat,2024,winter,473.5,19.0,14.0,3453.1900000000005,88.35,139.08999999999997,0.0,0.0,420.59000000000003,59.11,175.74,18.0,0.0,1125.46,44.34,225.57000000000002,18.0,0.0,1409.28,88.35,53.160000000000004,0.0,3.0,377.62,33.230000000000004,509.6,19.0,11.0,3212.3400000000006,59.11
United States,Texas,Wheat,2025,winter,246.7,18.0,28.0,3571.05,39.300000000000004,67.81,2.0,0.0,509.79999999999995,24.88,198.27,19.0,0.0,1157.25,59.43,88.80000000000001,17.0,0.0,1403.9,39.300000000000004,12.14,0.0,0.0,315.63,7.480000000000001,411.8399999999999,22.0,28.0,3518.57,59.43
United States,Texas,Barley,1990,spring,234.53000000000003,20.0,0.0,1725.8300000000002,67.19,2.27,15.0,0.0,444.78999999999996,1.25,239.01,27.0,0.0,1819.5200000000002,46.33,190.53,0.0,0.0,924.1600000000001,67.19,18.17,4.0,0.0,239.42000000000002,16.150000000000002,267.11000000000007,58.0,0.0,2826.5600000000004,46.33
United States,Texas,Barley,1991,spring,312.84999999999997,2.0,0.0,1661.64,48.20000000000001,30.84,3.0,0.0,415.90999999999997,13.64,212.38,33.0,0.0,1837.25,26.099999999999998,163.78999999999996,0.0,0.0,906.78,47.57,24.22,1.0,0.0,231.59,16.93,368.05999999999995,37.0,0.0,2776.43,48.2
United States,Texas,Barley,1992,spring,300.44999999999993,0.0,0.0,1664.5,48.29,49.269999999999996,0.0,0.0,388.24,29.15,121.07000000000001,17.0,0.0,1983.9,23.979999999999997,135.74,0.0,0.0,1017.1099999999999,41.28,108.36000000000001,0.0,0.0,227.54999999999998,40.47,226.69,17.0,0.0,2791.9799999999996,29.149999999999995
United States,Texas,Barley,1993,spring,224.49999999999997,3.0,0.0,1734.16,43.39,72.8,0.0,0.0,393.98,36.38,95.71,52.0,0.0,2046.56,51.25999999999999,142.92,0.0,0.0,1060.93,43.39,28.79,0.0,0.0,288.64,16.09,221.3,55.0,0.0,2825.13,51.25999999999999
United States,Texas,Barley,1994,spring,242.66,5.0,0.0,1767.9400000000005,61.36,12.54,13.0,0.0,454.9,9.17,143.81,49.0,0.0,1984.9299999999998,20.28,171.78,1.0,0.0,912.13,61.36,27.33,0.0,0.0,303.68,23.740000000000002,199.89999999999998,66.0,0.0,2991.9600000000005,20.28
United States,Texas,Barley,1995,spring,284.78000000000003,4.0,0.0,1758.7999999999997,59.58,47.35,3.0,0.0,396.97,34.54,183.84,41.0,0.0,1887.9299999999998,50.64,146.53,2.0,0.0,963.36,52.1,42.75,1.0,0.0,274.07,19.85,326.69,45.0,0.0,2806.2700000000004,59.58
United States,Texas,Barley,1996,spring,217.17,25.0,0.0,1928.0299999999997,31.41,12.58,13.0,0.0,416.85,9.74,306.33000000000004,29.0,0.0,1846.4500000000003,54.47,111.30999999999999,3.0,0.0,1009.39,30.37,0.8300000000000001,11.0,0.0,307.8,0.76,423.93999999999994,53.0,0.0,2874.14,54.47
United States,Texas,Barley,1997,spring,314.76000000000005,0.0,2.0,1647.2500000000005,63.06,85.03,0.0,0.0,402.85,75.66000000000001,71.16,61.0,0.0,2037.3100000000004,18.31,206.52000000000004,0.0,2.0,1017.1299999999999,63.06,20.549999999999997,0.0,0.0,308.78000000000003,11.329999999999998,243.88,61.0,0.0,2761.5,75.66000000000001
United States,Texas,Barley,1998,spring,98.53999999999999,28.0,0.0,1985.99,33.29,45.7,13.0,0.0,422.75,44.08,184.25,49.0,0.0,1943.8999999999999,38.169999999999995,26.369999999999997,7.0,0.0,1181.9999999999998,10.85,21.39,6.0,0.0,208.38,21.33,280.73,77.0,0.0,2962.26,44.209999999999994
United States,Texas,Barley,1999,spring,186.81,7.0,0.0,1733.2100000000003,48.11,38.67,4.0,0.0,365.03999999999996,27.28,74.17999999999999,55.0,0.0,2060.8,39.84,94.61,2.0,0.0,917.26,48.11,19.65,0.0,0.0,275.46999999999997,10.3,185.39999999999998,64.0,0.0,2966.3199999999997,39.839999999999996
United States,Texas,Oats,1990,spring,234.51000000000002,10.0,0.0,1413.9700000000003,67.19,0.02,13.0,0.0,400.73,0.02,241.28,39.0,0.0,2175.44,46.33,170.57999999999998,0.0,0.0,708.4799999999999,67.19,21.970000000000002,2.0,0.0,383.87,14.559999999999999,283.26,60.0,0.0,2897.79,46.33
United States,Texas,Oats,1991,spring,241.42,2.0,0.0,1406.6200000000001,47.57,72.77,0.0,0.0,334.27,48.199999999999996,241.87999999999997,36.0,0.0,2173.91,26.099999999999998,112.93,0.0,0.0,691.95,47.57,58.13,0.0,0.0,352.3,33.07,385.01,38.0,0.0,2870.55,48.2
United States,Texas,Oats,1992,spring,268.62,0.0,0.0,1379.27,48.29,33.96,0.0,0.0,361.08000000000004,22.009999999999998,168.20999999999998,17.0,0.0,2296.29,29.15,59.550000000000004,0.0,0.0,833.8499999999999,19.040000000000003,140.46,0.0,0.0,319.4,48.29,270.78,17.0,0.0,2883.3900000000003,40.47
United States,Texas,Oats,1993,spring,172.09999999999997,3.0,0.0,1496.23,43.39,88.78,0.0,0.0,293.23999999999995,36.38,132.13,52.0,0.0,2385.23,51.25999999999999,141.37,0.0,0.0,803.1700000000001,43.39,28.349999999999998,0.0,0.0,459.35,16.09,223.29,55.0,0.0,2912.18,51.25999999999999
United States,Texas,Oats,1994,spring,220.01000000000002,3.0,0.0,1485.5199999999998,61.36,26.009999999999998,2.0,0.0,366.37,14.599999999999998,152.98999999999998,62.0,0.0,2355.88,20.28,57.56000000000001,1.0,0.0,747.4300000000001,29.990000000000002,115.24999999999999,0.0,0.0,377.63,61.36,226.2,66.0,0.0,3082.71,23.740000000000002
United States,Texas,Oats,1995,spring,251.36,3.0,0.0,1465.31,59.58,33.58,1.0,0.0,374.90999999999997,32.98,231.03000000000006,44.0,0.0,2203.4800000000005,50.64,129.47,0.0,0.0,756.4000000000001,52.1,38.96,3.0,0.0,388.21,18.310000000000002,347.54,45.0,0.0,2899.09,59.58
United States,Texas,Oats,1996,spring,212.26,17.0,0.0,1625.9199999999996,31.41,5.449999999999999,11.0,0.0,389.03,3.0799999999999996,318.36999999999995,39.0,0.0,2176.38,54.47,102.22000000000001,3.0,0.0,847.3399999999999,30.37,9.149999999999999,7.0,0.0,366.15999999999997,8.37,424.71000000000004,57.0,0.0,2977.83,54.47
United States,Texas,Oats,1997,spring,259.68,0.0,2.0,1379.0800000000002,63.06,87.5,0.0,0.0,340.16,44.75,123.77000000000001,61.0,0.0,2368.17,45.82,164.31,0.0,2.0,839.74,63.06,61.84000000000001,0.0,0.0,374.80999999999995,21.040000000000003,244.8,61.0,0.0,2872.86,75.66000000000001
United States,Texas,Oats,1998,spring,64.03,21.0,0.0,1714.0799999999997,22.709999999999997,34.51,10.0,0.0,360.34000000000003,33.29,229.95,59.0,0.0,2278.22,44.209999999999994,26.04,4.0,0.0,954.4399999999999,10.85,0.39,9.0,0.0,361.30999999999995,0.27999999999999997,302.06000000000006,77.0,0.0,3036.8900000000003,44.209999999999994
United States,Texas,Oats,1999,spring,158.51000000000002,6.0,0.0,1485.3699999999997,48.11,52.900000000000006,1.0,0.0,296.69000000000005,24.6,88.24999999999999,59.0,0.0,2376.9900000000007,39.84,44.06,2.0,0.0,697.6400000000001,24.85,61.01999999999999,0.0,0.0,403.02,48.11,194.57999999999998,64.0,0.0,3058.3900000000003,39.839999999999996
United States,Texas,Oats,2000,spring,186.51,13.0,0.0,1523.9299999999996,40.58,75.32000000000001,0.0,0.0,258.34999999999997,36.66,67.66000000000001,82.0,0.0,2442.26,27.81,96.04,1.0,0.0,731.0599999999998,40.58,38.63999999999999,6.0,0.0,381.77,29.549999999999997,194.81,88.0,0.0,3111.71,36.66
United States,Texas,Oats,2001,spring,124.59,2.0,0.0,1429.14,45.08,30.58,5.0,0.0,382.39,24.729999999999997,207.46,53.0,0.0,2365.4799999999996,47.47,64.03999999999999,0.0,0.0,625.8299999999999,34.59,36.86,0.0,0.0,442.52000000000004,18.99,261.73,60.0,0.0,3108.66,47.47
United States,Texas,Oats,2002,spring,91.57,9.0,0.0,1418.22,34.15,31.91,6.0,0.0,352.3699999999999,29.98,345.57,26.0,0.0,2219.32,104.55,27.549999999999997,6.0,0.0,599.08,19.31,6.07,3.0,0.0,353.64,3.51,435.43,32.0,0.0,3037.19,104.55
United States,Texas,Oats,2003,spring,137.22,14.0,0.0,1496.8799999999999,72.53999999999999,52.150000000000006,1.0,0.0,330.48,26.52,188.05,41.0,0.0,2208.3400000000006,43.06,15.25,0.0,0.0,753.16,6.949999999999999,3.44,10.0,0.0,297.06,2.53,358.72999999999996,46.0,0.0,2985.48,72.53999999999999
United States,Texas,Oats,2004,spring,205.9,6.0,0.0,1357.7899999999997,48.38999999999999,124.18000000000002,0.0,0.0,309.08,103.66,240.24999999999997,16.0,0.0,2197.13,55.48,157.47,0.0,0.0,713.3,48.38999999999999,18.46,0.0,0.0,344.32,15.96,394.4000000000001,22.0,0.0,2806.38,103.66000000000001
United States,Texas,Oats,2005,spring,152.95000000000002,5.0,0.0,1492.81,45.94,0.44000000000000006,7.0,0.0,362.38,0.41000000000000003,189.82999999999996,55.0,0.0,2248.2000000000003,55.660000000000004,59.29,0.0,0.0,873.8900000000002,34.32,9.420000000000002,5.0,0.0,348.40999999999997,7.37,274.51,62.0,0.0,2881.09,55.660000000000004
United States,Texas,Oats,2006,spring,168.7,11.0,0.0,1656.9200000000003,56.42,44.440000000000005,9.0,0.0,384.93999999999994,41.050000000000004,120.74999999999999,47.0,0.0,2334.68,22.73,81.84,4.0,0.0,721.4300000000001,39.14,81.38999999999999,2.0,0.0,452.96000000000004,56.42,170.66,61.0,0.0,3202.1499999999996,41.050000000000004
United States,Texas,Oats,2007,spring,283.98999999999995,0.0,1.0,1310.1999999999998,89.29,95.75,0.0,0.0,313.34999999999997,67.87,405.8300000000001,0.0,0.0,2071.22,106.44000000000001,118.89999999999999,0.0,1.0,705.4499999999999,54.489999999999995,138.26,0.0,0.0,383.12,89.29,528.4100000000001,0.0,0.0,2606.2000000000003,106.44000000000001
United States,Texas,Oats,2008,spring,165.09,15.0,0.0,1626.0900000000004,68.57000000000001,15.259999999999998,11.0,0.0,381.26000000000005,14.84,143.15,40.0,0.0,2290.8100000000004,25.75,81.16999999999999,0.0,0.0,832.59,31.57,81.80000000000001,4.0,0.0,421.59000000000003,68.57000000000001,160.53,62.0,0.0,3043.9799999999996,25.75
United States,Texas,Oats,2009,spring,196.72,2.0,0.0,1467.9000000000003,61.83,26.050000000000004,10.0,0.0,357.01,25.66,252.37000000000003,58.0,0.0,2177.19,84.61,125.4,0.0,0.0,721.9200000000002,61.83,45.83,1.0,0.0,370.38999999999993,22.78,303.91,69.0,0.0,2909.79,84.61
United States,Texas,Oats,2010,spring,114.17,2.0,0.0,1450.96,33.589999999999996,6.05,9.0,0.0,342.67,5.52,331.72,44.0,0.0,2261.01,128.98,58.37,0.0,0.0,797.46,33.589999999999996,37.06,0.0,0.0,316.92,14.32,356.51,55.0,0.0,2940.26,128.98
United States,Texas,Oats,2011,spring,82.65,28.0,0.0,1639.07,37.11,19.36,13.0,0.0,397.69,19.349999999999998,32.57000000000001,85.0,0.0,2511.22,8.62,24.360000000000003,10.0,0.0,735.1999999999998,13.26,44.00000000000001,3.0,0.0,405.24,37.11,66.22,113.0,0.0,3407.54,21.93
United States,Texas,Oats,2012,spring,137.82,11.0,0.0,1538.71,41.349999999999994,21.790000000000006,6.0,0.0,353.2,14.05,217.13999999999996,53.0,0.0,2332.8599999999997,44.68999999999999,7.890000000000001,3.0,0.0,704.8600000000001,3.38,101.16,3.0,0.0,391.45,41.349999999999994,267.7,64.0,0.0,3128.46,44.68999999999999
United States,Texas,Oats,2013,spring,153.09,5.0,0.0,1460.4399999999998,38.03,27.320000000000004,8.0,0.0,354.68999999999994,13.75,257.15000000000003,48.0,0.0,2285.96,84.78,74.86,0.0,0.0,800.4699999999999,33.89,74.13000000000001,1.0,0.0,383.67999999999995,38.03,288.57,60.0,0.0,2916.94,84.78
United States,Texas,Oats,2014,spring,187.71999999999997,2.0,0.0,1536.15,87.44,53.15,0.0,0.0,316.61,28.09,186.09,53.0,0.0,2215.47,51.05,24.860000000000003,2.0,0.0,803.57,11.07,76.22000000000001,0.0,0.0,409.44,48.95,325.88,53.0,0.0,2855.22,86.41
United States,Texas,Oats,2015,spring,326.77,0.0,0.0,1289.1399999999999,78.59,49.870000000000005,0.0,0.0,337.46999999999997,32.25,66.96000000000001,59.0,0.0,2402.81,15.82,72.03999999999999,0.0,0.0,663.5600000000001,27.85,122.71,0.0,0.0,256.27,47.550000000000004,248.85000000000002,59.0,0.0,3109.59,78.59
United States,Texas,Oats,2016,spring,358.13000000000005,0.0,0.0,1359.18,55.400000000000006,3.4499999999999997,1.0,0.0,370.79999999999995,2.9,276.78000000000003,41.0,0.0,2322.7800000000007,78.41,141.11,0.0,0.0,773.4000000000002,49.35,108.8,0.0,0.0,319.05,52.71,388.45000000000005,42.0,0.0,2960.3100000000004,78.41
United States,Texas,Oats,2017,spring,208.67000000000002,1.0,0.0,1444.6099999999997,43.74,2.77,7.0,0.0,367.64,1.6600000000000001,244.01999999999998,48.0,0.0,2252.45,61.0,85.18,0.0,0.0,789.88,43.74,59.82,0.0,0.0,333.75,41.73,310.46,56.0,0.0,2941.0699999999997,61.0
United States,Texas,Oats,2018,spring,131.63,15.0,0.0,1634.3500000000001,53.24,7.019999999999999,11.0,0.0,355.66999999999996,6.369999999999999,269.27000000000004,59.0,0.0,2242.2599999999998,45.18,66.7,0.0,0.0,821.99,53.24,33.47,2.0,0.0,394.1,19.330000000000002,307.74999999999994,83.0,0.0,3016.1899999999996,45.18
United States,Texas,Oats,2019,spring,257.63,0.0,0.0,1391.9099999999999,58.459999999999994,49.190000000000005,3.0,0.0,346.88000000000005,24.259999999999998,96.35,74.0,0.0,2400.3,18.99,170.1,0.0,0.0,751.7700000000001,58.459999999999994,57.88,0.0,0.0,382.37,34.82,175.19,77.0,0.0,3004.9500000000003,24.259999999999998
United States,Texas,Oats,2020,spring,198.61,5.0,0.0,1556.85,38.849999999999994,8.52,4.0,0.0,394.34999999999997,7.930000000000001,229.06,55.0,0.0,2238.8799999999997,59.080000000000005,76.62,2.0,0.0,788.73,27.09,84.38,1.0,0.0,416.89,38.769999999999996,275.19,61.0,0.0,2984.46,59.080000000000005
United States,Texas,Oats,2021,spring,283.57,1.0,0.0,1222.25,69.35,13.32,3.0,0.0,378.00999999999993,9.07,215.13,41.0,0.0,2256.9899999999993,49.59,101.45,1.0,0.0,688.73,69.35,85.52,0.0,0.0,295.83000000000004,30.12,325.05,44.0,0.0,2872.69,49.59
United States,Texas,Oats,2022,spring,101.17999999999999,27.0,0.0,1572.4500000000003,41.72,0.0,14.0,0.0,394.00999999999993,0.0,171.34000000000003,68.0,0.0,2410.68,44.33,21.66,3.0,0.0,674.9100000000001,7.37,13.630000000000003,10.0,0.0,349.05,12.43,237.23000000000002,96.0,0.0,3353.18,44.33
United States,Texas,Oats,2023,spring,196.2,2.0,0.0,1406.0300000000004,30.57,20.06,13.0,0.0,337.13,7.74,81.57999999999998,85.0,0.0,2446.6400000000003,38.34,72.27000000000001,2.0,0.0,709.7999999999998,18.73,89.42000000000002,0.0,0.0,374.63,30.57,136.14999999999998,98.0,0.0,3105.37,38.34
United States,Texas,Oats,2024,spring,324.85999999999996,6.0,0.0,1340.9899999999998,59.11,39.37,5.0,0.0,333.10999999999996,21.07,191.17000000000002,65.0,0.0,2370.2400000000002,80.47999999999999,111.25,1.0,0.0,611.42,32.419999999999995,118.03999999999999,0.0,0.0,332.16,51.34,326.10999999999996,75.0,0.0,3100.7599999999998,80.48
United States,Texas,Oats,2025,spring,220.2,11.0,0.0,1465.9,41.190000000000005,79.68999999999998,2.0,0.0,353.07,59.43,337.78,43.0,0.0,2233.9299999999994,125.82,79.85,1.0,0.0,664.96,24.88,34.44,6.0,0.0,368.12,22.06,523.38,49.0,0.0,3019.8199999999997,125.82
United States,Washington,Wheat,1990,winter,702.4100000000001,0.0,155.0,2108.3199999999997,82.5,59.28,0.0,7.0,413.78999999999996,24.78,118.14,0.0,0.0,878.0599999999998,16.77,879.8299999999999,0.0,162.0,3400.17,82.5,0.0,0.0,0.0,0.0,0.0,0.0,0.0,0.0,0.0,0.0
United States,Washington,Wheat,1991,winter,860.89,0.0,171.0,2060.68,79.13999999999999,34.56999999999999,0.0,9.0,402.63,14.24,113.95,0.0,2.0,873.4999999999999,31.03,1009.4100000000001,0.0,182.0,3336.8100000000004,79.13999999999999,0.0,0.0,0.0,0.0,0.0,0.0,0.0,0.0,0.0,0.0
United States,Washington,Wheat,1992,winter,602.98,0.0,156.0,2162.0,34.32,33.3,0.0,8.0,457.85,11.56,73.92000000000002,0.0,0.0,1072.21,39.0,710.2,0.0,164.0,3692.06,39.0,0.0,0.0,0.0,0.0,0.0,0.0,0.0,0.0,0.0,0.0
United States,Washington,Wheat,1993,winter,593.4200000000001,0.0,174.0,1979.56,37.18,57.83,0.0,6.0,383.07,14.04,97.47,0.0,0.0,904.31,20.419999999999998,748.72,0.0,180.0,3266.9399999999996,37.18,0.0,0.0,0.0,0.0,0.0,0.0,0.0,0.0,0.0,0.0
United States,Washington,Wheat,1994,winter,522.1500000000001,0.0,160.0,2090.05,44.06999999999999,38.03,0.0,8.0,437.79999999999995,11.059999999999999,77.49000000000001,0.0,0.0,901.8900000000002,12.83,637.67,0.0,168.0,3429.7400000000002,44.06999999999999,0.0,0.0,0.0,0.0,0.0,0.0,0.0,0.0,0.0,0.0
United States,Washington,Wheat,1995,winter,855.02,0.0,178.0,2065.5600000000004,56.629999999999995,47.56,0.0,6.0,414.81,16.229999999999997,48.910000000000004,0.0,0.0,1033.33,14.04,951.49,0.0,184.0,3513.7,56.629999999999995,0.0,0.0,0.0,0.0,0.0,0.0,0.0,0.0,0.0,0.0
United States,Washington,Wheat,1996,winter,999.58,0.0,158.0,1950.62,89.63,81.89999999999999,0.0,17.0,385.40999999999997,37.269999999999996,67.94,0.0,1.0,1002.2799999999999,12.81,1149.42,0.0,176.0,3338.3099999999995,89.63,0.0,0.0,0.0,0.0,0.0,0.0,0.0,0.0,0.0,0.0
United States,Washington,Wheat,1997,winter,972.95,0.0,175.0,1989.0100000000002,73.78,37.05,0.0,9.0,492.66,10.93,84.68000000000002,0.0,0.0,1009.3400000000001,15.33,1094.6799999999998,0.0,184.0,3491.0099999999998,73.78,0.0,0.0,0.0,0.0,0.0,0.0,0.0,0.0,0.0,0.0
United States,Washington,Wheat,1998,winter,692.23,0.0,172.0,2003.6100000000001,54.25999999999999,27.84,0.0,3.0,472.73,11.520000000000001,96.97999999999999,0.0,1.0,982.1000000000001,31.39,817.05,0.0,176.0,3458.44,54.25999999999999,0.0,0.0,0.0,0.0,0.0,0.0,0.0,0.0,0.0,0.0
United States,Washington,Wheat,1999,winter,832.8299999999999,0.0,171.0,2033.06,60.97,43.010000000000005,0.0,19.0,451.29999999999995,11.780000000000001,45.61,0.0,2.0,1059.51,11.59,921.45,0.0,192.0,3543.87,60.97,0.0,0.0,0.0,0.0,0.0,0.0,0.0,0.0,0.0,0.0
United States,Washington,Wheat,2000,winter,659.1700000000001,0.0,162.0,2139.4800000000005,38.96,39.93,0.0,14.0,440.2,13.5,63.88,0.0,0.0,1030.26,21.130000000000003,762.98,0.0,176.0,3609.9399999999996,38.96,0.0,0.0,0.0,0.0,0.0,0.0,0.0,0.0,0.0,0.0
United States,Washington,Wheat,2001,winter,450.26,0.0,180.0,2051.35,26.599999999999994,46.75,0.0,12.0,457.78,19.78,55.56999999999999,0.0,4.0,1045.72,14.09,552.58,0.0,196.0,3554.85,26.599999999999994,0.0,0.0,0.0,0.0,0.0,0.0,0.0,0.0,0.0,0.0
United States,Washington,Wheat,2002,winter,741.9499999999999,0.0,166.0,1912.71,43.64,29.129999999999995,0.0,18.0,463.7,9.639999999999999,59.65,0.0,1.0,1035.1,15.27,830.73,0.0,185.0,3411.51,43.64,0.0,0.0,0.0,0.0,0.0,0.0,0.0,0.0,0.0,0.0
United States,Washington,Wheat,2003,winter,610.75,0.0,164.0,2083.42,45.61,36.76,0.0,10.0,402.52,18.01,25.179999999999996,0.0,5.0,1078.55,5.86,672.69,0.0,179.0,3564.49,45.61,0.0,0.0,0.0,0.0,0.0,0.0,0.0,0.0,0.0,0.0
United States,Washington,Wheat,2004,winter,636.99,0.0,156.0,2080.4700000000003,50.57000000000001,23.2,0.0,2.0,499.70000000000005,7.1,71.75,0.0,0.0,1022.33,14.239999999999998,731.9399999999999,0.0,158.0,3602.5,50.57000000000001,0.0,0.0,0.0,0.0,0.0,0.0,0.0,0.0,0.0,0.0
United States,Washington,Wheat,2005,winter,563.3699999999999,0.0,160.0,2041.5,55.03999999999999,57.86,0.0,0.0,418.37,41.42,73.25000000000001,0.0,1.0,995.3399999999999,14.73,694.4799999999999,0.0,161.0,3455.2099999999996,55.03999999999999,0.0,0.0,0.0,0.0,0.0,0.0,0.0,0.0,0.0,0.0
United States,Washington,Wheat,2006,winter,789.79,0.0,166.0,1945.4099999999999,61.190000000000005,9.379999999999999,0.0,13.0,538.64,5.33,97.67000000000002,0.0,0.0,996.2900000000001,21.0,896.8399999999999,0.0,179.0,3480.3399999999997,61.190000000000005,0.0,0.0,0.0,0.0,0.0,0.0,0.0,0.0,0.0,0.0
United States,Washington,Wheat,2007,winter,805.0200000000001,0.0,168.0,2011.69,119.54999999999998,23.370000000000005,0.0,10.0,475.15,9.290000000000001,57.239999999999995,0.0,0.0,1063.79,18.49,885.6300000000001,0.0,178.0,3550.63,119.54999999999998,0.0,0.0,0.0,0.0,0.0,0.0,0.0,0.0,0.0,0.0
United States,Washington,Wheat,2008,winter,630.76,0.0,182.0,2021.93,84.66,25.9,0.0,15.0,425.92,8.22,56.73,0.0,1.0,1039.26,13.17,713.3899999999999,0.0,198.0,3487.1100000000006,84.66,0.0,0.0,0.0,0.0,0.0,0.0,0.0,0.0,0.0,0.0
United States,Washington,Wheat,2009,winter,617.6700000000001,0.0,168.0,2065.84,76.59,53.059999999999995,0.0,18.0,426.0,22.15,23.810000000000002,0.0,1.0,1159.32,4.82,694.54,0.0,187.0,3651.1600000000003,76.59,0.0,0.0,0.0,0.0,0.0,0.0,0.0,0.0,0.0,0.0
United States,Washington,Wheat,2010,winter,588.1300000000001,0.0,176.0,1975.85,26.720000000000006,45.099999999999994,0.0,13.0,447.03999999999996,17.7,123.25999999999999,0.0,3.0,923.9200000000001,25.58,756.49,0.0,192.0,3346.81,26.720000000000006,0.0,0.0,0.0,0.0,0.0,0.0,0.0,0.0,0.0,0.0
United States,Washington,Wheat,2011,winter,776.0200000000001,0.0,164.0,1829.0700000000002,50.32000000000001,57.69,0.0,18.0,444.15,24.269999999999996,82.39999999999999,0.0,3.0,946.2,20.639999999999997,916.1099999999999,0.0,185.0,3219.42,50.32000000000001,0.0,0.0,0.0,0.0,0.0,0.0,0.0,0.0,0.0,0.0
United States,Washington,Wheat,2012,winter,682.0,0.0,180.0,1941.23,53.88,43.239999999999995,0.0,11.0,499.15999999999997,20.69,91.97000000000001,0.0,0.0,893.75,16.23,817.21,0.0,191.0,3334.14,53.88,0.0,0.0,0.0,0.0,0.0,0.0,0.0,0.0,0.0,0.0
United States,Washington,Wheat,2013,winter,649.36,0.0,168.0,1998.35,44.64,15.850000000000001,0.0,9.0,545.87,7.03,72.09,0.0,1.0,931.1299999999999,21.5,737.3000000000001,0.0,178.0,3475.35,44.64,0.0,0.0,0.0,0.0,0.0,0.0,0.0,0.0,0.0,0.0
United States,Washington,Wheat,2014,winter,703.89,0.0,169.0,1997.3000000000002,51.02,51.41,0.0,7.0,483.25,19.32,39.93000000000001,0.0,0.0,1059.03,8.01,795.23,0.0,176.0,3539.58,51.02,0.0,0.0,0.0,0.0,0.0,0.0,0.0,0.0,0.0,0.0
United States,Washington,Wheat,2015,winter,616.19,0.0,139.0,2084.44,41.980000000000004,28.08,0.0,8.0,484.53000000000003,18.959999999999997,23.94,0.0,0.0,1162.7199999999998,5.78,665.3699999999999,0.0,147.0,3653.4299999999994,41.980000000000004,2.84,0.0,0.0,78.26,2.8399999999999994,0.0,0.0,0.0,0.0,0.0
United States,Washington,Wheat,2016,winter,834.19,0.0,149.0,2021.26,72.06,22.810000000000002,0.0,2.0,489.76000000000005,11.54,63.77,0.0,0.0,1040.11,16.59,920.77,0.0,151.0,3551.13,72.06,0.0,0.0,0.0,0.0,0.0,0.0,0.0,0.0,0.0,0.0
United States,Washington,Wheat,2017,winter,819.0699999999999,0.0,153.0,1839.1,52.25,48.74,0.0,13.0,429.48,15.23,45.800000000000004,0.0,1.0,1100.1799999999998,12.22,913.6099999999999,0.0,167.0,3368.7599999999998,52.25,0.0,0.0,0.0,0.0,0.0,0.0,0.0,0.0,0.0,0.0
United States,Washington,Wheat,2018,winter,761.54,0.0,178.0,1850.69,57.67,21.830000000000002,0.0,5.0,509.07,7.79,38.36999999999999,0.0,0.0,1058.48,11.14,821.74,0.0,183.0,3418.24,57.67,0.0,0.0,0.0,0.0,0.0,0.0,0.0,0.0,0.0,0.0
United States,Washington,Wheat,2019,winter,561.87,0.0,162.0,2089.79,43.11000000000001,5.59,0.0,9.0,545.09,2.41,59.36,0.0,0.0,1038.92,16.11,626.8199999999999,0.0,171.0,3673.7999999999997,43.11000000000001,0.0,0.0,0.0,0.0,0.0,0.0,0.0,0.0,0.0,0.0
United States,Washington,Wheat,2020,winter,621.96,0.0,174.0,2070.76,54.489999999999995,66.47,0.0,5.0,459.49,18.360000000000003,92.21000000000001,0.0,0.0,972.2400000000001,18.78,780.6400000000001,0.0,179.0,3502.49,54.489999999999995,0.0,0.0,0.0,0.0,0.0,0.0,0.0,0.0,0.0,0.0
United States,Washington,Wheat,2021,winter,699.4,0.0,172.0,2101.89,57.080000000000005,11.58,0.0,4.0,488.24,4.89,42.21,4.0,1.0,1149.65,12.379999999999999,753.19,4.0,177.0,3739.7799999999997,57.080000000000005,0.0,0.0,0.0,0.0,0.0,0.0,0.0,0.0,0.0,0.0
United States,Washington,Wheat,2022,winter,712.24,0.0,165.0,1924.3000000000002,62.1,48.11,0.0,16.0,401.65000000000003,15.19,101.25999999999999,0.0,1.0,919.9999999999999,22.799999999999997,861.6099999999999,0.0,182.0,3245.95,62.1,0.0,0.0,0.0,0.0,0.0,0.0,0.0,0.0,0.0,0.0
United States,Washington,Wheat,2023,winter,534.8800000000001,0.0,168.0,1951.2900000000002,69.28999999999999,29.86,0.0,4.0,478.34,11.3,41.16,0.0,0.0,1124.7899999999997,17.29,605.9,0.0,172.0,3554.4199999999996,69.28999999999999,0.0,0.0,0.0,0.0,0.0,0.0,0.0,0.0,0.0,0.0
United States,Washington,Wheat,2024,winter,577.01,0.0,160.0,2024.9499999999998,47.769999999999996,30.42,0.0,10.0,469.69999999999993,11.51,75.04,0.0,2.0,1019.17,27.19,682.47,0.0,172.0,3513.82,47.769999999999996,0.0,0.0,0.0,0.0,0.0,0.0,0.0,0.0,0.0,0.0
United States,Washington,Wheat,2025,winter,617.6700000000001,0.0,183.0,2008.27,41.49999999999999,10.48,0.0,12.0,520.75,4.67,29.340000000000003,0.0,4.0,1144.5399999999997,11.919999999999998,657.4899999999999,0.0,199.0,3673.5599999999995,41.49999999999999,0.0,0.0,0.0,0.0,0.0,0.0,0.0,0.0,0.0,0.0
United States,Washington,Barley,1990,spring,184.24,0.0,13.0,1342.88,24.78,11.26,0.0,0.0,349.40999999999997,4.08,70.58,0.0,0.0,1768.08,28.64,199.23000000000002,0.0,13.0,1808.8600000000001,24.78,3.3599999999999994,0.0,0.0,375.08000000000004,1.98,63.49,0.0,0.0,1276.43,28.64
United States,Washington,Barley,1991,spring,174.10000000000002,0.0,27.0,1375.6100000000004,32.17,40.5,0.0,0.0,343.88,30.870000000000005,47.769999999999996,0.0,0.0,1769.3200000000002,9.850000000000001,221.75,0.0,27.0,2033.3399999999997,32.17,8.170000000000002,0.0,0.0,403.94,4.930000000000001,32.45,0.0,0.0,1051.5299999999997,9.850000000000001
United States,Washington,Barley,1992,spring,138.17,0.0,18.0,1528.7,39.0,34.71,0.0,0.0,361.4,20.560000000000002,107.83999999999999,0.0,1.0,1683.0700000000002,24.25,141.69,0.0,18.0,1744.3799999999999,39.0,43.60999999999999,0.0,0.0,385.94,20.560000000000002,95.41999999999999,0.0,1.0,1442.8499999999997,24.25
United States,Washington,Barley,1993,spring,197.20000000000002,0.0,25.0,1316.5599999999997,20.419999999999998,20.4,0.0,0.0,313.37,9.16,74.82,0.0,1.0,1606.3600000000001,12.719999999999999,219.07,0.0,25.0,1721.62,20.419999999999998,50.35999999999999,0.0,0.0,389.1600000000001,12.719999999999999,22.99,0.0,1.0,1125.5099999999998,7.350000000000001
United States,Washington,Barley,1994,spring,149.49,0.0,20.0,1351.6200000000001,20.659999999999997,17.009999999999998,0.0,0.0,352.08000000000004,5.79,42.49,0.0,0.0,1800.1999999999998,10.440000000000001,172.43000000000004,0.0,20.0,1777.85,20.659999999999997,0.9300000000000002,0.0,0.0,406.09000000000003,0.39,35.629999999999995,0.0,0.0,1319.96,10.440000000000001
United States,Washington,Barley,1995,spring,140.06000000000006,0.0,26.0,1471.8599999999997,21.45,9.4,0.0,0.0,360.78,4.84,103.15,0.0,0.0,1645.1799999999998,19.330000000000002,170.88999999999996,0.0,26.0,1941.7300000000005,21.45,8.99,0.0,0.0,404.21,6.49,72.73,0.0,0.0,1131.88,15.399999999999999
United States,Washington,Barley,1996,spring,172.89,0.0,31.0,1422.3000000000002,37.269999999999996,20.28,0.0,0.0,338.93,10.200000000000001,82.12999999999998,0.0,1.0,1735.3,18.849999999999998,196.09,0.0,31.0,2069.86,37.269999999999996,23.130000000000003,0.0,0.0,403.01,12.649999999999999,56.080000000000005,0.0,1.0,1023.6600000000001,18.849999999999998
United States,Washington,Barley,1997,spring,149.15000000000003,0.0,27.0,1553.73,24.900000000000002,22.759999999999998,0.0,0.0,373.42999999999995,9.48,110.6,0.0,0.0,1783.52,23.88,189.37,0.0,27.0,2119.05,24.900000000000002,9.639999999999999,0.0,0.0,442.12999999999994,8.08,83.5,0.0,0.0,1149.5,23.88
United States,Washington,Barley,1998,spring,138.92999999999998,0.0,21.0,1513.6900000000005,31.390000000000008,28.049999999999997,0.0,0.0,357.22,13.250000000000002,41.06,0.0,0.0,1929.8700000000001,13.78,167.5,0.0,21.0,1925.2500000000002,31.390000000000008,7.159999999999999,0.0,0.0,396.16999999999996,3.2,33.38,0.0,0.0,1479.36,13.78
United States,Washington,Barley,1999,spring,93.35,0.0,39.0,1562.8400000000004,11.780000000000001,26.429999999999996,0.0,0.0,344.74,11.59,52.52,0.0,2.0,1858.6,8.170000000000002,132.99999999999997,0.0,39.0,2410.9999999999995,11.780000000000001,11.850000000000001,0.0,0.0,360.56000000000006,8.170000000000002,27.45,0.0,2.0,994.62,7.9399999999999995
United States,Washington,Barley,2000,spring,128.96999999999997,0.0,22.0,1493.3100000000002,21.130000000000003,12.309999999999999,0.0,0.0,389.59,9.41,64.6,0.0,1.0,1840.46,18.310000000000002,143.12,0.0,22.0,2085.75,21.130000000000003,3.0399999999999996,0.0,0.0,434.0,1.38,59.72,0.0,1.0,1203.6100000000001,18.310000000000002
United States,Washington,Barley,2001,spring,116.36,0.0,35.0,1526.96,19.78,17.83,0.0,0.0,398.88,14.09,48.19,0.0,0.0,1800.0700000000002,20.009999999999998,135.21,0.0,35.0,2159.1600000000003,19.78,12.87,0.0,0.0,433.97,4.370000000000001,34.3,0.0,0.0,1132.78,20.009999999999998
United States,Washington,Barley,2002,spring,121.30000000000001,0.0,34.0,1507.2900000000002,24.119999999999997,18.729999999999997,0.0,0.0,388.12,15.27,29.03,0.0,0.0,1897.5300000000002,7.840000000000001,148.49,0.0,34.0,2114.35,24.119999999999997,1.84,0.0,0.0,397.92999999999995,0.8300000000000001,18.73,0.0,0.0,1280.66,2.98
United States,Washington,Barley,2003,spring,92.57000000000001,0.0,28.0,1482.7199999999998,18.009999999999998,6.779999999999999,0.0,0.0,400.42999999999995,4.45,23.14,0.0,0.0,1934.1399999999999,6.35,99.80999999999999,0.0,28.0,1981.8600000000004,18.009999999999998,1.6600000000000001,0.0,0.0,451.39,1.28,21.020000000000003,0.0,0.0,1384.0400000000002,6.35
United States,Washington,Barley,2004,spring,107.35,0.0,8.0,1564.2999999999997,14.239999999999998,3.0900000000000003,0.0,0.0,420.33,1.5299999999999998,142.01999999999998,0.0,0.0,1723.1999999999998,35.79,108.46999999999998,0.0,8.0,1864.0799999999997,14.239999999999998,5.61,0.0,0.0,411.54,1.9100000000000001,138.38000000000002,0.0,0.0,1432.21,35.79
United States,Washington,Barley,2005,spring,167.28999999999994,0.0,19.0,1438.9299999999998,41.42,8.09,0.0,0.0,376.46,5.17,66.94999999999999,0.0,0.0,1876.02,33.779999999999994,176.09,0.0,19.0,1839.79,41.42,15.11,0.0,0.0,425.95000000000005,7.63,51.129999999999995,0.0,0.0,1425.67,33.779999999999994
United States,Washington,Barley,2006,spring,150.35999999999999,0.0,29.0,1470.48,21.000000000000004,1.7,0.0,0.0,454.4,1.6,37.25,0.0,0.0,1883.3600000000001,11.76,153.96000000000004,0.0,29.0,1964.6999999999998,21.000000000000004,3.2299999999999995,0.0,0.0,418.88,2.67,32.12,0.0,0.0,1424.66,11.76
United States,Washington,Barley,2007,spring,94.48,0.0,27.0,1572.4499999999998,18.489999999999995,11.16,0.0,0.0,406.22,6.02,47.73,0.0,1.0,1782.3600000000001,16.5,105.68000000000002,0.0,27.0,2129.46,18.489999999999995,14.139999999999999,0.0,0.0,304.97,9.129999999999999,33.550000000000004,0.0,1.0,1326.6,16.5
United States,Washington,Barley,2008,spring,101.74999999999999,0.0,34.0,1477.34,13.17,9.44,0.0,0.0,391.06,6.48,51.83,0.0,1.0,1798.06,12.48,112.76,0.0,34.0,2205.4599999999996,13.17,5.72,0.0,0.0,430.15999999999997,2.7700000000000005,44.54,0.0,1.0,1030.84,12.48
United States,Washington,Barley,2009,spring,107.43,0.0,37.0,1606.3899999999999,22.15,7.640000000000001,0.0,0.0,426.42,4.82,49.81999999999999,0.0,0.0,1800.4499999999998,18.939999999999998,117.53000000000002,0.0,37.0,2139.49,22.15,4.4799999999999995,0.0,0.0,393.76,3.58,42.879999999999995,0.0,0.0,1300.0100000000002,18.939999999999998
United States,Washington,Barley,2010,spring,206.92000000000002,0.0,31.0,1370.54,25.58,14.88,0.0,0.0,346.24,10.25,101.3,0.0,0.0,1785.1000000000001,22.23,222.94,0.0,31.0,2138.54,25.58,19.64,0.0,0.0,399.63,15.540000000000001,80.52000000000001,0.0,0.0,963.71,22.23
United States,Washington,Barley,2011,spring,186.17,0.0,41.0,1400.12,43.57,8.26,0.0,0.0,386.12,3.79,49.33,0.0,0.0,1780.9199999999998,12.899999999999999,219.52000000000004,0.0,41.0,2267.6099999999997,43.57,1.1500000000000001,0.0,0.0,446.57,0.52,23.09,0.0,0.0,852.9800000000002,12.899999999999999
United States,Washington,Barley,2012,spring,143.58000000000004,0.0,30.0,1463.8900000000003,20.69,31.09,0.0,0.0,317.7,12.96,29.160000000000004,0.0,0.0,1868.56,10.4,177.97000000000003,0.0,30.0,2047.02,20.69,20.69,0.0,0.0,384.29,10.4,5.170000000000001,0.0,0.0,1218.8400000000001,3.5500000000000003
United States,Washington,Barley,2013,spring,134.85000000000002,0.0,23.0,1538.62,26.560000000000002,25.11,0.0,0.0,323.79,8.91,162.25,0.0,0.0,1730.9,51.02,160.27999999999997,0.0,23.0,1913.6599999999999,26.560000000000002,2.02,0.0,0.0,441.66999999999996,1.34,159.91,0.0,0.0,1237.98,51.02
United States,Washington,Barley,2014,spring,110.14000000000001,0.0,21.0,1594.7100000000003,19.32,11.329999999999998,0.0,0.0,379.71,8.01,108.09,0.0,0.0,1769.77,38.489999999999995,121.53999999999999,0.0,21.0,2024.38,19.32,2.2199999999999998,0.0,0.0,372.65999999999997,1.0099999999999998,105.80000000000001,0.0,0.0,1347.15,38.489999999999995
United States,Washington,Barley,2015,spring,67.96000000000002,0.0,24.0,1671.6199999999997,18.959999999999997,3.26,0.0,0.0,448.94,2.8399999999999994,38.96,0.0,1.0,1732.99,10.299999999999999,68.38000000000002,0.0,24.0,1892.84,18.959999999999997,3.14,0.0,0.0,341.37,2.8399999999999994,38.66,0.0,1.0,1619.3400000000001,10.299999999999999
United States,Washington,Barley,2016,spring,97.83,0.0,7.0,1609.2600000000002,16.59,7.640000000000001,0.0,0.0,399.93999999999994,5.01,52.620000000000005,0.0,0.0,1756.81,11.25,104.61,0.0,7.0,1832.84,16.59,12.219999999999999,0.0,0.0,436.5900000000001,5.09,41.26,0.0,0.0,1496.5799999999997,11.25
United States,Washington,Barley,2017,spring,165.14,0.0,30.0,1472.9800000000002,24.419999999999998,0.43,0.0,0.0,458.01,0.19,22.119999999999997,0.0,0.0,1872.54,10.79,165.58999999999997,0.0,30.0,2020.8799999999997,24.419999999999998,0.76,0.0,0.0,472.5799999999999,0.35000000000000003,21.339999999999996,0.0,0.0,1310.0700000000002,10.79
United States,Washington,Barley,2018,spring,142.98000000000002,0.0,23.0,1542.93,26.310000000000002,8.77,0.0,0.0,361.93,4.48,21.11,0.0,0.0,1842.54,3.95,151.75,0.0,23.0,1904.86,26.310000000000002,1.65,0.0,0.0,420.15,0.74,19.46,0.0,0.0,1422.39,3.95
United States,Washington,Barley,2019,spring,101.52,0.0,23.0,1587.1200000000001,19.77,19.68,0.0,0.0,344.19,11.049999999999999,71.25999999999999,0.0,3.0,1651.01,14.190000000000001,120.71000000000001,0.0,23.0,1889.8399999999997,19.77,7.410000000000001,0.0,0.0,366.77000000000004,2.92,64.34,0.0,3.0,1325.71,14.190000000000001
United States,Washington,Barley,2020,spring,156.29999999999998,0.0,19.0,1528.67,18.78,11.969999999999999,0.0,0.0,368.02,4.05,61.76,0.0,0.0,1833.27,37.05,172.23000000000002,0.0,19.0,2038.41,18.78,1.9,0.0,0.0,428.95,1.03,55.9,0.0,0.0,1262.6,37.05
United States,Washington,Barley,2021,spring,63.95,0.0,20.0,1696.81,12.379999999999999,0.52,4.0,0.0,467.03,0.32,68.22,1.0,0.0,1756.03,16.86,64.10999999999999,3.0,20.0,2027.2600000000002,12.379999999999999,2.6699999999999995,1.0,0.0,396.97999999999996,2.2,65.91,1.0,0.0,1495.63,16.86
United States,Washington,Barley,2022,spring,211.55999999999997,0.0,36.0,1267.6299999999997,22.800000000000004,8.669999999999998,0.0,0.0,408.56,6.109999999999999,22.26,2.0,0.0,1860.39,6.01,226.64000000000001,0.0,36.0,2005.03,22.800000000000004,0.75,2.0,0.0,361.71999999999997,0.56,15.1,0.0,0.0,1169.83,4.33
United States,Washington,Barley,2023,spring,114.72999999999999,0.0,21.0,1556.85,19.79,8.940000000000001,0.0,0.0,414.41,3.5199999999999996,61.14,1.0,1.0,1796.28,22.71,123.67,0.0,21.0,1848.85,19.79,4.72,0.0,0.0,381.02000000000004,4.3,56.42,1.0,1.0,1537.6699999999998,22.71
United States,Washington,Barley,2024,spring,105.67,0.0,27.0,1545.2399999999998,27.19,17.01,0.0,0.0,401.06,12.629999999999999,47.48,1.0,1.0,1766.83,13.86,122.67999999999998,1.0,27.0,2100.79,27.19,1.75,0.0,0.0,383.79,1.47,45.730000000000004,0.0,1.0,1228.55,13.86
United States,Washington,Barley,2025,spring,63.97999999999999,0.0,33.0,1751.3200000000002,18.439999999999998,8.020000000000001,0.0,0.0,376.45,3.89,76.34,0.0,0.0,1782.3899999999999,15.579999999999998,73.16999999999999,0.0,33.0,2286.91,18.439999999999998,11.819999999999999,0.0,0.0,467.81,10.66,63.349999999999994,0.0,0.0,1155.44,15.579999999999998
United States,Washington,Oats,1990,spring,160.85999999999999,0.0,13.0,1144.2099999999998,24.78,24.3,0.0,0.0,271.68,14.2,80.92,0.0,0.0,2044.4800000000002,28.64,187.74,0.0,13.0,1481.5199999999998,24.78,13.719999999999999,0.0,0.0,575.46,4.08,64.62,0.0,0.0,1403.3899999999999,28.64
United States,Washington,Oats,1991,spring,157.61000000000007,0.0,27.0,1139.5700000000002,32.17,47.36,0.0,0.0,281.38000000000005,30.870000000000005,57.4,0.0,0.0,2067.8599999999997,9.850000000000001,214.59,0.0,27.0,1691.2800000000002,32.17,12.94,0.0,0.0,615.76,5.140000000000001,34.839999999999996,0.0,0.0,1181.7700000000002,9.850000000000001
United States,Washington,Oats,1992,spring,96.27,0.0,18.0,1323.7999999999997,27.73,42.44,0.0,0.0,286.15000000000003,39.0,142.01000000000002,0.0,1.0,1963.2199999999996,24.25,136.73999999999998,0.0,18.0,1444.31,39.0,45.04,0.0,0.0,530.71,20.560000000000002,98.94,0.0,1.0,1598.1499999999996,24.25
United States,Washington,Oats,1993,spring,174.86,0.0,25.0,1099.1499999999996,20.419999999999998,25.170000000000005,0.0,0.0,286.89000000000004,13.11,92.38999999999999,0.0,1.0,1850.2499999999998,12.719999999999999,197.21999999999997,0.0,25.0,1376.4799999999998,20.419999999999998,61.54,0.0,0.0,594.6700000000001,12.72,33.660000000000004,0.0,1.0,1265.14,9.0
United States,Washington,Oats,1994,spring,123.19,0.0,20.0,1140.01,20.659999999999997,26.779999999999994,0.0,0.0,300.04,12.83,59.019999999999996,0.0,0.0,2063.85,10.440000000000001,149.97,0.0,20.0,1440.0500000000002,20.659999999999997,23.26,0.0,0.0,631.49,8.82,35.76,0.0,0.0,1432.36,10.440000000000001
United States,Washington,Oats,1995,spring,115.38,0.0,26.0,1280.48,21.45,28.96,0.0,0.0,233.10000000000002,14.04,108.27,0.0,0.0,1964.2399999999996,19.330000000000002,144.53000000000003,0.0,26.0,1646.9099999999999,21.45,27.99,0.0,0.0,581.52,19.330000000000002,80.09,0.0,0.0,1249.3899999999996,15.399999999999999
United States,Washington,Oats,1996,spring,167.04,0.0,31.0,1150.02,37.269999999999996,7.97,0.0,0.0,350.61999999999995,3.42,100.28999999999998,0.0,1.0,1995.89,18.849999999999998,192.28000000000003,0.0,31.0,1741.36,37.269999999999996,18.52,0.0,0.0,595.88,12.649999999999999,64.49999999999999,0.0,1.0,1159.2900000000002,18.849999999999998
United States,Washington,Oats,1997,spring,133.17,0.0,27.0,1298.36,24.900000000000002,22.67,0.0,0.0,326.47,8.770000000000001,126.67,0.0,0.0,2085.85,23.88,161.79999999999998,0.0,27.0,1759.97,24.900000000000002,29.089999999999996,0.0,0.0,649.2700000000001,12.64,91.62,0.0,0.0,1301.4399999999998,23.88
United States,Washington,Oats,1998,spring,129.45999999999998,0.0,21.0,1279.6299999999997,31.390000000000008,14.370000000000001,0.0,0.0,300.69999999999993,4.8999999999999995,64.21000000000001,0.0,0.0,2220.45,13.78,144.31,0.0,21.0,1609.45,31.390000000000008,29.950000000000003,0.0,0.0,574.67,13.250000000000002,33.78,0.0,0.0,1616.66,13.78
United States,Washington,Oats,1999,spring,89.99999999999999,0.0,39.0,1285.0000000000002,11.780000000000001,7.1,0.0,0.0,336.18,3.75,75.2,0.0,2.0,2145.0000000000005,11.59,122.01,0.0,39.0,2074.21,11.780000000000001,13.69,0.0,0.0,601.4,6.8,36.599999999999994,0.0,2.0,1090.5699999999997,8.17
United States,Washington,Oats,2000,spring,98.66999999999999,0.0,22.0,1270.4900000000002,13.92,30.8,0.0,0.0,298.03999999999996,21.13,76.41,0.0,1.0,2154.8300000000004,18.310000000000002,130.51,0.0,22.0,1706.16,21.130000000000003,14.72,0.0,0.0,665.98,9.41,60.65,0.0,1.0,1351.22,18.310000000000002
United States,Washington,Oats,2001,spring,100.52999999999999,0.0,35.0,1291.37,19.78,15.939999999999998,0.0,0.0,327.06,10.690000000000001,65.91,0.0,0.0,2107.4799999999996,20.009999999999998,134.01999999999998,0.0,35.0,1805.31,19.78,8.920000000000002,0.0,0.0,635.7,4.01,39.44,0.0,0.0,1284.9,20.009999999999998
United States,Washington,Oats,2002,spring,108.54,0.0,34.0,1250.1399999999996,24.119999999999997,13.010000000000002,0.0,0.0,344.53000000000003,6.199999999999999,47.50999999999999,0.0,0.0,2198.27,15.27,135.35,0.0,34.0,1755.6799999999998,24.119999999999997,13.99,0.0,0.0,636.73,7.84,19.72,0.0,0.0,1400.53,2.98
United States,Washington,Oats,2003,spring,87.05000000000001,0.0,28.0,1213.7300000000002,18.009999999999998,9.290000000000003,0.0,0.0,320.02,3.7699999999999996,26.150000000000002,0.0,0.0,2283.54,6.35,97.97000000000001,0.0,28.0,1629.0700000000002,18.009999999999998,3.39,0.0,0.0,659.31,1.28,21.130000000000003,0.0,0.0,1528.9099999999999,6.35
United States,Washington,Oats,2004,spring,91.34,0.0,8.0,1301.53,14.239999999999998,16.020000000000003,0.0,0.0,351.77,8.89,145.1,0.0,0.0,2054.5299999999997,35.79,107.33999999999999,0.0,8.0,1534.0999999999997,14.239999999999998,6.540000000000001,0.0,0.0,604.56,1.9099999999999997,138.57999999999998,0.0,0.0,1569.1699999999998,35.79
United States,Washington,Oats,2005,spring,154.42000000000002,0.0,19.0,1203.71,41.42,13.600000000000001,0.0,0.0,313.94000000000005,5.3100000000000005,74.30999999999999,0.0,0.0,2173.7600000000007,33.779999999999994,167.37,0.0,19.0,1496.6699999999998,41.42,19.06,0.0,0.0,608.45,7.629999999999999,55.89999999999999,0.0,0.0,1586.2899999999997,33.779999999999994
United States,Washington,Oats,2006,spring,120.10999999999999,0.0,29.0,1269.95,21.000000000000004,30.32,0.0,0.0,276.67,20.54,38.879999999999995,0.0,0.0,2261.6200000000003,11.76,150.44000000000003,0.0,29.0,1670.1899999999998,21.000000000000004,6.73,0.0,0.0,614.73,3.1100000000000003,32.14,0.0,0.0,1523.3200000000002,11.76
United States,Washington,Oats,2007,spring,82.40999999999998,0.0,27.0,1350.5,18.489999999999995,12.200000000000001,0.0,0.0,305.9,5.92,58.760000000000005,0.0,1.0,2104.63,16.5,99.57000000000002,0.0,27.0,1779.72,18.489999999999995,13.78,0.0,0.0,543.56,6.0200000000000005,40.019999999999996,0.0,1.0,1437.75,16.5
United States,Washington,Oats,2008,spring,91.77,0.0,33.0,1209.9900000000002,13.17,10.870000000000001,0.0,1.0,329.2,9.04,60.379999999999995,0.0,1.0,2127.27,12.48,109.72999999999999,0.0,34.0,1831.7400000000002,13.17,4.330000000000001,0.0,0.0,677.6099999999999,2.8200000000000003,48.96,0.0,1.0,1157.11,12.48
United States,Washington,Oats,2009,spring,101.08,0.0,37.0,1360.39,22.15,11.17,0.0,0.0,303.65000000000003,4.82,52.63999999999999,0.0,0.0,2169.22,18.939999999999998,114.27000000000001,0.0,37.0,1731.52,22.15,6.950000000000001,0.0,0.0,672.0699999999999,3.58,43.67,0.0,0.0,1429.67,18.939999999999998
United States,Washington,Oats,2010,spring,190.84999999999997,0.0,31.0,1128.15,25.58,26.320000000000004,0.0,0.0,288.22999999999996,10.79,105.93,0.0,0.0,2085.5000000000005,22.23,222.27,0.0,31.0,1769.05,25.58,2.8200000000000003,0.0,0.0,635.19,1.88,98.00999999999999,0.0,0.0,1097.64,22.23
United States,Washington,Oats,2011,spring,172.04999999999998,0.0,41.0,1174.9499999999998,43.57,14.9,0.0,0.0,300.7,7.88,56.81,0.0,0.0,2091.5099999999998,12.899999999999999,197.38,0.0,41.0,1978.69,43.57,22.62,0.0,0.0,596.1999999999999,11.51,23.76,0.0,0.0,992.2700000000001,12.899999999999999
United States,Washington,Oats,2012,spring,130.42000000000002,0.0,30.0,1234.0100000000002,20.69,14.0,0.0,0.0,304.58000000000004,6.12,59.410000000000004,0.0,0.0,2111.56,12.96,174.67000000000002,0.0,30.0,1781.5900000000001,20.69,22.99,0.0,0.0,503.17999999999995,10.4,6.169999999999999,0.0,0.0,1365.38,3.5500000000000003
United States,Washington,Oats,2013,spring,128.99,0.0,23.0,1273.54,26.560000000000002,14.47,0.0,0.0,302.86,10.64,178.75,0.0,0.0,2016.91,51.02,148.72999999999993,0.0,23.0,1626.72,26.560000000000002,13.399999999999999,0.0,0.0,584.56,6.49,160.07999999999998,0.0,0.0,1382.03,51.02
United States,Washington,Oats,2014,spring,94.89999999999999,0.0,21.0,1373.39,19.32,15.860000000000003,0.0,0.0,299.71000000000004,7.3500000000000005,118.80000000000003,0.0,0.0,2071.09,38.489999999999995,110.76,0.0,21.0,1702.88,19.32,11.94,0.0,0.0,573.8700000000001,8.01,106.86000000000001,0.0,0.0,1467.4399999999998,38.489999999999995
United States,Washington,Oats,2015,spring,67.56,0.0,24.0,1344.61,18.959999999999997,0.8,0.0,0.0,407.57,0.5800000000000001,41.82,0.0,1.0,2101.37,10.299999999999999,67.78000000000002,0.0,24.0,1528.5199999999998,18.959999999999997,3.44,0.0,0.0,592.04,2.8399999999999994,38.96,0.0,1.0,1732.99,10.299999999999999
United States,Washington,Oats,2016,spring,72.88000000000001,0.0,7.0,1393.6400000000003,16.59,26.529999999999998,0.0,0.0,294.14,16.38,58.68,0.0,0.0,2078.23,11.25,72.98,0.0,7.0,1414.8500000000004,16.59,39.650000000000006,0.0,0.0,702.9200000000001,16.38,45.459999999999994,0.0,0.0,1648.2399999999998,11.25
United States,Washington,Oats,2017,spring,143.07999999999998,0.0,30.0,1278.8299999999997,24.419999999999998,22.25,0.0,0.0,274.55,12.22,22.359999999999996,0.0,0.0,2250.15,10.79,165.32999999999998,0.0,30.0,1702.1000000000004,24.419999999999998,0.6800000000000002,0.0,0.0,663.6100000000001,0.18,21.679999999999996,0.0,0.0,1437.82,10.79
United States,Washington,Oats,2018,spring,128.51999999999998,0.0,23.0,1301.8200000000002,26.310000000000002,15.469999999999999,0.0,0.0,313.51,8.73,28.87,0.0,0.0,2132.07,4.48,142.98000000000002,0.0,23.0,1542.93,26.310000000000002,10.06,0.0,0.0,639.9599999999999,4.48,19.819999999999997,0.0,0.0,1564.5099999999998,3.95
United States,Washington,Canola,2011,spring,194.09,0.0,41.0,1669.2,43.57,25.439999999999998,0.0,0.0,627.1200000000001,11.51,24.230000000000004,0.0,0.0,1270.8400000000001,12.899999999999999,202.60999999999999,0.0,41.0,2081.58,43.57,19.06,0.0,0.0,816.9499999999999,11.51,22.09,0.0,0.0,668.6300000000001,12.899999999999999
United States,Washington,Canola,2012,spring,170.06,0.0,30.0,1691.3700000000001,20.69,28.41,0.0,0.0,666.39,10.4,5.36,0.0,0.0,1292.3899999999999,3.5500000000000003,175.13000000000002,0.0,30.0,1898.1900000000003,20.69,23.599999999999998,0.0,0.0,665.35,10.4,5.1,0.0,0.0,1086.6100000000001,3.5500000000000003
United States,Washington,Canola,2013,spring,157.92000000000002,0.0,23.0,1748.1799999999998,26.560000000000002,4.46,0.0,0.0,781.71,1.99,159.83,0.0,0.0,1063.42,51.02,155.38,0.0,23.0,1696.9099999999999,26.560000000000002,6.919999999999999,0.0,0.0,746.5500000000001,4.51,159.90999999999997,0.0,0.0,1149.8500000000001,51.02
United States,Washington,Canola,2014,spring,121.11999999999999,0.0,21.0,1873.5100000000002,19.32,26.619999999999997,0.0,0.0,694.5399999999998,23.639999999999997,81.82,0.0,0.0,1176.1399999999999,38.489999999999995,117.19999999999999,0.0,21.0,1805.0700000000002,19.32,30.539999999999996,0.0,0.0,679.87,23.639999999999997,81.82000000000001,0.0,0.0,1259.2499999999998,38.489999999999995
United States,Washington,Canola,2015,spring,71.22,0.0,24.0,1996.16,18.959999999999997,5.31,0.0,0.0,699.7299999999999,3.0999999999999996,33.650000000000006,0.0,1.0,1157.66,10.299999999999999,67.78000000000002,0.0,24.0,1528.5199999999998,18.959999999999997,3.7399999999999998,0.0,0.0,705.69,2.8399999999999994,38.66,0.0,1.0,1619.3400000000001,10.299999999999999
United States,Washington,Canola,2016,spring,104.82,0.0,7.0,1917.98,16.59,24.27,0.0,0.0,613.27,10.850000000000001,29.0,0.0,0.0,1234.76,11.25,76.49,0.0,7.0,1452.8600000000004,16.59,51.830000000000005,0.0,0.0,939.9399999999999,16.38,29.770000000000003,0.0,0.0,1373.2099999999996,11.25
United States,Washington,Canola,2017,spring,165.51999999999995,0.0,30.0,1815.3399999999997,24.419999999999998,0.9000000000000001,0.0,0.0,791.53,0.35000000000000003,21.27,0.0,0.0,1196.6599999999999,10.79,165.50999999999996,0.0,30.0,1785.7299999999998,24.419999999999998,0.9100000000000001,0.0,0.0,821.14,0.35000000000000003,21.27,0.0,0.0,1196.6599999999999,10.79
United States,Washington,Canola,2018,spring,150.37,0.0,23.0,1816.1899999999998,26.310000000000002,3.3900000000000006,0.0,0.0,758.5899999999999,1.26,19.1,0.0,0.0,1172.62,3.95,143.39000000000001,0.0,23.0,1570.48,26.310000000000002,10.05,0.0,0.0,841.4300000000001,4.48,19.419999999999998,0.0,0.0,1335.4899999999998,3.95
United States,Washington,Canola,2019,spring,117.97000000000001,0.0,23.0,1847.4899999999998,19.77,11.05,0.0,0.0,620.49,3.16,63.44,0.0,3.0,1114.34,14.190000000000001,100.72,0.0,23.0,1562.15,19.77,28.09,0.0,0.0,826.2900000000002,11.049999999999999,63.65,0.0,3.0,1193.88,14.190000000000001
United States,Washington,Canola,2020,spring,165.99,0.0,19.0,1813.51,18.78,8.14,0.0,0.0,710.11,3.67,55.89999999999999,0.0,0.0,1206.34,37.05,167.78,0.0,19.0,1830.17,18.78,6.3999999999999995,0.0,0.0,773.5099999999999,3.67,55.85,0.0,0.0,1126.2799999999995,37.05
United States,Washington,Canola,2021,spring,64.17999999999998,4.0,20.0,2055.5,12.379999999999999,3.2399999999999993,0.0,0.0,776.69,2.2,65.27000000000001,1.0,0.0,1087.68,16.86,64.08,0.0,20.0,1844.8500000000001,12.379999999999999,2.7399999999999998,4.0,0.0,609.1300000000001,2.2,65.87,1.0,0.0,1465.8900000000003,16.86
United States,Washington,Canola,2022,spring,214.11,0.0,36.0,1588.8000000000002,22.800000000000004,13.280000000000001,1.0,0.0,721.1700000000001,6.45,15.099999999999998,1.0,0.0,1226.6100000000001,4.33,226.31999999999996,0.0,36.0,1780.0300000000002,22.800000000000004,1.08,2.0,0.0,664.01,0.77,15.09,0.0,0.0,1092.54,4.33
United States,Washington,Canola,2023,spring,123.67,0.0,21.0,1848.85,19.79,7.25,0.0,0.0,751.8100000000001,4.3,53.89,1.0,1.0,1166.88,22.71,111.0,0.0,21.0,1395.5700000000002,19.79,17.39,0.0,0.0,803.9,4.300000000000001,56.420000000000016,1.0,1.0,1568.07,22.71
United States,Washington,Canola,2024,spring,122.5,0.0,27.0,1832.77,27.19,2.23,1.0,0.0,777.5599999999998,1.47,45.43,0.0,1.0,1102.8000000000002,13.86,122.67999999999998,0.0,27.0,1977.49,27.19,2.05,1.0,0.0,632.8399999999999,1.47,45.43,0.0,1.0,1102.8000000000002,13.86
United States,Washington,Canola,2025,spring,70.12999999999998,0.0,33.0,2016.7599999999998,18.439999999999998,14.86,0.0,0.0,737.9599999999999,10.66,63.349999999999994,0.0,0.0,1155.44,15.579999999999998,70.38999999999999,0.0,33.0,2105.1699999999996,18.439999999999998,31.63,0.0,0.0,835.52,12.32,46.31999999999999,0.0,0.0,969.4700000000001,15.579999999999998
