arm_id,model_id,feature_family,outer_fold,rmse,mae,r2
C000,catboost,full,O1,0.421430795740872,0.3301903138592984,0.0858479414073986
C000,catboost,full,O2,0.36541286850359306,0.29744504403169214,0.09161808598272281
C000,catboost,full,O3,0.47438207645550085,0.36462696884533613,0.024490644894556546
C000,catboost,full,O4,0.4247975966750362,0.3421292349740611,-0.042863068983257424
C000,catboost,full,O5,0.6117905348716745,0.4795117410941449,-0.006560709358174988
C000,catboost,full,O6,0.49660961172761037,0.37646998070717946,-0.27551022684257
C000,catboost,metadata_only,O1,0.44260531961029004,0.36132251616874933,-0.008321816620026734
C000,catboost,metadata_only,O2,0.3837087069112336,0.3117550371744682,-0.0016225924558810334
C000,catboost,metadata_only,O3,0.49300948815682993,0.38531788240577325,-0.05362350390535586
C000,catboost,metadata_only,O4,0.4228595768359561,0.34351252468057647,-0.03336923471270081
C000,catboost,metadata_only,O5,0.6650414143594211,0.5240306749430401,-0.18941072117066016
C000,catboost,metadata_only,O6,0.4974915083189611,0.36896434647912735,-0.2800444399734918
C000,catboost,weather_only,O1,0.4310072030895696,0.33755814786850163,0.04383033415099369
C000,catboost,weather_only,O2,0.3628296393442105,0.2952745155748593,0.1044160169528291
C000,catboost,weather_only,O3,0.4762765028810952,0.3688032442471074,0.016683770174373613
C000,catboost,weather_only,O4,0.42644507388794084,0.3447958662342812,-0.050967751143267126
C000,catboost,weather_only,O5,0.6109331346910435,0.4767232977021281,-0.0037413764755409584
C000,catboost,weather_only,O6,0.48989041800309285,0.3678749799643139,-0.24122808334032042
C000,extra_trees,full,O1,0.41950111408842633,0.3267566147840906,0.09420036295775325
C000,extra_trees,full,O2,0.37724730959544506,0.30416792514829744,0.03182668999313143
C000,extra_trees,full,O3,0.4751024399051983,0.365961591123827,0.02152571484824295
C000,extra_trees,full,O4,0.42779004204339355,0.33907185922572913,-0.05760751460579172
C000,extra_trees,full,O5,0.608658795548426,0.4776481680471612,0.003718029335678885
C000,extra_trees,full,O6,0.472976751962718,0.34591088467206205,-0.15699982245934185
C000,extra_trees,metadata_only,O1,0.4426053196558245,0.3613225162697361,-0.008321816827495443
C000,extra_trees,metadata_only,O2,0.3837087067579609,0.31175503697337864,-0.0016225916556835696
C000,extra_trees,metadata_only,O3,0.4930094882905317,0.3853178826133897,-0.05362350447683095
C000,extra_trees,metadata_only,O4,0.4228595769256231,0.343512524766212,-0.033369235150950693
C000,extra_trees,metadata_only,O5,0.665041413886377,0.5240306746801361,-0.1894107194786041
C000,extra_trees,metadata_only,O6,0.4974915086484155,0.3689643466766335,-0.2800444416688628
C000,extra_trees,weather_only,O1,0.4198234313209218,0.32698217804201873,0.09280791377513187
C000,extra_trees,weather_only,O2,0.36617440069266183,0.2961864959221798,0.0878279463658882
C000,extra_trees,weather_only,O3,0.47959705542292785,0.3721721392968404,0.002924807266425078
C000,extra_trees,weather_only,O4,0.4296947726898617,0.34305187581066854,-0.06704645390702302
C000,extra_trees,weather_only,O5,0.6012677325685667,0.4670430570236189,0.027767214627319903
C000,extra_trees,weather_only,O6,0.47127812672419994,0.3479550963870335,-0.14870436170167145
C000,hist_gradient_boosting,full,O1,0.446755393259721,0.3531293455782278,-0.02731945646033007
C000,hist_gradient_boosting,full,O2,0.3717701897863671,0.3072641325448212,0.0597357371167504
C000,hist_gradient_boosting,full,O3,0.49222548451752873,0.368114059014994,-0.05027513890825941
C000,hist_gradient_boosting,full,O4,0.42719248821094,0.34463990737484146,-0.05465496323176566
C000,hist_gradient_boosting,full,O5,0.6032137868606281,0.4655151203242042,0.02146360137597525
C000,hist_gradient_boosting,full,O6,0.4940043728773129,0.3648805292682619,-0.26216254937715133
C000,hist_gradient_boosting,metadata_only,O1,0.44260531950058624,0.3613225160835903,-0.00832181612018279
C000,hist_gradient_boosting,metadata_only,O2,0.3837087069290472,0.31175503715130226,-0.0016225925488813076
C000,hist_gradient_boosting,metadata_only,O3,0.49300948802714534,0.3853178822870947,-0.05362350335105126
C000,hist_gradient_boosting,metadata_only,O4,0.42285957723027556,0.343512524966158,-0.03336923663994873
C000,hist_gradient_boosting,metadata_only,O5,0.6650414141863703,0.5240306747282585,-0.18941072055166552
C000,hist_gradient_boosting,metadata_only,O6,0.49749150829366295,0.3689643464029149,-0.28004443984330796
C000,hist_gradient_boosting,weather_only,O1,0.4466720834679811,0.3519832636812361,-0.0269363484269296
C000,hist_gradient_boosting,weather_only,O2,0.37798427399928375,0.3109122765625143,0.028040281558262548
C000,hist_gradient_boosting,weather_only,O3,0.4892644963516964,0.36443213039094224,-0.03767725977211356
C000,hist_gradient_boosting,weather_only,O4,0.43726302398678624,0.3520010925031807,-0.10496543740302577
C000,hist_gradient_boosting,weather_only,O5,0.6070009296003704,0.4706473545524121,0.009137987155981686
C000,hist_gradient_boosting,weather_only,O6,0.4952539560914758,0.3693916492450207,-0.2685559011585479
C000,lightgbm,full,O1,0.44329074264776064,0.35073047521037076,-0.01144722932861586
C000,lightgbm,full,O2,0.37069474847610917,0.30129899286431416,0.06516778347979213
C000,lightgbm,full,O3,0.47938877761208676,0.3583540891790689,0.0037906322051596275
C000,lightgbm,full,O4,0.4304794817968489,0.3476370522652889,-0.07094729553505452
C000,lightgbm,full,O5,0.6138085720022102,0.4707954441667587,-0.013212093874620745
C000,lightgbm,full,O6,0.49029342521504593,0.3677211948411894,-0.24327111012702707
C000,lightgbm,metadata_only,O1,0.44260531951702536,0.3613225159102149,-0.008321816195084653
C000,lightgbm,metadata_only,O2,0.38370870719437955,0.311755037527383,-0.0016225939341139028
C000,lightgbm,metadata_only,O3,0.4930094882033489,0.3853178823443527,-0.0536235041041897
C000,lightgbm,metadata_only,O4,0.4228595764107076,0.34351252423442324,-0.03336923263428626
C000,lightgbm,metadata_only,O5,0.66504141498621,0.5240306752136067,-0.1894107234126543
C000,lightgbm,metadata_only,O6,0.49749150798031694,0.3689643460040059,-0.2800444382308307
C000,lightgbm,weather_only,O1,0.44155039848212574,0.3519425556083281,-0.0035210051013401245
C000,lightgbm,weather_only,O2,0.37516834806124233,0.3062936126012741,0.04246824470360777
C000,lightgbm,weather_only,O3,0.47833739530908626,0.3574987513107667,0.00815555849123284
C000,lightgbm,weather_only,O4,0.4321412775183151,0.3491449967413693,-0.07923168919923085
C000,lightgbm,weather_only,O5,0.6133857628083051,0.4733438019806878,-0.011816714720275456
C000,lightgbm,weather_only,O6,0.5072127787527411,0.38062847988694093,-0.3305588149116676
C000,linear_shrinkage,full,O1,0.45624323740043427,0.36615396686238944,-0.07141762355967973
C000,linear_shrinkage,full,O2,0.4350534737457147,0.3536589400818777,-0.2876151711833046
C000,linear_shrinkage,full,O3,0.48433997915070004,0.37395684939710594,-0.016893643497294608
C000,linear_shrinkage,full,O4,0.4302686910901257,0.347956109393646,-0.06989874164597576
C000,linear_shrinkage,full,O5,0.6551291089910172,0.5130650543155741,-0.15421910832925612
C000,linear_shrinkage,full,O6,0.5139093288157928,0.3966229631541501,-0.3659245347361664
C000,linear_shrinkage,metadata_only,O1,0.4426053196558301,0.3613225162697387,-0.008321816827520978
C000,linear_shrinkage,metadata_only,O2,0.3837087067579616,0.31175503697338036,-0.0016225916556871223
C000,linear_shrinkage,metadata_only,O3,0.4930094882905326,0.3853178826133904,-0.05362350447683495
C000,linear_shrinkage,metadata_only,O4,0.42285957692562226,0.34351252476621164,-0.03336923515094692
C000,linear_shrinkage,metadata_only,O5,0.6650414138863813,0.5240306746801372,-0.1894107194786192
C000,linear_shrinkage,metadata_only,O6,0.4974915086484251,0.3689643466766386,-0.2800444416689125
C000,linear_shrinkage,weather_only,O1,0.4631974611896013,0.3755530465853782,-0.10432841233742107
C000,linear_shrinkage,weather_only,O2,0.38942869372264394,0.31464184876512,-0.03170776551055865
C000,linear_shrinkage,weather_only,O3,0.485060331353881,0.3744230780499574,-0.0199207168040354
C000,linear_shrinkage,weather_only,O4,0.4290476495172294,0.3470597469875982,-0.06383491597931323
C000,linear_shrinkage,weather_only,O5,0.6573904034030473,0.515342119178249,-0.16220084406232527
C000,linear_shrinkage,weather_only,O6,0.5015824071337108,0.3821545822346604,-0.30118274016335156
C001,catboost,full,O1,0.4177207461233449,0.32888171054694804,0.10187249795352382
C001,catboost,full,O2,0.36393716549315414,0.2960269168879129,0.09894018798221138
C001,catboost,full,O3,0.47375580003302975,0.3664509148890278,0.02706466807373853
C001,catboost,full,O4,0.42738816340601404,0.3423169959400454,-0.05562135231926746
C001,catboost,full,O5,0.6153885453355299,0.4812393073787313,-0.018434922271403087
C001,catboost,full,O6,0.49660961172761037,0.37646998070717946,-0.27551022684257
C001,catboost,metadata_only,O1,0.4426053196101418,0.36132251616849637,-0.008321816619351274
C001,catboost,metadata_only,O2,0.3837087068805561,0.3117550371377834,-0.00162259229572137
C001,catboost,metadata_only,O3,0.493009488176059,0.3853178824429814,-0.053623503987545895
C001,catboost,metadata_only,O4,0.42285957681345787,0.343512524665468,-0.033369234602740105
C001,catboost,metadata_only,O5,0.6650414143281079,0.5240306749341953,-0.1894107210586542
C001,catboost,metadata_only,O6,0.4974915084289071,0.36896434652735477,-0.28004444053927346
C001,catboost,weather_only,O1,0.4243093824540947,0.3353096887058942,0.07331704370365144
C001,catboost,weather_only,O2,0.36220964301986286,0.2942370945043084,0.10747411535330798
C001,catboost,weather_only,O3,0.47437964546735895,0.3665241368821073,0.0245006429350223
C001,catboost,weather_only,O4,0.43132635595993135,0.3491104939067706,-0.07516514912986416
C001,catboost,weather_only,O5,0.620648433305558,0.4879277868669702,-0.03591898776446478
C001,catboost,weather_only,O6,0.4906510594915164,0.37192964353395186,-0.24508552780589454
C001,extra_trees,full,O1,0.41950111408842633,0.3267566147840906,0.09420036295775325
C001,extra_trees,full,O2,0.3754255208633771,0.30481358496413286,0.041155044766488014
C001,extra_trees,full,O3,0.4751272678039133,0.3657510877630588,0.02142344597664736
C001,extra_trees,full,O4,0.4283581213184515,0.34069145353540453,-0.06041825710738791
C001,extra_trees,full,O5,0.6180022368089585,0.48602647952844275,-0.02710433114649291
C001,extra_trees,full,O6,0.4715736034714528,0.34590080102219034,-0.15014521715650142
C001,extra_trees,metadata_only,O1,0.4426053196558245,0.3613225162697361,-0.008321816827495443
C001,extra_trees,metadata_only,O2,0.38370870675796104,0.3117550369733787,-0.0016225916556840136
C001,extra_trees,metadata_only,O3,0.4930094882905317,0.38531788261338973,-0.05362350447683095
C001,extra_trees,metadata_only,O4,0.422859576925623,0.343512524766212,-0.03336923515095047
C001,extra_trees,metadata_only,O5,0.6650414138863766,0.5240306746801358,-0.18941071947860255
C001,extra_trees,metadata_only,O6,0.4974915086484158,0.36896434667663364,-0.28004444166886433
C001,extra_trees,weather_only,O1,0.41727949765170597,0.32706763998865485,0.10376892317089403
C001,extra_trees,weather_only,O2,0.3679187726143828,0.2970548956613377,0.07911648376497316
C001,extra_trees,weather_only,O3,0.4775967501486921,0.3683991227394877,0.01122467276584549
C001,extra_trees,weather_only,O4,0.42911532220506976,0.3434618313108079,-0.06417053485928559
C001,extra_trees,weather_only,O5,0.6012677325685667,0.4670430570236189,0.027767214627319903
C001,extra_trees,weather_only,O6,0.4715892605265465,0.3482299081995967,-0.15022159202500385
C001,hist_gradient_boosting,full,O1,0.4414674001570425,0.3511617798270172,-0.0031437764324362405
C001,hist_gradient_boosting,full,O2,0.3665464691007837,0.30058502258616043,0.08597329552228872
C001,hist_gradient_boosting,full,O3,0.4794698284913754,0.3619002421449307,0.0034537429215442117
C001,hist_gradient_boosting,full,O4,0.4291260059724069,0.344920986233323,-0.0642235252390071
C001,hist_gradient_boosting,full,O5,0.6137803645656889,0.47781972469056533,-0.013118972141142882
C001,hist_gradient_boosting,full,O6,0.4871012961518596,0.36292703159567397,-0.2271348036187688
C001,hist_gradient_boosting,metadata_only,O1,0.4426053195459041,0.3613225161302806,-0.008321816326664955
C001,hist_gradient_boosting,metadata_only,O2,0.38370870691810677,0.31175503716816594,-0.0016225924917641077
C001,hist_gradient_boosting,metadata_only,O3,0.4930094880471678,0.3853178822960724,-0.05362350343663236
C001,hist_gradient_boosting,metadata_only,O4,0.4228595770715258,0.3435125248567629,-0.033369235864054714
C001,hist_gradient_boosting,metadata_only,O5,0.6650414141535939,0.5240306746931398,-0.18941072043442575
C001,hist_gradient_boosting,metadata_only,O6,0.4974915082890715,0.368964346432662,-0.2800444398196804
C001,hist_gradient_boosting,weather_only,O1,0.45166938063998074,0.35892849290518913,-0.05004329323460355
C001,hist_gradient_boosting,weather_only,O2,0.36762380027189934,0.300243057577228,0.0805924958568417
C001,hist_gradient_boosting,weather_only,O3,0.4777531789363217,0.36089254698351303,0.010576853215617854
C001,hist_gradient_boosting,weather_only,O4,0.42761170698030826,0.34383215070848405,-0.056725917695160444
C001,hist_gradient_boosting,weather_only,O5,0.6160358689931245,0.47911464344096544,-0.020578620779385215
C001,hist_gradient_boosting,weather_only,O6,0.4823641668634788,0.35564840291339483,-0.2033827435379163
C001,lightgbm,full,O1,0.4380570245686608,0.35083502850490933,0.012295111709885287
C001,lightgbm,full,O2,0.3699002056851029,0.3035318269229439,0.06917090564667572
C001,lightgbm,full,O3,0.48466014147764014,0.36702765346841654,-0.01823847834459391
C001,lightgbm,full,O4,0.43456211251884486,0.3509212266893681,-0.09135716728351317
C001,lightgbm,full,O5,0.6233494577601733,0.475192843462232,-0.04495512102254029
C001,lightgbm,full,O6,0.4865818392547004,0.36333660553347,-0.22451890524334406
C001,lightgbm,metadata_only,O1,0.44260531947515835,0.3613225158977508,-0.00832181600432591
C001,lightgbm,metadata_only,O2,0.3837087070445026,0.3117550374703284,-0.0016225931516444803
C001,lightgbm,metadata_only,O3,0.49300948792536586,0.3853178819602824,-0.05362350291602014
C001,lightgbm,metadata_only,O4,0.42285957631100324,0.34351252415725,-0.03336923214697829
C001,lightgbm,metadata_only,O5,0.6650414150407724,0.5240306752666528,-0.1894107236078213
C001,lightgbm,metadata_only,O6,0.4974915081522271,0.3689643460804649,-0.2800444391154795
C001,lightgbm,weather_only,O1,0.44082851176602894,0.3502252903359586,-0.00024239271807457996
C001,lightgbm,weather_only,O2,0.3750480729291116,0.30795656649203346,0.04308209604933355
C001,lightgbm,weather_only,O3,0.4866407493934365,0.37072560145866496,-0.026577732165967483
C001,lightgbm,weather_only,O4,0.4316380674530223,0.3476390195979467,-0.07671971415706458
C001,lightgbm,weather_only,O5,0.6210324493250142,0.4747328566846521,-0.037201300048997465
C001,lightgbm,weather_only,O6,0.4943319000252266,0.3690820101206404,-0.26383674322344053
C001,linear_shrinkage,full,O1,0.4563666658644984,0.36492526383365037,-0.07199740780130837
C001,linear_shrinkage,full,O2,0.44029071596769653,0.35784582500175477,-0.31880279717992765
C001,linear_shrinkage,full,O3,0.48837050605083143,0.3784585660058796,-0.033888610138788966
C001,linear_shrinkage,full,O4,0.42732130548703035,0.3463036583415402,-0.055291108608235495
C001,linear_shrinkage,full,O5,0.6650414138863858,0.5240306746801368,-0.18941071947863564
C001,linear_shrinkage,full,O6,0.5139093288157928,0.3966229631541501,-0.3659245347361664
C001,linear_shrinkage,metadata_only,O1,0.4426053196558301,0.3613225162697387,-0.008321816827520978
C001,linear_shrinkage,metadata_only,O2,0.3837087067579616,0.31175503697338036,-0.0016225916556871223
C001,linear_shrinkage,metadata_only,O3,0.4930094882905326,0.3853178826133904,-0.05362350447683495
C001,linear_shrinkage,metadata_only,O4,0.42285957692562226,0.34351252476621164,-0.03336923515094692
C001,linear_shrinkage,metadata_only,O5,0.6650414138863813,0.5240306746801372,-0.1894107194786192
C001,linear_shrinkage,metadata_only,O6,0.4974915086484252,0.3689643466766386,-0.28004444166891274
C001,linear_shrinkage,weather_only,O1,0.46315884084904635,0.3748571051706326,-0.1041442672808004
C001,linear_shrinkage,weather_only,O2,0.3837087067579611,0.3117550369733796,-0.0016225916556842357
C001,linear_shrinkage,weather_only,O3,0.48837050605083143,0.3784585660058796,-0.033888610138788966
C001,linear_shrinkage,weather_only,O4,0.42732130548703035,0.3463036583415402,-0.055291108608235495
C001,linear_shrinkage,weather_only,O5,0.6650414138863858,0.5240306746801368,-0.18941071947863564
C001,linear_shrinkage,weather_only,O6,0.5004488472273109,0.3760665966285138,-0.2953081246516853
C010,catboost,full,O1,0.42143079574087067,0.3301903138592986,0.08584794140740437
C010,catboost,full,O2,0.3654128685035931,0.2974450440316925,0.09161808598272236
C010,catboost,full,O3,0.47438207645550123,0.3646269688453367,0.02449064489455499
C010,catboost,full,O4,0.4247975966750344,0.34212923497405967,-0.042863068983248764
C010,catboost,full,O5,0.6117905348716686,0.4795117410941399,-0.006560709358155448
C010,catboost,full,O6,0.4966096117276099,0.3764699807071794,-0.27551022684256754
C010,catboost,metadata_only,O1,0.44260531961028954,0.3613225161687518,-0.008321816620024292
C010,catboost,metadata_only,O2,0.38370870691123354,0.3117550371744683,-0.0016225924558805893
C010,catboost,metadata_only,O3,0.4930094881568304,0.3853178824057738,-0.05362350390535764
C010,catboost,metadata_only,O4,0.4228595768359543,0.34351252468057486,-0.033369234712692375
C010,catboost,metadata_only,O5,0.6650414143594146,0.524030674943035,-0.18941072117063662
C010,catboost,metadata_only,O6,0.4974915083189602,0.3689643464791273,-0.2800444399734874
C010,catboost,weather_only,O1,0.4310072030895684,0.33755814786850236,0.043830334150998795
C010,catboost,weather_only,O2,0.3628296393442105,0.2952745155748598,0.10441601695282876
C010,catboost,weather_only,O3,0.4762765028810956,0.3688032442471079,0.016683770174371837
C010,catboost,weather_only,O4,0.4264450738879392,0.34479586623427966,-0.05096775114325891
C010,catboost,weather_only,O5,0.6109331346910375,0.47672329770212374,-0.0037413764755214185
C010,catboost,weather_only,O6,0.48989041800309235,0.3678749799643139,-0.24122808334031798
C010,extra_trees,full,O1,0.4190791355129025,0.3266580972466908,0.09602174452280898
C010,extra_trees,full,O2,0.37586036522917177,0.30334993664216653,0.03893255443071586
C010,extra_trees,full,O3,0.47483733346424134,0.36569168360001325,0.022617384522677253
C010,extra_trees,full,O4,0.42801636596024073,0.3392844209833436,-0.05872687302608237
C010,extra_trees,full,O5,0.608484596403079,0.47744675168103085,0.004288222796205887
C010,extra_trees,full,O6,0.47251393059824187,0.34710070710385826,-0.154736615056696
C010,extra_trees,metadata_only,O1,0.44260531965582445,0.3613225162697358,-0.008321816827495443
C010,extra_trees,metadata_only,O2,0.38370870675796104,0.31175503697337875,-0.0016225916556840136
C010,extra_trees,metadata_only,O3,0.4930094882905324,0.38531788261339095,-0.05362350447683406
C010,extra_trees,metadata_only,O4,0.4228595769256208,0.34351252476620914,-0.03336923515093981
C010,extra_trees,metadata_only,O5,0.6650414138863838,0.524030674680141,-0.1894107194786283
C010,extra_trees,metadata_only,O6,0.49749150864841796,0.36896434667663613,-0.28004444166887543
C010,extra_trees,weather_only,O1,0.4185656772439969,0.32681875069095734,0.09823550668878411
C010,extra_trees,weather_only,O2,0.36658173730530985,0.295363632709852,0.08579739623359339
C010,extra_trees,weather_only,O3,0.4793545022697021,0.3718549016168842,0.003933081082137524
C010,extra_trees,weather_only,O4,0.43036035384737664,0.3437816030910408,-0.07035464428021299
C010,extra_trees,weather_only,O5,0.6043431354454134,0.47049535708491125,0.017796101646890383
C010,extra_trees,weather_only,O6,0.47026611183339584,0.34701847405716313,-0.14377624100059383
C010,hist_gradient_boosting,full,O1,0.44675539325971925,0.353129345578226,-0.027319456460322078
C010,hist_gradient_boosting,full,O2,0.37177018978636744,0.307264132544822,0.05973573711674873
C010,hist_gradient_boosting,full,O3,0.49222548451752607,0.3681140590149931,-0.050275138908248085
C010,hist_gradient_boosting,full,O4,0.42719248821104194,0.3446399073749419,-0.05465496323226904
C010,hist_gradient_boosting,full,O5,0.6032137868606456,0.4655151203242195,0.021463601375918295
C010,hist_gradient_boosting,full,O6,0.4940043728773142,0.3648805292682639,-0.26216254937715777
C010,hist_gradient_boosting,metadata_only,O1,0.4426053195018439,0.3613225160864308,-0.008321816125913317
C010,hist_gradient_boosting,metadata_only,O2,0.38370870692904707,0.31175503715130215,-0.0016225925488806414
C010,hist_gradient_boosting,metadata_only,O3,0.49300948802714656,0.3853178822870964,-0.05362350335105637
C010,hist_gradient_boosting,metadata_only,O4,0.4228595772324287,0.3435125249681197,-0.03336923665047231
C010,hist_gradient_boosting,metadata_only,O5,0.665041414190203,0.5240306747264268,-0.189410720565375
C010,hist_gradient_boosting,metadata_only,O6,0.49749150829133026,0.36896434640151504,-0.280044439831304
C010,hist_gradient_boosting,weather_only,O1,0.446672083467594,0.35198326368096583,-0.026936348425149692
C010,hist_gradient_boosting,weather_only,O2,0.37798427399928414,0.31091227656251497,0.02804028155826066
C010,hist_gradient_boosting,weather_only,O3,0.4892644963516978,0.3644321303909439,-0.03767725977211933
C010,hist_gradient_boosting,weather_only,O4,0.43726302398679,0.35200109250318007,-0.10496543740304487
C010,hist_gradient_boosting,weather_only,O5,0.607000929600377,0.47064735455241685,0.00913798715596037
C010,hist_gradient_boosting,weather_only,O6,0.49525395609147743,0.3693916492450233,-0.2685559011585559
C010,lightgbm,full,O1,0.4432907426477609,0.3507304752103715,-0.011447229328617192
C010,lightgbm,full,O2,0.37069474847610945,0.30129899286431483,0.0651677834797908
C010,lightgbm,full,O3,0.4793887776120872,0.35835408917906947,0.003790632205157851
C010,lightgbm,full,O4,0.4304794817968473,0.3476370522652877,-0.07094729553504675
C010,lightgbm,full,O5,0.6138085720022042,0.47079544416675373,-0.013212093874600983
C010,lightgbm,full,O6,0.49029342521504543,0.36772119484118954,-0.24327111012702463
C010,lightgbm,metadata_only,O1,0.44260531951702486,0.36132251591021736,-0.008321816195082432
C010,lightgbm,metadata_only,O2,0.3837087071943795,0.3117550375273831,-0.0016225939341136808
C010,lightgbm,metadata_only,O3,0.4930094882033494,0.3853178823443533,-0.0536235041041917
C010,lightgbm,metadata_only,O4,0.4228595764107059,0.3435125242344218,-0.033369232634278045
C010,lightgbm,metadata_only,O5,0.6650414149862036,0.5240306752136015,-0.1894107234126312
C010,lightgbm,metadata_only,O6,0.49749150798031616,0.3689643460040058,-0.2800444382308269
C010,lightgbm,weather_only,O1,0.44155039848212596,0.3519425556083296,-0.0035210051013407906
C010,lightgbm,weather_only,O2,0.3751683480612427,0.30629361260127486,0.04246824470360577
C010,lightgbm,weather_only,O3,0.47833739530908664,0.35749875131076714,0.008155558491231174
C010,lightgbm,weather_only,O4,0.43214127751831344,0.3491449967413679,-0.07923168919922241
C010,lightgbm,weather_only,O5,0.6133857628082992,0.4733438019806833,-0.011816714720255472
C010,lightgbm,weather_only,O6,0.5072127787527406,0.380628479886941,-0.3305588149116654
C010,linear_shrinkage,full,O1,0.4562432374004342,0.36615396686238927,-0.07141762355967951
C010,linear_shrinkage,full,O2,0.435053473745715,0.3536589400818778,-0.2876151711833066
C010,linear_shrinkage,full,O3,0.484339979150701,0.3739568493971071,-0.016893643497298827
C010,linear_shrinkage,full,O4,0.4302686910901227,0.34795610939364324,-0.06989874164596066
C010,linear_shrinkage,full,O5,0.6551291089910238,0.5130650543155788,-0.15421910832927943
C010,linear_shrinkage,full,O6,0.5139093288157948,0.3966229631541527,-0.3659245347361768
C010,linear_shrinkage,metadata_only,O1,0.44260531965583005,0.3613225162697384,-0.008321816827520756
C010,linear_shrinkage,metadata_only,O2,0.38370870675796104,0.31175503697337964,-0.0016225916556840136
C010,linear_shrinkage,metadata_only,O3,0.4930094882905336,0.3853178826133918,-0.05362350447683917
C010,linear_shrinkage,metadata_only,O4,0.4228595769256197,0.3435125247662084,-0.033369235150934484
C010,linear_shrinkage,metadata_only,O5,0.6650414138863886,0.5240306746801426,-0.1894107194786454
C010,linear_shrinkage,metadata_only,O6,0.4974915086484272,0.368964346676641,-0.28004444166892295
C010,linear_shrinkage,weather_only,O1,0.4631974611896009,0.37555304658537747,-0.1043284123374193
C010,linear_shrinkage,weather_only,O2,0.38942869372264427,0.3146418487651204,-0.031707765510560426
C010,linear_shrinkage,weather_only,O3,0.48506033135388205,0.3744230780499586,-0.01992071680403984
C010,linear_shrinkage,weather_only,O4,0.4290476495172244,0.34705974698759384,-0.06383491597928836
C010,linear_shrinkage,weather_only,O5,0.6573904034030538,0.5153421191782533,-0.1622008440623477
C010,linear_shrinkage,weather_only,O6,0.5015824071337128,0.38215458223466303,-0.301182740163362
C011,catboost,full,O1,0.41772074612334376,0.3288817105469491,0.10187249795352882
C011,catboost,full,O2,0.3639371654931543,0.29602691688791355,0.09894018798221071
C011,catboost,full,O3,0.47375580003303014,0.3664509148890284,0.027064668073736864
C011,catboost,full,O4,0.4273881634060124,0.3423169959400443,-0.05562135231925924
C011,catboost,full,O5,0.6153885453355239,0.48123930737872617,-0.018434922271383103
C011,catboost,full,O6,0.4966096117276099,0.3764699807071794,-0.27551022684256754
C011,catboost,metadata_only,O1,0.44260531961014127,0.3613225161684989,-0.008321816619348832
C011,catboost,metadata_only,O2,0.38370870688055597,0.3117550371377834,-0.001622592295721148
C011,catboost,metadata_only,O3,0.49300948817605944,0.385317882442982,-0.05362350398754767
C011,catboost,metadata_only,O4,0.42285957681345626,0.3435125246654665,-0.033369234602732334
C011,catboost,metadata_only,O5,0.6650414143281014,0.5240306749341901,-0.18941072105863088
C011,catboost,metadata_only,O6,0.49749150842890627,0.36896434652735466,-0.28004444053926925
C011,catboost,weather_only,O1,0.42430938245409366,0.33530968870589506,0.0733170437036561
C011,catboost,weather_only,O2,0.3622096430198629,0.294237094504309,0.10747411535330775
C011,catboost,weather_only,O3,0.4743796454673593,0.3665241368821079,0.024500642935020744
C011,catboost,weather_only,O4,0.4313263559599297,0.34911049390676924,-0.07516514912985572
C011,catboost,weather_only,O5,0.6206484333055519,0.48792778686696514,-0.035918987764444354
C011,catboost,weather_only,O6,0.4906510594915159,0.37192964353395186,-0.24508552780589188
C011,extra_trees,full,O1,0.41161694944357313,0.32177406765979083,0.12792787543934758
C011,extra_trees,full,O2,0.37743518955383754,0.3038581741154499,0.030862093812502933
C011,extra_trees,full,O3,0.47454886512486555,0.36516096713831914,0.023804562860615164
C011,extra_trees,full,O4,0.4282072814054567,0.34043787552187327,-0.0596715677039128
C011,extra_trees,full,O5,0.6181720568800776,0.48623396377664163,-0.02766888216233898
C011,extra_trees,full,O6,0.4728533756541415,0.3440188512954307,-0.15639629279839018
C011,extra_trees,metadata_only,O1,0.44260531965582445,0.3613225162697358,-0.008321816827495443
C011,extra_trees,metadata_only,O2,0.3837087067579595,0.3117550369733777,-0.00162259165567602
C011,extra_trees,metadata_only,O3,0.4930094882905324,0.38531788261339095,-0.05362350447683406
C011,extra_trees,metadata_only,O4,0.4228595769256208,0.34351252476620914,-0.03336923515093981
C011,extra_trees,metadata_only,O5,0.665041413886384,0.5240306746801412,-0.18941071947862897
C011,extra_trees,metadata_only,O6,0.49749150864841796,0.36896434667663613,-0.28004444166887543
C011,extra_trees,weather_only,O1,0.4185656772439969,0.32681875069095734,0.09823550668878411
C011,extra_trees,weather_only,O2,0.3670915719127743,0.29658984174006126,0.08325271823133673
C011,extra_trees,weather_only,O3,0.4777645182439458,0.3679503899659904,0.010529885421072804
C011,extra_trees,weather_only,O4,0.4290510119242823,0.34343432897616194,-0.06385159039785449
C011,extra_trees,weather_only,O5,0.6091153679393467,0.47417148445134455,0.0022227894672095516
C011,extra_trees,weather_only,O6,0.47026611183339584,0.34701847405716313,-0.14377624100059383
C011,hist_gradient_boosting,full,O1,0.4414674001570408,0.35116177982701546,-0.003143776432428469
C011,hist_gradient_boosting,full,O2,0.36654646910078376,0.30058502258616104,0.08597329552228816
C011,hist_gradient_boosting,full,O3,0.47946982849137637,0.361900242144932,0.003453742921540215
C011,hist_gradient_boosting,full,O4,0.4291260059724032,0.3449209862333186,-0.06422352523898867
C011,hist_gradient_boosting,full,O5,0.6137803645656945,0.47781972469056927,-0.013118972141161978
C011,hist_gradient_boosting,full,O6,0.4871012961518609,0.36292703159567624,-0.22713480361877525
C011,hist_gradient_boosting,metadata_only,O1,0.4426053195459019,0.3613225161302785,-0.00832181632665474
C011,hist_gradient_boosting,metadata_only,O2,0.3837087069274309,0.3117550371788383,-0.0016225925404429464
C011,hist_gradient_boosting,metadata_only,O3,0.49300948804434186,0.3853178822948855,-0.053623503424553576
C011,hist_gradient_boosting,metadata_only,O4,0.4228595770737049,0.3435125248575514,-0.03336923587470486
C011,hist_gradient_boosting,metadata_only,O5,0.6650414141546936,0.5240306746911921,-0.18941072043835971
C011,hist_gradient_boosting,metadata_only,O6,0.49749150828724903,0.36896434642994325,-0.2800444398103019
C011,hist_gradient_boosting,weather_only,O1,0.451669380639979,0.35892849290518714,-0.050043293234595554
C011,hist_gradient_boosting,weather_only,O2,0.36762380027189945,0.3002430575772285,0.08059249585684125
C011,hist_gradient_boosting,weather_only,O3,0.47775317893633656,0.3608925469835277,0.010576853215556126
C011,hist_gradient_boosting,weather_only,O4,0.4276117069803044,0.3438321507084792,-0.056725917695140904
C011,hist_gradient_boosting,weather_only,O5,0.6160358689931434,0.4791146434409823,-0.020578620779448054
C011,hist_gradient_boosting,weather_only,O6,0.4823641668634803,0.35564840291339705,-0.20338274353792385
C011,lightgbm,full,O1,0.438057024568661,0.3508350285049105,0.012295111709884177
C011,lightgbm,full,O2,0.3699002056851035,0.3035318269229449,0.06917090564667272
C011,lightgbm,full,O3,0.48466014147764047,0.3670276534684171,-0.018238478344595244
C011,lightgbm,full,O4,0.4345621125188433,0.3509212266893669,-0.0913571672835054
C011,lightgbm,full,O5,0.6233494577601671,0.47519284346222707,-0.04495512102251986
C011,lightgbm,full,O6,0.48658183925469994,0.36333660553347014,-0.22451890524334184
C011,lightgbm,metadata_only,O1,0.4426053194751578,0.3613225158977532,-0.008321816004323468
C011,lightgbm,metadata_only,O2,0.3837087070445026,0.31175503747032857,-0.0016225931516442582
C011,lightgbm,metadata_only,O3,0.4930094879253663,0.38531788196028305,-0.053623502916021915
C011,lightgbm,metadata_only,O4,0.42285957631100146,0.3435125241572485,-0.03336923214696985
C011,lightgbm,metadata_only,O5,0.6650414150407659,0.5240306752666477,-0.18941072360779798
C011,lightgbm,metadata_only,O6,0.4974915081522263,0.3689643460804648,-0.2800444391154755
C011,lightgbm,weather_only,O1,0.4408285117660285,0.3502252903359594,-0.00024239271807235951
C011,lightgbm,weather_only,O2,0.37504807292911224,0.30795656649203423,0.04308209604933022
C011,lightgbm,weather_only,O3,0.4866407493934368,0.3707256014586655,-0.026577732165969037
C011,lightgbm,weather_only,O4,0.4316380674530209,0.34763901959794535,-0.0767197141570577
C011,lightgbm,weather_only,O5,0.6210324493250081,0.47473285668464765,-0.037201300048976815
C011,lightgbm,weather_only,O6,0.49433190002522626,0.36908201012064057,-0.263836743223439
C011,linear_shrinkage,full,O1,0.4563666658644981,0.36492526383364987,-0.07199740780130681
C011,linear_shrinkage,full,O2,0.44029071596769687,0.35784582500175494,-0.3188027971799299
C011,linear_shrinkage,full,O3,0.4883705060508325,0.37845856600588096,-0.03388861013879363
C011,linear_shrinkage,full,O4,0.4273213054870258,0.3463036583415352,-0.05529110860821285
C011,linear_shrinkage,full,O5,0.665041413886393,0.5240306746801426,-0.1894107194786614
C011,linear_shrinkage,full,O6,0.5139093288157948,0.3966229631541527,-0.3659245347361768
C011,linear_shrinkage,metadata_only,O1,0.44260531965583005,0.3613225162697384,-0.008321816827520756
C011,linear_shrinkage,metadata_only,O2,0.38370870675796104,0.31175503697337964,-0.0016225916556840136
C011,linear_shrinkage,metadata_only,O3,0.49300948829053354,0.3853178826133918,-0.053623504476838724
C011,linear_shrinkage,metadata_only,O4,0.4228595769256197,0.3435125247662084,-0.033369235150934484
C011,linear_shrinkage,metadata_only,O5,0.6650414138863886,0.5240306746801426,-0.1894107194786454
C011,linear_shrinkage,metadata_only,O6,0.4974915086484273,0.368964346676641,-0.28004444166892317
C011,linear_shrinkage,weather_only,O1,0.463158840849046,0.3748571051706322,-0.10414426728079884
C011,linear_shrinkage,weather_only,O2,0.38370870675796104,0.31175503697337964,-0.0016225916556840136
C011,linear_shrinkage,weather_only,O3,0.4883705060508325,0.37845856600588096,-0.03388861013879363
C011,linear_shrinkage,weather_only,O4,0.4273213054870258,0.3463036583415352,-0.05529110860821285
C011,linear_shrinkage,weather_only,O5,0.665041413886393,0.5240306746801426,-0.1894107194786614
C011,linear_shrinkage,weather_only,O6,0.5004488472273128,0.37606659662851616,-0.2953081246516951
C100,catboost,full,O1,0.41792648159454715,0.33783482487579936,0.10098759008348224
C100,catboost,full,O2,0.36075509198882755,0.29209586832613477,0.11462808148632087
C100,catboost,full,O3,0.47484308081879784,0.3686493036623417,0.02259372421617467
C100,catboost,full,O4,0.41097409766082377,0.3298064374526805,0.023905002196166203
C100,catboost,full,O5,0.628797393736455,0.48893937986725916,-0.06330029047172969
C100,catboost,full,O6,0.4770949031617607,0.3594057623707163,-0.17723524849084105
C100,catboost,metadata_only,O1,0.44260531961029004,0.36132251616874933,-0.008321816620026734
C100,catboost,metadata_only,O2,0.3837087069112336,0.3117550371744682,-0.0016225924558810334
C100,catboost,metadata_only,O3,0.49300948815682993,0.38531788240577325,-0.05362350390535586
C100,catboost,metadata_only,O4,0.4228595768359561,0.34351252468057647,-0.03336923471270081
C100,catboost,metadata_only,O5,0.6650414143594211,0.5240306749430401,-0.18941072117066016
C100,catboost,metadata_only,O6,0.4974915083189611,0.36896434647912735,-0.2800444399734918
C100,catboost,weather_only,O1,0.4143233061844964,0.33567163610061557,0.11642253213494025
C100,catboost,weather_only,O2,0.35957809569462285,0.2901274462602049,0.12039586994266438
C100,catboost,weather_only,O3,0.4767115101552247,0.37099594915377726,0.014886725588660776
C100,catboost,weather_only,O4,0.42177286547580695,0.34131207918491374,-0.02806472618809641
C100,catboost,weather_only,O5,0.6290752239653628,0.4904731206959741,-0.0642401233340133
C100,catboost,weather_only,O6,0.47979690362521243,0.3588966038767509,-0.19060742062368963
C100,extra_trees,full,O1,0.421346608983103,0.3387936876169959,0.08621313451537627
C100,extra_trees,full,O2,0.3779370239634715,0.3019361256241745,0.028283266593466472
C100,extra_trees,full,O3,0.4752887282925159,0.368910335826859,0.020758241911387754
C100,extra_trees,full,O4,0.42142643934908547,0.33918795297410265,-0.026376603277802113
C100,extra_trees,full,O5,0.6374836190309107,0.49349189105550145,-0.09288011892289805
C100,extra_trees,full,O6,0.47560616155252955,0.3575744926414668,-0.16989974918191564
C100,extra_trees,metadata_only,O1,0.4426053196558245,0.3613225162697361,-0.008321816827495443
C100,extra_trees,metadata_only,O2,0.3837087067579609,0.31175503697337864,-0.0016225916556835696
C100,extra_trees,metadata_only,O3,0.4930094882905317,0.3853178826133897,-0.05362350447683095
C100,extra_trees,metadata_only,O4,0.4228595769256231,0.343512524766212,-0.033369235150950693
C100,extra_trees,metadata_only,O5,0.665041413886377,0.5240306746801361,-0.1894107194786041
C100,extra_trees,metadata_only,O6,0.4974915086484155,0.3689643466766335,-0.2800444416688628
C100,extra_trees,weather_only,O1,0.4207827967171533,0.3380884051568505,0.08865701102811863
C100,extra_trees,weather_only,O2,0.37250005240225176,0.2978974947903898,0.05604024246438821
C100,extra_trees,weather_only,O3,0.47944910621973474,0.3764834366577492,0.0035398807961790624
C100,extra_trees,weather_only,O4,0.43139886871509514,0.3493165777053006,-0.07552668391466022
C100,extra_trees,weather_only,O5,0.6360891519735175,0.4991219308002418,-0.0881040950282519
C100,extra_trees,weather_only,O6,0.48133671618958984,0.36059842361917965,-0.19826171800185444
C100,hist_gradient_boosting,full,O1,0.4312915902948675,0.34623971067180503,0.04256811798826077
C100,hist_gradient_boosting,full,O2,0.37289043877369993,0.2999694317808129,0.05406063401057504
C100,hist_gradient_boosting,full,O3,0.48567446815263293,0.37687677226972194,-0.02250500304136782
C100,hist_gradient_boosting,full,O4,0.4236379129071181,0.3425534936047935,-0.03717687592119523
C100,hist_gradient_boosting,full,O5,0.6199052059645572,0.4803284637903112,-0.033439444495296344
C100,hist_gradient_boosting,full,O6,0.4671413654568422,0.33943649845969953,-0.12862679017714052
C100,hist_gradient_boosting,metadata_only,O1,0.44260531950058624,0.3613225160835903,-0.00832181612018279
C100,hist_gradient_boosting,metadata_only,O2,0.3837087069290472,0.31175503715130226,-0.0016225925488813076
C100,hist_gradient_boosting,metadata_only,O3,0.49300948802714534,0.3853178822870947,-0.05362350335105126
C100,hist_gradient_boosting,metadata_only,O4,0.42285957723027556,0.343512524966158,-0.03336923663994873
C100,hist_gradient_boosting,metadata_only,O5,0.6650414141863703,0.5240306747282585,-0.18941072055166552
C100,hist_gradient_boosting,metadata_only,O6,0.49749150829366295,0.3689643464029149,-0.28004443984330796
C100,hist_gradient_boosting,weather_only,O1,0.43620852872623084,0.352304113884848,0.0206132809184012
C100,hist_gradient_boosting,weather_only,O2,0.3793416811325598,0.29944412390842445,0.021046794556125348
C100,hist_gradient_boosting,weather_only,O3,0.48842440105136936,0.37853313457425625,-0.03411681598303251
C100,hist_gradient_boosting,weather_only,O4,0.4242240723609114,0.3446398269301303,-0.040049006120770114
C100,hist_gradient_boosting,weather_only,O5,0.6210243557781906,0.48009977106168833,-0.037174265768919135
C100,hist_gradient_boosting,weather_only,O6,0.462851722037363,0.33463165934072686,-0.10799415893625053
C100,lightgbm,full,O1,0.4263065541908257,0.3427113056091043,0.06457294941886027
C100,lightgbm,full,O2,0.3804551612391038,0.3035664896076845,0.015291325141492451
C100,lightgbm,full,O3,0.4833130756775392,0.3763725592181799,-0.012586154370629155
C100,lightgbm,full,O4,0.41503984541644384,0.3377894594272445,0.004496545847812672
C100,lightgbm,full,O5,0.6299177902646222,0.49237436002966756,-0.06709286122961533
C100,lightgbm,full,O6,0.47160694328330177,0.34612016997761413,-0.15030785128341884
C100,lightgbm,metadata_only,O1,0.44260531951702536,0.3613225159102149,-0.008321816195084653
C100,lightgbm,metadata_only,O2,0.38370870719437955,0.311755037527383,-0.0016225939341139028
C100,lightgbm,metadata_only,O3,0.4930094882033489,0.3853178823443527,-0.0536235041041897
C100,lightgbm,metadata_only,O4,0.4228595764107076,0.34351252423442324,-0.03336923263428626
C100,lightgbm,metadata_only,O5,0.66504141498621,0.5240306752136067,-0.1894107234126543
C100,lightgbm,metadata_only,O6,0.49749150798031694,0.3689643460040059,-0.2800444382308307
C100,lightgbm,weather_only,O1,0.4334262073699625,0.3506198367277925,0.03306731566615062
C100,lightgbm,weather_only,O2,0.37465459338849133,0.3006606674491203,0.04508893265788172
C100,lightgbm,weather_only,O3,0.48643741687845266,0.3781459893933452,-0.025720043925594016
C100,lightgbm,weather_only,O4,0.4171862361979218,0.33947722958463816,-0.005826629461919364
C100,lightgbm,weather_only,O5,0.6277693178004286,0.4878510007287682,-0.05982616730859869
C100,lightgbm,weather_only,O6,0.47393531156197904,0.34709597551306726,-0.1616942481978545
C100,linear_shrinkage,full,O1,0.4447458407113039,0.36355223371335843,-0.018098261143076
C100,linear_shrinkage,full,O2,0.3857695940410224,0.30917285031749486,-0.012410852049076437
C100,linear_shrinkage,full,O3,0.5001967930067294,0.39540288702664245,-0.08456778649006802
C100,linear_shrinkage,full,O4,0.43001161473712035,0.3492665411304617,-0.06862064028593906
C100,linear_shrinkage,full,O5,0.6544918132446722,0.5157303551745508,-0.15197460067364044
C100,linear_shrinkage,full,O6,0.5025213171957704,0.366071070091055,-0.30605865682840516
C100,linear_shrinkage,metadata_only,O1,0.4426053196558301,0.3613225162697387,-0.008321816827520978
C100,linear_shrinkage,metadata_only,O2,0.3837087067579616,0.31175503697338036,-0.0016225916556871223
C100,linear_shrinkage,metadata_only,O3,0.4930094882905326,0.3853178826133904,-0.05362350447683495
C100,linear_shrinkage,metadata_only,O4,0.42285957692562226,0.34351252476621164,-0.03336923515094692
C100,linear_shrinkage,metadata_only,O5,0.6650414138863813,0.5240306746801372,-0.1894107194786192
C100,linear_shrinkage,metadata_only,O6,0.4974915086484251,0.3689643466766386,-0.2800444416689125
C100,linear_shrinkage,weather_only,O1,0.44459263042599695,0.36328118017269034,-0.01739693358244443
C100,linear_shrinkage,weather_only,O2,0.38482386489779424,0.30822722682497283,-0.00745300762907708
C100,linear_shrinkage,weather_only,O3,0.49963893709642504,0.39097140202799174,-0.08214995746724818
C100,linear_shrinkage,weather_only,O4,0.4261977930618792,0.3492032965116192,-0.049749264446479646
C100,linear_shrinkage,weather_only,O5,0.6546129510452006,0.5159010807272835,-0.1524010707402852
C100,linear_shrinkage,weather_only,O6,0.5023024873353397,0.3656565933272308,-0.304921421869333
C101,catboost,full,O1,0.41878293027637964,0.33839578279323895,0.0972991570341114
C101,catboost,full,O2,0.36947065842236715,0.2949854107222222,0.07133150425577661
C101,catboost,full,O3,0.47975884439155037,0.3721363160228287,0.0022519800475624407
C101,catboost,full,O4,0.4094615671984067,0.3310089622895641,0.031076532654340516
C101,catboost,full,O5,0.6289746641737081,0.4902002425814655,-0.063899905797981
C101,catboost,full,O6,0.4809419530899558,0.3593891576654807,-0.19629704122133718
C101,catboost,metadata_only,O1,0.4426053196101418,0.36132251616849637,-0.008321816619351274
C101,catboost,metadata_only,O2,0.3837087068805561,0.3117550371377834,-0.00162259229572137
C101,catboost,metadata_only,O3,0.493009488176059,0.3853178824429814,-0.053623503987545895
C101,catboost,metadata_only,O4,0.42285957681345787,0.343512524665468,-0.033369234602740105
C101,catboost,metadata_only,O5,0.6650414143281079,0.5240306749341953,-0.1894107210586542
C101,catboost,metadata_only,O6,0.4974915084289071,0.36896434652735477,-0.28004444053927346
C101,catboost,weather_only,O1,0.4258694187061244,0.34073416265046236,0.06649034292580602
C101,catboost,weather_only,O2,0.36645209137009693,0.2920613374854722,0.0864439188560614
C101,catboost,weather_only,O3,0.48053723842821316,0.37418122736133264,-0.0009882776615768307
C101,catboost,weather_only,O4,0.4236170979515332,0.34304511524015163,-0.03707495746877054
C101,catboost,weather_only,O5,0.6345627898116586,0.49511874108845216,-0.08288832226024745
C101,catboost,weather_only,O6,0.47593387733119685,0.356124772695147,-0.1715125402979103
C101,extra_trees,full,O1,0.421346608983103,0.3387936876169959,0.08621313451537627
C101,extra_trees,full,O2,0.38155010172799175,0.30428941014982713,0.009615234918461946
C101,extra_trees,full,O3,0.47346190831129337,0.3669997618180552,0.028271403484353086
C101,extra_trees,full,O4,0.41477434959860066,0.3349941857468009,0.005769760799555157
C101,extra_trees,full,O5,0.6326070490057457,0.49155403051829927,-0.07622362247513492
C101,extra_trees,full,O6,0.4828387977441499,0.35999149593837154,-0.20575208874826867
C101,extra_trees,metadata_only,O1,0.4426053196558245,0.3613225162697361,-0.008321816827495443
C101,extra_trees,metadata_only,O2,0.38370870675796104,0.3117550369733787,-0.0016225916556840136
C101,extra_trees,metadata_only,O3,0.4930094882905317,0.38531788261338973,-0.05362350447683095
C101,extra_trees,metadata_only,O4,0.422859576925623,0.343512524766212,-0.03336923515095047
C101,extra_trees,metadata_only,O5,0.6650414138863766,0.5240306746801358,-0.18941071947860255
C101,extra_trees,metadata_only,O6,0.4974915086484158,0.36896434667663364,-0.28004444166886433
C101,extra_trees,weather_only,O1,0.41926970223210525,0.33761227214072054,0.09519943043797585
C101,extra_trees,weather_only,O2,0.372861252934289,0.2976299761518645,0.05420870406616307
C101,extra_trees,weather_only,O3,0.47568393449049523,0.37140720389686116,0.019129070896815037
C101,extra_trees,weather_only,O4,0.42738176507186665,0.3479137956854577,-0.055589745605906904
C101,extra_trees,weather_only,O5,0.6357070932657392,0.4978766831991862,-0.0867973763241956
C101,extra_trees,weather_only,O6,0.4836228371710888,0.36128639545327484,-0.2096710974206044
C101,hist_gradient_boosting,full,O1,0.4292726343989046,0.3395683896446216,0.05151096960442869
C101,hist_gradient_boosting,full,O2,0.3745237049912558,0.2951724538856241,0.04575602682289104
C101,hist_gradient_boosting,full,O3,0.485509487324677,0.37671457924781887,-0.021810442874398372
C101,hist_gradient_boosting,full,O4,0.4244742956682416,0.34615356948496345,-0.041276287975116954
C101,hist_gradient_boosting,full,O5,0.6202140233029346,0.48198588395985953,-0.03446935522785366
C101,hist_gradient_boosting,full,O6,0.4680409426512906,0.34241826528872166,-0.13297778355508005
C101,hist_gradient_boosting,metadata_only,O1,0.4426053195459041,0.3613225161302806,-0.008321816326664955
C101,hist_gradient_boosting,metadata_only,O2,0.38370870691810677,0.31175503716816594,-0.0016225924917641077
C101,hist_gradient_boosting,metadata_only,O3,0.4930094880471678,0.3853178822960724,-0.05362350343663236
C101,hist_gradient_boosting,metadata_only,O4,0.4228595770715258,0.3435125248567629,-0.033369235864054714
C101,hist_gradient_boosting,metadata_only,O5,0.6650414141535939,0.5240306746931398,-0.18941072043442575
C101,hist_gradient_boosting,metadata_only,O6,0.4974915082890715,0.368964346432662,-0.2800444398196804
C101,hist_gradient_boosting,weather_only,O1,0.43859766848815457,0.3367861970115241,0.009855583804729284
C101,hist_gradient_boosting,weather_only,O2,0.3743390227154801,0.2986646226668301,0.046696893823754415
C101,hist_gradient_boosting,weather_only,O3,0.4821437997946127,0.3745467013993156,-0.00769259606730377
C101,hist_gradient_boosting,weather_only,O4,0.4242572486659441,0.34563036623078874,-0.04021168586739288
C101,hist_gradient_boosting,weather_only,O5,0.6211614971683326,0.4854039178288726,-0.03763239667714102
C101,hist_gradient_boosting,weather_only,O6,0.4692548083690494,0.3423962187031781,-0.13886216744243685
C101,lightgbm,full,O1,0.4249755021200185,0.3435353826969088,0.0704051765639141
C101,lightgbm,full,O2,0.37046926706998085,0.2940950260533715,0.06630469289682905
C101,lightgbm,full,O3,0.4968508907550475,0.38613724159179136,-0.07010659512311945
C101,lightgbm,full,O4,0.4220123738057464,0.3460664187908137,-0.029232653278795873
C101,lightgbm,full,O5,0.6324652622723508,0.4934661687500383,-0.07574124678381655
C101,lightgbm,full,O6,0.4630017065201449,0.343096407143645,-0.10871235376235644
C101,lightgbm,metadata_only,O1,0.44260531947515835,0.3613225158977508,-0.00832181600432591
C101,lightgbm,metadata_only,O2,0.3837087070445026,0.3117550374703284,-0.0016225931516444803
C101,lightgbm,metadata_only,O3,0.49300948792536586,0.3853178819602824,-0.05362350291602014
C101,lightgbm,metadata_only,O4,0.42285957631100324,0.34351252415725,-0.03336923214697829
C101,lightgbm,metadata_only,O5,0.6650414150407724,0.5240306752666528,-0.1894107236078213
C101,lightgbm,metadata_only,O6,0.4974915081522271,0.3689643460804649,-0.2800444391154795
C101,lightgbm,weather_only,O1,0.4256944938648674,0.34516540956021174,0.06725705913077085
C101,lightgbm,weather_only,O2,0.3709687554420229,0.29987892357610085,0.0637852701859285
C101,lightgbm,weather_only,O3,0.4956366316678706,0.38529626919622206,-0.06488249715246042
C101,lightgbm,weather_only,O4,0.4246969526893467,0.3464124869392666,-0.04236897267393802
C101,lightgbm,weather_only,O5,0.6289037296187359,0.490400629923514,-0.06365995015231096
C101,lightgbm,weather_only,O6,0.47253335666476426,0.3512026248682311,-0.1548315644326237
C101,linear_shrinkage,full,O1,0.4447458407113039,0.36355223371335843,-0.018098261143076
C101,linear_shrinkage,full,O2,0.3857695940410224,0.30917285031749486,-0.012410852049076437
C101,linear_shrinkage,full,O3,0.5002458957726252,0.39545188300339185,-0.08478073424509369
C101,linear_shrinkage,full,O4,0.4228595769256252,0.3435125247662147,-0.03336923515096113
C101,linear_shrinkage,full,O5,0.6650414138863858,0.5240306746801368,-0.18941071947863564
C101,linear_shrinkage,full,O6,0.5039360194032639,0.3665280523443514,-0.3134226623319283
C101,linear_shrinkage,metadata_only,O1,0.4426053196558301,0.3613225162697387,-0.008321816827520978
C101,linear_shrinkage,metadata_only,O2,0.3837087067579616,0.31175503697338036,-0.0016225916556871223
C101,linear_shrinkage,metadata_only,O3,0.4930094882905326,0.3853178826133904,-0.05362350447683495
C101,linear_shrinkage,metadata_only,O4,0.42285957692562226,0.34351252476621164,-0.03336923515094692
C101,linear_shrinkage,metadata_only,O5,0.6650414138863813,0.5240306746801372,-0.1894107194786192
C101,linear_shrinkage,metadata_only,O6,0.4974915086484252,0.3689643466766386,-0.28004444166891274
C101,linear_shrinkage,weather_only,O1,0.44459263042599695,0.36328118017269034,-0.01739693358244443
C101,linear_shrinkage,weather_only,O2,0.3848251213875664,0.30822633310307046,-0.007459586516625816
C101,linear_shrinkage,weather_only,O3,0.49779306326500955,0.3893990754761615,-0.074168904270842
C101,linear_shrinkage,weather_only,O4,0.4228595769256252,0.3435125247662147,-0.03336923515096113
C101,linear_shrinkage,weather_only,O5,0.6650414138863858,0.5240306746801368,-0.18941071947863564
C101,linear_shrinkage,weather_only,O6,0.5039360194032639,0.3665280523443514,-0.3134226623319283
C110,catboost,full,O1,0.4179264815945463,0.3378348248758011,0.1009875900834859
C110,catboost,full,O2,0.3607550919888275,0.29209586832613527,0.11462808148632098
C110,catboost,full,O3,0.47484308081879817,0.3686493036623422,0.022593724216173228
C110,catboost,full,O4,0.41097409766082177,0.329806437452679,0.02390500219617575
C110,catboost,full,O5,0.6287973937364493,0.4889393798672552,-0.06330029047171037
C110,catboost,full,O6,0.47709490316176,0.3594057623707161,-0.17723524849083772
C110,catboost,metadata_only,O1,0.44260531961028954,0.3613225161687518,-0.008321816620024292
C110,catboost,metadata_only,O2,0.38370870691123354,0.3117550371744683,-0.0016225924558805893
C110,catboost,metadata_only,O3,0.4930094881568304,0.3853178824057738,-0.05362350390535764
C110,catboost,metadata_only,O4,0.4228595768359543,0.34351252468057486,-0.033369234712692375
C110,catboost,metadata_only,O5,0.6650414143594146,0.524030674943035,-0.18941072117063662
C110,catboost,metadata_only,O6,0.4974915083189602,0.3689643464791273,-0.2800444399734874
C110,catboost,weather_only,O1,0.4143233061844952,0.33567163610061607,0.11642253213494536
C110,catboost,weather_only,O2,0.3595780956946229,0.2901274462602055,0.12039586994266416
C110,catboost,weather_only,O3,0.4767115101552251,0.37099594915377765,0.014886725588659222
C110,catboost,weather_only,O4,0.42177286547580506,0.3413120791849121,-0.028064726188087308
C110,catboost,weather_only,O5,0.6290752239653571,0.49047312069597004,-0.06424012333399443
C110,catboost,weather_only,O6,0.4797969036252117,0.35889660387675076,-0.19060742062368607
C110,extra_trees,full,O1,0.42100021503518914,0.33820913683744824,0.08771498653718224
C110,extra_trees,full,O2,0.3782265745670618,0.3020181308925704,0.02679376475013151
C110,extra_trees,full,O3,0.4817103853312031,0.3787420804631583,-0.005881716232770673
C110,extra_trees,full,O4,0.4210404309799986,0.33877208604104214,-0.024497231338590053
C110,extra_trees,full,O5,0.637916488723985,0.49347260229353,-0.09436481682937914
C110,extra_trees,full,O6,0.4751725005661469,0.3574346644053654,-0.16776727646735323
C110,extra_trees,metadata_only,O1,0.44260531965582445,0.3613225162697358,-0.008321816827495443
C110,extra_trees,metadata_only,O2,0.38370870675796104,0.31175503697337875,-0.0016225916556840136
C110,extra_trees,metadata_only,O3,0.4930094882905324,0.38531788261339095,-0.05362350447683406
C110,extra_trees,metadata_only,O4,0.4228595769256208,0.34351252476620914,-0.03336923515093981
C110,extra_trees,metadata_only,O5,0.6650414138863838,0.524030674680141,-0.1894107194786283
C110,extra_trees,metadata_only,O6,0.49749150864841796,0.36896434667663613,-0.28004444166887543
C110,extra_trees,weather_only,O1,0.42375510094979335,0.33941821635624003,0.07573654114798878
C110,extra_trees,weather_only,O2,0.37265911542517616,0.2980278592774979,0.055233900830211735
C110,extra_trees,weather_only,O3,0.47951012196802134,0.37656058948244814,0.00328624124287602
C110,extra_trees,weather_only,O4,0.4313387499627052,0.3493546609266384,-0.07522693896074095
C110,extra_trees,weather_only,O5,0.6360965024465595,0.49914236276571583,-0.08812924284284507
C110,extra_trees,weather_only,O6,0.48147306218441327,0.3607187919942345,-0.19894066610695527
C110,hist_gradient_boosting,full,O1,0.4312915902948653,0.3462397106718028,0.04256811798827054
C110,hist_gradient_boosting,full,O2,0.3728904387737,0.29996943178081353,0.054060634010574704
C110,hist_gradient_boosting,full,O3,0.485674468152634,0.3768767722697233,-0.022505003041372262
C110,hist_gradient_boosting,full,O4,0.42363791290710906,0.3425534936047861,-0.0371768759211506
C110,hist_gradient_boosting,full,O5,0.6199052059645627,0.48032846379031524,-0.033439444495314774
C110,hist_gradient_boosting,full,O6,0.46714136545684304,0.33943649845970053,-0.1286267901771445
C110,hist_gradient_boosting,metadata_only,O1,0.4426053195018439,0.3613225160864308,-0.008321816125913317
C110,hist_gradient_boosting,metadata_only,O2,0.38370870692904707,0.31175503715130215,-0.0016225925488806414
C110,hist_gradient_boosting,metadata_only,O3,0.49300948802714656,0.3853178822870964,-0.05362350335105637
C110,hist_gradient_boosting,metadata_only,O4,0.4228595772324287,0.3435125249681197,-0.03336923665047231
C110,hist_gradient_boosting,metadata_only,O5,0.665041414190203,0.5240306747264268,-0.189410720565375
C110,hist_gradient_boosting,metadata_only,O6,0.49749150829133026,0.36896434640151504,-0.280044439831304
C110,hist_gradient_boosting,weather_only,O1,0.43620852872622856,0.35230411388484567,0.020613280918411636
C110,hist_gradient_boosting,weather_only,O2,0.37934168113256006,0.2994441239084251,0.021046794556123904
C110,hist_gradient_boosting,weather_only,O3,0.4884244010513704,0.3785331345742576,-0.03411681598303695
C110,hist_gradient_boosting,weather_only,O4,0.42422407236090576,0.3446398269301253,-0.04004900612074214
C110,hist_gradient_boosting,weather_only,O5,0.6210243557782097,0.480099771061695,-0.037174265768983306
C110,hist_gradient_boosting,weather_only,O6,0.46285172203736485,0.33463165934072897,-0.10799415893625897
C110,lightgbm,full,O1,0.4263065541908249,0.34271130560910507,0.0645729494188636
C110,lightgbm,full,O2,0.38045516123910395,0.30356648960768506,0.015291325141491674
C110,lightgbm,full,O3,0.4833130756775395,0.37637255921818036,-0.012586154370630709
C110,lightgbm,full,O4,0.41503984541644195,0.33778945942724303,0.004496545847821776
C110,lightgbm,full,O5,0.629917790264617,0.49237436002966345,-0.06709286122959779
C110,lightgbm,full,O6,0.47160694328330105,0.3461201699776135,-0.15030785128341506
C110,lightgbm,metadata_only,O1,0.44260531951702486,0.36132251591021736,-0.008321816195082432
C110,lightgbm,metadata_only,O2,0.3837087071943795,0.3117550375273831,-0.0016225939341136808
C110,lightgbm,metadata_only,O3,0.4930094882033494,0.3853178823443533,-0.0536235041041917
C110,lightgbm,metadata_only,O4,0.4228595764107059,0.3435125242344218,-0.033369232634278045
C110,lightgbm,metadata_only,O5,0.6650414149862036,0.5240306752136015,-0.1894107234126312
C110,lightgbm,metadata_only,O6,0.49749150798031616,0.3689643460040058,-0.2800444382308269
C110,lightgbm,weather_only,O1,0.43342620736996157,0.35061983672779307,0.03306731566615484
C110,lightgbm,weather_only,O2,0.37465459338849144,0.3006606674491207,0.04508893265788105
C110,lightgbm,weather_only,O3,0.486437416878453,0.3781459893933458,-0.02572004392559557
C110,lightgbm,weather_only,O4,0.4171862361979199,0.3394772295846367,-0.00582662946191026
C110,lightgbm,weather_only,O5,0.6277693178004234,0.48785100072876425,-0.05982616730858159
C110,lightgbm,weather_only,O6,0.4739353115619783,0.3470959755130667,-0.16169424819785094
C110,linear_shrinkage,full,O1,0.4447458407113036,0.3635522337133577,-0.018098261143074446
C110,linear_shrinkage,full,O2,0.38576959404102246,0.3091728503174949,-0.012410852049076437
C110,linear_shrinkage,full,O3,0.5001967930067304,0.3954028870266437,-0.08456778649007246
C110,linear_shrinkage,full,O4,0.4300116147371168,0.3492665411304566,-0.06862064028592108
C110,linear_shrinkage,full,O5,0.6544918132446795,0.5157303551745563,-0.1519746006736662
C110,linear_shrinkage,full,O6,0.5025213171957719,0.3660710700910568,-0.30605865682841293
C110,linear_shrinkage,metadata_only,O1,0.44260531965583005,0.3613225162697384,-0.008321816827520756
C110,linear_shrinkage,metadata_only,O2,0.38370870675796104,0.31175503697337964,-0.0016225916556840136
C110,linear_shrinkage,metadata_only,O3,0.4930094882905336,0.3853178826133918,-0.05362350447683917
C110,linear_shrinkage,metadata_only,O4,0.4228595769256197,0.3435125247662084,-0.033369235150934484
C110,linear_shrinkage,metadata_only,O5,0.6650414138863886,0.5240306746801426,-0.1894107194786454
C110,linear_shrinkage,metadata_only,O6,0.4974915086484272,0.368964346676641,-0.28004444166892295
C110,linear_shrinkage,weather_only,O1,0.4445926304259965,0.3632811801726894,-0.01739693358244221
C110,linear_shrinkage,weather_only,O2,0.3848238648977941,0.308227226824973,-0.0074530076290764136
C110,linear_shrinkage,weather_only,O3,0.49963893709642604,0.39097140202799313,-0.0821499574672524
C110,linear_shrinkage,weather_only,O4,0.4261977930618742,0.3492032965116135,-0.04974926444645522
C110,linear_shrinkage,weather_only,O5,0.6546129510452074,0.5159010807272886,-0.1524010707403094
C110,linear_shrinkage,weather_only,O6,0.5023024873353411,0.36565659332723255,-0.3049214218693401
C111,catboost,full,O1,0.4187829302763788,0.3383957827932403,0.09729915703411518
C111,catboost,full,O2,0.36947065842236715,0.2949854107222227,0.0713315042557765
C111,catboost,full,O3,0.4797588443915508,0.3721363160228292,0.0022519800475606644
C111,catboost,full,O4,0.40946156719840476,0.3310089622895627,0.03107653265434962
C111,catboost,full,O5,0.6289746641737024,0.49020024258146144,-0.06389990579796212
C111,catboost,full,O6,0.48094195308995513,0.3593891576654803,-0.19629704122133385
C111,catboost,metadata_only,O1,0.44260531961014127,0.3613225161684989,-0.008321816619348832
C111,catboost,metadata_only,O2,0.38370870688055597,0.3117550371377834,-0.001622592295721148
C111,catboost,metadata_only,O3,0.49300948817605944,0.385317882442982,-0.05362350398754767
C111,catboost,metadata_only,O4,0.42285957681345626,0.3435125246654665,-0.033369234602732334
C111,catboost,metadata_only,O5,0.6650414143281014,0.5240306749341901,-0.18941072105863088
C111,catboost,metadata_only,O6,0.49749150842890627,0.36896434652735466,-0.28004444053926925
C111,catboost,weather_only,O1,0.4258694187061234,0.3407341626504639,0.06649034292581057
C111,catboost,weather_only,O2,0.366452091370097,0.2920613374854727,0.08644391885606106
C111,catboost,weather_only,O3,0.48053723842821355,0.37418122736133314,-0.000988277661578385
C111,catboost,weather_only,O4,0.42361709795153124,0.34304511524015024,-0.037074957468760994
C111,catboost,weather_only,O5,0.6345627898116528,0.49511874108844767,-0.08288832226022791
C111,catboost,weather_only,O6,0.4759338773311962,0.35612477269514653,-0.17151254029790697
C111,extra_trees,full,O1,0.42100021503518914,0.33820913683744824,0.08771498653718224
C111,extra_trees,full,O2,0.38112331109937947,0.30080292450010176,0.011829625804523736
C111,extra_trees,full,O3,0.4733528333298024,0.3670758865954265,0.02871908076446672
C111,extra_trees,full,O4,0.4148530875056707,0.33508912666090457,0.005392249322932918
C111,extra_trees,full,O5,0.6334538420471849,0.49236970924631046,-0.07910676651953019
C111,extra_trees,full,O6,0.48328620186609816,0.3605169986388261,-0.2079876522173063
C111,extra_trees,metadata_only,O1,0.44260531965582445,0.3613225162697358,-0.008321816827495443
C111,extra_trees,metadata_only,O2,0.3837087067579595,0.3117550369733777,-0.00162259165567602
C111,extra_trees,metadata_only,O3,0.4930094882905324,0.38531788261339095,-0.05362350447683406
C111,extra_trees,metadata_only,O4,0.4228595769256208,0.34351252476620914,-0.03336923515093981
C111,extra_trees,metadata_only,O5,0.665041413886384,0.5240306746801412,-0.18941071947862897
C111,extra_trees,metadata_only,O6,0.49749150864841796,0.36896434667663613,-0.28004444166887543
C111,extra_trees,weather_only,O1,0.41937808925667525,0.33764030780822535,0.09473156301472574
C111,extra_trees,weather_only,O2,0.37099768200475663,0.2978562057992628,0.0636392604232956
C111,extra_trees,weather_only,O3,0.47561016498425646,0.3713866674279772,0.019433276055647264
C111,extra_trees,weather_only,O4,0.4274048415178795,0.34793228599698617,-0.05570374166004477
C111,extra_trees,weather_only,O5,0.6356722048378372,0.4979067499196108,-0.08667808990486114
C111,extra_trees,weather_only,O6,0.48348579552682164,0.36123836061388936,-0.2089856383560762
C111,hist_gradient_boosting,full,O1,0.4292726343988202,0.3395683896447506,0.051510969604801615
C111,hist_gradient_boosting,full,O2,0.3745237049912557,0.2951724538856244,0.04575602682289137
C111,hist_gradient_boosting,full,O3,0.48550948732467814,0.37671457924782026,-0.021810442874403035
C111,hist_gradient_boosting,full,O4,0.42447429566823636,0.34615356948495835,-0.04127628797509142
C111,hist_gradient_boosting,full,O5,0.6202140233029312,0.48198588395985614,-0.03446935522784189
C111,hist_gradient_boosting,full,O6,0.46804094265129154,0.34241826528872293,-0.1329777835550845
C111,hist_gradient_boosting,metadata_only,O1,0.4426053195459019,0.3613225161302785,-0.00832181632665474
C111,hist_gradient_boosting,metadata_only,O2,0.3837087069274309,0.3117550371788383,-0.0016225925404429464
C111,hist_gradient_boosting,metadata_only,O3,0.49300948804434186,0.3853178822948855,-0.053623503424553576
C111,hist_gradient_boosting,metadata_only,O4,0.4228595770737049,0.3435125248575514,-0.03336923587470486
C111,hist_gradient_boosting,metadata_only,O5,0.6650414141546936,0.5240306746911921,-0.18941072043835971
C111,hist_gradient_boosting,metadata_only,O6,0.49749150828724903,0.36896434642994325,-0.2800444398103019
C111,hist_gradient_boosting,weather_only,O1,0.43859766848815257,0.3367861970115221,0.009855583804738388
C111,hist_gradient_boosting,weather_only,O2,0.3743390227154803,0.29866462266683064,0.04669689382375364
C111,hist_gradient_boosting,weather_only,O3,0.4821437997946138,0.37454670139931695,-0.007692596067308433
C111,hist_gradient_boosting,weather_only,O4,0.4242572486659388,0.34563036623078364,-0.040211685867366675
C111,hist_gradient_boosting,weather_only,O5,0.6211614971683185,0.485403917828854,-0.03763239667709417
C111,hist_gradient_boosting,weather_only,O6,0.46925480836921174,0.34239621870331927,-0.13886216744322488
C111,lightgbm,full,O1,0.4249755021200175,0.3435353826969086,0.07040517656391854
C111,lightgbm,full,O2,0.3704692670699809,0.2940950260533718,0.06630469289682894
C111,lightgbm,full,O3,0.4968508907550479,0.3861372415917919,-0.07010659512312101
C111,lightgbm,full,O4,0.42201237380574463,0.34606641879081224,-0.029232653278787213
C111,lightgbm,full,O5,0.6324652622723451,0.4934661687500342,-0.07574124678379746
C111,lightgbm,full,O6,0.4630017065201442,0.34309640714364537,-0.10871235376235333
C111,lightgbm,metadata_only,O1,0.4426053194751578,0.3613225158977532,-0.008321816004323468
C111,lightgbm,metadata_only,O2,0.3837087070445026,0.31175503747032857,-0.0016225931516442582
C111,lightgbm,metadata_only,O3,0.4930094879253663,0.38531788196028305,-0.053623502916021915
C111,lightgbm,metadata_only,O4,0.42285957631100146,0.3435125241572485,-0.03336923214696985
C111,lightgbm,metadata_only,O5,0.6650414150407659,0.5240306752666477,-0.18941072360779798
C111,lightgbm,metadata_only,O6,0.4974915081522263,0.3689643460804648,-0.2800444391154755
C111,lightgbm,weather_only,O1,0.42569449386486663,0.3451654095602125,0.06725705913077429
C111,lightgbm,weather_only,O2,0.37096875544202296,0.2998789235761012,0.06378527018592828
C111,lightgbm,weather_only,O3,0.4956366316678709,0.3852962691962227,-0.06488249715246197
C111,lightgbm,weather_only,O4,0.424696952689345,0.34641248693926513,-0.042368972673929584
C111,lightgbm,weather_only,O5,0.6289037296187304,0.4904006299235105,-0.06365995015229231
C111,lightgbm,weather_only,O6,0.47253335666476354,0.3512026248682309,-0.15483156443262014
C111,linear_shrinkage,full,O1,0.4447458407113036,0.3635522337133577,-0.018098261143074446
C111,linear_shrinkage,full,O2,0.38576959404102246,0.3091728503174949,-0.012410852049076437
C111,linear_shrinkage,full,O3,0.5002458957726262,0.3954518830033931,-0.08478073424509791
C111,linear_shrinkage,full,O4,0.4228595769256207,0.3435125247662098,-0.03336923515093915
C111,linear_shrinkage,full,O5,0.665041413886393,0.5240306746801426,-0.1894107194786614
C111,linear_shrinkage,full,O6,0.5039360194032652,0.3665280523443531,-0.3134226623319347
C111,linear_shrinkage,metadata_only,O1,0.44260531965583005,0.3613225162697384,-0.008321816827520756
C111,linear_shrinkage,metadata_only,O2,0.38370870675796104,0.31175503697337964,-0.0016225916556840136
C111,linear_shrinkage,metadata_only,O3,0.49300948829053354,0.3853178826133918,-0.053623504476838724
C111,linear_shrinkage,metadata_only,O4,0.4228595769256197,0.3435125247662084,-0.033369235150934484
C111,linear_shrinkage,metadata_only,O5,0.6650414138863886,0.5240306746801426,-0.1894107194786454
C111,linear_shrinkage,metadata_only,O6,0.4974915086484273,0.368964346676641,-0.28004444166892317
C111,linear_shrinkage,weather_only,O1,0.4445926304259965,0.3632811801726894,-0.01739693358244221
C111,linear_shrinkage,weather_only,O2,0.38482512138756636,0.3082263331030705,-0.007459586516625372
C111,linear_shrinkage,weather_only,O3,0.49779306326501055,0.38939907547616287,-0.07416890427084644
C111,linear_shrinkage,weather_only,O4,0.4228595769256207,0.3435125247662098,-0.03336923515093915
C111,linear_shrinkage,weather_only,O5,0.665041413886393,0.5240306746801426,-0.1894107194786614
C111,linear_shrinkage,weather_only,O6,0.5039360194032652,0.3665280523443531,-0.3134226623319347
C200,catboost,full,O1,0.41721369123182805,0.32975760688921024,0.10405157836187806
C200,catboost,full,O2,0.3810990821125756,0.30967186219860215,0.011955262863293292
C200,catboost,full,O3,0.4797858361418634,0.3726311810094085,0.002139708128754525
C200,catboost,full,O4,0.4168691394548956,0.3414306273159828,-0.004298184329846411
C200,catboost,full,O5,0.6304994387894322,0.49450129108954194,-0.0690644186430831
C200,catboost,full,O6,0.49257059328404573,0.3782184857074477,-0.2548466758451151
C200,catboost,metadata_only,O1,0.44260531961029004,0.36132251616874933,-0.008321816620026734
C200,catboost,metadata_only,O2,0.3837087069112336,0.3117550371744682,-0.0016225924558810334
C200,catboost,metadata_only,O3,0.49300948815682993,0.38531788240577325,-0.05362350390535586
C200,catboost,metadata_only,O4,0.4228595768359561,0.34351252468057647,-0.03336923471270081
C200,catboost,metadata_only,O5,0.6650414143594211,0.5240306749430401,-0.18941072117066016
C200,catboost,metadata_only,O6,0.4974915083189611,0.36896434647912735,-0.2800444399734918
C200,catboost,weather_only,O1,0.4173608653957514,0.33507667636503785,0.10341936652485162
C200,catboost,weather_only,O2,0.38336971876653214,0.31199341434392325,0.00014639633893154258
C200,catboost,weather_only,O3,0.4776667710942023,0.37174458258476556,0.010934720798650321
C200,catboost,weather_only,O4,0.4215630124005565,0.3450137262519544,-0.027041953550715814
C200,catboost,weather_only,O5,0.6290671156402872,0.4946920207050822,-0.06421268893845089
C200,catboost,weather_only,O6,0.48447963419132567,0.37049522230050647,-0.21396105481892325
C200,extra_trees,full,O1,0.41744544602075645,0.3349358170796494,0.10305593506459121
C200,extra_trees,full,O2,0.39096411220349814,0.31360704144202084,-0.0398593272928518
C200,extra_trees,full,O3,0.47815965538385874,0.36997096616043884,0.008892517824708679
C200,extra_trees,full,O4,0.4207169069422055,0.3401263782855032,-0.022923405572363498
C200,extra_trees,full,O5,0.627293699402939,0.4878254585465899,-0.058220858294396605
C200,extra_trees,full,O6,0.4788844248141382,0.358926653757953,-0.18608312722945874
C200,extra_trees,metadata_only,O1,0.4426053196558245,0.3613225162697361,-0.008321816827495443
C200,extra_trees,metadata_only,O2,0.3837087067579609,0.31175503697337864,-0.0016225916556835696
C200,extra_trees,metadata_only,O3,0.4930094882905317,0.3853178826133897,-0.05362350447683095
C200,extra_trees,metadata_only,O4,0.4228595769256231,0.343512524766212,-0.033369235150950693
C200,extra_trees,metadata_only,O5,0.665041413886377,0.5240306746801361,-0.1894107194786041
C200,extra_trees,metadata_only,O6,0.4974915086484155,0.3689643466766335,-0.2800444416688628
C200,extra_trees,weather_only,O1,0.41561050314607323,0.33105548482130986,0.11092390376901062
C200,extra_trees,weather_only,O2,0.3860069248180093,0.3063945653857547,-0.0136569334846941
C200,extra_trees,weather_only,O3,0.4772374711194581,0.36717599157535913,0.012711754158422961
C200,extra_trees,weather_only,O4,0.42218735105632427,0.34161083872663733,-0.030086323201860443
C200,extra_trees,weather_only,O5,0.6304106235287782,0.49139413492577644,-0.06876325248290005
C200,extra_trees,weather_only,O6,0.48698356425399664,0.3670355980697735,-0.22654168078774428
C200,hist_gradient_boosting,full,O1,0.4226888067990198,0.3339330931787456,0.08038213368791969
C200,hist_gradient_boosting,full,O2,0.39159679089717714,0.3151028975389426,-0.0432275605495025
C200,hist_gradient_boosting,full,O3,0.490315837574444,0.3837114092569688,-0.04214161399281635
C200,hist_gradient_boosting,full,O4,0.4369467418257016,0.36044092963491653,-0.10336752290476325
C200,hist_gradient_boosting,full,O5,0.6160684800777393,0.48219437216936045,-0.020686676359791267
C200,hist_gradient_boosting,full,O6,0.49328298779728064,0.38155894040271376,-0.2584790174692779
C200,hist_gradient_boosting,metadata_only,O1,0.44260531950058624,0.3613225160835903,-0.00832181612018279
C200,hist_gradient_boosting,metadata_only,O2,0.3837087069290472,0.31175503715130226,-0.0016225925488813076
C200,hist_gradient_boosting,metadata_only,O3,0.49300948802714534,0.3853178822870947,-0.05362350335105126
C200,hist_gradient_boosting,metadata_only,O4,0.42285957723027556,0.343512524966158,-0.03336923663994873
C200,hist_gradient_boosting,metadata_only,O5,0.6650414141863703,0.5240306747282585,-0.18941072055166552
C200,hist_gradient_boosting,metadata_only,O6,0.49749150829366295,0.3689643464029149,-0.28004443984330796
C200,hist_gradient_boosting,weather_only,O1,0.4269497145005444,0.34016539678466934,0.061748299509140514
C200,hist_gradient_boosting,weather_only,O2,0.3919456747163049,0.3164559263399013,-0.04508726602754143
C200,hist_gradient_boosting,weather_only,O3,0.4873287656311109,0.3791277515827414,-0.029482550298886467
C200,hist_gradient_boosting,weather_only,O4,0.43986801599552766,0.3630205132521872,-0.11817030531895312
C200,hist_gradient_boosting,weather_only,O5,0.6133447336625215,0.4805992646641797,-0.011681359159111393
C200,hist_gradient_boosting,weather_only,O6,0.48765422328916536,0.3769518393430396,-0.22992231925094941
C200,lightgbm,full,O1,0.4321394012235173,0.3429388188476599,0.03880027715253087
C200,lightgbm,full,O2,0.39404328207934997,0.3162880929292354,-0.05630335502594286
C200,lightgbm,full,O3,0.4900493741396011,0.3893488672065024,-0.041009212563429376
C200,lightgbm,full,O4,0.4429285852393561,0.3649849217078629,-0.13378473219077702
C200,lightgbm,full,O5,0.6222410926713055,0.4843838417155793,-0.041242397501375594
C200,lightgbm,full,O6,0.4970383224605593,0.3801204225741412,-0.2777134099525884
C200,lightgbm,metadata_only,O1,0.44260531951702536,0.3613225159102149,-0.008321816195084653
C200,lightgbm,metadata_only,O2,0.38370870719437955,0.311755037527383,-0.0016225939341139028
C200,lightgbm,metadata_only,O3,0.4930094882033489,0.3853178823443527,-0.0536235041041897
C200,lightgbm,metadata_only,O4,0.4228595764107076,0.34351252423442324,-0.03336923263428626
C200,lightgbm,metadata_only,O5,0.66504141498621,0.5240306752136067,-0.1894107234126543
C200,lightgbm,metadata_only,O6,0.49749150798031694,0.3689643460040059,-0.2800444382308307
C200,lightgbm,weather_only,O1,0.4288927633947255,0.34121745931850767,0.05318889655380532
C200,lightgbm,weather_only,O2,0.38395884767130173,0.3108923256540582,-0.002928939161516597
C200,lightgbm,weather_only,O3,0.4878430349010926,0.38648620696803143,-0.03165648554172562
C200,lightgbm,weather_only,O4,0.4469821538299179,0.3692132780172029,-0.15463190468068255
C200,lightgbm,weather_only,O5,0.6211693845904334,0.48323164803059554,-0.03765874826749771
C200,lightgbm,weather_only,O6,0.4995684032831729,0.3823532342994195,-0.2907544404856588
C200,linear_shrinkage,full,O1,0.44491638915762877,0.35284380329512155,-0.018879239189462993
C200,linear_shrinkage,full,O2,0.38117200136828455,0.3048638335410284,0.011577122988487565
C200,linear_shrinkage,full,O3,0.49993763034164235,0.39422119596015637,-0.083444202071711
C200,linear_shrinkage,full,O4,0.4219000914207645,0.34420832166968496,-0.02868504221158963
C200,linear_shrinkage,full,O5,0.6528982445451875,0.5161213371173287,-0.14637173209867926
C200,linear_shrinkage,full,O6,0.49364462485262306,0.3710423761521212,-0.26032493344084884
C200,linear_shrinkage,metadata_only,O1,0.4426053196558301,0.3613225162697387,-0.008321816827520978
C200,linear_shrinkage,metadata_only,O2,0.3837087067579616,0.31175503697338036,-0.0016225916556871223
C200,linear_shrinkage,metadata_only,O3,0.4930094882905326,0.3853178826133904,-0.05362350447683495
C200,linear_shrinkage,metadata_only,O4,0.42285957692562226,0.34351252476621164,-0.03336923515094692
C200,linear_shrinkage,metadata_only,O5,0.6650414138863813,0.5240306746801372,-0.1894107194786192
C200,linear_shrinkage,metadata_only,O6,0.4974915086484251,0.3689643466766386,-0.2800444416689125
C200,linear_shrinkage,weather_only,O1,0.45553982871478577,0.3646636992939566,-0.06811647435445645
C200,linear_shrinkage,weather_only,O2,0.38188499672440407,0.30723201605831124,0.007875906531132126
C200,linear_shrinkage,weather_only,O3,0.4880235112598544,0.3796753110553943,-0.03241994441222085
C200,linear_shrinkage,weather_only,O4,0.42234516735274896,0.344594361273034,-0.030856572674847316
C200,linear_shrinkage,weather_only,O5,0.6530949714453022,0.5155842009609743,-0.1470626701905724
C200,linear_shrinkage,weather_only,O6,0.49193272106209207,0.3685014390239647,-0.2515987614382664
C201,catboost,full,O1,0.42485637404954596,0.3404020048209843,0.07092626691282822
C201,catboost,full,O2,0.4005281173408779,0.32427296946072415,-0.0913569593511312
C201,catboost,full,O3,0.47804289917439063,0.36907042535126294,0.009376472602512398
C201,catboost,full,O4,0.4127362150922253,0.33619695865848515,0.015516729575633215
C201,catboost,full,O5,0.6342419792439838,0.49634055075203004,-0.0817936655724858
C201,catboost,full,O6,0.4850043070837941,0.3668484458958108,-0.21659182523622333
C201,catboost,metadata_only,O1,0.4426053196101418,0.36132251616849637,-0.008321816619351274
C201,catboost,metadata_only,O2,0.3837087068805561,0.3117550371377834,-0.00162259229572137
C201,catboost,metadata_only,O3,0.493009488176059,0.3853178824429814,-0.053623503987545895
C201,catboost,metadata_only,O4,0.42285957681345787,0.343512524665468,-0.033369234602740105
C201,catboost,metadata_only,O5,0.6650414143281079,0.5240306749341953,-0.1894107210586542
C201,catboost,metadata_only,O6,0.4974915084289071,0.36896434652735477,-0.28004444053927346
C201,catboost,weather_only,O1,0.4156412294206365,0.33107664662355113,0.11079243930480831
C201,catboost,weather_only,O2,0.39269498710596706,0.3177711386649067,-0.049087031506287016
C201,catboost,weather_only,O3,0.4785884166350207,0.37104987738474987,0.0071142874660634625
C201,catboost,weather_only,O4,0.41861786487225316,0.3403925914596209,-0.012741723208111733
C201,catboost,weather_only,O5,0.6339159241128933,0.4982771185369953,-0.08068168080455318
C201,catboost,weather_only,O6,0.48107611230342257,0.3627667850011537,-0.19696455069563412
C201,extra_trees,full,O1,0.4215704950768432,0.3388499407198517,0.08524177971517677
C201,extra_trees,full,O2,0.39250090229619555,0.31580454251260603,-0.048050290283390584
C201,extra_trees,full,O3,0.4794682476695746,0.3704231942323309,0.0034603141773693613
C201,extra_trees,full,O4,0.41928529569315165,0.33831476395245674,-0.015973663079562606
C201,extra_trees,full,O5,0.6302859681465678,0.4926421908653704,-0.06834062661078089
C201,extra_trees,full,O6,0.4854279391959564,0.36476101441437603,-0.2187180432606406
C201,extra_trees,metadata_only,O1,0.4426053196558245,0.3613225162697361,-0.008321816827495443
C201,extra_trees,metadata_only,O2,0.38370870675796104,0.3117550369733787,-0.0016225916556840136
C201,extra_trees,metadata_only,O3,0.4930094882905317,0.38531788261338973,-0.05362350447683095
C201,extra_trees,metadata_only,O4,0.422859576925623,0.343512524766212,-0.03336923515095047
C201,extra_trees,metadata_only,O5,0.6650414138863766,0.5240306746801358,-0.18941071947860255
C201,extra_trees,metadata_only,O6,0.4974915086484158,0.36896434667663364,-0.28004444166886433
C201,extra_trees,weather_only,O1,0.4178994590424279,0.33293862247424083,0.10110384413952778
C201,extra_trees,weather_only,O2,0.38714762561196603,0.3088266634644675,-0.01965676236017111
C201,extra_trees,weather_only,O3,0.47702024057071896,0.36697372648130105,0.01361034393390026
C201,extra_trees,weather_only,O4,0.4229808631544317,0.3423337104161258,-0.033962110131929624
C201,extra_trees,weather_only,O5,0.6326526150369096,0.49158739882602437,-0.07637866660662507
C201,extra_trees,weather_only,O6,0.48621016890787017,0.36736365641856333,-0.2226489482854912
C201,hist_gradient_boosting,full,O1,0.4316983215104248,0.3405717807125825,0.04076144675809934
C201,hist_gradient_boosting,full,O2,0.38545056187351806,0.3157847969709599,-0.010737013176421062
C201,hist_gradient_boosting,full,O3,0.48555339931263547,0.3824300422419693,-0.021995286870900355
C201,hist_gradient_boosting,full,O4,0.432427860948425,0.3557929994959119,-0.08066359349291807
C201,hist_gradient_boosting,full,O5,0.6149106304432057,0.4800617334444103,-0.016853689657105875
C201,hist_gradient_boosting,full,O6,0.49707722279484917,0.3846249573007077,-0.27791341635664435
C201,hist_gradient_boosting,metadata_only,O1,0.4426053195459041,0.3613225161302806,-0.008321816326664955
C201,hist_gradient_boosting,metadata_only,O2,0.38370870691810677,0.31175503716816594,-0.0016225924917641077
C201,hist_gradient_boosting,metadata_only,O3,0.4930094880471678,0.3853178822960724,-0.05362350343663236
C201,hist_gradient_boosting,metadata_only,O4,0.4228595770715258,0.3435125248567629,-0.033369235864054714
C201,hist_gradient_boosting,metadata_only,O5,0.6650414141535939,0.5240306746931398,-0.18941072043442575
C201,hist_gradient_boosting,metadata_only,O6,0.4974915082890715,0.368964346432662,-0.2800444398196804
C201,hist_gradient_boosting,weather_only,O1,0.4199631378020507,0.333202565835022,0.09220403274976807
C201,hist_gradient_boosting,weather_only,O2,0.3896435128432003,0.3176582346049028,-0.03284631378425451
C201,hist_gradient_boosting,weather_only,O3,0.48201991082709805,0.3799271136187602,-0.007174800521649205
C201,hist_gradient_boosting,weather_only,O4,0.43362668930039344,0.35779784760806094,-0.08666378952085352
C201,hist_gradient_boosting,weather_only,O5,0.6167772915679888,0.48462131277057113,-0.023036709386108134
C201,hist_gradient_boosting,weather_only,O6,0.49736392280409397,0.38527140662041,-0.2793879697243027
C201,lightgbm,full,O1,0.41937191198045637,0.3317378204013331,0.0947582313226133
C201,lightgbm,full,O2,0.37993238837786264,0.308432892348852,0.017995587573006566
C201,lightgbm,full,O3,0.49311335032873477,0.3914372963634772,-0.05406748380870341
C201,lightgbm,full,O4,0.4365516855947313,0.36240480608841324,-0.10137325164986377
C201,lightgbm,full,O5,0.6177125895004251,0.48387715431756506,-0.02614178353350516
C201,lightgbm,full,O6,0.5011274945114136,0.3905930236208094,-0.29882358234756934
C201,lightgbm,metadata_only,O1,0.44260531947515835,0.3613225158977508,-0.00832181600432591
C201,lightgbm,metadata_only,O2,0.3837087070445026,0.3117550374703284,-0.0016225931516444803
C201,lightgbm,metadata_only,O3,0.49300948792536586,0.3853178819602824,-0.05362350291602014
C201,lightgbm,metadata_only,O4,0.42285957631100324,0.34351252415725,-0.03336923214697829
C201,lightgbm,metadata_only,O5,0.6650414150407724,0.5240306752666528,-0.1894107236078213
C201,lightgbm,metadata_only,O6,0.4974915081522271,0.3689643460804649,-0.2800444391154795
C201,lightgbm,weather_only,O1,0.4170735272731004,0.3303610368611857,0.10465346936321207
C201,lightgbm,weather_only,O2,0.386813423775951,0.3159161246652724,-0.01789710244920162
C201,lightgbm,weather_only,O3,0.49187433499083366,0.3897241222444,-0.04877715849553521
C201,lightgbm,weather_only,O4,0.4376218876347501,0.3594168566257097,-0.10677988145024653
C201,lightgbm,weather_only,O5,0.6250584578923147,0.48885100805442105,-0.05069275812947671
C201,lightgbm,weather_only,O6,0.49386471044631614,0.384442966117108,-0.26144898576676034
C201,linear_shrinkage,full,O1,0.44482845961487766,0.35260050352971956,-0.018476553494188863
C201,linear_shrinkage,full,O2,0.38114690303657606,0.3048354993356706,0.011707284429573694
C201,linear_shrinkage,full,O3,0.5000480729493807,0.39432389926397,-0.08392294827038671
C201,linear_shrinkage,full,O4,0.4219977109037154,0.34389330364159704,-0.029161132743760865
C201,linear_shrinkage,full,O5,0.6538926267281296,0.516911969901096,-0.14986630329332273
C201,linear_shrinkage,full,O6,0.49364462485262306,0.3710423761521212,-0.26032493344084884
C201,linear_shrinkage,metadata_only,O1,0.4426053196558301,0.3613225162697387,-0.008321816827520978
C201,linear_shrinkage,metadata_only,O2,0.3837087067579616,0.31175503697338036,-0.0016225916556871223
C201,linear_shrinkage,metadata_only,O3,0.4930094882905326,0.3853178826133904,-0.05362350447683495
C201,linear_shrinkage,metadata_only,O4,0.42285957692562226,0.34351252476621164,-0.03336923515094692
C201,linear_shrinkage,metadata_only,O5,0.6650414138863813,0.5240306746801372,-0.1894107194786192
C201,linear_shrinkage,metadata_only,O6,0.4974915086484252,0.3689643466766386,-0.28004444166891274
C201,linear_shrinkage,weather_only,O1,0.45554586928249036,0.3646461474810656,-0.06814480150501834
C201,linear_shrinkage,weather_only,O2,0.38117833459688766,0.3065518752446662,0.01154427713402395
C201,linear_shrinkage,weather_only,O3,0.49300948829053304,0.38531788261339067,-0.05362350447683695
C201,linear_shrinkage,weather_only,O4,0.4219977109037154,0.34389330364159704,-0.029161132743760865
C201,linear_shrinkage,weather_only,O5,0.6531270249238985,0.516182454438577,-0.1471752671408295
C201,linear_shrinkage,weather_only,O6,0.49193272106209207,0.3685014390239647,-0.2515987614382664
C210,catboost,full,O1,0.417213691231827,0.32975760688921046,0.1040515783618825
C210,catboost,full,O2,0.3810990821125755,0.3096718621986024,0.011955262863293736
C210,catboost,full,O3,0.4797858361418638,0.37263118100940906,0.0021397081287527486
C210,catboost,full,O4,0.41686913945489384,0.3414306273159814,-0.004298184329837973
C210,catboost,full,O5,0.630499438789426,0.49450129108953755,-0.06906441864306245
C210,catboost,full,O6,0.49257059328404523,0.37821848570744776,-0.2548466758451122
C210,catboost,metadata_only,O1,0.44260531961028954,0.3613225161687518,-0.008321816620024292
C210,catboost,metadata_only,O2,0.38370870691123354,0.3117550371744683,-0.0016225924558805893
C210,catboost,metadata_only,O3,0.4930094881568304,0.3853178824057738,-0.05362350390535764
C210,catboost,metadata_only,O4,0.4228595768359543,0.34351252468057486,-0.033369234712692375
C210,catboost,metadata_only,O5,0.6650414143594146,0.524030674943035,-0.18941072117063662
C210,catboost,metadata_only,O6,0.4974915083189602,0.3689643464791273,-0.2800444399734874
C210,catboost,weather_only,O1,0.41736086539575035,0.33507667636503885,0.10341936652485617
C210,catboost,weather_only,O2,0.38336971876653203,0.3119934143439235,0.00014639633893198667
C210,catboost,weather_only,O3,0.47766677109420275,0.37174458258476606,0.010934720798648545
C210,catboost,weather_only,O4,0.4215630124005548,0.34501372625195287,-0.027041953550707598
C210,catboost,weather_only,O5,0.6290671156402811,0.4946920207050781,-0.06421268893843046
C210,catboost,weather_only,O6,0.484479634191325,0.3704952223005066,-0.21396105481892014
C210,extra_trees,full,O1,0.41722234442050576,0.3351062768828819,0.10401441327693894
C210,extra_trees,full,O2,0.3912061299811218,0.3140726003583229,-0.041147130082201944
C210,extra_trees,full,O3,0.4782422180316906,0.37015470176083415,0.008550224108993087
C210,extra_trees,full,O4,0.4206022639723463,0.33985027419586844,-0.02236599988040977
C210,extra_trees,full,O5,0.6271826249700596,0.48753101524685416,-0.05784613469894517
C210,extra_trees,full,O6,0.4778281128966701,0.3579444126254654,-0.18085642993907003
C210,extra_trees,metadata_only,O1,0.44260531965582445,0.3613225162697358,-0.008321816827495443
C210,extra_trees,metadata_only,O2,0.38370870675796104,0.31175503697337875,-0.0016225916556840136
C210,extra_trees,metadata_only,O3,0.4930094882905324,0.38531788261339095,-0.05362350447683406
C210,extra_trees,metadata_only,O4,0.4228595769256208,0.34351252476620914,-0.03336923515093981
C210,extra_trees,metadata_only,O5,0.6650414138863838,0.524030674680141,-0.1894107194786283
C210,extra_trees,metadata_only,O6,0.49749150864841796,0.36896434667663613,-0.28004444166887543
C210,extra_trees,weather_only,O1,0.41559488046807863,0.3309792947879129,0.11099074273676102
C210,extra_trees,weather_only,O2,0.3861695188254311,0.3065171873065792,-0.014511059377234403
C210,extra_trees,weather_only,O3,0.4772709398167149,0.3672386947175736,0.012573272115130929
C210,extra_trees,weather_only,O4,0.42221790619875815,0.34160918355797193,-0.030235430337363978
C210,extra_trees,weather_only,O5,0.6305240315358368,0.49141656285871466,-0.0691478183775398
C210,extra_trees,weather_only,O6,0.4871314584883215,0.3672578108636398,-0.22728678185858264
C210,hist_gradient_boosting,full,O1,0.4226888067990303,0.33393309317872444,0.08038213368787406
C210,hist_gradient_boosting,full,O2,0.39159679089717736,0.315102897538943,-0.04322756054950361
C210,hist_gradient_boosting,full,O3,0.4903158375744436,0.3837114092569679,-0.04214161399281435
C210,hist_gradient_boosting,full,O4,0.4369467418248556,0.36044092963422236,-0.10336752290049067
C210,hist_gradient_boosting,full,O5,0.6160684800779965,0.48219437216959526,-0.020686676360643474
C210,hist_gradient_boosting,full,O6,0.4932829877972817,0.38155894040271576,-0.2584790174692835
C210,hist_gradient_boosting,metadata_only,O1,0.4426053195018439,0.3613225160864308,-0.008321816125913317
C210,hist_gradient_boosting,metadata_only,O2,0.38370870692904707,0.31175503715130215,-0.0016225925488806414
C210,hist_gradient_boosting,metadata_only,O3,0.49300948802714656,0.3853178822870964,-0.05362350335105637
C210,hist_gradient_boosting,metadata_only,O4,0.4228595772324287,0.3435125249681197,-0.03336923665047231
C210,hist_gradient_boosting,metadata_only,O5,0.665041414190203,0.5240306747264268,-0.189410720565375
C210,hist_gradient_boosting,metadata_only,O6,0.49749150829133026,0.36896434640151504,-0.280044439831304
C210,hist_gradient_boosting,weather_only,O1,0.426949714500543,0.34016539678466773,0.06174829950914695
C210,hist_gradient_boosting,weather_only,O2,0.39194567471630515,0.31645592633990155,-0.04508726602754254
C210,hist_gradient_boosting,weather_only,O3,0.4873287656311122,0.37912775158274314,-0.02948255029889202
C210,hist_gradient_boosting,weather_only,O4,0.4398680159955612,0.36302051325221996,-0.11817030531912365
C210,hist_gradient_boosting,weather_only,O5,0.6133447336625215,0.48059926466418035,-0.011681359159111393
C210,hist_gradient_boosting,weather_only,O6,0.4876542232891665,0.3769518393430413,-0.2299223192509552
C210,lightgbm,full,O1,0.43213940122351535,0.3429388188476601,0.03880027715253953
C210,lightgbm,full,O2,0.39404328207935013,0.3162880929292355,-0.056303355025943747
C210,lightgbm,full,O3,0.49004937413960153,0.38934886720650297,-0.04100921256343115
C210,lightgbm,full,O4,0.4429285852393543,0.3649849217078615,-0.13378473219076792
C210,lightgbm,full,O5,0.6222410926712999,0.48438384171557575,-0.041242397501357164
C210,lightgbm,full,O6,0.4970383224605587,0.3801204225741411,-0.2777134099525851
C210,lightgbm,metadata_only,O1,0.44260531951702486,0.36132251591021736,-0.008321816195082432
C210,lightgbm,metadata_only,O2,0.3837087071943795,0.3117550375273831,-0.0016225939341136808
C210,lightgbm,metadata_only,O3,0.4930094882033494,0.3853178823443533,-0.0536235041041917
C210,lightgbm,metadata_only,O4,0.4228595764107059,0.3435125242344218,-0.033369232634278045
C210,lightgbm,metadata_only,O5,0.6650414149862036,0.5240306752136015,-0.1894107234126312
C210,lightgbm,metadata_only,O6,0.49749150798031616,0.3689643460040058,-0.2800444382308269
C210,lightgbm,weather_only,O1,0.4288927633947236,0.34121745931850805,0.053188896553813314
C210,lightgbm,weather_only,O2,0.3839588476713019,0.31089232565405855,-0.0029289391615177074
C210,lightgbm,weather_only,O3,0.4878430349010931,0.386486206968032,-0.03165648554172762
C210,lightgbm,weather_only,O4,0.44698215382991613,0.36921327801720155,-0.15463190468067345
C210,lightgbm,weather_only,O5,0.6211693845904279,0.48323164803059127,-0.03765874826747928
C210,lightgbm,weather_only,O6,0.49956840328317226,0.38235323429941914,-0.29075444048565546
C210,linear_shrinkage,full,O1,0.4449163891576288,0.3528438032951214,-0.018879239189463215
C210,linear_shrinkage,full,O2,0.3811720013682846,0.30486383354102853,0.011577122988487343
C210,linear_shrinkage,full,O3,0.4999376303416433,0.39422119596015764,-0.08344420207171521
C210,linear_shrinkage,full,O4,0.4219000914207617,0.3442083216696811,-0.02868504221157564
C210,linear_shrinkage,full,O5,0.6528982445451946,0.5161213371173341,-0.1463717320987039
C210,linear_shrinkage,full,O6,0.4936446248526251,0.37104237615212365,-0.2603249334408595
C210,linear_shrinkage,metadata_only,O1,0.44260531965583005,0.3613225162697384,-0.008321816827520756
C210,linear_shrinkage,metadata_only,O2,0.38370870675796104,0.31175503697337964,-0.0016225916556840136
C210,linear_shrinkage,metadata_only,O3,0.4930094882905336,0.3853178826133918,-0.05362350447683917
C210,linear_shrinkage,metadata_only,O4,0.4228595769256197,0.3435125247662084,-0.033369235150934484
C210,linear_shrinkage,metadata_only,O5,0.6650414138863886,0.5240306746801426,-0.1894107194786454
C210,linear_shrinkage,metadata_only,O6,0.4974915086484272,0.368964346676641,-0.28004444166892295
C210,linear_shrinkage,weather_only,O1,0.4555398287147851,0.3646636992939556,-0.06811647435445334
C210,linear_shrinkage,weather_only,O2,0.38188499672440435,0.30723201605831185,0.007875906531130905
C210,linear_shrinkage,weather_only,O3,0.48802351125985544,0.37967531105539576,-0.03241994441222529
C210,linear_shrinkage,weather_only,O4,0.4223451673527446,0.34459436127302895,-0.030856572674825777
C210,linear_shrinkage,weather_only,O5,0.6530949714453095,0.5155842009609791,-0.14706267019059838
C210,linear_shrinkage,weather_only,O6,0.4919327210620939,0.3685014390239668,-0.25159876143827575
C211,catboost,full,O1,0.4248563740495448,0.340402004820986,0.07092626691283332
C211,catboost,full,O2,0.4005281173408777,0.3242729694607243,-0.09135695935113008
C211,catboost,full,O3,0.4780428991743911,0.36907042535126344,0.009376472602510622
C211,catboost,full,O4,0.4127362150922236,0.3361969586584837,0.01551672957564143
C211,catboost,full,O5,0.6342419792439776,0.49634055075202577,-0.08179366557246448
C211,catboost,full,O6,0.4850043070837935,0.36684844589581095,-0.21659182523622
C211,catboost,metadata_only,O1,0.44260531961014127,0.3613225161684989,-0.008321816619348832
C211,catboost,metadata_only,O2,0.38370870688055597,0.3117550371377834,-0.001622592295721148
C211,catboost,metadata_only,O3,0.49300948817605944,0.385317882442982,-0.05362350398754767
C211,catboost,metadata_only,O4,0.42285957681345626,0.3435125246654665,-0.033369234602732334
C211,catboost,metadata_only,O5,0.6650414143281014,0.5240306749341901,-0.18941072105863088
C211,catboost,metadata_only,O6,0.49749150842890627,0.36896434652735466,-0.28004444053926925
C211,catboost,weather_only,O1,0.41564122942063536,0.33107664662355146,0.11079243930481342
C211,catboost,weather_only,O2,0.3926949871059669,0.31777113866490697,-0.04908703150628635
C211,catboost,weather_only,O3,0.4785884166350211,0.3710498773847504,0.007114287466061797
C211,catboost,weather_only,O4,0.41861786487225155,0.3403925914596197,-0.012741723208103961
C211,catboost,weather_only,O5,0.6339159241128872,0.49827711853699086,-0.08068168080453231
C211,catboost,weather_only,O6,0.48107611230342184,0.36276678500115367,-0.19696455069563057
C211,extra_trees,full,O1,0.42174313904892496,0.338891933294643,0.08449239221213145
C211,extra_trees,full,O2,0.3928341344201745,0.3159760709203642,-0.04983062900773039
C211,extra_trees,full,O3,0.4794259710340835,0.3701560131541142,0.003636044219365031
C211,extra_trees,full,O4,0.4190679268617782,0.3382984694274571,-0.014920519718020664
C211,extra_trees,full,O5,0.6304301329161114,0.492859948371373,-0.06882940377578683
C211,extra_trees,full,O6,0.48477322893246155,0.36434317420995416,-0.21543282184284118
C211,extra_trees,metadata_only,O1,0.44260531965582445,0.3613225162697358,-0.008321816827495443
C211,extra_trees,metadata_only,O2,0.3837087067579595,0.3117550369733777,-0.00162259165567602
C211,extra_trees,metadata_only,O3,0.4930094882905324,0.38531788261339095,-0.05362350447683406
C211,extra_trees,metadata_only,O4,0.4228595769256208,0.34351252476620914,-0.03336923515093981
C211,extra_trees,metadata_only,O5,0.665041413886384,0.5240306746801412,-0.18941071947862897
C211,extra_trees,metadata_only,O6,0.49749150864841796,0.36896434667663613,-0.28004444166887543
C211,extra_trees,weather_only,O1,0.4179745395102274,0.33298450815189873,0.10078082095745378
C211,extra_trees,weather_only,O2,0.38701061097901873,0.308711767864833,-0.018935160749226965
C211,extra_trees,weather_only,O3,0.4771440160137836,0.3670307997373125,0.013098388062157684
C211,extra_trees,weather_only,O4,0.42294522908937066,0.34230078843648215,-0.03378790498773654
C211,extra_trees,weather_only,O5,0.6324680201110199,0.49131102555950673,-0.07575062825487411
C211,extra_trees,weather_only,O6,0.4862355516548594,0.36732641802996574,-0.22277660912424002
C211,hist_gradient_boosting,full,O1,0.4316983215103773,0.3405717807125549,0.04076144675831028
C211,hist_gradient_boosting,full,O2,0.3854505618735182,0.31578479697096024,-0.01073701317642195
C211,hist_gradient_boosting,full,O3,0.48555339931263675,0.382430042241971,-0.021995286870905906
C211,hist_gradient_boosting,full,O4,0.43242786094841995,0.35579299949590665,-0.08066359349289276
C211,hist_gradient_boosting,full,O5,0.6149106304430819,0.4800617334449146,-0.016853689656696647
C211,hist_gradient_boosting,full,O6,0.49707722279485034,0.3846249573007099,-0.27791341635665034
C211,hist_gradient_boosting,metadata_only,O1,0.4426053195459019,0.3613225161302785,-0.00832181632665474
C211,hist_gradient_boosting,metadata_only,O2,0.3837087069274309,0.3117550371788383,-0.0016225925404429464
C211,hist_gradient_boosting,metadata_only,O3,0.49300948804434186,0.3853178822948855,-0.053623503424553576
C211,hist_gradient_boosting,metadata_only,O4,0.4228595770737049,0.3435125248575514,-0.03336923587470486
C211,hist_gradient_boosting,metadata_only,O5,0.6650414141546936,0.5240306746911921,-0.18941072043835971
C211,hist_gradient_boosting,metadata_only,O6,0.49749150828724903,0.36896434642994325,-0.2800444398103019
C211,hist_gradient_boosting,weather_only,O1,0.41996313780204925,0.33320256583502045,0.09220403274977418
C211,hist_gradient_boosting,weather_only,O2,0.3896435128432004,0.31765823460490317,-0.032846313784254955
C211,hist_gradient_boosting,weather_only,O3,0.482019910827063,0.37992711361871806,-0.007174800521502656
C211,hist_gradient_boosting,weather_only,O4,0.4336266893004048,0.35779784760807504,-0.08666378952091036
C211,hist_gradient_boosting,weather_only,O5,0.616777291567887,0.48462131277049536,-0.023036709385770404
C211,hist_gradient_boosting,weather_only,O6,0.49736392280409514,0.38527140662041215,-0.2793879697243089
C211,lightgbm,full,O1,0.41937191198045504,0.33173782040133304,0.09475823132261929
C211,lightgbm,full,O2,0.37993238837786264,0.3084328923488521,0.017995587573006566
C211,lightgbm,full,O3,0.4931133503287352,0.39143729636347785,-0.05406748380870563
C211,lightgbm,full,O4,0.43655168559472945,0.36240480608841197,-0.10137325164985467
C211,lightgbm,full,O5,0.6177125895004195,0.4838771543175606,-0.026141783533486507
C211,lightgbm,full,O6,0.501127494511413,0.39059302362080944,-0.2988235823475667
C211,lightgbm,metadata_only,O1,0.4426053194751578,0.3613225158977532,-0.008321816004323468
C211,lightgbm,metadata_only,O2,0.3837087070445026,0.31175503747032857,-0.0016225931516442582
C211,lightgbm,metadata_only,O3,0.4930094879253663,0.38531788196028305,-0.053623502916021915
C211,lightgbm,metadata_only,O4,0.42285957631100146,0.3435125241572485,-0.03336923214696985
C211,lightgbm,metadata_only,O5,0.6650414150407659,0.5240306752666477,-0.18941072360779798
C211,lightgbm,metadata_only,O6,0.4974915081522263,0.3689643460804648,-0.2800444391154755
C211,lightgbm,weather_only,O1,0.4170735272730988,0.3303610368611863,0.10465346936321873
C211,lightgbm,weather_only,O2,0.3868134237759512,0.3159161246652725,-0.017897102449202507
C211,lightgbm,weather_only,O3,0.4918743349908341,0.3897241222444007,-0.04877715849553721
C211,lightgbm,weather_only,O4,0.4376218876347483,0.3594168566257083,-0.10677988145023765
C211,lightgbm,weather_only,O5,0.6250584578923094,0.4888510080544165,-0.050692758129458726
C211,lightgbm,weather_only,O6,0.49386471044631564,0.38444296611710793,-0.2614489857667579
C211,linear_shrinkage,full,O1,0.44482845961487777,0.35260050352971933,-0.018476553494189085
C211,linear_shrinkage,full,O2,0.38114690303657606,0.3048354993356708,0.011707284429573472
C211,linear_shrinkage,full,O3,0.5000480729493816,0.3943238992639713,-0.08392294827039093
C211,linear_shrinkage,full,O4,0.42199771090371097,0.34389330364159193,-0.029161132743739326
C211,linear_shrinkage,full,O5,0.6538926267281365,0.5169119699011011,-0.14986630329334694
C211,linear_shrinkage,full,O6,0.4936446248526251,0.37104237615212365,-0.2603249334408595
C211,linear_shrinkage,metadata_only,O1,0.44260531965583005,0.3613225162697384,-0.008321816827520756
C211,linear_shrinkage,metadata_only,O2,0.38370870675796104,0.31175503697337964,-0.0016225916556840136
C211,linear_shrinkage,metadata_only,O3,0.49300948829053354,0.3853178826133918,-0.053623504476838724
C211,linear_shrinkage,metadata_only,O4,0.4228595769256197,0.3435125247662084,-0.033369235150934484
C211,linear_shrinkage,metadata_only,O5,0.6650414138863886,0.5240306746801426,-0.1894107194786454
C211,linear_shrinkage,metadata_only,O6,0.4974915086484273,0.368964346676641,-0.28004444166892317
C211,linear_shrinkage,weather_only,O1,0.45554586928248975,0.3646461474810646,-0.06814480150501545
C211,linear_shrinkage,weather_only,O2,0.38117833459688794,0.3065518752446668,0.011544277134022507
C211,linear_shrinkage,weather_only,O3,0.4930094882905343,0.38531788261339234,-0.053623504476842276
C211,linear_shrinkage,weather_only,O4,0.42199771090371097,0.34389330364159193,-0.029161132743739326
C211,linear_shrinkage,weather_only,O5,0.6531270249239057,0.5161824544385816,-0.14717526714085505
C211,linear_shrinkage,weather_only,O6,0.4919327210620939,0.3685014390239668,-0.25159876143827575
C300,catboost,full,O1,0.41555843391232783,0.3291314309836819,0.11114666335188828
C300,catboost,full,O2,0.3612657135321298,0.2939427796227009,0.11211995375614969
C300,catboost,full,O3,0.4682345557158436,0.3570119585832412,0.04961008737860295
C300,catboost,full,O4,0.4084585280356227,0.32767156679265524,0.0358177728139083
C300,catboost,full,O5,0.6103475183347096,0.46999017313012864,-0.0018180051284122367
C300,catboost,full,O6,0.4852463039440626,0.36558073726111834,-0.21780618497332704
C300,catboost,metadata_only,O1,0.44260531961029004,0.36132251616874933,-0.008321816620026734
C300,catboost,metadata_only,O2,0.3837087069112336,0.3117550371744682,-0.0016225924558810334
C300,catboost,metadata_only,O3,0.49300948815682993,0.38531788240577325,-0.05362350390535586
C300,catboost,metadata_only,O4,0.4228595768359561,0.34351252468057647,-0.03336923471270081
C300,catboost,metadata_only,O5,0.6650414143594211,0.5240306749430401,-0.18941072117066016
C300,catboost,metadata_only,O6,0.4974915083189611,0.36896434647912735,-0.2800444399734918
C300,catboost,weather_only,O1,0.411394776028473,0.32332061488074487,0.12886903664773497
C300,catboost,weather_only,O2,0.35852529931984656,0.29487984987305116,0.12553905515968433
C300,catboost,weather_only,O3,0.4678467003263867,0.3558309650076556,0.05118391902855568
C300,catboost,weather_only,O4,0.41122124098289337,0.3303714509633721,0.02273068052277405
C300,catboost,weather_only,O5,0.6092353474525884,0.4701559624269251,0.001829679654307581
C300,catboost,weather_only,O6,0.4883965066884344,0.3681005378683396,-0.23366942406804392
C300,extra_trees,full,O1,0.4119168324582551,0.3229722506016389,0.12665671844261794
C300,extra_trees,full,O2,0.3692815233586299,0.2989272212001319,0.07228204695455442
C300,extra_trees,full,O3,0.4712408426595464,0.36285329158222024,0.03736700595681686
C300,extra_trees,full,O4,0.42711937090478036,0.3381148073265739,-0.05429396938155495
C300,extra_trees,full,O5,0.6051635492463753,0.4704110875050429,0.01512754948083106
C300,extra_trees,full,O6,0.4731729651682043,0.3496401360227285,-0.15795997845865384
C300,extra_trees,metadata_only,O1,0.4426053196558245,0.3613225162697361,-0.008321816827495443
C300,extra_trees,metadata_only,O2,0.3837087067579609,0.31175503697337864,-0.0016225916556835696
C300,extra_trees,metadata_only,O3,0.4930094882905317,0.3853178826133897,-0.05362350447683095
C300,extra_trees,metadata_only,O4,0.4228595769256231,0.343512524766212,-0.033369235150950693
C300,extra_trees,metadata_only,O5,0.665041413886377,0.5240306746801361,-0.1894107194786041
C300,extra_trees,metadata_only,O6,0.4974915086484155,0.3689643466766335,-0.2800444416688628
C300,extra_trees,weather_only,O1,0.41426520635621544,0.3245197928884278,0.11667031978787845
C300,extra_trees,weather_only,O2,0.36707126293552783,0.29674155093881943,0.08335415169423255
C300,extra_trees,weather_only,O3,0.47576598290683836,0.37068337424228015,0.018790670369732476
C300,extra_trees,weather_only,O4,0.4295050945778964,0.3411808983338755,-0.06610461938443057
C300,extra_trees,weather_only,O5,0.6083092248208346,0.4733037168749219,0.004862089044506912
C300,extra_trees,weather_only,O6,0.47570817301276497,0.3523399899297078,-0.17040166017545366
C300,hist_gradient_boosting,full,O1,0.423147060533048,0.3388761849366763,0.07838706425381448
C300,hist_gradient_boosting,full,O2,0.37324137857068124,0.3020673629391559,0.05227928513397828
C300,hist_gradient_boosting,full,O3,0.4746247477216197,0.3618896261252251,0.02349234141104839
C300,hist_gradient_boosting,full,O4,0.4099912374751833,0.32806578832060285,0.028568156090106545
C300,hist_gradient_boosting,full,O5,0.6161474017428756,0.47042980352435004,-0.02094820394772512
C300,hist_gradient_boosting,full,O6,0.4818409278928356,0.36868773201788047,-0.20077344838375732
C300,hist_gradient_boosting,metadata_only,O1,0.44260531950058624,0.3613225160835903,-0.00832181612018279
C300,hist_gradient_boosting,metadata_only,O2,0.3837087069290472,0.31175503715130226,-0.0016225925488813076
C300,hist_gradient_boosting,metadata_only,O3,0.49300948802714534,0.3853178822870947,-0.05362350335105126
C300,hist_gradient_boosting,metadata_only,O4,0.42285957723027556,0.343512524966158,-0.03336923663994873
C300,hist_gradient_boosting,metadata_only,O5,0.6650414141863703,0.5240306747282585,-0.18941072055166552
C300,hist_gradient_boosting,metadata_only,O6,0.49749150829366295,0.3689643464029149,-0.28004443984330796
C300,hist_gradient_boosting,weather_only,O1,0.43057965522119557,0.34178380485892285,0.04572638385011141
C300,hist_gradient_boosting,weather_only,O2,0.3709594754919418,0.29972164555499403,0.06383210926422267
C300,hist_gradient_boosting,weather_only,O3,0.4784271376152033,0.36259430550464644,0.007783357788894274
C300,hist_gradient_boosting,weather_only,O4,0.4115821911016674,0.33015517112727805,0.021014328091384482
C300,hist_gradient_boosting,weather_only,O5,0.6089006330887478,0.46662063591499003,0.0029261694336503163
C300,hist_gradient_boosting,weather_only,O6,0.48247281129555675,0.3797259801956724,-0.20392488811380183
C300,lightgbm,full,O1,0.4312034240024471,0.3379388924057364,0.042959521823361047
C300,lightgbm,full,O2,0.3733042987015708,0.3013655585025464,0.05195972925914394
C300,lightgbm,full,O3,0.4671020268370935,0.3540083551577783,0.05420198398641929
C300,lightgbm,full,O4,0.41397812757967145,0.33372834568592813,0.009583247261918282
C300,lightgbm,full,O5,0.6062004400117253,0.46793213455509425,0.011749685696067713
C300,lightgbm,full,O6,0.48710113878838873,0.3768544683998565,-0.2271340107399067
C300,lightgbm,metadata_only,O1,0.44260531951702536,0.3613225159102149,-0.008321816195084653
C300,lightgbm,metadata_only,O2,0.38370870719437955,0.311755037527383,-0.0016225939341139028
C300,lightgbm,metadata_only,O3,0.4930094882033489,0.3853178823443527,-0.0536235041041897
C300,lightgbm,metadata_only,O4,0.4228595764107076,0.34351252423442324,-0.03336923263428626
C300,lightgbm,metadata_only,O5,0.66504141498621,0.5240306752136067,-0.1894107234126543
C300,lightgbm,metadata_only,O6,0.49749150798031694,0.3689643460040059,-0.2800444382308307
C300,lightgbm,weather_only,O1,0.42939955073925257,0.33789436966209285,0.0509500367976089
C300,lightgbm,weather_only,O2,0.36806095998079275,0.29612977778555055,0.07840456954311292
C300,lightgbm,weather_only,O3,0.4664875167459915,0.3569004477268733,0.05668889298045765
C300,lightgbm,weather_only,O4,0.4169285264018357,0.33816466841717796,-0.004584348239031089
C300,lightgbm,weather_only,O5,0.6120897273400091,0.47303417484328275,-0.007545454969958287
C300,lightgbm,weather_only,O6,0.484506738169081,0.3691574183283694,-0.21409688754120748
C300,linear_shrinkage,full,O1,0.47179641578679044,0.38056962547613876,-0.14571125576953392
C300,linear_shrinkage,full,O2,0.42781498794950085,0.3450159593615196,-0.24512454553944907
C300,linear_shrinkage,full,O3,0.4854163108012928,0.3780395451955974,-0.02141827913251526
C300,linear_shrinkage,full,O4,0.433737259153551,0.3542637763082726,-0.08721803388509808
C300,linear_shrinkage,full,O5,0.6472642094151719,0.5104212855710689,-0.12667239383925954
C300,linear_shrinkage,full,O6,0.5042206896824918,0.3809453338003716,-0.31490696980890287
C300,linear_shrinkage,metadata_only,O1,0.4426053196558301,0.3613225162697387,-0.008321816827520978
C300,linear_shrinkage,metadata_only,O2,0.3837087067579616,0.31175503697338036,-0.0016225916556871223
C300,linear_shrinkage,metadata_only,O3,0.4930094882905326,0.3853178826133904,-0.05362350447683495
C300,linear_shrinkage,metadata_only,O4,0.42285957692562226,0.34351252476621164,-0.03336923515094692
C300,linear_shrinkage,metadata_only,O5,0.6650414138863813,0.5240306746801372,-0.1894107194786192
C300,linear_shrinkage,metadata_only,O6,0.4974915086484251,0.3689643466766386,-0.2800444416689125
C300,linear_shrinkage,weather_only,O1,0.4724007375482422,0.38537581052086195,-0.14864820761148034
C300,linear_shrinkage,weather_only,O2,0.3900357135884868,0.3106031971811403,-0.03492661001145714
C300,linear_shrinkage,weather_only,O3,0.4854719734975194,0.37801043562548414,-0.0216525446646052
C300,linear_shrinkage,weather_only,O4,0.43270424324411166,0.3536646678875226,-0.08204542736588549
C300,linear_shrinkage,weather_only,O5,0.65026082391401,0.514100953429871,-0.13712876735885082
C300,linear_shrinkage,weather_only,O6,0.5012290360066238,0.3780157572655373,-0.29934998671224067
C301,catboost,full,O1,0.4197814366668877,0.33096109642037175,0.09298939632013481
C301,catboost,full,O2,0.36360261035721886,0.29538892452681664,0.10059605420386486
C301,catboost,full,O3,0.4657072651675019,0.35657747127844036,0.059841836700295414
C301,catboost,full,O4,0.4101194684154852,0.3309731716384133,0.027960401154897063
C301,catboost,full,O5,0.6149201287381824,0.4726740154042288,-0.016885103818478076
C301,catboost,full,O6,0.4885343315708617,0.3698854992609568,-0.2343658022450883
C301,catboost,metadata_only,O1,0.4426053196101418,0.36132251616849637,-0.008321816619351274
C301,catboost,metadata_only,O2,0.3837087068805561,0.3117550371377834,-0.00162259229572137
C301,catboost,metadata_only,O3,0.493009488176059,0.3853178824429814,-0.053623503987545895
C301,catboost,metadata_only,O4,0.42285957681345787,0.343512524665468,-0.033369234602740105
C301,catboost,metadata_only,O5,0.6650414143281079,0.5240306749341953,-0.1894107210586542
C301,catboost,metadata_only,O6,0.4974915084289071,0.36896434652735477,-0.28004444053927346
C301,catboost,weather_only,O1,0.4187946736739477,0.33055492642243794,0.09724852973892084
C301,catboost,weather_only,O2,0.35852529931984656,0.29487984987305116,0.12553905515968433
C301,catboost,weather_only,O3,0.4678467003263867,0.3558309650076556,0.05118391902855568
C301,catboost,weather_only,O4,0.41773873760508423,0.3345323345486228,-0.008492530513963148
C301,catboost,weather_only,O5,0.6098958647787397,0.4735400828151713,-0.00033587491054420937
C301,catboost,weather_only,O6,0.4826046995169808,0.36182493147582145,-0.20458318516575646
C301,extra_trees,full,O1,0.4119168324582551,0.3229722506016389,0.12665671844261794
C301,extra_trees,full,O2,0.3718491614097581,0.30157119296057616,0.05933623181022163
C301,extra_trees,full,O3,0.4704083309758749,0.36190478767525047,0.04076524841676754
C301,extra_trees,full,O4,0.4259325422653726,0.3368493930104929,-0.04844301563332154
C301,extra_trees,full,O5,0.6039562405342742,0.46936405378687934,0.0190532948814639
C301,extra_trees,full,O6,0.47475906970014653,0.3498471947390662,-0.16573609408167655
C301,extra_trees,metadata_only,O1,0.4426053196558245,0.3613225162697361,-0.008321816827495443
C301,extra_trees,metadata_only,O2,0.38370870675796104,0.3117550369733787,-0.0016225916556840136
C301,extra_trees,metadata_only,O3,0.4930094882905317,0.38531788261338973,-0.05362350447683095
C301,extra_trees,metadata_only,O4,0.422859576925623,0.343512524766212,-0.03336923515095047
C301,extra_trees,metadata_only,O5,0.6650414138863766,0.5240306746801358,-0.18941071947860255
C301,extra_trees,metadata_only,O6,0.4974915086484158,0.36896434667663364,-0.28004444166886433
C301,extra_trees,weather_only,O1,0.41426520635621544,0.3245197928884278,0.11667031978787845
C301,extra_trees,weather_only,O2,0.3684874125860827,0.29660675223957284,0.07626772538474702
C301,extra_trees,weather_only,O3,0.4725955974657982,0.36438207234784925,0.03182416603400573
C301,extra_trees,weather_only,O4,0.4273365719818792,0.3398973361328111,-0.05536651268404724
C301,extra_trees,weather_only,O5,0.6087006770873763,0.47304773222742635,0.0035809171866960643
C301,extra_trees,weather_only,O6,0.4774633585008456,0.3539354152648792,-0.17905428325050932
C301,hist_gradient_boosting,full,O1,0.44047224222061154,0.3485723072842867,0.0013737092031487208
C301,hist_gradient_boosting,full,O2,0.36234239727168127,0.2939552302299956,0.10681975221460238
C301,hist_gradient_boosting,full,O3,0.4707874920241173,0.3602588131003826,0.03921829013618516
C301,hist_gradient_boosting,full,O4,0.41374635391067077,0.3340235969861114,0.010691944797467268
C301,hist_gradient_boosting,full,O5,0.6000616913873376,0.45924456607836733,0.031663571416037484
C301,hist_gradient_boosting,full,O6,0.4800892544892208,0.37133084451927956,-0.19205878952754807
C301,hist_gradient_boosting,metadata_only,O1,0.4426053195459041,0.3613225161302806,-0.008321816326664955
C301,hist_gradient_boosting,metadata_only,O2,0.38370870691810677,0.31175503716816594,-0.0016225924917641077
C301,hist_gradient_boosting,metadata_only,O3,0.4930094880471678,0.3853178822960724,-0.05362350343663236
C301,hist_gradient_boosting,metadata_only,O4,0.4228595770715258,0.3435125248567629,-0.033369235864054714
C301,hist_gradient_boosting,metadata_only,O5,0.6650414141535939,0.5240306746931398,-0.18941072043442575
C301,hist_gradient_boosting,metadata_only,O6,0.4974915082890715,0.368964346432662,-0.2800444398196804
C301,hist_gradient_boosting,weather_only,O1,0.41845934804239243,0.329080841774888,0.09869360311196262
C301,hist_gradient_boosting,weather_only,O2,0.3687311463940965,0.3027114720734824,0.0750453268032798
C301,hist_gradient_boosting,weather_only,O3,0.46729011790569025,0.3590692980244502,0.05344012911703999
C301,hist_gradient_boosting,weather_only,O4,0.42190953087362126,0.34232318516010696,-0.028731073643127658
C301,hist_gradient_boosting,weather_only,O5,0.6045429702828394,0.4665057734154409,0.017146434277441558
C301,hist_gradient_boosting,weather_only,O6,0.4805624671642552,0.3673839442312783,-0.1944099162484283
C301,lightgbm,full,O1,0.42367233573205293,0.33539112705952817,0.07609754870071539
C301,lightgbm,full,O2,0.36907277357893803,0.29731869951586887,0.07333060297015626
C301,lightgbm,full,O3,0.4824132089738344,0.3650377647550004,-0.008819054537585469
C301,lightgbm,full,O4,0.4198761467400272,0.33968519139287084,-0.01883907270949514
C301,lightgbm,full,O5,0.5975500716950258,0.45908036414926967,0.0397527495480684
C301,lightgbm,full,O6,0.474002905143944,0.36365910755687025,-0.16202563804379078
C301,lightgbm,metadata_only,O1,0.44260531947515835,0.3613225158977508,-0.00832181600432591
C301,lightgbm,metadata_only,O2,0.3837087070445026,0.3117550374703284,-0.0016225931516444803
C301,lightgbm,metadata_only,O3,0.49300948792536586,0.3853178819602824,-0.05362350291602014
C301,lightgbm,metadata_only,O4,0.42285957631100324,0.34351252415725,-0.03336923214697829
C301,lightgbm,metadata_only,O5,0.6650414150407724,0.5240306752666528,-0.1894107236078213
C301,lightgbm,metadata_only,O6,0.4974915081522271,0.3689643460804649,-0.2800444391154795
C301,lightgbm,weather_only,O1,0.42451238038653544,0.3364936602127523,0.07243014498859068
C301,lightgbm,weather_only,O2,0.3675443044226509,0.2973504540274362,0.0809900826170813
C301,lightgbm,weather_only,O3,0.468727766287574,0.3545950169113828,0.04760686391218827
C301,lightgbm,weather_only,O4,0.419364572503186,0.3383245146706491,-0.016357891986733764
C301,lightgbm,weather_only,O5,0.6030321381832919,0.46465507934972977,0.022052855411850425
C301,lightgbm,weather_only,O6,0.47819222704569064,0.3661168158110091,-0.18265678594094292
C301,linear_shrinkage,full,O1,0.4735402197396368,0.3803628188429158,-0.15419622070413297
C301,linear_shrinkage,full,O2,0.4335030464949205,0.3501700011951428,-0.2784540151182622
C301,linear_shrinkage,full,O3,0.4875885686196114,0.378051430068819,-0.030580511085993356
C301,linear_shrinkage,full,O4,0.42728677679323135,0.34715385356841516,-0.055120574862532745
C301,linear_shrinkage,full,O5,0.6650414138863858,0.5240306746801368,-0.18941071947863564
C301,linear_shrinkage,full,O6,0.49945224943673466,0.3744829775925221,-0.29015428778365826
C301,linear_shrinkage,metadata_only,O1,0.4426053196558301,0.3613225162697387,-0.008321816827520978
C301,linear_shrinkage,metadata_only,O2,0.3837087067579616,0.31175503697338036,-0.0016225916556871223
C301,linear_shrinkage,metadata_only,O3,0.4930094882905326,0.3853178826133904,-0.05362350447683495
C301,linear_shrinkage,metadata_only,O4,0.42285957692562226,0.34351252476621164,-0.03336923515094692
C301,linear_shrinkage,metadata_only,O5,0.6650414138863813,0.5240306746801372,-0.1894107194786192
C301,linear_shrinkage,metadata_only,O6,0.4974915086484252,0.3689643466766386,-0.28004444166891274
C301,linear_shrinkage,weather_only,O1,0.4495840608100158,0.3655752152521057,-0.040369751394274234
C301,linear_shrinkage,weather_only,O2,0.38427046826555467,0.30877478242178685,-0.004557551913971114
C301,linear_shrinkage,weather_only,O3,0.48797768679724035,0.3783430052123028,-0.0322260690480618
C301,linear_shrinkage,weather_only,O4,0.4268070456389726,0.3469402400609698,-0.05275265669518214
C301,linear_shrinkage,weather_only,O5,0.6492903506561696,0.5121499503249637,-0.13373711426450163
C301,linear_shrinkage,weather_only,O6,0.49623759371003345,0.36933678411513216,-0.2735999333552215
C310,catboost,full,O1,0.41555843391232683,0.3291314309836833,0.11114666335189272
C310,catboost,full,O2,0.36126571353213,0.2939427796227013,0.1121199537561488
C310,catboost,full,O3,0.46823455571584394,0.3570119585832417,0.0496100873786014
C310,catboost,full,O4,0.40845852803562105,0.32767156679265375,0.03581777281391607
C310,catboost,full,O5,0.610347518334704,0.46999017313012426,-0.001818005128393807
C310,catboost,full,O6,0.48524630394406215,0.36558073726111845,-0.21780618497332482
C310,catboost,metadata_only,O1,0.44260531961028954,0.3613225161687518,-0.008321816620024292
C310,catboost,metadata_only,O2,0.38370870691123354,0.3117550371744683,-0.0016225924558805893
C310,catboost,metadata_only,O3,0.4930094881568304,0.3853178824057738,-0.05362350390535764
C310,catboost,metadata_only,O4,0.4228595768359543,0.34351252468057486,-0.033369234712692375
C310,catboost,metadata_only,O5,0.6650414143594146,0.524030674943035,-0.18941072117063662
C310,catboost,metadata_only,O6,0.4974915083189602,0.3689643464791273,-0.2800444399734874
C310,catboost,weather_only,O1,0.4113947760284716,0.3233206148807455,0.12886903664774108
C310,catboost,weather_only,O2,0.35852529931984684,0.2948798498730519,0.125539055159683
C310,catboost,weather_only,O3,0.46784670032638703,0.35583096500765604,0.05118391902855435
C310,catboost,weather_only,O4,0.4112212409828918,0.33037145096337084,0.022730680522781488
C310,catboost,weather_only,O5,0.6092353474525828,0.47015596242692065,0.0018296796543261218
C310,catboost,weather_only,O6,0.4883965066884338,0.36810053786833935,-0.23366942406804125
C310,extra_trees,full,O1,0.41079752974833905,0.32223704381588597,0.13139654597524075
C310,extra_trees,full,O2,0.3696391812461489,0.2992987318460309,0.07048414317054597
C310,extra_trees,full,O3,0.472482768000924,0.3643278381028926,0.032286403607843184
C310,extra_trees,full,O4,0.42773402640124597,0.3384631336625351,-0.05733056245832824
C310,extra_trees,full,O5,0.6056236106860059,0.4705043645163226,0.01362952777069315
C310,extra_trees,full,O6,0.473525676360971,0.350402597329506,-0.15968694808244432
C310,extra_trees,metadata_only,O1,0.44260531965582445,0.3613225162697358,-0.008321816827495443
C310,extra_trees,metadata_only,O2,0.38370870675796104,0.31175503697337875,-0.0016225916556840136
C310,extra_trees,metadata_only,O3,0.4930094882905324,0.38531788261339095,-0.05362350447683406
C310,extra_trees,metadata_only,O4,0.4228595769256208,0.34351252476620914,-0.03336923515093981
C310,extra_trees,metadata_only,O5,0.6650414138863838,0.524030674680141,-0.1894107194786283
C310,extra_trees,metadata_only,O6,0.49749150864841796,0.36896434667663613,-0.28004444166887543
C310,extra_trees,weather_only,O1,0.4145008127256955,0.3243572948962702,0.11566527626672762
C310,extra_trees,weather_only,O2,0.3665885875322502,0.2954928653037409,0.08576322893511201
C310,extra_trees,weather_only,O3,0.47294533387496007,0.3642819752497325,0.03039067138706797
C310,extra_trees,weather_only,O4,0.4294230342456004,0.3408219685808934,-0.06569728292629029
C310,extra_trees,weather_only,O5,0.6094253506724008,0.47374995860847025,0.0012069805621542917
C310,extra_trees,weather_only,O6,0.47625719479565687,0.35283904586848397,-0.1731047745882086
C310,hist_gradient_boosting,full,O1,0.4231470605367003,0.3388761849393507,0.0783870642379052
C310,hist_gradient_boosting,full,O2,0.37324137857068157,0.30206736293915654,0.05227928513397684
C310,hist_gradient_boosting,full,O3,0.47462474772162083,0.36188962612522657,0.023492341411043616
C310,hist_gradient_boosting,full,O4,0.4099912374751944,0.328065788320619,0.02856815609005403
C310,hist_gradient_boosting,full,O5,0.6161474017428915,0.4704298035243605,-0.020948203947777744
C310,hist_gradient_boosting,full,O6,0.48184092790289945,0.36868773202353794,-0.20077344843391676
C310,hist_gradient_boosting,metadata_only,O1,0.4426053195018439,0.3613225160864308,-0.008321816125913317
C310,hist_gradient_boosting,metadata_only,O2,0.38370870692904707,0.31175503715130215,-0.0016225925488806414
C310,hist_gradient_boosting,metadata_only,O3,0.49300948802714656,0.3853178822870964,-0.05362350335105637
C310,hist_gradient_boosting,metadata_only,O4,0.4228595772324287,0.3435125249681197,-0.03336923665047231
C310,hist_gradient_boosting,metadata_only,O5,0.665041414190203,0.5240306747264268,-0.189410720565375
C310,hist_gradient_boosting,metadata_only,O6,0.49749150829133026,0.36896434640151504,-0.280044439831304
C310,hist_gradient_boosting,weather_only,O1,0.4305796552211939,0.34178380485892124,0.045726383850118624
C310,hist_gradient_boosting,weather_only,O2,0.37095947549194214,0.2997216455549946,0.06383210926422112
C310,hist_gradient_boosting,weather_only,O3,0.4784271376152044,0.3625943055046478,0.007783357788889833
C310,hist_gradient_boosting,weather_only,O4,0.4115821911016641,0.3301551711272748,0.021014328091400247
C310,hist_gradient_boosting,weather_only,O5,0.6089006330887544,0.4666206359149954,0.002926169433628223
C310,hist_gradient_boosting,weather_only,O6,0.48247281129555813,0.3797259801956742,-0.2039248881138087
C310,lightgbm,full,O1,0.43120342400244616,0.33793889240573743,0.04295952182336493
C310,lightgbm,full,O2,0.3733042987015711,0.30136555850254726,0.05195972925914205
C310,lightgbm,full,O3,0.4671020268370939,0.35400835515777884,0.054201983986417734
C310,lightgbm,full,O4,0.4139781275796699,0.33372834568592646,0.00958324726192572
C310,lightgbm,full,O5,0.6062004400117198,0.4679321345550888,0.011749685696086032
C310,lightgbm,full,O6,0.4871011387883884,0.37685446839985653,-0.2271340107399047
C310,lightgbm,metadata_only,O1,0.44260531951702486,0.36132251591021736,-0.008321816195082432
C310,lightgbm,metadata_only,O2,0.3837087071943795,0.3117550375273831,-0.0016225939341136808
C310,lightgbm,metadata_only,O3,0.4930094882033494,0.3853178823443533,-0.0536235041041917
C310,lightgbm,metadata_only,O4,0.4228595764107059,0.3435125242344218,-0.033369232634278045
C310,lightgbm,metadata_only,O5,0.6650414149862036,0.5240306752136015,-0.1894107234126312
C310,lightgbm,metadata_only,O6,0.49749150798031616,0.3689643460040058,-0.2800444382308269
C310,lightgbm,weather_only,O1,0.429399550739252,0.3378943696620948,0.05095003679761134
C310,lightgbm,weather_only,O2,0.368060959980793,0.29612977778555133,0.07840456954311126
C310,lightgbm,weather_only,O3,0.4664875167459918,0.35690044772687385,0.05668889298045632
C310,lightgbm,weather_only,O4,0.41692852640183403,0.3381646684171766,-0.004584348239023095
C310,lightgbm,weather_only,O5,0.6120897273400034,0.4730341748432776,-0.007545454969939636
C310,lightgbm,weather_only,O6,0.48450673816908063,0.3691574183283695,-0.21409688754120548
C310,linear_shrinkage,full,O1,0.47179641578679044,0.38056962547613843,-0.14571125576953392
C310,linear_shrinkage,full,O2,0.42781498794950124,0.34501595936151985,-0.2451245455394513
C310,linear_shrinkage,full,O3,0.485416310801294,0.3780395451955988,-0.021418279132519924
C310,linear_shrinkage,full,O4,0.4337372591535457,0.3542637763082671,-0.08721803388507143
C310,linear_shrinkage,full,O5,0.6472642094151787,0.5104212855710737,-0.12667239383928308
C310,linear_shrinkage,full,O6,0.5042206896824935,0.3809453338003739,-0.31490696980891153
C310,linear_shrinkage,metadata_only,O1,0.44260531965583005,0.3613225162697384,-0.008321816827520756
C310,linear_shrinkage,metadata_only,O2,0.38370870675796104,0.31175503697337964,-0.0016225916556840136
C310,linear_shrinkage,metadata_only,O3,0.4930094882905336,0.3853178826133918,-0.05362350447683917
C310,linear_shrinkage,metadata_only,O4,0.4228595769256197,0.3435125247662084,-0.033369235150934484
C310,linear_shrinkage,metadata_only,O5,0.6650414138863886,0.5240306746801426,-0.1894107194786454
C310,linear_shrinkage,metadata_only,O6,0.4974915086484272,0.368964346676641,-0.28004444166892295
C310,linear_shrinkage,weather_only,O1,0.47240073754824163,0.385375810520861,-0.14864820761147768
C310,linear_shrinkage,weather_only,O2,0.39003571358848715,0.31060319718114093,-0.034926610011458914
C310,linear_shrinkage,weather_only,O3,0.4854719734975205,0.3780104356254853,-0.021652544664609863
C310,linear_shrinkage,weather_only,O4,0.4327042432441063,0.35366466788751744,-0.08204542736585863
C310,linear_shrinkage,weather_only,O5,0.6502608239140169,0.5141009534298756,-0.13712876735887525
C310,linear_shrinkage,weather_only,O6,0.5012290360066255,0.37801575726553965,-0.2993499867122493
C311,catboost,full,O1,0.41978143666688683,0.33096109642037314,0.0929893963201388
C311,catboost,full,O2,0.36360261035721897,0.29538892452681714,0.1005960542038642
C311,catboost,full,O3,0.4657072651675022,0.3565774712784408,0.05984183670029408
C311,catboost,full,O4,0.41011946841548347,0.33097317163841183,0.027960401154905057
C311,catboost,full,O5,0.6149201287381766,0.47267401540422416,-0.0168851038184592
C311,catboost,full,O6,0.48853433157086107,0.3698854992609569,-0.23436580224508563
C311,catboost,metadata_only,O1,0.44260531961014127,0.3613225161684989,-0.008321816619348832
C311,catboost,metadata_only,O2,0.38370870688055597,0.3117550371377834,-0.001622592295721148
C311,catboost,metadata_only,O3,0.49300948817605944,0.385317882442982,-0.05362350398754767
C311,catboost,metadata_only,O4,0.42285957681345626,0.3435125246654665,-0.033369234602732334
C311,catboost,metadata_only,O5,0.6650414143281014,0.5240306749341901,-0.18941072105863088
C311,catboost,metadata_only,O6,0.49749150842890627,0.36896434652735466,-0.28004444053926925
C311,catboost,weather_only,O1,0.41879467367394657,0.3305549264224394,0.0972485297389255
C311,catboost,weather_only,O2,0.35852529931984684,0.2948798498730519,0.125539055159683
C311,catboost,weather_only,O3,0.46784670032638703,0.35583096500765604,0.05118391902855435
C311,catboost,weather_only,O4,0.41773873760508257,0.33453233454862147,-0.008492530513954932
C311,catboost,weather_only,O5,0.6098958647787338,0.4735400828151667,-0.0003358749105248915
C311,catboost,weather_only,O6,0.4826046995169802,0.3618249314758215,-0.20458318516575358
C311,extra_trees,full,O1,0.41079752974833905,0.32223704381588597,0.13139654597524075
C311,extra_trees,full,O2,0.37107454636995507,0.300992651319241,0.06325122441607134
C311,extra_trees,full,O3,0.47151533935155093,0.36299187701438307,0.036245216383337
C311,extra_trees,full,O4,0.42574411668285955,0.3364759597734805,-0.047515592771061765
C311,extra_trees,full,O5,0.6042855732048701,0.4696103705468143,0.017983197888067792
C311,extra_trees,full,O6,0.47659824647743904,0.3541608667445802,-0.1747855160627212
C311,extra_trees,metadata_only,O1,0.44260531965582445,0.3613225162697358,-0.008321816827495443
C311,extra_trees,metadata_only,O2,0.3837087067579595,0.3117550369733777,-0.00162259165567602
C311,extra_trees,metadata_only,O3,0.4930094882905324,0.38531788261339095,-0.05362350447683406
C311,extra_trees,metadata_only,O4,0.4228595769256208,0.34351252476620914,-0.03336923515093981
C311,extra_trees,metadata_only,O5,0.665041413886384,0.5240306746801412,-0.18941071947862897
C311,extra_trees,metadata_only,O6,0.49749150864841796,0.36896434667663613,-0.28004444166887543
C311,extra_trees,weather_only,O1,0.4125490572818855,0.32412382776643656,0.12397378350065968
C311,extra_trees,weather_only,O2,0.36743304131465354,0.29704595518342647,0.08154640424469073
C311,extra_trees,weather_only,O3,0.47294533387496007,0.3642819752497325,0.03039067138706797
C311,extra_trees,weather_only,O4,0.4294230342456004,0.3408219685808934,-0.06569728292629029
C311,extra_trees,weather_only,O5,0.608577019665274,0.4728250231848794,0.003985720743647558
C311,extra_trees,weather_only,O6,0.47625719479565687,0.35283904586848397,-0.1731047745882086
C311,hist_gradient_boosting,full,O1,0.4404722422208235,0.34857230728210437,0.0013737092021877118
C311,hist_gradient_boosting,full,O2,0.36234239727168155,0.29395523022999626,0.10681975221460105
C311,hist_gradient_boosting,full,O3,0.47078749202411796,0.3602588131003841,0.03921829013618239
C311,hist_gradient_boosting,full,O4,0.4137463539107289,0.33402359698618844,0.01069194479718949
C311,hist_gradient_boosting,full,O5,0.6000616913873436,0.4592445660783725,0.031663571416017944
C311,hist_gradient_boosting,full,O6,0.4800892544892223,0.3713308445192822,-0.19205878952755562
C311,hist_gradient_boosting,metadata_only,O1,0.4426053195459019,0.3613225161302785,-0.00832181632665474
C311,hist_gradient_boosting,metadata_only,O2,0.3837087069274309,0.3117550371788383,-0.0016225925404429464
C311,hist_gradient_boosting,metadata_only,O3,0.49300948804434186,0.3853178822948855,-0.053623503424553576
C311,hist_gradient_boosting,metadata_only,O4,0.4228595770737049,0.3435125248575514,-0.03336923587470486
C311,hist_gradient_boosting,metadata_only,O5,0.6650414141546936,0.5240306746911921,-0.18941072043835971
C311,hist_gradient_boosting,metadata_only,O6,0.49749150828724903,0.36896434642994325,-0.2800444398103019
C311,hist_gradient_boosting,weather_only,O1,0.4184593480423908,0.3290808417748864,0.09869360311196962
C311,hist_gradient_boosting,weather_only,O2,0.36873114639409915,0.3027114720734853,0.07504532680326637
C311,hist_gradient_boosting,weather_only,O3,0.4672901179056914,0.3590692980244516,0.05344012911703522
C311,hist_gradient_boosting,weather_only,O4,0.4219095308735612,0.34232318516008464,-0.02873107364283456
C311,hist_gradient_boosting,weather_only,O5,0.6045429702828891,0.46650577341548216,0.01714643427728002
C311,hist_gradient_boosting,weather_only,O6,0.48056246716425666,0.3673839442312805,-0.19440991624843562
C311,lightgbm,full,O1,0.42367233573205215,0.33539112705952984,0.07609754870071894
C311,lightgbm,full,O2,0.3690727735789385,0.29731869951586976,0.07333060297015381
C311,lightgbm,full,O3,0.4824132089738348,0.36503776475500077,-0.008819054537587023
C311,lightgbm,full,O4,0.4198761467400256,0.3396851913928693,-0.018839072709487148
C311,lightgbm,full,O5,0.5975500716950202,0.4590803641492647,0.03975274954808661
C311,lightgbm,full,O6,0.47400290514394366,0.3636591075568705,-0.162025638043789
C311,lightgbm,metadata_only,O1,0.4426053194751578,0.3613225158977532,-0.008321816004323468
C311,lightgbm,metadata_only,O2,0.3837087070445026,0.31175503747032857,-0.0016225931516442582
C311,lightgbm,metadata_only,O3,0.4930094879253663,0.38531788196028305,-0.053623502916021915
C311,lightgbm,metadata_only,O4,0.42285957631100146,0.3435125241572485,-0.03336923214696985
C311,lightgbm,metadata_only,O5,0.6650414150407659,0.5240306752666477,-0.18941072360779798
C311,lightgbm,metadata_only,O6,0.4974915081522263,0.3689643460804648,-0.2800444391154755
C311,lightgbm,weather_only,O1,0.4245123803865348,0.336493660212754,0.07243014498859335
C311,lightgbm,weather_only,O2,0.36754430442265135,0.29735045402743676,0.08099008261707918
C311,lightgbm,weather_only,O3,0.46872776628757434,0.35459501691138323,0.047606863912186936
C311,lightgbm,weather_only,O4,0.4193645725031843,0.3383245146706476,-0.016357891986725548
C311,lightgbm,weather_only,O5,0.6030321381832862,0.4646550793497247,0.022052855411869188
C311,lightgbm,weather_only,O6,0.47819222704569025,0.36611681581100924,-0.18265678594094115
C311,linear_shrinkage,full,O1,0.4735402197396365,0.3803628188429154,-0.15419622070413164
C311,linear_shrinkage,full,O2,0.43350304649492066,0.3501700011951429,-0.2784540151182635
C311,linear_shrinkage,full,O3,0.4875885686196124,0.3780514300688206,-0.030580511085997797
C311,linear_shrinkage,full,O4,0.42728677679322674,0.3471538535684102,-0.05512057486251032
C311,linear_shrinkage,full,O5,0.665041413886393,0.5240306746801426,-0.1894107194786614
C311,linear_shrinkage,full,O6,0.49945224943673644,0.37448297759252436,-0.2901542877836676
C311,linear_shrinkage,metadata_only,O1,0.44260531965583005,0.3613225162697384,-0.008321816827520756
C311,linear_shrinkage,metadata_only,O2,0.38370870675796104,0.31175503697337964,-0.0016225916556840136
C311,linear_shrinkage,metadata_only,O3,0.49300948829053354,0.3853178826133918,-0.053623504476838724
C311,linear_shrinkage,metadata_only,O4,0.4228595769256197,0.3435125247662084,-0.033369235150934484
C311,linear_shrinkage,metadata_only,O5,0.6650414138863886,0.5240306746801426,-0.1894107194786454
C311,linear_shrinkage,metadata_only,O6,0.4974915086484273,0.368964346676641,-0.28004444166892317
C311,linear_shrinkage,weather_only,O1,0.4495840608100156,0.36557521525210485,-0.04036975139427357
C311,linear_shrinkage,weather_only,O2,0.384270468265555,0.30877478242178724,-0.00455755191397289
C311,linear_shrinkage,weather_only,O3,0.48797768679724146,0.37834300521230424,-0.032226069048066686
C311,linear_shrinkage,weather_only,O4,0.4268070456389681,0.34694024006096497,-0.05275265669515994
C311,linear_shrinkage,weather_only,O5,0.6492903506561761,0.5121499503249687,-0.1337371142645245
C311,linear_shrinkage,weather_only,O6,0.4962375937100353,0.36933678411513454,-0.27359993335523103
