arm_id,model_id,feature_family,outer_fold,config_id,mean_inner_rmse,worst_inner_rmse,complexity_rank
C000,catboost,full,O1,CAT_C04,0.4291951608361367,0.4621314142483086,4.0
C000,catboost,full,O2,CAT_C03,0.428899562978915,0.48596741025500106,3.0
C000,catboost,full,O3,CAT_C03,0.38861119052779375,0.41289067133892776,3.0
C000,catboost,full,O4,CAT_C03,0.41773911635192146,0.47522438481519935,3.0
C000,catboost,full,O5,CAT_C02,0.41955183357959286,0.46372703670985893,2.0
C000,catboost,full,O6,CAT_C02,0.5015882653103264,0.6118298401976843,2.0
C000,catboost,metadata_only,O1,CAT_C04,0.4493250099438901,0.5092128532422849,4.0
C000,catboost,metadata_only,O2,CAT_C04,0.4472981764354995,0.505053240723947,4.0
C000,catboost,metadata_only,O3,CAT_C01,0.4068499984791834,0.4453938061524009,1.0
C000,catboost,metadata_only,O4,CAT_C01,0.4407040003883879,0.4930094881524258,1.0
C000,catboost,metadata_only,O5,CAT_C01,0.43319259062028165,0.4930094881524258,1.0
C000,catboost,metadata_only,O6,CAT_C03,0.5269701597847392,0.6650414143622516,3.0
C000,catboost,weather_only,O1,CAT_C02,0.4288167138828793,0.47683003601167745,2.0
C000,catboost,weather_only,O2,CAT_C03,0.43275048290787027,0.48963769382531225,3.0
C000,catboost,weather_only,O3,CAT_C03,0.3896235286886676,0.41628908361467104,3.0
C000,catboost,weather_only,O4,CAT_C03,0.41732093641034335,0.4754168944486544,3.0
C000,catboost,weather_only,O5,CAT_C02,0.4209042606434581,0.4705561401602293,2.0
C000,catboost,weather_only,O6,CAT_C04,0.5071202448796517,0.6147041171246309,4.0
C000,extra_trees,full,O1,ET_C01,0.42758368312573364,0.4577947149188907,1.0
C000,extra_trees,full,O2,ET_C01,0.43078467194821163,0.4892150919308716,1.0
C000,extra_trees,full,O3,ET_C03,0.3908350795325301,0.4198052603802863,3.0
C000,extra_trees,full,O4,ET_C02,0.4211561921408499,0.47390525479585865,2.0
C000,extra_trees,full,O5,ET_C03,0.4233922776618486,0.47383152988232763,3.0
C000,extra_trees,full,O6,ET_C01,0.49989941310490016,0.5934543632334068,1.0
C000,extra_trees,metadata_only,O1,ET_C01,0.44932501004953695,0.5092128533759249,1.0
C000,extra_trees,metadata_only,O2,ET_C03,0.44729817650825315,0.5050532409612755,3.0
C000,extra_trees,metadata_only,O3,ET_C01,0.4068499984404816,0.4453938058601741,1.0
C000,extra_trees,metadata_only,O4,ET_C01,0.44070400030288887,0.4930094882905317,1.0
C000,extra_trees,metadata_only,O5,ET_C03,0.43319259065803833,0.4930094882905319,3.0
C000,extra_trees,metadata_only,O6,ET_C04,0.5269701597008437,0.665041413886377,4.0
C000,extra_trees,weather_only,O1,ET_C01,0.42646412670165296,0.4576258270228783,1.0
C000,extra_trees,weather_only,O2,ET_C02,0.43048070374435926,0.4801726658671956,2.0
C000,extra_trees,weather_only,O3,ET_C04,0.39205326090947507,0.42283270039615245,4.0
C000,extra_trees,weather_only,O4,ET_C01,0.42120675421369286,0.4767790413599011,1.0
C000,extra_trees,weather_only,O5,ET_C01,0.42389044483860405,0.4767790413599011,1.0
C000,extra_trees,weather_only,O6,ET_C01,0.502251364598938,0.6013330545571159,1.0
C000,hist_gradient_boosting,full,O1,HGB_C03,0.4426863232522737,0.48500028816297536,3.0
C000,hist_gradient_boosting,full,O2,HGB_C03,0.4592848756259175,0.5127991411623758,3.0
C000,hist_gradient_boosting,full,O3,HGB_C03,0.4122752251672479,0.43855906972497133,3.0
C000,hist_gradient_boosting,full,O4,HGB_C03,0.43418491467628906,0.49222548451752873,3.0
C000,hist_gradient_boosting,full,O5,HGB_C03,0.4303960541716119,0.49222548451752873,3.0
C000,hist_gradient_boosting,full,O6,HGB_C03,0.5075439198630323,0.6032137868606281,3.0
C000,hist_gradient_boosting,metadata_only,O1,HGB_C01,0.4493250100882102,0.5092128534769452,1.0
C000,hist_gradient_boosting,metadata_only,O2,HGB_C01,0.44729817641181757,0.5050532405852446,1.0
C000,hist_gradient_boosting,metadata_only,O3,HGB_C04,0.40684999850027775,0.44539380624606356,4.0
C000,hist_gradient_boosting,metadata_only,O4,HGB_C04,0.44070400037751517,0.4930094880271452,4.0
C000,hist_gradient_boosting,metadata_only,O5,HGB_C01,0.433192590656797,0.49300948806780925,1.0
C000,hist_gradient_boosting,metadata_only,O6,HGB_C01,0.5269701597425713,0.6650414141863702,1.0
C000,hist_gradient_boosting,weather_only,O1,HGB_C03,0.43832500570705313,0.47954003419571617,3.0
C000,hist_gradient_boosting,weather_only,O2,HGB_C01,0.4603385781850146,0.5170763320362531,1.0
C000,hist_gradient_boosting,weather_only,O3,HGB_C03,0.4137453695864089,0.44100602055336496,3.0
C000,hist_gradient_boosting,weather_only,O4,HGB_C01,0.4336442634795398,0.485996792512276,1.0
C000,hist_gradient_boosting,weather_only,O5,HGB_C03,0.4307370180043037,0.4892644963516964,3.0
C000,hist_gradient_boosting,weather_only,O6,HGB_C04,0.5079890582091307,0.6037588497282722,4.0
C000,lightgbm,full,O1,LGB_C03,0.4442388186510741,0.4891391697773484,3.0
C000,lightgbm,full,O2,LGB_C01,0.4551294459934967,0.5258782110205786,1.0
C000,lightgbm,full,O3,LGB_C01,0.4034016251453402,0.43060428095061115,1.0
C000,lightgbm,full,O4,LGB_C03,0.4256558853689243,0.4758892831209434,3.0
C000,lightgbm,full,O5,LGB_C03,0.4256033539568811,0.4758892831209434,3.0
C000,lightgbm,full,O6,LGB_C02,0.5029455735921096,0.6061996912007332,2.0
C000,lightgbm,metadata_only,O1,LGB_C02,0.4493250100183281,0.5092128528505081,2.0
C000,lightgbm,metadata_only,O2,LGB_C01,0.44729817598180993,0.5050532401055873,1.0
C000,lightgbm,metadata_only,O3,LGB_C01,0.40684999834474067,0.44539380594019684,1.0
C000,lightgbm,metadata_only,O4,LGB_C01,0.4407040004459751,0.4930094882033489,1.0
C000,lightgbm,metadata_only,O5,LGB_C01,0.433192590602812,0.4930094882033489,1.0
C000,lightgbm,metadata_only,O6,LGB_C01,0.5269701598667555,0.6650414149862102,1.0
C000,lightgbm,weather_only,O1,LGB_C01,0.4442314339844667,0.48648421936787395,1.0
C000,lightgbm,weather_only,O2,LGB_C02,0.4525682946762599,0.5118000848717555,2.0
C000,lightgbm,weather_only,O3,LGB_C01,0.4045124201407096,0.43167145017071507,1.0
C000,lightgbm,weather_only,O4,LGB_C03,0.42616641780982095,0.47659573560770824,3.0
C000,lightgbm,weather_only,O5,LGB_C01,0.42583543531643214,0.47833739530908637,1.0
C000,lightgbm,weather_only,O6,LGB_C02,0.5034025333387488,0.6068042698768814,2.0
C000,linear_shrinkage,full,O1,LIN_C01,0.4285152087014284,0.46914430362130277,1.0
C000,linear_shrinkage,full,O2,LIN_C01,0.4418368010447642,0.49113610095301,1.0
C000,linear_shrinkage,full,O3,LIN_C04,0.4088665692987725,0.4433586853069247,4.0
C000,linear_shrinkage,full,O4,LIN_C04,0.4393771493645026,0.48433997915070004,4.0
C000,linear_shrinkage,full,O5,LIN_C04,0.4350138179589029,0.48433997915070004,4.0
C000,linear_shrinkage,full,O6,LIN_C03,0.5204052091455857,0.6446550628558004,3.0
C000,linear_shrinkage,metadata_only,O1,LIN_C01,0.44932501004953956,0.5092128533759293,1.0
C000,linear_shrinkage,metadata_only,O2,LIN_C03,0.44729817650825554,0.5050532409612738,3.0
C000,linear_shrinkage,metadata_only,O3,LIN_C01,0.4068499984404846,0.44539380586017824,1.0
C000,linear_shrinkage,metadata_only,O4,LIN_C01,0.4407040003028908,0.4930094882905326,1.0
C000,linear_shrinkage,metadata_only,O5,LIN_C01,0.4331925906580388,0.4930094882905326,1.0
C000,linear_shrinkage,metadata_only,O6,LIN_C01,0.5269701597008454,0.6650414138863812,1.0
C000,linear_shrinkage,weather_only,O1,LIN_C01,0.44447552503392984,0.4917468885159764,1.0
C000,linear_shrinkage,weather_only,O2,LIN_C04,0.45197560799311315,0.5192838075692785,4.0
C000,linear_shrinkage,weather_only,O3,LIN_C04,0.408690570044235,0.442728135978267,4.0
C000,linear_shrinkage,weather_only,O4,LIN_C04,0.439072387018264,0.485060331353881,4.0
C000,linear_shrinkage,weather_only,O5,LIN_C04,0.4345122248645848,0.485060331353881,4.0
C000,linear_shrinkage,weather_only,O6,LIN_C03,0.5236448948022193,0.6618087129286798,3.0
C001,catboost,full,O1,CAT_E06,0.4289877355592273,0.46624719720293456,6.0
C001,catboost,full,O2,CAT_E06,0.4303417031176364,0.48379125220357244,6.0
C001,catboost,full,O3,CAT_E08,0.38903265059989817,0.41168425848972734,8.0
C001,catboost,full,O4,CAT_E12,0.416590324772633,0.46876871538172377,12.0
C001,catboost,full,O5,CAT_E10,0.418561599123021,0.47636185639627376,10.0
C001,catboost,full,O6,CAT_E03,0.5015882653103264,0.6118298401976843,3.0
C001,catboost,metadata_only,O1,CAT_E09,0.4493250099436032,0.5092128532426224,9.0
C001,catboost,metadata_only,O2,CAT_E02,0.44729817642904984,0.5050532407322396,2.0
C001,catboost,metadata_only,O3,CAT_E01,0.40684999846013686,0.44539380609840795,1.0
C001,catboost,metadata_only,O4,CAT_E01,0.44070400036476043,0.4930094881845526,1.0
C001,catboost,metadata_only,O5,CAT_E04,0.43319259060098875,0.4930094881560835,4.0
C001,catboost,metadata_only,O6,CAT_E04,0.5269701597654786,0.6650414143266108,4.0
C001,catboost,weather_only,O1,CAT_E10,0.426624192145437,0.46872366982848246,10.0
C001,catboost,weather_only,O2,CAT_E11,0.429614477556687,0.48237467623551594,11.0
C001,catboost,weather_only,O3,CAT_E02,0.3879006921497634,0.4188749928100185,2.0
C001,catboost,weather_only,O4,CAT_E05,0.4177091339140313,0.4775487129102253,5.0
C001,catboost,weather_only,O5,CAT_E02,0.41984942704751144,0.47453727786573785,2.0
C001,catboost,weather_only,O6,CAT_E10,0.5061324457863529,0.6164026650259062,10.0
C001,extra_trees,full,O1,ET_E10,0.42758368312573364,0.4577947149188907,10.0
C001,extra_trees,full,O2,ET_E02,0.4257830129403228,0.4820949764080762,2.0
C001,extra_trees,full,O3,ET_E08,0.38945574975185476,0.4138324979094251,8.0
C001,extra_trees,full,O4,ET_E03,0.419907140589076,0.4772914089484771,3.0
C001,extra_trees,full,O5,ET_E11,0.4229158413021945,0.47670354204231224,11.0
C001,extra_trees,full,O6,ET_E02,0.4993694008018297,0.5926045095566307,2.0
C001,extra_trees,metadata_only,O1,ET_E01,0.44932501004953695,0.5092128533759249,1.0
C001,extra_trees,metadata_only,O2,ET_E07,0.4472981765082533,0.505053240961276,7.0
C001,extra_trees,metadata_only,O3,ET_E03,0.40684999844048103,0.4453938058601741,3.0
C001,extra_trees,metadata_only,O4,ET_E03,0.44070400030288837,0.4930094882905317,3.0
C001,extra_trees,metadata_only,O5,ET_E03,0.43319259065803806,0.4930094882905317,3.0
C001,extra_trees,metadata_only,O6,ET_E11,0.5269701597008437,0.6650414138863774,11.0
C001,extra_trees,weather_only,O1,ET_E01,0.42486114922207974,0.45656187514291163,1.0
C001,extra_trees,weather_only,O2,ET_E02,0.42727410636609076,0.4768473594043395,2.0
C001,extra_trees,weather_only,O3,ET_E02,0.3906439572494859,0.41465454584862477,2.0
C001,extra_trees,weather_only,O4,ET_E02,0.42017324378362525,0.47890827344772635,2.0
C001,extra_trees,weather_only,O5,ET_E10,0.42389044483860405,0.4767790413599011,10.0
C001,extra_trees,weather_only,O6,ET_E01,0.5015736263085452,0.5976213595672007,1.0
C001,hist_gradient_boosting,full,O1,HGB_E06,0.43722442392523914,0.47551296200736015,6.0
C001,hist_gradient_boosting,full,O2,HGB_E01,0.4500609366791048,0.5120815786307514,1.0
C001,hist_gradient_boosting,full,O3,HGB_E01,0.40154923350244887,0.4379907603347999,1.0
C001,hist_gradient_boosting,full,O4,HGB_E07,0.4271573238138009,0.48418877962114415,7.0
C001,hist_gradient_boosting,full,O5,HGB_E01,0.4234268577710936,0.47946982849137537,1.0
C001,hist_gradient_boosting,full,O6,HGB_E05,0.5037693154503825,0.5996042100177663,5.0
C001,hist_gradient_boosting,metadata_only,O1,HGB_E01,0.44932501006985187,0.5092128535057493,1.0
C001,hist_gradient_boosting,metadata_only,O2,HGB_E02,0.44729817640495334,0.5050532405505699,2.0
C001,hist_gradient_boosting,metadata_only,O3,HGB_E07,0.4068499984959806,0.4453938062218984,7.0
C001,hist_gradient_boosting,metadata_only,O4,HGB_E07,0.4407040003730735,0.4930094880471678,7.0
C001,hist_gradient_boosting,metadata_only,O5,HGB_E05,0.433192590635367,0.4930094880433918,5.0
C001,hist_gradient_boosting,metadata_only,O6,HGB_E05,0.5269701597320854,0.6650414141535939,5.0
C001,hist_gradient_boosting,weather_only,O1,HGB_E12,0.439338224063975,0.4822098740856205,12.0
C001,hist_gradient_boosting,weather_only,O2,HGB_E01,0.4509094599539745,0.5108727615081732,1.0
C001,hist_gradient_boosting,weather_only,O3,HGB_E01,0.4031598062085499,0.4373304848263011,1.0
C001,hist_gradient_boosting,weather_only,O4,HGB_E07,0.4268054419132659,0.48396825314002134,7.0
C001,hist_gradient_boosting,weather_only,O5,HGB_E01,0.42502132078130833,0.47775317893632163,1.0
C001,hist_gradient_boosting,weather_only,O6,HGB_E07,0.5063212345301925,0.6073837434702478,7.0
C001,lightgbm,full,O1,LGB_E02,0.44057861526991293,0.49065802825120125,2.0
C001,lightgbm,full,O2,LGB_E06,0.44899305138674106,0.49719129115774036,6.0
C001,lightgbm,full,O3,LGB_E01,0.4031577552241053,0.42187604882830604,1.0
C001,lightgbm,full,O4,LGB_E01,0.4254998937510666,0.48466014147764014,1.0
C001,lightgbm,full,O5,LGB_E04,0.4219359882019276,0.4793089901375089,4.0
C001,lightgbm,full,O6,LGB_E05,0.4996655200522826,0.6023979766104935,5.0
C001,lightgbm,metadata_only,O1,LGB_E09,0.44932500988157825,0.5092128528691071,9.0
C001,lightgbm,metadata_only,O2,LGB_E04,0.4472981760113752,0.5050532401969239,4.0
C001,lightgbm,metadata_only,O3,LGB_E04,0.4068499982939015,0.4453938059239943,4.0
C001,lightgbm,metadata_only,O4,LGB_E04,0.44070400029795426,0.4930094879253658,4.0
C001,lightgbm,metadata_only,O5,LGB_E04,0.4331925904269572,0.4930094879253658,4.0
C001,lightgbm,metadata_only,O6,LGB_E04,0.5269701597590472,0.6650414150407724,4.0
C001,lightgbm,weather_only,O1,LGB_E08,0.4408523078604005,0.494473354416334,8.0
C001,lightgbm,weather_only,O2,LGB_E09,0.44849238280324927,0.5086745217243644,9.0
C001,lightgbm,weather_only,O3,LGB_E01,0.40214170725347037,0.4239683553039312,1.0
C001,lightgbm,weather_only,O4,LGB_E12,0.42564682812522703,0.4804044435156336,12.0
C001,lightgbm,weather_only,O5,LGB_E02,0.4220554320671985,0.48072921070465763,2.0
C001,lightgbm,weather_only,O6,LGB_E05,0.5032613348513744,0.6049089808176907,5.0
C001,linear_shrinkage,full,O1,LIN_E01,0.42839550661750686,0.46660864614106035,1.0
C001,linear_shrinkage,full,O2,LIN_E01,0.4408650971886045,0.48761589809945066,1.0
C001,linear_shrinkage,full,O3,LIN_E11,0.4057267831436331,0.4428887789945391,11.0
C001,linear_shrinkage,full,O4,LIN_E11,0.4385187201561265,0.48837050605083143,11.0
C001,linear_shrinkage,full,O5,LIN_E12,0.4331925906580398,0.49300948829053304,12.0
C001,linear_shrinkage,full,O6,LIN_E04,0.5204052091455857,0.6446550628558004,4.0
C001,linear_shrinkage,metadata_only,O1,LIN_E01,0.44932501004953956,0.5092128533759293,1.0
C001,linear_shrinkage,metadata_only,O2,LIN_E04,0.44729817650825554,0.5050532409612738,4.0
C001,linear_shrinkage,metadata_only,O3,LIN_E01,0.4068499984404846,0.4453938058601782,1.0
C001,linear_shrinkage,metadata_only,O4,LIN_E01,0.4407040003028908,0.4930094882905326,1.0
C001,linear_shrinkage,metadata_only,O5,LIN_E01,0.4331925906580388,0.4930094882905326,1.0
C001,linear_shrinkage,metadata_only,O6,LIN_E01,0.5269701597008454,0.6650414138863812,1.0
C001,linear_shrinkage,weather_only,O1,LIN_E01,0.444107562697483,0.48885721761866263,1.0
C001,linear_shrinkage,weather_only,O2,LIN_E12,0.4473914037349634,0.5053329226413911,12.0
C001,linear_shrinkage,weather_only,O3,LIN_E11,0.4057267831436331,0.4428887789945391,11.0
C001,linear_shrinkage,weather_only,O4,LIN_E11,0.4385187201561265,0.48837050605083143,11.0
C001,linear_shrinkage,weather_only,O5,LIN_E12,0.4331925906580398,0.49300948829053304,12.0
C001,linear_shrinkage,weather_only,O6,LIN_E05,0.5226114125157119,0.6566053047611403,5.0
C010,catboost,full,O1,CAT_C04,0.4291951608361351,0.4621314142483054,4.0
C010,catboost,full,O2,CAT_C03,0.428899562978912,0.4859674102549997,3.0
C010,catboost,full,O3,CAT_C03,0.3886111905277912,0.4128906713389253,3.0
C010,catboost,full,O4,CAT_C03,0.4177391163519208,0.4752243848151998,3.0
C010,catboost,full,O5,CAT_C02,0.41955183357959247,0.46372703670985926,2.0
C010,catboost,full,O6,CAT_C02,0.501588265310324,0.6118298401976783,2.0
C010,catboost,metadata_only,O1,CAT_C04,0.4493250099438882,0.5092128532422817,4.0
C010,catboost,metadata_only,O2,CAT_C04,0.44729817643549646,0.5050532407239452,4.0
C010,catboost,metadata_only,O3,CAT_C01,0.4068499984791809,0.4453938061523987,1.0
C010,catboost,metadata_only,O4,CAT_C01,0.4407040003883873,0.49300948815242623,1.0
C010,catboost,metadata_only,O5,CAT_C01,0.4331925906202813,0.49300948815242623,1.0
C010,catboost,metadata_only,O6,CAT_C03,0.5269701597847365,0.665041414362245,3.0
C010,catboost,weather_only,O1,CAT_C02,0.4288167138828778,0.4768300360116746,2.0
C010,catboost,weather_only,O2,CAT_C03,0.4327504829078673,0.48963769382531097,3.0
C010,catboost,weather_only,O3,CAT_C03,0.3896235286886652,0.41628908361466876,3.0
C010,catboost,weather_only,O4,CAT_C03,0.41732093641034274,0.47541689444865476,3.0
C010,catboost,weather_only,O5,CAT_C02,0.4209042606434577,0.4705561401602297,2.0
C010,catboost,weather_only,O6,CAT_C04,0.5071202448796492,0.6147041171246249,4.0
C010,extra_trees,full,O1,ET_C01,0.42902841510023887,0.4579745551212098,1.0
C010,extra_trees,full,O2,ET_C01,0.43118342587254244,0.4888464656592223,1.0
C010,extra_trees,full,O3,ET_C03,0.39162356147091965,0.42142519822848096,3.0
C010,extra_trees,full,O4,ET_C02,0.4207942392389914,0.47352397919438927,2.0
C010,extra_trees,full,O5,ET_C03,0.42264209163061756,0.4734716200501723,3.0
C010,extra_trees,full,O6,ET_C02,0.49941343239503505,0.5978896115820778,2.0
C010,extra_trees,metadata_only,O1,ET_C01,0.4493250100495369,0.5092128533759248,1.0
C010,extra_trees,metadata_only,O2,ET_C01,0.4472981765082542,0.5050532409612783,1.0
C010,extra_trees,metadata_only,O3,ET_C01,0.4068499984404818,0.44539380586017413,1.0
C010,extra_trees,metadata_only,O4,ET_C01,0.44070400030288925,0.4930094882905325,1.0
C010,extra_trees,metadata_only,O5,ET_C01,0.4331925906580381,0.4930094882905325,1.0
C010,extra_trees,metadata_only,O6,ET_C01,0.5269701597008457,0.6650414138863838,1.0
C010,extra_trees,weather_only,O1,ET_C01,0.42444894874276723,0.4565198925087449,1.0
C010,extra_trees,weather_only,O2,ET_C01,0.42963764860916026,0.47568308222489686,1.0
C010,extra_trees,weather_only,O3,ET_C04,0.3917483108970257,0.4218184450322382,4.0
C010,extra_trees,weather_only,O4,ET_C02,0.42111866008128757,0.47791834578254294,2.0
C010,extra_trees,weather_only,O5,ET_C02,0.42427759838540907,0.47791834578254294,2.0
C010,extra_trees,weather_only,O6,ET_C01,0.5020079301954076,0.5999632033422565,1.0
C010,hist_gradient_boosting,full,O1,HGB_C03,0.4426863232522702,0.4850002881629715,3.0
C010,hist_gradient_boosting,full,O2,HGB_C03,0.4592848756259175,0.5127991411623793,3.0
C010,hist_gradient_boosting,full,O3,HGB_C03,0.41227522516724696,0.43855906972496966,3.0
C010,hist_gradient_boosting,full,O4,HGB_C03,0.4341849146762877,0.49222548451752607,3.0
C010,hist_gradient_boosting,full,O5,HGB_C03,0.43039605417164517,0.49222548451752607,3.0
C010,hist_gradient_boosting,full,O6,HGB_C03,0.5075439198630712,0.6032137868606456,3.0
C010,hist_gradient_boosting,metadata_only,O1,HGB_C01,0.4493250100831305,0.5092128534563201,1.0
C010,hist_gradient_boosting,metadata_only,O2,HGB_C01,0.4472981764151284,0.5050532405896566,1.0
C010,hist_gradient_boosting,metadata_only,O3,HGB_C04,0.4068499984993748,0.445393806241976,4.0
C010,hist_gradient_boosting,metadata_only,O4,HGB_C04,0.4407040003761531,0.49300948802714656,4.0
C010,hist_gradient_boosting,metadata_only,O5,HGB_C01,0.4331925906539786,0.4930094880678105,1.0
C010,hist_gradient_boosting,metadata_only,O6,HGB_C01,0.5269701597410306,0.665041414190203,1.0
C010,hist_gradient_boosting,weather_only,O1,HGB_C03,0.43832500570701044,0.4795400341957124,3.0
C010,hist_gradient_boosting,weather_only,O2,HGB_C01,0.46033857818501556,0.5170763320362588,1.0
C010,hist_gradient_boosting,weather_only,O3,HGB_C03,0.41374536958640795,0.44100602055336324,3.0
C010,hist_gradient_boosting,weather_only,O4,HGB_C01,0.4336442634795398,0.4859967925122773,1.0
C010,hist_gradient_boosting,weather_only,O5,HGB_C03,0.4307370180043031,0.48926449635169783,3.0
C010,hist_gradient_boosting,weather_only,O6,HGB_C04,0.5079890582091926,0.6037588497283743,4.0
C010,lightgbm,full,O1,LGB_C03,0.4442388186510726,0.48913916977734556,3.0
C010,lightgbm,full,O2,LGB_C01,0.45512944599349386,0.5258782110205773,1.0
C010,lightgbm,full,O3,LGB_C01,0.403401625145338,0.43060428095060926,1.0
C010,lightgbm,full,O4,LGB_C03,0.42565588536892385,0.4758892831209437,3.0
C010,lightgbm,full,O5,LGB_C03,0.4256033539568807,0.4758892831209437,3.0
C010,lightgbm,full,O6,LGB_C02,0.5029455735921072,0.6061996912007274,2.0
C010,lightgbm,metadata_only,O1,LGB_C02,0.44932501001832614,0.5092128528505049,2.0
C010,lightgbm,metadata_only,O2,LGB_C01,0.4472981759818068,0.5050532401055855,1.0
C010,lightgbm,metadata_only,O3,LGB_C01,0.4068499983447382,0.44539380594019473,1.0
C010,lightgbm,metadata_only,O4,LGB_C01,0.4407040004459746,0.4930094882033494,1.0
C010,lightgbm,metadata_only,O5,LGB_C01,0.43319259060281157,0.4930094882033494,1.0
C010,lightgbm,metadata_only,O6,LGB_C01,0.526970159866753,0.6650414149862036,1.0
C010,lightgbm,weather_only,O1,LGB_C01,0.4442314339844653,0.4864842193678712,1.0
C010,lightgbm,weather_only,O2,LGB_C02,0.4525682946762573,0.5118000848717543,2.0
C010,lightgbm,weather_only,O3,LGB_C01,0.4045124201407075,0.4316714501707133,1.0
C010,lightgbm,weather_only,O4,LGB_C03,0.42616641780982056,0.4765957356077086,3.0
C010,lightgbm,weather_only,O5,LGB_C01,0.4258354353164318,0.4783373953090867,1.0
C010,lightgbm,weather_only,O6,LGB_C02,0.5034025333387465,0.6068042698768756,2.0
C010,linear_shrinkage,full,O1,LIN_C01,0.42851520870142856,0.4691443036213028,1.0
C010,linear_shrinkage,full,O2,LIN_C01,0.4418368010447648,0.4911361009530117,1.0
C010,linear_shrinkage,full,O3,LIN_C04,0.40886656929877274,0.4433586853069248,4.0
C010,linear_shrinkage,full,O4,LIN_C04,0.43937714936450295,0.484339979150701,4.0
C010,linear_shrinkage,full,O5,LIN_C04,0.43501381795890226,0.484339979150701,4.0
C010,linear_shrinkage,full,O6,LIN_C03,0.5204052091455861,0.6446550628558043,3.0
C010,linear_shrinkage,metadata_only,O1,LIN_C01,0.44932501004953945,0.5092128533759293,1.0
C010,linear_shrinkage,metadata_only,O2,LIN_C04,0.447298176508256,0.5050532409612714,4.0
C010,linear_shrinkage,metadata_only,O3,LIN_C01,0.4068499984404849,0.4453938058601783,1.0
C010,linear_shrinkage,metadata_only,O4,LIN_C01,0.4407040003028912,0.49300948829053354,1.0
C010,linear_shrinkage,metadata_only,O5,LIN_C01,0.4331925906580383,0.49300948829053354,1.0
C010,linear_shrinkage,metadata_only,O6,LIN_C01,0.5269701597008473,0.6650414138863885,1.0
C010,linear_shrinkage,weather_only,O1,LIN_C01,0.4444755250339287,0.49174688851597537,1.0
C010,linear_shrinkage,weather_only,O2,LIN_C04,0.45197560799311454,0.5192838075692815,4.0
C010,linear_shrinkage,weather_only,O3,LIN_C04,0.40869057004423553,0.4427281359782669,4.0
C010,linear_shrinkage,weather_only,O4,LIN_C04,0.4390723870182644,0.48506033135388205,4.0
C010,linear_shrinkage,weather_only,O5,LIN_C04,0.43451222486458363,0.48506033135388205,4.0
C010,linear_shrinkage,weather_only,O6,LIN_C03,0.5236448948022202,0.6618087129286857,3.0
C011,catboost,full,O1,CAT_E06,0.4289877355592257,0.4662471972029314,6.0
C011,catboost,full,O2,CAT_E06,0.43034170311763337,0.48379125220357105,6.0
C011,catboost,full,O3,CAT_E08,0.3890326505998956,0.4116842584897251,8.0
C011,catboost,full,O4,CAT_E12,0.4165903247726325,0.4687687153817242,12.0
C011,catboost,full,O5,CAT_E10,0.41856159912302054,0.4763618563962741,10.0
C011,catboost,full,O6,CAT_E03,0.501588265310324,0.6118298401976783,3.0
C011,catboost,metadata_only,O1,CAT_E09,0.44932500994360125,0.5092128532426191,9.0
C011,catboost,metadata_only,O2,CAT_E02,0.44729817642904673,0.5050532407322378,2.0
C011,catboost,metadata_only,O3,CAT_E01,0.40684999846013437,0.4453938060984057,1.0
C011,catboost,metadata_only,O4,CAT_E01,0.44070400036475976,0.49300948818455304,1.0
C011,catboost,metadata_only,O5,CAT_E04,0.4331925906009883,0.4930094881560839,4.0
C011,catboost,metadata_only,O6,CAT_E04,0.526970159765476,0.6650414143266044,4.0
C011,catboost,weather_only,O1,CAT_E10,0.4266241921454355,0.4687236698284796,10.0
C011,catboost,weather_only,O2,CAT_E11,0.4296144775566841,0.4823746762355147,11.0
C011,catboost,weather_only,O3,CAT_E02,0.38790069214976114,0.4188749928100162,2.0
C011,catboost,weather_only,O4,CAT_E05,0.4177091339140307,0.47754871291022566,5.0
C011,catboost,weather_only,O5,CAT_E02,0.41984942704751105,0.47453727786573824,2.0
C011,catboost,weather_only,O6,CAT_E10,0.5061324457863504,0.6164026650259001,10.0
C011,extra_trees,full,O1,ET_E01,0.4288017841206897,0.46187303106735944,1.0
C011,extra_trees,full,O2,ET_E01,0.426663328196756,0.4845686330120924,1.0
C011,extra_trees,full,O3,ET_E08,0.3895687138419999,0.4146295006027408,8.0
C011,extra_trees,full,O4,ET_E03,0.4199177488278996,0.47702992810733347,3.0
C011,extra_trees,full,O5,ET_E11,0.42318662596835915,0.47758945997628116,11.0
C011,extra_trees,full,O6,ET_E10,0.4998867948148324,0.5936772106383345,10.0
C011,extra_trees,metadata_only,O1,ET_E01,0.4493250100495369,0.5092128533759248,1.0
C011,extra_trees,metadata_only,O2,ET_E12,0.4472981765082542,0.505053240961278,12.0
C011,extra_trees,metadata_only,O3,ET_E03,0.40684999844048125,0.44539380586017413,3.0
C011,extra_trees,metadata_only,O4,ET_E03,0.44070400030288864,0.4930094882905325,3.0
C011,extra_trees,metadata_only,O5,ET_E06,0.43319259065803745,0.4930094882905327,6.0
C011,extra_trees,metadata_only,O6,ET_E10,0.5269701597008457,0.6650414138863838,10.0
C011,extra_trees,weather_only,O1,ET_E10,0.42444894874276723,0.4565198925087449,10.0
C011,extra_trees,weather_only,O2,ET_E02,0.42573956699206855,0.47417457134451746,2.0
C011,extra_trees,weather_only,O3,ET_E02,0.3899770621638414,0.4126722124696532,2.0
C011,extra_trees,weather_only,O4,ET_E02,0.4200889156372858,0.480707477582368,2.0
C011,extra_trees,weather_only,O5,ET_E03,0.4244082340888655,0.48031809919530255,3.0
C011,extra_trees,weather_only,O6,ET_E10,0.5020079301954076,0.5999632033422565,10.0
C011,hist_gradient_boosting,full,O1,HGB_E06,0.43722442392526034,0.4755129620073563,6.0
C011,hist_gradient_boosting,full,O2,HGB_E01,0.45006093667918523,0.5120815786309958,1.0
C011,hist_gradient_boosting,full,O3,HGB_E01,0.4015492335024479,0.43799076033479784,1.0
C011,hist_gradient_boosting,full,O4,HGB_E07,0.4271573238137362,0.4841887796211454,7.0
C011,hist_gradient_boosting,full,O5,HGB_E01,0.42342685777109246,0.47946982849137637,1.0
C011,hist_gradient_boosting,full,O6,HGB_E05,0.5037693154507016,0.5996042100179694,5.0
C011,hist_gradient_boosting,metadata_only,O1,HGB_E01,0.4493250100637202,0.5092128534844753,1.0
C011,hist_gradient_boosting,metadata_only,O2,HGB_E02,0.4472981764049533,0.5050532405505727,2.0
C011,hist_gradient_boosting,metadata_only,O3,HGB_E07,0.40684999849783793,0.4453938062218959,7.0
C011,hist_gradient_boosting,metadata_only,O4,HGB_E07,0.4407040003721306,0.49300948804434186,7.0
C011,hist_gradient_boosting,metadata_only,O5,HGB_E05,0.4331925906364326,0.493009488043393,5.0
C011,hist_gradient_boosting,metadata_only,O6,HGB_E05,0.526970159733083,0.6650414141546936,5.0
C011,hist_gradient_boosting,weather_only,O1,HGB_E12,0.4393382240620791,0.4822098740856227,12.0
C011,hist_gradient_boosting,weather_only,O2,HGB_E01,0.45090945995397474,0.5108727615081768,1.0
C011,hist_gradient_boosting,weather_only,O3,HGB_E01,0.4031598062085489,0.4373304848262991,1.0
C011,hist_gradient_boosting,weather_only,O4,HGB_E07,0.426805441913266,0.4839682531400226,7.0
C011,hist_gradient_boosting,weather_only,O5,HGB_E01,0.425021320781312,0.47775317893633656,1.0
C011,hist_gradient_boosting,weather_only,O6,HGB_E07,0.5063212345301935,0.6073837434702536,7.0
C011,lightgbm,full,O1,LGB_E02,0.4405786152699112,0.49065802825119803,2.0
C011,lightgbm,full,O2,LGB_E06,0.44899305138673834,0.49719129115773925,6.0
C011,lightgbm,full,O3,LGB_E01,0.4031577552241032,0.421876048828304,1.0
C011,lightgbm,full,O4,LGB_E01,0.42549989375106617,0.4846601414776406,1.0
C011,lightgbm,full,O5,LGB_E04,0.4219359882019274,0.47930899013750927,4.0
C011,lightgbm,full,O6,LGB_E05,0.4996655200522802,0.6023979766104876,5.0
C011,lightgbm,metadata_only,O1,LGB_E09,0.4493250098815764,0.5092128528691039,9.0
C011,lightgbm,metadata_only,O2,LGB_E04,0.4472981760113722,0.5050532401969222,4.0
C011,lightgbm,metadata_only,O3,LGB_E04,0.40684999829389906,0.44539380592399214,4.0
C011,lightgbm,metadata_only,O4,LGB_E04,0.4407040002979537,0.4930094879253663,4.0
C011,lightgbm,metadata_only,O5,LGB_E04,0.43319259042695685,0.4930094879253663,4.0
C011,lightgbm,metadata_only,O6,LGB_E04,0.5269701597590445,0.6650414150407657,4.0
C011,lightgbm,weather_only,O1,LGB_E08,0.4408523078603986,0.49447335441633056,8.0
C011,lightgbm,weather_only,O2,LGB_E09,0.44849238280324677,0.5086745217243638,9.0
C011,lightgbm,weather_only,O3,LGB_E01,0.4021417072534683,0.4239683553039292,1.0
C011,lightgbm,weather_only,O4,LGB_E12,0.4256468281252266,0.480404443515634,12.0
C011,lightgbm,weather_only,O5,LGB_E02,0.42205543206719814,0.48072921070465807,2.0
C011,lightgbm,weather_only,O6,LGB_E05,0.5032613348513718,0.6049089808176845,5.0
C011,linear_shrinkage,full,O1,LIN_E01,0.42839550661750697,0.4666086461410605,1.0
C011,linear_shrinkage,full,O2,LIN_E01,0.440865097188605,0.4876158980994524,1.0
C011,linear_shrinkage,full,O3,LIN_E11,0.40572678314363336,0.4428887789945387,11.0
C011,linear_shrinkage,full,O4,LIN_E11,0.43851872015612675,0.4883705060508325,11.0
C011,linear_shrinkage,full,O5,LIN_E12,0.43319259065803867,0.4930094882905343,12.0
C011,linear_shrinkage,full,O6,LIN_E04,0.5204052091455861,0.6446550628558043,4.0
C011,linear_shrinkage,metadata_only,O1,LIN_E01,0.44932501004953945,0.5092128533759293,1.0
C011,linear_shrinkage,metadata_only,O2,LIN_E06,0.447298176508256,0.5050532409612714,6.0
C011,linear_shrinkage,metadata_only,O3,LIN_E01,0.4068499984404848,0.4453938058601783,1.0
C011,linear_shrinkage,metadata_only,O4,LIN_E01,0.4407040003028911,0.49300948829053354,1.0
C011,linear_shrinkage,metadata_only,O5,LIN_E01,0.4331925906580383,0.49300948829053354,1.0
C011,linear_shrinkage,metadata_only,O6,LIN_E01,0.5269701597008473,0.6650414138863885,1.0
C011,linear_shrinkage,weather_only,O1,LIN_E01,0.444107562697482,0.4888572176186616,1.0
C011,linear_shrinkage,weather_only,O2,LIN_E12,0.44739140373496333,0.5053329226413934,12.0
C011,linear_shrinkage,weather_only,O3,LIN_E11,0.40572678314363336,0.4428887789945387,11.0
C011,linear_shrinkage,weather_only,O4,LIN_E11,0.43851872015612675,0.4883705060508325,11.0
C011,linear_shrinkage,weather_only,O5,LIN_E12,0.43319259065803867,0.4930094882905343,12.0
C011,linear_shrinkage,weather_only,O6,LIN_E05,0.5226114125157127,0.6566053047611468,5.0
C100,catboost,full,O1,CAT_C03,0.4375330717587287,0.4885565833792889,3.0
C100,catboost,full,O2,CAT_C03,0.4295894993429667,0.4871327140120844,3.0
C100,catboost,full,O3,CAT_C03,0.38613207409765166,0.42343713662085775,3.0
C100,catboost,full,O4,CAT_C04,0.41692636118029763,0.4765037286779492,4.0
C100,catboost,full,O5,CAT_C03,0.41508232509781745,0.4737662351961344,3.0
C100,catboost,full,O6,CAT_C03,0.5041739519158147,0.6240353187301309,3.0
C100,catboost,metadata_only,O1,CAT_C04,0.4493250099438901,0.5092128532422849,4.0
C100,catboost,metadata_only,O2,CAT_C04,0.4472981764354995,0.505053240723947,4.0
C100,catboost,metadata_only,O3,CAT_C01,0.4068499984791834,0.4453938061524009,1.0
C100,catboost,metadata_only,O4,CAT_C01,0.4407040003883879,0.4930094881524258,1.0
C100,catboost,metadata_only,O5,CAT_C01,0.43319259062028165,0.4930094881524258,1.0
C100,catboost,metadata_only,O6,CAT_C03,0.5269701597847392,0.6650414143622516,3.0
C100,catboost,weather_only,O1,CAT_C04,0.43674604849259985,0.4870114229709571,4.0
C100,catboost,weather_only,O2,CAT_C03,0.4316271292944551,0.49046122846130635,3.0
C100,catboost,weather_only,O3,CAT_C03,0.38807954093294983,0.4240574559084782,3.0
C100,catboost,weather_only,O4,CAT_C03,0.4202329044370025,0.4768227940257388,3.0
C100,catboost,weather_only,O5,CAT_C03,0.4190802959244119,0.4768227940257388,3.0
C100,catboost,weather_only,O6,CAT_C01,0.508125741739693,0.6252663222276541,1.0
C100,extra_trees,full,O1,ET_C01,0.4348106664976393,0.4870992130910456,1.0
C100,extra_trees,full,O2,ET_C02,0.42906400430849256,0.4868184850751432,2.0
C100,extra_trees,full,O3,ET_C02,0.39340365616138123,0.4239116796423491,2.0
C100,extra_trees,full,O4,ET_C02,0.4262264650057663,0.47493027474114036,2.0
C100,extra_trees,full,O5,ET_C02,0.4247972845626415,0.47493027474114036,2.0
C100,extra_trees,full,O6,ET_C02,0.5107830300938455,0.6377946772274212,2.0
C100,extra_trees,metadata_only,O1,ET_C01,0.44932501004953695,0.5092128533759249,1.0
C100,extra_trees,metadata_only,O2,ET_C03,0.44729817650825315,0.5050532409612755,3.0
C100,extra_trees,metadata_only,O3,ET_C01,0.4068499984404816,0.4453938058601741,1.0
C100,extra_trees,metadata_only,O4,ET_C01,0.44070400030288887,0.4930094882905317,1.0
C100,extra_trees,metadata_only,O5,ET_C03,0.43319259065803833,0.4930094882905319,3.0
C100,extra_trees,metadata_only,O6,ET_C04,0.5269701597008437,0.665041413886377,4.0
C100,extra_trees,weather_only,O1,ET_C02,0.43578189114140353,0.4895921682841719,2.0
C100,extra_trees,weather_only,O2,ET_C02,0.4306474228826684,0.48120301354628003,2.0
C100,extra_trees,weather_only,O3,ET_C04,0.3943027980423947,0.42956939845957653,4.0
C100,extra_trees,weather_only,O4,ET_C02,0.42508884469503677,0.4752037750176546,2.0
C100,extra_trees,weather_only,O5,ET_C04,0.4243121388132884,0.4782658297087285,4.0
C100,extra_trees,weather_only,O6,ET_C04,0.5130732630417868,0.6364469413546613,4.0
C100,hist_gradient_boosting,full,O1,HGB_C03,0.45045918857758743,0.49590619146840154,3.0
C100,hist_gradient_boosting,full,O2,HGB_C03,0.44685056126604783,0.4937943733167811,3.0
C100,hist_gradient_boosting,full,O3,HGB_C01,0.40244672441154034,0.4333956376681535,1.0
C100,hist_gradient_boosting,full,O4,HGB_C01,0.42836261188505653,0.48567446815263293,1.0
C100,hist_gradient_boosting,full,O5,HGB_C01,0.4251100369647114,0.48567446815263293,1.0
C100,hist_gradient_boosting,full,O6,HGB_C01,0.5097391956747693,0.6199052059645571,1.0
C100,hist_gradient_boosting,metadata_only,O1,HGB_C01,0.4493250100882102,0.5092128534769452,1.0
C100,hist_gradient_boosting,metadata_only,O2,HGB_C01,0.44729817641181757,0.5050532405852446,1.0
C100,hist_gradient_boosting,metadata_only,O3,HGB_C04,0.40684999850027775,0.44539380624606356,4.0
C100,hist_gradient_boosting,metadata_only,O4,HGB_C04,0.44070400037751517,0.4930094880271452,4.0
C100,hist_gradient_boosting,metadata_only,O5,HGB_C01,0.433192590656797,0.49300948806780925,1.0
C100,hist_gradient_boosting,metadata_only,O6,HGB_C01,0.5269701597425713,0.6650414141863702,1.0
C100,hist_gradient_boosting,weather_only,O1,HGB_C03,0.44927560152412555,0.5051831096352619,3.0
C100,hist_gradient_boosting,weather_only,O2,HGB_C04,0.4414164695605402,0.48292358852797235,4.0
C100,hist_gradient_boosting,weather_only,O3,HGB_C01,0.4019394321972069,0.42980923188027154,1.0
C100,hist_gradient_boosting,weather_only,O4,HGB_C01,0.42855573016180365,0.48842440105136936,1.0
C100,hist_gradient_boosting,weather_only,O5,HGB_C01,0.426694010322017,0.48842440105136936,1.0
C100,hist_gradient_boosting,weather_only,O6,HGB_C01,0.5112242763968239,0.6210243557781906,1.0
C100,lightgbm,full,O1,LGB_C01,0.4580247605629229,0.5121240411142297,1.0
C100,lightgbm,full,O2,LGB_C04,0.446205911791764,0.4997790161866258,4.0
C100,lightgbm,full,O3,LGB_C03,0.4005543266770302,0.4252037315407283,3.0
C100,lightgbm,full,O4,LGB_C03,0.42559586631188645,0.4833130756775391,3.0
C100,lightgbm,full,O5,LGB_C01,0.42149490335051004,0.4825421133340164,1.0
C100,lightgbm,full,O6,LGB_C01,0.5094441474894004,0.6299177902646224,1.0
C100,lightgbm,metadata_only,O1,LGB_C02,0.4493250100183281,0.5092128528505081,2.0
C100,lightgbm,metadata_only,O2,LGB_C01,0.44729817598180993,0.5050532401055873,1.0
C100,lightgbm,metadata_only,O3,LGB_C01,0.40684999834474067,0.44539380594019684,1.0
C100,lightgbm,metadata_only,O4,LGB_C01,0.4407040004459751,0.4930094882033489,1.0
C100,lightgbm,metadata_only,O5,LGB_C01,0.433192590602812,0.4930094882033489,1.0
C100,lightgbm,metadata_only,O6,LGB_C01,0.5269701598667555,0.6650414149862102,1.0
C100,lightgbm,weather_only,O1,LGB_C04,0.45579499275347324,0.516305884894417,4.0
C100,lightgbm,weather_only,O2,LGB_C02,0.4474228559775817,0.5115520594126342,2.0
C100,lightgbm,weather_only,O3,LGB_C03,0.4001952792462515,0.4269337724532144,3.0
C100,lightgbm,weather_only,O4,LGB_C03,0.4269569755393867,0.48643741687845266,3.0
C100,lightgbm,weather_only,O5,LGB_C03,0.42370779678762244,0.48643741687845266,3.0
C100,lightgbm,weather_only,O6,LGB_C01,0.5101280914746463,0.6238899576500986,1.0
C100,linear_shrinkage,full,O1,LIN_C04,0.4469737530700619,0.5057163265698498,4.0
C100,linear_shrinkage,full,O2,LIN_C02,0.44449367098723586,0.5064931389333134,2.0
C100,linear_shrinkage,full,O3,LIN_C01,0.40412550365911315,0.4384491306836275,1.0
C100,linear_shrinkage,full,O4,LIN_C01,0.4415211727397132,0.5001967930067293,1.0
C100,linear_shrinkage,full,O5,LIN_C04,0.4353461103145834,0.4950922345987139,4.0
C100,linear_shrinkage,full,O6,LIN_C04,0.524117963886139,0.6544918132446723,4.0
C100,linear_shrinkage,metadata_only,O1,LIN_C01,0.44932501004953956,0.5092128533759293,1.0
C100,linear_shrinkage,metadata_only,O2,LIN_C03,0.44729817650825554,0.5050532409612738,3.0
C100,linear_shrinkage,metadata_only,O3,LIN_C01,0.4068499984404846,0.44539380586017824,1.0
C100,linear_shrinkage,metadata_only,O4,LIN_C01,0.4407040003028908,0.4930094882905326,1.0
C100,linear_shrinkage,metadata_only,O5,LIN_C01,0.4331925906580388,0.4930094882905326,1.0
C100,linear_shrinkage,metadata_only,O6,LIN_C01,0.5269701597008454,0.6650414138863812,1.0
C100,linear_shrinkage,weather_only,O1,LIN_C04,0.44805282338428604,0.5057163103105752,4.0
C100,linear_shrinkage,weather_only,O2,LIN_C01,0.445638900983872,0.503494771498684,1.0
C100,linear_shrinkage,weather_only,O3,LIN_C03,0.40603345166972976,0.44480037513223813,3.0
C100,linear_shrinkage,weather_only,O4,LIN_C03,0.4430507784949887,0.49963893709642504,3.0
C100,linear_shrinkage,weather_only,O5,LIN_C04,0.4348948267088086,0.4951297790045533,4.0
C100,linear_shrinkage,weather_only,O6,LIN_C04,0.5241031062701288,0.6546129510452006,4.0
C101,catboost,full,O1,CAT_E12,0.43502837850324444,0.4835715491415304,12.0
C101,catboost,full,O2,CAT_E09,0.4285450992549054,0.48214813967197206,9.0
C101,catboost,full,O3,CAT_E10,0.3868353954335178,0.4220446928537159,10.0
C101,catboost,full,O4,CAT_E12,0.41871266519081624,0.46841847760073085,12.0
C101,catboost,full,O5,CAT_E11,0.4147521789039563,0.47450961613797676,11.0
C101,catboost,full,O6,CAT_E11,0.5046732874757606,0.626763309306914,11.0
C101,catboost,metadata_only,O1,CAT_E09,0.4493250099436032,0.5092128532426224,9.0
C101,catboost,metadata_only,O2,CAT_E02,0.44729817642904984,0.5050532407322396,2.0
C101,catboost,metadata_only,O3,CAT_E01,0.40684999846013686,0.44539380609840795,1.0
C101,catboost,metadata_only,O4,CAT_E01,0.44070400036476043,0.4930094881845526,1.0
C101,catboost,metadata_only,O5,CAT_E04,0.43319259060098875,0.4930094881560835,4.0
C101,catboost,metadata_only,O6,CAT_E04,0.5269701597654786,0.6650414143266108,4.0
C101,catboost,weather_only,O1,CAT_E09,0.43366370878859156,0.4855691391987615,9.0
C101,catboost,weather_only,O2,CAT_E09,0.4306676899469524,0.48640714822091974,9.0
C101,catboost,weather_only,O3,CAT_E11,0.3888621307390112,0.4236256220513001,11.0
C101,catboost,weather_only,O4,CAT_E09,0.4200780622719096,0.4736635679520749,9.0
C101,catboost,weather_only,O5,CAT_E07,0.41774975468524495,0.47357385502938937,7.0
C101,catboost,weather_only,O6,CAT_E05,0.5080575709898102,0.6268049302545171,5.0
C101,extra_trees,full,O1,ET_E10,0.4348106664976393,0.4870992130910456,10.0
C101,extra_trees,full,O2,ET_E02,0.43006559485748636,0.49147378723612173,2.0
C101,extra_trees,full,O3,ET_E03,0.39197168391469495,0.424314701543217,3.0
C101,extra_trees,full,O4,ET_E03,0.42477189004517474,0.47299849326805254,3.0
C101,extra_trees,full,O5,ET_E03,0.42159953137921424,0.47299849326805254,3.0
C101,extra_trees,full,O6,ET_E03,0.5077331604486274,0.6354033625324941,3.0
C101,extra_trees,metadata_only,O1,ET_E01,0.44932501004953695,0.5092128533759249,1.0
C101,extra_trees,metadata_only,O2,ET_E07,0.4472981765082533,0.505053240961276,7.0
C101,extra_trees,metadata_only,O3,ET_E03,0.40684999844048103,0.4453938058601741,3.0
C101,extra_trees,metadata_only,O4,ET_E03,0.44070400030288837,0.4930094882905317,3.0
C101,extra_trees,metadata_only,O5,ET_E03,0.43319259065803806,0.4930094882905317,3.0
C101,extra_trees,metadata_only,O6,ET_E11,0.5269701597008437,0.6650414138863774,11.0
C101,extra_trees,weather_only,O1,ET_E02,0.43395752182666264,0.4886063220655959,2.0
C101,extra_trees,weather_only,O2,ET_E02,0.4306257014583709,0.48414940590056565,2.0
C101,extra_trees,weather_only,O3,ET_E03,0.39243023455706566,0.4255116511706011,3.0
C101,extra_trees,weather_only,O4,ET_E12,0.4239553926150754,0.47579767344880186,12.0
C101,extra_trees,weather_only,O5,ET_E12,0.42392814593709954,0.47579767344880186,12.0
C101,extra_trees,weather_only,O6,ET_E08,0.5131765982433526,0.6384866237766316,8.0
C101,hist_gradient_boosting,full,O1,HGB_E08,0.4452286023181247,0.504489341991247,8.0
C101,hist_gradient_boosting,full,O2,HGB_E12,0.4411001383757774,0.4893566814928879,12.0
C101,hist_gradient_boosting,full,O3,HGB_E03,0.39696662840539515,0.4283070894279404,3.0
C101,hist_gradient_boosting,full,O4,HGB_E03,0.4253415696986618,0.48550948732467697,3.0
C101,hist_gradient_boosting,full,O5,HGB_E03,0.42406397177876226,0.48550948732467697,3.0
C101,hist_gradient_boosting,full,O6,HGB_E03,0.5100659354319511,0.6202140233029346,3.0
C101,hist_gradient_boosting,metadata_only,O1,HGB_E01,0.44932501006985187,0.5092128535057493,1.0
C101,hist_gradient_boosting,metadata_only,O2,HGB_E02,0.44729817640495334,0.5050532405505699,2.0
C101,hist_gradient_boosting,metadata_only,O3,HGB_E07,0.4068499984959806,0.4453938062218984,7.0
C101,hist_gradient_boosting,metadata_only,O4,HGB_E07,0.4407040003730735,0.4930094880471678,7.0
C101,hist_gradient_boosting,metadata_only,O5,HGB_E05,0.433192590635367,0.4930094880433918,5.0
C101,hist_gradient_boosting,metadata_only,O6,HGB_E05,0.5269701597320854,0.6650414141535939,5.0
C101,hist_gradient_boosting,weather_only,O1,HGB_E08,0.44402095654220886,0.4960533664735979,8.0
C101,hist_gradient_boosting,weather_only,O2,HGB_E05,0.4423530593308491,0.4875797279809787,5.0
C101,hist_gradient_boosting,weather_only,O3,HGB_E03,0.3983036362834334,0.43114557359329436,3.0
C101,hist_gradient_boosting,weather_only,O4,HGB_E03,0.425953475851057,0.48214379979461275,3.0
C101,hist_gradient_boosting,weather_only,O5,HGB_E03,0.42365736754194017,0.48214379979461275,3.0
C101,hist_gradient_boosting,weather_only,O6,HGB_E03,0.5091875152096298,0.6211614971683325,3.0
C101,lightgbm,full,O1,LGB_E06,0.4481690061141799,0.5010726694180302,6.0
C101,lightgbm,full,O2,LGB_E08,0.4374033322469691,0.4770596616545981,8.0
C101,lightgbm,full,O3,LGB_E04,0.39758139254836783,0.42583610774975095,4.0
C101,lightgbm,full,O4,LGB_E03,0.4258023084248401,0.4838750388496646,3.0
C101,lightgbm,full,O5,LGB_E07,0.42427516947159605,0.484560231802808,7.0
C101,lightgbm,full,O6,LGB_E10,0.509990213287145,0.6260789913672636,10.0
C101,lightgbm,metadata_only,O1,LGB_E09,0.44932500988157825,0.5092128528691071,9.0
C101,lightgbm,metadata_only,O2,LGB_E04,0.4472981760113752,0.5050532401969239,4.0
C101,lightgbm,metadata_only,O3,LGB_E04,0.4068499982939015,0.4453938059239943,4.0
C101,lightgbm,metadata_only,O4,LGB_E04,0.44070400029795426,0.4930094879253658,4.0
C101,lightgbm,metadata_only,O5,LGB_E04,0.4331925904269572,0.4930094879253658,4.0
C101,lightgbm,metadata_only,O6,LGB_E04,0.5269701597590472,0.6650414150407724,4.0
C101,lightgbm,weather_only,O1,LGB_E02,0.45030381363090527,0.5058808280998425,2.0
C101,lightgbm,weather_only,O2,LGB_E04,0.4401893929920992,0.49747323611898037,4.0
C101,lightgbm,weather_only,O3,LGB_E04,0.3980212327664467,0.4240202328617515,4.0
C101,lightgbm,weather_only,O4,LGB_E03,0.4247571641925622,0.4831612746803195,3.0
C101,lightgbm,weather_only,O5,LGB_E03,0.4265822719463222,0.4831612746803195,3.0
C101,lightgbm,weather_only,O6,LGB_E07,0.51212532772794,0.6319247061154288,7.0
C101,linear_shrinkage,full,O1,LIN_E10,0.4469737530700619,0.5057163265698498,10.0
C101,linear_shrinkage,full,O2,LIN_E03,0.44449367098723586,0.5064931389333134,3.0
C101,linear_shrinkage,full,O3,LIN_E01,0.4041175053781077,0.4383098199310647,1.0
C101,linear_shrinkage,full,O4,LIN_E12,0.44070400030289186,0.49300948829053304,12.0
C101,linear_shrinkage,full,O5,LIN_E12,0.4331925906580398,0.49300948829053304,12.0
C101,linear_shrinkage,full,O6,LIN_E11,0.5238605164360396,0.6569503321746013,11.0
C101,linear_shrinkage,metadata_only,O1,LIN_E01,0.44932501004953956,0.5092128533759293,1.0
C101,linear_shrinkage,metadata_only,O2,LIN_E04,0.44729817650825554,0.5050532409612738,4.0
C101,linear_shrinkage,metadata_only,O3,LIN_E01,0.4068499984404846,0.4453938058601782,1.0
C101,linear_shrinkage,metadata_only,O4,LIN_E01,0.4407040003028908,0.4930094882905326,1.0
C101,linear_shrinkage,metadata_only,O5,LIN_E01,0.4331925906580388,0.4930094882905326,1.0
C101,linear_shrinkage,metadata_only,O6,LIN_E01,0.5269701597008454,0.6650414138863812,1.0
C101,linear_shrinkage,weather_only,O1,LIN_E10,0.44805282338428604,0.5057163103105752,10.0
C101,linear_shrinkage,weather_only,O2,LIN_E01,0.445637811654987,0.5034910879447276,1.0
C101,linear_shrinkage,weather_only,O3,LIN_E05,0.4059116053193224,0.4458991269437649,5.0
C101,linear_shrinkage,weather_only,O4,LIN_E12,0.44070400030289186,0.49300948829053304,12.0
C101,linear_shrinkage,weather_only,O5,LIN_E12,0.4331925906580398,0.49300948829053304,12.0
C101,linear_shrinkage,weather_only,O6,LIN_E11,0.5238605164360396,0.6569503321746013,11.0
C110,catboost,full,O1,CAT_C03,0.43753307175872685,0.4885565833792852,3.0
C110,catboost,full,O2,CAT_C03,0.42958949934296364,0.4871327140120831,3.0
C110,catboost,full,O3,CAT_C03,0.386132074097649,0.4234371366208557,3.0
C110,catboost,full,O4,CAT_C04,0.4169263611802971,0.47650372867794955,4.0
C110,catboost,full,O5,CAT_C03,0.4150823250978169,0.47376623519613487,3.0
C110,catboost,full,O6,CAT_C03,0.5041739519158122,0.6240353187301251,3.0
C110,catboost,metadata_only,O1,CAT_C04,0.4493250099438882,0.5092128532422817,4.0
C110,catboost,metadata_only,O2,CAT_C04,0.44729817643549646,0.5050532407239452,4.0
C110,catboost,metadata_only,O3,CAT_C01,0.4068499984791809,0.4453938061523987,1.0
C110,catboost,metadata_only,O4,CAT_C01,0.4407040003883873,0.49300948815242623,1.0
C110,catboost,metadata_only,O5,CAT_C01,0.4331925906202813,0.49300948815242623,1.0
C110,catboost,metadata_only,O6,CAT_C03,0.5269701597847365,0.665041414362245,3.0
C110,catboost,weather_only,O1,CAT_C04,0.43674604849259796,0.48701142297095334,4.0
C110,catboost,weather_only,O2,CAT_C03,0.43162712929445196,0.49046122846130485,3.0
C110,catboost,weather_only,O3,CAT_C03,0.38807954093294716,0.4240574559084761,3.0
C110,catboost,weather_only,O4,CAT_C03,0.4202329044370019,0.4768227940257392,3.0
C110,catboost,weather_only,O5,CAT_C03,0.4190802959244115,0.4768227940257392,3.0
C110,catboost,weather_only,O6,CAT_C01,0.5081257417396906,0.6252663222276484,1.0
C110,extra_trees,full,O1,ET_C01,0.4325291891275313,0.48437737097015277,1.0
C110,extra_trees,full,O2,ET_C02,0.4296669219002829,0.4869355262372355,2.0
C110,extra_trees,full,O3,ET_C04,0.3941525917689863,0.4314832860095435,4.0
C110,extra_trees,full,O4,ET_C02,0.42706833092923685,0.4764164172386789,2.0
C110,extra_trees,full,O5,ET_C02,0.42545074404791605,0.4764164172386789,2.0
C110,extra_trees,full,O6,ET_C02,0.5111086524017392,0.6375610582736299,2.0
C110,extra_trees,metadata_only,O1,ET_C01,0.4493250100495369,0.5092128533759248,1.0
C110,extra_trees,metadata_only,O2,ET_C01,0.4472981765082542,0.5050532409612783,1.0
C110,extra_trees,metadata_only,O3,ET_C01,0.4068499984404818,0.44539380586017413,1.0
C110,extra_trees,metadata_only,O4,ET_C01,0.44070400030288925,0.4930094882905325,1.0
C110,extra_trees,metadata_only,O5,ET_C01,0.4331925906580381,0.4930094882905325,1.0
C110,extra_trees,metadata_only,O6,ET_C01,0.5269701597008457,0.6650414138863838,1.0
C110,extra_trees,weather_only,O1,ET_C01,0.4358594733817735,0.4908873341252666,1.0
C110,extra_trees,weather_only,O2,ET_C02,0.43068359192963523,0.48107371807456173,2.0
C110,extra_trees,weather_only,O3,ET_C04,0.39427437491932277,0.4293794753390014,4.0
C110,extra_trees,weather_only,O4,ET_C02,0.42497852466042346,0.4747760044425567,2.0
C110,extra_trees,weather_only,O5,ET_C04,0.42436911445698944,0.478467918173062,4.0
C110,extra_trees,weather_only,O6,ET_C04,0.5131231107245956,0.6364160802038706,4.0
C110,hist_gradient_boosting,full,O1,HGB_C03,0.45045918857765094,0.49590619146849696,3.0
C110,hist_gradient_boosting,full,O2,HGB_C03,0.44685056126605227,0.4937943733167841,3.0
C110,hist_gradient_boosting,full,O3,HGB_C01,0.40244672441064694,0.43339563766547906,1.0
C110,hist_gradient_boosting,full,O4,HGB_C01,0.42836261188416547,0.485674468152634,1.0
C110,hist_gradient_boosting,full,O5,HGB_C01,0.4251100369647087,0.485674468152634,1.0
C110,hist_gradient_boosting,full,O6,HGB_C01,0.5097391956747686,0.6199052059645627,1.0
C110,hist_gradient_boosting,metadata_only,O1,HGB_C01,0.4493250100831305,0.5092128534563201,1.0
C110,hist_gradient_boosting,metadata_only,O2,HGB_C01,0.4472981764151284,0.5050532405896566,1.0
C110,hist_gradient_boosting,metadata_only,O3,HGB_C04,0.4068499984993748,0.445393806241976,4.0
C110,hist_gradient_boosting,metadata_only,O4,HGB_C04,0.4407040003761531,0.49300948802714656,4.0
C110,hist_gradient_boosting,metadata_only,O5,HGB_C01,0.4331925906539786,0.4930094880678105,1.0
C110,hist_gradient_boosting,metadata_only,O6,HGB_C01,0.5269701597410306,0.665041414190203,1.0
C110,hist_gradient_boosting,weather_only,O1,HGB_C03,0.4492756015241483,0.5051831096353353,3.0
C110,hist_gradient_boosting,weather_only,O2,HGB_C04,0.44141646956156794,0.482923588530905,4.0
C110,hist_gradient_boosting,weather_only,O3,HGB_C01,0.4019394321972056,0.42980923188028486,1.0
C110,hist_gradient_boosting,weather_only,O4,HGB_C01,0.4285557301618084,0.4884244010513704,1.0
C110,hist_gradient_boosting,weather_only,O5,HGB_C01,0.4266940103220154,0.4884244010513704,1.0
C110,hist_gradient_boosting,weather_only,O6,HGB_C01,0.5112242763968285,0.6210243557782097,1.0
C110,lightgbm,full,O1,LGB_C01,0.4580247605629211,0.5121240411142263,1.0
C110,lightgbm,full,O2,LGB_C04,0.4462059117917608,0.4997790161866243,4.0
C110,lightgbm,full,O3,LGB_C03,0.4005543266770277,0.42520373154072616,3.0
C110,lightgbm,full,O4,LGB_C03,0.4255958663118859,0.4833130756775395,3.0
C110,lightgbm,full,O5,LGB_C01,0.4214949033505096,0.4825421133340168,1.0
C110,lightgbm,full,O6,LGB_C01,0.5094441474893981,0.629917790264617,1.0
C110,lightgbm,metadata_only,O1,LGB_C02,0.44932501001832614,0.5092128528505049,2.0
C110,lightgbm,metadata_only,O2,LGB_C01,0.4472981759818068,0.5050532401055855,1.0
C110,lightgbm,metadata_only,O3,LGB_C01,0.4068499983447382,0.44539380594019473,1.0
C110,lightgbm,metadata_only,O4,LGB_C01,0.4407040004459746,0.4930094882033494,1.0
C110,lightgbm,metadata_only,O5,LGB_C01,0.43319259060281157,0.4930094882033494,1.0
C110,lightgbm,metadata_only,O6,LGB_C01,0.526970159866753,0.6650414149862036,1.0
C110,lightgbm,weather_only,O1,LGB_C04,0.4557949927534717,0.5163058848944133,4.0
C110,lightgbm,weather_only,O2,LGB_C02,0.4474228559775783,0.5115520594126325,2.0
C110,lightgbm,weather_only,O3,LGB_C03,0.40019527924624887,0.426933772453212,3.0
C110,lightgbm,weather_only,O4,LGB_C03,0.42695697553938605,0.486437416878453,3.0
C110,lightgbm,weather_only,O5,LGB_C03,0.423707796787622,0.486437416878453,3.0
C110,lightgbm,weather_only,O6,LGB_C01,0.5101280914746441,0.6238899576500934,1.0
C110,linear_shrinkage,full,O1,LIN_C04,0.44697375307006104,0.5057163265698469,4.0
C110,linear_shrinkage,full,O2,LIN_C02,0.4444936709872367,0.5064931389333154,2.0
C110,linear_shrinkage,full,O3,LIN_C01,0.4041255036591133,0.43844913068362723,1.0
C110,linear_shrinkage,full,O4,LIN_C01,0.4415211727397134,0.5001967930067304,1.0
C110,linear_shrinkage,full,O5,LIN_C04,0.43534611031458254,0.4950922345987151,4.0
C110,linear_shrinkage,full,O6,LIN_C04,0.5241179638861403,0.6544918132446795,4.0
C110,linear_shrinkage,metadata_only,O1,LIN_C01,0.44932501004953945,0.5092128533759293,1.0
C110,linear_shrinkage,metadata_only,O2,LIN_C04,0.447298176508256,0.5050532409612714,4.0
C110,linear_shrinkage,metadata_only,O3,LIN_C01,0.4068499984404849,0.4453938058601783,1.0
C110,linear_shrinkage,metadata_only,O4,LIN_C01,0.4407040003028912,0.49300948829053354,1.0
C110,linear_shrinkage,metadata_only,O5,LIN_C01,0.4331925906580383,0.49300948829053354,1.0
C110,linear_shrinkage,metadata_only,O6,LIN_C01,0.5269701597008473,0.6650414138863885,1.0
C110,linear_shrinkage,weather_only,O1,LIN_C04,0.4480528233842838,0.5057163103105724,4.0
C110,linear_shrinkage,weather_only,O2,LIN_C01,0.44563890098387304,0.5034947714986862,1.0
C110,linear_shrinkage,weather_only,O3,LIN_C03,0.4060334516697301,0.44480037513223764,3.0
C110,linear_shrinkage,weather_only,O4,LIN_C03,0.44305077849498886,0.49963893709642604,3.0
C110,linear_shrinkage,weather_only,O5,LIN_C04,0.4348948267088076,0.49512977900455446,4.0
C110,linear_shrinkage,weather_only,O6,LIN_C04,0.5241031062701299,0.6546129510452074,4.0
C111,catboost,full,O1,CAT_E12,0.43502837850324266,0.4835715491415266,12.0
C111,catboost,full,O2,CAT_E09,0.4285450992549024,0.48214813967197073,9.0
C111,catboost,full,O3,CAT_E10,0.3868353954335153,0.4220446928537138,10.0
C111,catboost,full,O4,CAT_E12,0.4187126651908158,0.46841847760073124,12.0
C111,catboost,full,O5,CAT_E11,0.4147521789039558,0.4745096161379772,11.0
C111,catboost,full,O6,CAT_E11,0.5046732874757582,0.6267633093069085,11.0
C111,catboost,metadata_only,O1,CAT_E09,0.44932500994360125,0.5092128532426191,9.0
C111,catboost,metadata_only,O2,CAT_E02,0.44729817642904673,0.5050532407322378,2.0
C111,catboost,metadata_only,O3,CAT_E01,0.40684999846013437,0.4453938060984057,1.0
C111,catboost,metadata_only,O4,CAT_E01,0.44070400036475976,0.49300948818455304,1.0
C111,catboost,metadata_only,O5,CAT_E04,0.4331925906009883,0.4930094881560839,4.0
C111,catboost,metadata_only,O6,CAT_E04,0.526970159765476,0.6650414143266044,4.0
C111,catboost,weather_only,O1,CAT_E09,0.4336637087885899,0.48556913919875766,9.0
C111,catboost,weather_only,O2,CAT_E09,0.4306676899469493,0.4864071482209183,9.0
C111,catboost,weather_only,O3,CAT_E11,0.3888621307390087,0.42362562205129806,11.0
C111,catboost,weather_only,O4,CAT_E09,0.42007806227190897,0.4736635679520753,9.0
C111,catboost,weather_only,O5,CAT_E07,0.41774975468524445,0.47357385502938976,7.0
C111,catboost,weather_only,O6,CAT_E05,0.5080575709898079,0.6268049302545117,5.0
C111,extra_trees,full,O1,ET_E10,0.4325291891275313,0.48437737097015277,10.0
C111,extra_trees,full,O2,ET_E10,0.4298800139573682,0.4808737897492984,10.0
C111,extra_trees,full,O3,ET_E03,0.39207252621071814,0.4253114546714917,3.0
C111,extra_trees,full,O4,ET_E03,0.4251252524685312,0.4734025837408555,3.0
C111,extra_trees,full,O5,ET_E03,0.4215587175216567,0.4734025837408555,3.0
C111,extra_trees,full,O6,ET_E03,0.5078603105819556,0.6355664981741433,3.0
C111,extra_trees,metadata_only,O1,ET_E01,0.4493250100495369,0.5092128533759248,1.0
C111,extra_trees,metadata_only,O2,ET_E12,0.4472981765082542,0.505053240961278,12.0
C111,extra_trees,metadata_only,O3,ET_E03,0.40684999844048125,0.44539380586017413,3.0
C111,extra_trees,metadata_only,O4,ET_E03,0.44070400030288864,0.4930094882905325,3.0
C111,extra_trees,metadata_only,O5,ET_E06,0.43319259065803745,0.4930094882905327,6.0
C111,extra_trees,metadata_only,O6,ET_E10,0.5269701597008457,0.6650414138863838,10.0
C111,extra_trees,weather_only,O1,ET_E02,0.4337054433036149,0.4885993294254105,2.0
C111,extra_trees,weather_only,O2,ET_E03,0.4312429873232511,0.4887649319516076,3.0
C111,extra_trees,weather_only,O3,ET_E03,0.39250990046838874,0.4256002829419542,3.0
C111,extra_trees,weather_only,O4,ET_E12,0.4238694933125922,0.47551780696779866,12.0
C111,extra_trees,weather_only,O5,ET_E12,0.4238716576303944,0.47551780696779866,12.0
C111,extra_trees,weather_only,O6,ET_E08,0.5131944192024974,0.6384359213517943,8.0
C111,hist_gradient_boosting,full,O1,HGB_E08,0.44522860231800715,0.5044893419912332,8.0
C111,hist_gradient_boosting,full,O2,HGB_E12,0.44110013837594647,0.48935668149289363,12.0
C111,hist_gradient_boosting,full,O3,HGB_E03,0.3969666284054007,0.4283070894279579,3.0
C111,hist_gradient_boosting,full,O4,HGB_E03,0.42534156969866815,0.48550948732467814,3.0
C111,hist_gradient_boosting,full,O5,HGB_E03,0.42406397177876093,0.48550948732467814,3.0
C111,hist_gradient_boosting,full,O6,HGB_E03,0.5100659354319486,0.6202140233029312,3.0
C111,hist_gradient_boosting,metadata_only,O1,HGB_E01,0.4493250100637202,0.5092128534844753,1.0
C111,hist_gradient_boosting,metadata_only,O2,HGB_E02,0.4472981764049533,0.5050532405505727,2.0
C111,hist_gradient_boosting,metadata_only,O3,HGB_E07,0.40684999849783793,0.4453938062218959,7.0
C111,hist_gradient_boosting,metadata_only,O4,HGB_E07,0.4407040003721306,0.49300948804434186,7.0
C111,hist_gradient_boosting,metadata_only,O5,HGB_E05,0.4331925906364326,0.493009488043393,5.0
C111,hist_gradient_boosting,metadata_only,O6,HGB_E05,0.526970159733083,0.6650414141546936,5.0
C111,hist_gradient_boosting,weather_only,O1,HGB_E08,0.4440205644380901,0.4960533664735353,8.0
C111,hist_gradient_boosting,weather_only,O2,HGB_E05,0.4423530593308483,0.48757972798098165,5.0
C111,hist_gradient_boosting,weather_only,O3,HGB_E03,0.3983036362834333,0.43114557359329436,3.0
C111,hist_gradient_boosting,weather_only,O4,HGB_E03,0.4259534758510573,0.4821437997946138,3.0
C111,hist_gradient_boosting,weather_only,O5,HGB_E03,0.4236573675419388,0.4821437997946138,3.0
C111,hist_gradient_boosting,weather_only,O6,HGB_E03,0.5091875152096237,0.6211614971683185,3.0
C111,lightgbm,full,O1,LGB_E06,0.4481690061141781,0.5010726694180268,6.0
C111,lightgbm,full,O2,LGB_E08,0.43740333224696587,0.4770596616545965,8.0
C111,lightgbm,full,O3,LGB_E04,0.3975813925483653,0.42583610774974867,4.0
C111,lightgbm,full,O4,LGB_E03,0.42580230842483946,0.483875038849665,3.0
C111,lightgbm,full,O5,LGB_E07,0.4242751694715956,0.4845602318028084,7.0
C111,lightgbm,full,O6,LGB_E10,0.5099902132871427,0.6260789913672582,10.0
C111,lightgbm,metadata_only,O1,LGB_E09,0.4493250098815764,0.5092128528691039,9.0
C111,lightgbm,metadata_only,O2,LGB_E04,0.4472981760113722,0.5050532401969222,4.0
C111,lightgbm,metadata_only,O3,LGB_E04,0.40684999829389906,0.44539380592399214,4.0
C111,lightgbm,metadata_only,O4,LGB_E04,0.4407040002979537,0.4930094879253663,4.0
C111,lightgbm,metadata_only,O5,LGB_E04,0.43319259042695685,0.4930094879253663,4.0
C111,lightgbm,metadata_only,O6,LGB_E04,0.5269701597590445,0.6650414150407657,4.0
C111,lightgbm,weather_only,O1,LGB_E02,0.4503038136309036,0.5058808280998393,2.0
C111,lightgbm,weather_only,O2,LGB_E04,0.4401893929920961,0.49747323611897887,4.0
C111,lightgbm,weather_only,O3,LGB_E04,0.39802123276644413,0.4240202328617491,4.0
C111,lightgbm,weather_only,O4,LGB_E03,0.42475716419256154,0.4831612746803198,3.0
C111,lightgbm,weather_only,O5,LGB_E03,0.42658227194632176,0.4831612746803198,3.0
C111,lightgbm,weather_only,O6,LGB_E07,0.5121253277279375,0.6319247061154234,7.0
C111,linear_shrinkage,full,O1,LIN_E10,0.44697375307006104,0.5057163265698469,10.0
C111,linear_shrinkage,full,O2,LIN_E03,0.4444936709872367,0.5064931389333154,3.0
C111,linear_shrinkage,full,O3,LIN_E01,0.4041175053781078,0.4383098199310645,1.0
C111,linear_shrinkage,full,O4,LIN_E12,0.4407040003028914,0.4930094882905343,12.0
C111,linear_shrinkage,full,O5,LIN_E12,0.43319259065803867,0.4930094882905343,12.0
C111,linear_shrinkage,full,O6,LIN_E11,0.5238605164360408,0.6569503321746082,11.0
C111,linear_shrinkage,metadata_only,O1,LIN_E01,0.44932501004953945,0.5092128533759293,1.0
C111,linear_shrinkage,metadata_only,O2,LIN_E06,0.447298176508256,0.5050532409612714,6.0
C111,linear_shrinkage,metadata_only,O3,LIN_E01,0.4068499984404848,0.4453938058601783,1.0
C111,linear_shrinkage,metadata_only,O4,LIN_E01,0.4407040003028911,0.49300948829053354,1.0
C111,linear_shrinkage,metadata_only,O5,LIN_E01,0.4331925906580383,0.49300948829053354,1.0
C111,linear_shrinkage,metadata_only,O6,LIN_E01,0.5269701597008473,0.6650414138863885,1.0
C111,linear_shrinkage,weather_only,O1,LIN_E10,0.4480528233842838,0.5057163103105724,10.0
C111,linear_shrinkage,weather_only,O2,LIN_E01,0.445637811654988,0.5034910879447296,1.0
C111,linear_shrinkage,weather_only,O3,LIN_E05,0.40591160531932263,0.44589912694376416,5.0
C111,linear_shrinkage,weather_only,O4,LIN_E12,0.4407040003028914,0.4930094882905343,12.0
C111,linear_shrinkage,weather_only,O5,LIN_E12,0.43319259065803867,0.4930094882905343,12.0
C111,linear_shrinkage,weather_only,O6,LIN_E11,0.5238605164360408,0.6569503321746082,11.0
C200,catboost,full,O1,CAT_C04,0.4382248153003103,0.4884716537520348,4.0
C200,catboost,full,O2,CAT_C03,0.42711240006559853,0.4778305843402845,3.0
C200,catboost,full,O3,CAT_C01,0.3957180883792529,0.4282397584213175,1.0
C200,catboost,full,O4,CAT_C01,0.4288211759975998,0.4791149218835771,1.0
C200,catboost,full,O5,CAT_C01,0.42468635262504995,0.4791149218835771,1.0
C200,catboost,full,O6,CAT_C01,0.5079893461806272,0.6290178283546364,1.0
C200,catboost,metadata_only,O1,CAT_C04,0.4493250099438901,0.5092128532422849,4.0
C200,catboost,metadata_only,O2,CAT_C04,0.4472981764354995,0.505053240723947,4.0
C200,catboost,metadata_only,O3,CAT_C01,0.4068499984791834,0.4453938061524009,1.0
C200,catboost,metadata_only,O4,CAT_C01,0.4407040003883879,0.4930094881524258,1.0
C200,catboost,metadata_only,O5,CAT_C01,0.43319259062028165,0.4930094881524258,1.0
C200,catboost,metadata_only,O6,CAT_C03,0.5269701597847392,0.6650414143622516,3.0
C200,catboost,weather_only,O1,CAT_C03,0.43632332910667354,0.4869926231297618,3.0
C200,catboost,weather_only,O2,CAT_C03,0.43076977601263305,0.48188422786723534,3.0
C200,catboost,weather_only,O3,CAT_C01,0.39630625082832927,0.43294573803106506,1.0
C200,catboost,weather_only,O4,CAT_C01,0.42886314906798223,0.47537058538835253,1.0
C200,catboost,weather_only,O5,CAT_C01,0.42519746648431705,0.47537058538835253,1.0
C200,catboost,weather_only,O6,CAT_C01,0.5082980388511352,0.6275748408849836,1.0
C200,extra_trees,full,O1,ET_C02,0.4446234885171892,0.4850476134697213,2.0
C200,extra_trees,full,O2,ET_C02,0.4213290765938574,0.4641419299330207,2.0
C200,extra_trees,full,O3,ET_C04,0.39340183115134447,0.42645466266394744,4.0
C200,extra_trees,full,O4,ET_C04,0.4279513269667352,0.4777920924963389,4.0
C200,extra_trees,full,O5,ET_C04,0.42600765140407865,0.4777920924963389,4.0
C200,extra_trees,full,O6,ET_C02,0.5071487996634999,0.6225480832649609,2.0
C200,extra_trees,metadata_only,O1,ET_C01,0.44932501004953695,0.5092128533759249,1.0
C200,extra_trees,metadata_only,O2,ET_C03,0.44729817650825315,0.5050532409612755,3.0
C200,extra_trees,metadata_only,O3,ET_C01,0.4068499984404816,0.4453938058601741,1.0
C200,extra_trees,metadata_only,O4,ET_C01,0.44070400030288887,0.4930094882905317,1.0
C200,extra_trees,metadata_only,O5,ET_C03,0.43319259065803833,0.4930094882905319,3.0
C200,extra_trees,metadata_only,O6,ET_C04,0.5269701597008437,0.665041413886377,4.0
C200,extra_trees,weather_only,O1,ET_C02,0.444798717027533,0.48808545910847884,2.0
C200,extra_trees,weather_only,O2,ET_C02,0.4254267793510305,0.47257966094234827,2.0
C200,extra_trees,weather_only,O3,ET_C04,0.3951763714078346,0.42556799389936417,4.0
C200,extra_trees,weather_only,O4,ET_C04,0.4270653240328714,0.47726279051760967,4.0
C200,extra_trees,weather_only,O5,ET_C04,0.4261236304340616,0.47726279051760967,4.0
C200,extra_trees,weather_only,O6,ET_C04,0.5098355461101787,0.6295009347099915,4.0
C200,hist_gradient_boosting,full,O1,HGB_C03,0.4270895734491509,0.4613954238208627,3.0
C200,hist_gradient_boosting,full,O2,HGB_C01,0.42683099807825303,0.45710421076682606,1.0
C200,hist_gradient_boosting,full,O3,HGB_C01,0.4049951914550367,0.43522672426219083,1.0
C200,hist_gradient_boosting,full,O4,HGB_C01,0.43904645091127065,0.490315837574444,1.0
C200,hist_gradient_boosting,full,O5,HGB_C01,0.4396197900991075,0.490315837574444,1.0
C200,hist_gradient_boosting,full,O6,HGB_C01,0.5144436864926283,0.6160684800777394,1.0
C200,hist_gradient_boosting,metadata_only,O1,HGB_C01,0.4493250100882102,0.5092128534769452,1.0
C200,hist_gradient_boosting,metadata_only,O2,HGB_C01,0.44729817641181757,0.5050532405852446,1.0
C200,hist_gradient_boosting,metadata_only,O3,HGB_C04,0.40684999850027775,0.44539380624606356,4.0
C200,hist_gradient_boosting,metadata_only,O4,HGB_C04,0.44070400037751517,0.4930094880271452,4.0
C200,hist_gradient_boosting,metadata_only,O5,HGB_C01,0.433192590656797,0.49300948806780925,1.0
C200,hist_gradient_boosting,metadata_only,O6,HGB_C01,0.5269701597425713,0.6650414141863702,1.0
C200,hist_gradient_boosting,weather_only,O1,HGB_C03,0.42661604758939947,0.46113309071919434,3.0
C200,hist_gradient_boosting,weather_only,O2,HGB_C01,0.4286299110037197,0.4650446947130844,1.0
C200,hist_gradient_boosting,weather_only,O3,HGB_C01,0.4042635710047932,0.435040969401999,1.0
C200,hist_gradient_boosting,weather_only,O4,HGB_C01,0.43810513658313827,0.4873287656311109,1.0
C200,hist_gradient_boosting,weather_only,O5,HGB_C01,0.43971415211431447,0.4873287656311109,1.0
C200,hist_gradient_boosting,weather_only,O6,HGB_C01,0.5135138384297201,0.6133447336625215,1.0
C200,lightgbm,full,O1,LGB_C02,0.42445809755646097,0.4681612298213181,2.0
C200,lightgbm,full,O2,LGB_C04,0.4276349924122367,0.45551120309257237,4.0
C200,lightgbm,full,O3,LGB_C01,0.4012609647309519,0.4357453989706832,1.0
C200,lightgbm,full,O4,LGB_C01,0.43640538431501946,0.49004937413960115,1.0
C200,lightgbm,full,O5,LGB_C01,0.43879977973791034,0.49004937413960115,1.0
C200,lightgbm,full,O6,LGB_C04,0.5134303804375845,0.6105346997119961,4.0
C200,lightgbm,metadata_only,O1,LGB_C02,0.4493250100183281,0.5092128528505081,2.0
C200,lightgbm,metadata_only,O2,LGB_C01,0.44729817598180993,0.5050532401055873,1.0
C200,lightgbm,metadata_only,O3,LGB_C01,0.40684999834474067,0.44539380594019684,1.0
C200,lightgbm,metadata_only,O4,LGB_C01,0.4407040004459751,0.4930094882033489,1.0
C200,lightgbm,metadata_only,O5,LGB_C01,0.433192590602812,0.4930094882033489,1.0
C200,lightgbm,metadata_only,O6,LGB_C01,0.5269701598667555,0.6650414149862102,1.0
C200,lightgbm,weather_only,O1,LGB_C04,0.42280624800955763,0.4733987170263845,4.0
C200,lightgbm,weather_only,O2,LGB_C03,0.4301382451727372,0.47170624366834046,3.0
C200,lightgbm,weather_only,O3,LGB_C03,0.4008891131737243,0.4374073970774994,3.0
C200,lightgbm,weather_only,O4,LGB_C03,0.4364030932166312,0.4878430349010926,3.0
C200,lightgbm,weather_only,O5,LGB_C04,0.4351395571580634,0.47326913191248565,4.0
C200,lightgbm,weather_only,O6,LGB_C04,0.5124408313216571,0.6211693845904334,4.0
C200,linear_shrinkage,full,O1,LIN_C01,0.437552423043896,0.4889554647010497,1.0
C200,linear_shrinkage,full,O2,LIN_C01,0.4403077119967745,0.49231139465447016,1.0
C200,linear_shrinkage,full,O3,LIN_C01,0.403261247568046,0.4503398542366738,1.0
C200,linear_shrinkage,full,O4,LIN_C04,0.44277374071084824,0.4876948379864406,4.0
C200,linear_shrinkage,full,O5,LIN_C04,0.4311271206818661,0.4876948379864406,4.0
C200,linear_shrinkage,full,O6,LIN_C04,0.5208310579841309,0.6528982445451875,4.0
C200,linear_shrinkage,metadata_only,O1,LIN_C01,0.44932501004953956,0.5092128533759293,1.0
C200,linear_shrinkage,metadata_only,O2,LIN_C03,0.44729817650825554,0.5050532409612738,3.0
C200,linear_shrinkage,metadata_only,O3,LIN_C01,0.4068499984404846,0.44539380586017824,1.0
C200,linear_shrinkage,metadata_only,O4,LIN_C01,0.4407040003028908,0.4930094882905326,1.0
C200,linear_shrinkage,metadata_only,O5,LIN_C01,0.4331925906580388,0.4930094882905326,1.0
C200,linear_shrinkage,metadata_only,O6,LIN_C01,0.5269701597008454,0.6650414138863812,1.0
C200,linear_shrinkage,weather_only,O1,LIN_C01,0.44291573162909675,0.49141565461201925,1.0
C200,linear_shrinkage,weather_only,O2,LIN_C02,0.446270646321186,0.4896526579241974,2.0
C200,linear_shrinkage,weather_only,O3,LIN_C04,0.4078640056036937,0.45502390406408727,4.0
C200,linear_shrinkage,weather_only,O4,LIN_C04,0.44183135963132464,0.4880235112598544,4.0
C200,linear_shrinkage,weather_only,O5,LIN_C03,0.4309045918034468,0.49006197148566605,3.0
C200,linear_shrinkage,weather_only,O6,LIN_C04,0.5206763759441202,0.6516604492197572,4.0
C201,catboost,full,O1,CAT_E10,0.43795940321236193,0.48784170527405324,10.0
C201,catboost,full,O2,CAT_E09,0.4227930509239562,0.4669758247177156,9.0
C201,catboost,full,O3,CAT_E07,0.39358641547554707,0.42281864358244875,7.0
C201,catboost,full,O4,CAT_E07,0.42718473665836604,0.4781000682323603,7.0
C201,catboost,full,O5,CAT_E04,0.4238956383676986,0.4802001828678647,4.0
C201,catboost,full,O6,CAT_E07,0.5070522368413298,0.6294833901195597,7.0
C201,catboost,metadata_only,O1,CAT_E09,0.4493250099436032,0.5092128532426224,9.0
C201,catboost,metadata_only,O2,CAT_E02,0.44729817642904984,0.5050532407322396,2.0
C201,catboost,metadata_only,O3,CAT_E01,0.40684999846013686,0.44539380609840795,1.0
C201,catboost,metadata_only,O4,CAT_E01,0.44070400036476043,0.4930094881845526,1.0
C201,catboost,metadata_only,O5,CAT_E04,0.43319259060098875,0.4930094881560835,4.0
C201,catboost,metadata_only,O6,CAT_E04,0.5269701597654786,0.6650414143266108,4.0
C201,catboost,weather_only,O1,CAT_E05,0.43539104216765595,0.4894773103149126,5.0
C201,catboost,weather_only,O2,CAT_E12,0.4272653193903928,0.47225000526350625,12.0
C201,catboost,weather_only,O3,CAT_E01,0.3956995161568335,0.4306564680027979,1.0
C201,catboost,weather_only,O4,CAT_E07,0.4288940599807322,0.4761992601261343,7.0
C201,catboost,weather_only,O5,CAT_E01,0.4252716973987452,0.4783404581042664,1.0
C201,catboost,weather_only,O6,CAT_E07,0.5098158730899042,0.6344341388795592,7.0
C201,extra_trees,full,O1,ET_E03,0.44123905173131067,0.4866335466320697,3.0
C201,extra_trees,full,O2,ET_E02,0.42357753087131117,0.4722955975512186,2.0
C201,extra_trees,full,O3,ET_E07,0.3938130031245324,0.4256023286808765,7.0
C201,extra_trees,full,O4,ET_E12,0.4280868921883074,0.47866260136685806,12.0
C201,extra_trees,full,O5,ET_E09,0.4250673667383449,0.4795878262147762,9.0
C201,extra_trees,full,O6,ET_E03,0.5065323370652178,0.6250613602246333,3.0
C201,extra_trees,metadata_only,O1,ET_E01,0.44932501004953695,0.5092128533759249,1.0
C201,extra_trees,metadata_only,O2,ET_E07,0.4472981765082533,0.505053240961276,7.0
C201,extra_trees,metadata_only,O3,ET_E03,0.40684999844048103,0.4453938058601741,3.0
C201,extra_trees,metadata_only,O4,ET_E03,0.44070400030288837,0.4930094882905317,3.0
C201,extra_trees,metadata_only,O5,ET_E03,0.43319259065803806,0.4930094882905317,3.0
C201,extra_trees,metadata_only,O6,ET_E11,0.5269701597008437,0.6650414138863774,11.0
C201,extra_trees,weather_only,O1,ET_E02,0.44076788445600174,0.4835745446622119,2.0
C201,extra_trees,weather_only,O2,ET_E02,0.42514287217846397,0.47351536940791994,2.0
C201,extra_trees,weather_only,O3,ET_E07,0.3954170649363524,0.4272246176046696,7.0
C201,extra_trees,weather_only,O4,ET_E12,0.4269246111442875,0.4754564899738925,12.0
C201,extra_trees,weather_only,O5,ET_E12,0.4256861189036198,0.4754564899738925,12.0
C201,extra_trees,weather_only,O6,ET_E12,0.5097060214976855,0.6324375783197406,12.0
C201,hist_gradient_boosting,full,O1,HGB_E07,0.4238652872446336,0.456832622162547,7.0
C201,hist_gradient_boosting,full,O2,HGB_E03,0.4249804015901881,0.4668745559470273,3.0
C201,hist_gradient_boosting,full,O3,HGB_E03,0.3978390702323516,0.4307366391440663,3.0
C201,hist_gradient_boosting,full,O4,HGB_E03,0.4339135334434066,0.48555339931263547,3.0
C201,hist_gradient_boosting,full,O5,HGB_E03,0.4344772740448595,0.48555339931263547,3.0
C201,hist_gradient_boosting,full,O6,HGB_E03,0.5109639635680887,0.6149106304432057,3.0
C201,hist_gradient_boosting,metadata_only,O1,HGB_E01,0.44932501006985187,0.5092128535057493,1.0
C201,hist_gradient_boosting,metadata_only,O2,HGB_E02,0.44729817640495334,0.5050532405505699,2.0
C201,hist_gradient_boosting,metadata_only,O3,HGB_E07,0.4068499984959806,0.4453938062218984,7.0
C201,hist_gradient_boosting,metadata_only,O4,HGB_E07,0.4407040003730735,0.4930094880471678,7.0
C201,hist_gradient_boosting,metadata_only,O5,HGB_E05,0.433192590635367,0.4930094880433918,5.0
C201,hist_gradient_boosting,metadata_only,O6,HGB_E05,0.5269701597320854,0.6650414141535939,5.0
C201,hist_gradient_boosting,weather_only,O1,HGB_E05,0.42524238820809424,0.46182121675922017,5.0
C201,hist_gradient_boosting,weather_only,O2,HGB_E03,0.4250206072055474,0.47517436339650226,3.0
C201,hist_gradient_boosting,weather_only,O3,HGB_E03,0.3965103236877801,0.4253917085679906,3.0
C201,hist_gradient_boosting,weather_only,O4,HGB_E03,0.43235171074609635,0.48201991082709805,3.0
C201,hist_gradient_boosting,weather_only,O5,HGB_E03,0.4350967043235639,0.48201991082709805,3.0
C201,hist_gradient_boosting,weather_only,O6,HGB_E03,0.5108079638984934,0.6167772915679888,3.0
C201,lightgbm,full,O1,LGB_E06,0.4251465924318749,0.45601609663243764,6.0
C201,lightgbm,full,O2,LGB_E02,0.4222747995785983,0.4522413561624296,2.0
C201,lightgbm,full,O3,LGB_E02,0.398171810317076,0.4350174010974738,2.0
C201,lightgbm,full,O4,LGB_E04,0.43515136248929115,0.4902702396458087,4.0
C201,lightgbm,full,O5,LGB_E04,0.43527697902538426,0.4902702396458087,4.0
C201,lightgbm,full,O6,LGB_E10,0.5137871774186561,0.619579486266996,10.0
C201,lightgbm,metadata_only,O1,LGB_E09,0.44932500988157825,0.5092128528691071,9.0
C201,lightgbm,metadata_only,O2,LGB_E04,0.4472981760113752,0.5050532401969239,4.0
C201,lightgbm,metadata_only,O3,LGB_E04,0.4068499982939015,0.4453938059239943,4.0
C201,lightgbm,metadata_only,O4,LGB_E04,0.44070400029795426,0.4930094879253658,4.0
C201,lightgbm,metadata_only,O5,LGB_E04,0.4331925904269572,0.4930094879253658,4.0
C201,lightgbm,metadata_only,O6,LGB_E04,0.5269701597590472,0.6650414150407724,4.0
C201,lightgbm,weather_only,O1,LGB_E06,0.42439376511703375,0.45382772960436063,6.0
C201,lightgbm,weather_only,O2,LGB_E08,0.42281159724273615,0.44805450785402146,8.0
C201,lightgbm,weather_only,O3,LGB_E02,0.39757224368322025,0.4320807203236767,2.0
C201,lightgbm,weather_only,O4,LGB_E02,0.4342315301690283,0.49187433499083366,2.0
C201,lightgbm,weather_only,O5,LGB_E10,0.43555127449214476,0.4775804981100664,10.0
C201,lightgbm,weather_only,O6,LGB_E03,0.5125058330303198,0.6182978833025068,3.0
C201,linear_shrinkage,full,O1,LIN_E01,0.4375096394974452,0.4887563863354683,1.0
C201,linear_shrinkage,full,O2,LIN_E01,0.4402561384555592,0.49223629590363943,1.0
C201,linear_shrinkage,full,O3,LIN_E01,0.4032263408332047,0.45033812420675395,1.0
C201,linear_shrinkage,full,O4,LIN_E11,0.4406047782645637,0.4879803035130732,11.0
C201,linear_shrinkage,full,O5,LIN_E11,0.4305878027653723,0.4879803035130732,11.0
C201,linear_shrinkage,full,O6,LIN_E10,0.5208310579841309,0.6528982445451875,10.0
C201,linear_shrinkage,metadata_only,O1,LIN_E01,0.44932501004953956,0.5092128533759293,1.0
C201,linear_shrinkage,metadata_only,O2,LIN_E04,0.44729817650825554,0.5050532409612738,4.0
C201,linear_shrinkage,metadata_only,O3,LIN_E01,0.4068499984404846,0.4453938058601782,1.0
C201,linear_shrinkage,metadata_only,O4,LIN_E01,0.4407040003028908,0.4930094882905326,1.0
C201,linear_shrinkage,metadata_only,O5,LIN_E01,0.4331925906580388,0.4930094882905326,1.0
C201,linear_shrinkage,metadata_only,O6,LIN_E01,0.5269701597008454,0.6650414138863812,1.0
C201,linear_shrinkage,weather_only,O1,LIN_E01,0.44291553299051234,0.4913829798179039,1.0
C201,linear_shrinkage,weather_only,O2,LIN_E07,0.44620140517865686,0.4911559501593032,7.0
C201,linear_shrinkage,weather_only,O3,LIN_E12,0.40684999844048675,0.4453938058601815,12.0
C201,linear_shrinkage,weather_only,O4,LIN_E11,0.4406047801510646,0.4879803035130732,11.0
C201,linear_shrinkage,weather_only,O5,LIN_E05,0.4305740011327323,0.4880278794760541,5.0
C201,linear_shrinkage,weather_only,O6,LIN_E10,0.5206763759441202,0.6516604492197572,10.0
C210,catboost,full,O1,CAT_C04,0.4382248153003088,0.4884716537520319,4.0
C210,catboost,full,O2,CAT_C03,0.42711240006559564,0.47783058434028314,3.0
C210,catboost,full,O3,CAT_C01,0.39571808837925043,0.42823975842131534,1.0
C210,catboost,full,O4,CAT_C01,0.4288211759975992,0.4791149218835775,1.0
C210,catboost,full,O5,CAT_C01,0.4246863526250495,0.4791149218835775,1.0
C210,catboost,full,O6,CAT_C01,0.5079893461806247,0.6290178283546305,1.0
C210,catboost,metadata_only,O1,CAT_C04,0.4493250099438882,0.5092128532422817,4.0
C210,catboost,metadata_only,O2,CAT_C04,0.44729817643549646,0.5050532407239452,4.0
C210,catboost,metadata_only,O3,CAT_C01,0.4068499984791809,0.4453938061523987,1.0
C210,catboost,metadata_only,O4,CAT_C01,0.4407040003883873,0.49300948815242623,1.0
C210,catboost,metadata_only,O5,CAT_C01,0.4331925906202813,0.49300948815242623,1.0
C210,catboost,metadata_only,O6,CAT_C03,0.5269701597847365,0.665041414362245,3.0
C210,catboost,weather_only,O1,CAT_C03,0.43632332910667193,0.4869926231297587,3.0
C210,catboost,weather_only,O2,CAT_C03,0.43076977601263017,0.48188422786723395,3.0
C210,catboost,weather_only,O3,CAT_C01,0.3963062508283269,0.43294573803106284,1.0
C210,catboost,weather_only,O4,CAT_C01,0.4288631490679817,0.475370585388353,1.0
C210,catboost,weather_only,O5,CAT_C01,0.4251974664843166,0.475370585388353,1.0
C210,catboost,weather_only,O6,CAT_C01,0.5082980388511329,0.627574840884978,1.0
C210,extra_trees,full,O1,ET_C02,0.44371224278859694,0.4843342271459415,2.0
C210,extra_trees,full,O2,ET_C02,0.4207074465193042,0.4611516638906879,2.0
C210,extra_trees,full,O3,ET_C04,0.3937687792978039,0.428087680885799,4.0
C210,extra_trees,full,O4,ET_C04,0.4284292191255589,0.4780675926898663,4.0
C210,extra_trees,full,O5,ET_C04,0.42575981180184724,0.4780675926898663,4.0
C210,extra_trees,full,O6,ET_C02,0.5071638196067129,0.6209206089845565,2.0
C210,extra_trees,metadata_only,O1,ET_C01,0.4493250100495369,0.5092128533759248,1.0
C210,extra_trees,metadata_only,O2,ET_C01,0.4472981765082542,0.5050532409612783,1.0
C210,extra_trees,metadata_only,O3,ET_C01,0.4068499984404818,0.44539380586017413,1.0
C210,extra_trees,metadata_only,O4,ET_C01,0.44070400030288925,0.4930094882905325,1.0
C210,extra_trees,metadata_only,O5,ET_C01,0.4331925906580381,0.4930094882905325,1.0
C210,extra_trees,metadata_only,O6,ET_C01,0.5269701597008457,0.6650414138863838,1.0
C210,extra_trees,weather_only,O1,ET_C02,0.4447289966202263,0.4880145078314075,2.0
C210,extra_trees,weather_only,O2,ET_C02,0.4252877246195405,0.4720548672590445,2.0
C210,extra_trees,weather_only,O3,ET_C04,0.3951889522460626,0.4254007293922073,4.0
C210,extra_trees,weather_only,O4,ET_C04,0.427100603241566,0.47748066370502523,4.0
C210,extra_trees,weather_only,O5,ET_C04,0.42616122260589157,0.47748066370502523,4.0
C210,extra_trees,weather_only,O6,ET_C04,0.5099803654237031,0.6298778450808997,4.0
C210,hist_gradient_boosting,full,O1,HGB_C03,0.42708957344918824,0.46139542382085946,3.0
C210,hist_gradient_boosting,full,O2,HGB_C01,0.42683099807826,0.4571042107668488,1.0
C210,hist_gradient_boosting,full,O3,HGB_C01,0.4049951914550362,0.4352267242621898,1.0
C210,hist_gradient_boosting,full,O4,HGB_C01,0.4390464509112702,0.4903158375744436,1.0
C210,hist_gradient_boosting,full,O5,HGB_C01,0.43961979009882546,0.4903158375744436,1.0
C210,hist_gradient_boosting,full,O6,HGB_C01,0.5144436864924319,0.6160684800779964,1.0
C210,hist_gradient_boosting,metadata_only,O1,HGB_C01,0.4493250100831305,0.5092128534563201,1.0
C210,hist_gradient_boosting,metadata_only,O2,HGB_C01,0.4472981764151284,0.5050532405896566,1.0
C210,hist_gradient_boosting,metadata_only,O3,HGB_C04,0.4068499984993748,0.445393806241976,4.0
C210,hist_gradient_boosting,metadata_only,O4,HGB_C04,0.4407040003761531,0.49300948802714656,4.0
C210,hist_gradient_boosting,metadata_only,O5,HGB_C01,0.4331925906539786,0.4930094880678105,1.0
C210,hist_gradient_boosting,metadata_only,O6,HGB_C01,0.5269701597410306,0.665041414190203,1.0
C210,hist_gradient_boosting,weather_only,O1,HGB_C03,0.42661604758839866,0.46113309071619346,3.0
C210,hist_gradient_boosting,weather_only,O2,HGB_C01,0.4286299110037213,0.46504469471309107,1.0
C210,hist_gradient_boosting,weather_only,O3,HGB_C01,0.4042635710047926,0.43504096940199777,1.0
C210,hist_gradient_boosting,weather_only,O4,HGB_C01,0.4381051365831384,0.4873287656311122,1.0
C210,hist_gradient_boosting,weather_only,O5,HGB_C01,0.43971415211432624,0.4873287656311122,1.0
C210,hist_gradient_boosting,weather_only,O6,HGB_C01,0.5135138384297316,0.6133447336625216,1.0
C210,lightgbm,full,O1,LGB_C02,0.42445809755645936,0.46816122982131547,2.0
C210,lightgbm,full,O2,LGB_C04,0.42763499241223374,0.45551120309257076,4.0
C210,lightgbm,full,O3,LGB_C01,0.4012609647309495,0.43574539897068065,1.0
C210,lightgbm,full,O4,LGB_C01,0.4364053843150188,0.4900493741396016,1.0
C210,lightgbm,full,O5,LGB_C01,0.43879977973791,0.4900493741396016,1.0
C210,lightgbm,full,O6,LGB_C04,0.5134303804375823,0.6105346997119908,4.0
C210,lightgbm,metadata_only,O1,LGB_C02,0.44932501001832614,0.5092128528505049,2.0
C210,lightgbm,metadata_only,O2,LGB_C01,0.4472981759818068,0.5050532401055855,1.0
C210,lightgbm,metadata_only,O3,LGB_C01,0.4068499983447382,0.44539380594019473,1.0
C210,lightgbm,metadata_only,O4,LGB_C01,0.4407040004459746,0.4930094882033494,1.0
C210,lightgbm,metadata_only,O5,LGB_C01,0.43319259060281157,0.4930094882033494,1.0
C210,lightgbm,metadata_only,O6,LGB_C01,0.526970159866753,0.6650414149862036,1.0
C210,lightgbm,weather_only,O1,LGB_C04,0.42280624800955596,0.473398717026382,4.0
C210,lightgbm,weather_only,O2,LGB_C03,0.4301382451727343,0.471706243668339,3.0
C210,lightgbm,weather_only,O3,LGB_C03,0.40088911317372194,0.43740739707749693,3.0
C210,lightgbm,weather_only,O4,LGB_C03,0.4364030932166307,0.4878430349010931,3.0
C210,lightgbm,weather_only,O5,LGB_C04,0.435139557158063,0.47326913191248604,4.0
C210,lightgbm,weather_only,O6,LGB_C04,0.5124408313216549,0.6211693845904278,4.0
C210,linear_shrinkage,full,O1,LIN_C01,0.4375524230438959,0.4889554647010498,1.0
C210,linear_shrinkage,full,O2,LIN_C01,0.44030771199677554,0.49231139465447243,1.0
C210,linear_shrinkage,full,O3,LIN_C01,0.4032612475680463,0.45033985423667416,1.0
C210,linear_shrinkage,full,O4,LIN_C04,0.44277374071084835,0.4876948379864416,4.0
C210,linear_shrinkage,full,O5,LIN_C04,0.4311271206818655,0.4876948379864416,4.0
C210,linear_shrinkage,full,O6,LIN_C04,0.5208310579841325,0.6528982445451945,4.0
C210,linear_shrinkage,metadata_only,O1,LIN_C01,0.44932501004953945,0.5092128533759293,1.0
C210,linear_shrinkage,metadata_only,O2,LIN_C04,0.447298176508256,0.5050532409612714,4.0
C210,linear_shrinkage,metadata_only,O3,LIN_C01,0.4068499984404849,0.4453938058601783,1.0
C210,linear_shrinkage,metadata_only,O4,LIN_C01,0.4407040003028912,0.49300948829053354,1.0
C210,linear_shrinkage,metadata_only,O5,LIN_C01,0.4331925906580383,0.49300948829053354,1.0
C210,linear_shrinkage,metadata_only,O6,LIN_C01,0.5269701597008473,0.6650414138863885,1.0
C210,linear_shrinkage,weather_only,O1,LIN_C01,0.4429157316290951,0.4914156546120186,1.0
C210,linear_shrinkage,weather_only,O2,LIN_C02,0.4462706463211868,0.48965265792419926,2.0
C210,linear_shrinkage,weather_only,O3,LIN_C04,0.407864005603694,0.45502390406408666,4.0
C210,linear_shrinkage,weather_only,O4,LIN_C04,0.441831359631325,0.48802351125985544,4.0
C210,linear_shrinkage,weather_only,O5,LIN_C03,0.43090459180344576,0.490061971485667,3.0
C210,linear_shrinkage,weather_only,O6,LIN_C04,0.5206763759441214,0.6516604492197642,4.0
C211,catboost,full,O1,CAT_E10,0.4379594032123602,0.48784170527405,10.0
C211,catboost,full,O2,CAT_E09,0.4227930509239535,0.4669758247177145,9.0
C211,catboost,full,O3,CAT_E07,0.3935864154755446,0.42281864358244653,7.0
C211,catboost,full,O4,CAT_E07,0.4271847366583654,0.47810006823236073,7.0
C211,catboost,full,O5,CAT_E04,0.42389563836769817,0.48020018286786514,4.0
C211,catboost,full,O6,CAT_E07,0.5070522368413273,0.6294833901195533,7.0
C211,catboost,metadata_only,O1,CAT_E09,0.44932500994360125,0.5092128532426191,9.0
C211,catboost,metadata_only,O2,CAT_E02,0.44729817642904673,0.5050532407322378,2.0
C211,catboost,metadata_only,O3,CAT_E01,0.40684999846013437,0.4453938060984057,1.0
C211,catboost,metadata_only,O4,CAT_E01,0.44070400036475976,0.49300948818455304,1.0
C211,catboost,metadata_only,O5,CAT_E04,0.4331925906009883,0.4930094881560839,4.0
C211,catboost,metadata_only,O6,CAT_E04,0.526970159765476,0.6650414143266044,4.0
C211,catboost,weather_only,O1,CAT_E05,0.4353910421676543,0.48947731031490943,5.0
C211,catboost,weather_only,O2,CAT_E12,0.42726531939038986,0.47225000526350475,12.0
C211,catboost,weather_only,O3,CAT_E01,0.3956995161568311,0.4306564680027957,1.0
C211,catboost,weather_only,O4,CAT_E07,0.42889405998073143,0.47619926012613467,7.0
C211,catboost,weather_only,O5,CAT_E01,0.4252716973987449,0.4783404581042669,1.0
C211,catboost,weather_only,O6,CAT_E07,0.5098158730899017,0.634434138879553,7.0
C211,extra_trees,full,O1,ET_E03,0.4413985019616686,0.48753853266183156,3.0
C211,extra_trees,full,O2,ET_E02,0.4233176642714312,0.4708469778499251,2.0
C211,extra_trees,full,O3,ET_E07,0.39351372515451705,0.4260625698174521,7.0
C211,extra_trees,full,O4,ET_E12,0.42807920407727,0.47824382103960666,12.0
C211,extra_trees,full,O5,ET_E09,0.4252467898477969,0.4798021676129667,9.0
C211,extra_trees,full,O6,ET_E03,0.5057744554954732,0.6242680266588624,3.0
C211,extra_trees,metadata_only,O1,ET_E01,0.4493250100495369,0.5092128533759248,1.0
C211,extra_trees,metadata_only,O2,ET_E12,0.4472981765082542,0.505053240961278,12.0
C211,extra_trees,metadata_only,O3,ET_E03,0.40684999844048125,0.44539380586017413,3.0
C211,extra_trees,metadata_only,O4,ET_E03,0.44070400030288864,0.4930094882905325,3.0
C211,extra_trees,metadata_only,O5,ET_E06,0.43319259065803745,0.4930094882905327,6.0
C211,extra_trees,metadata_only,O6,ET_E10,0.5269701597008457,0.6650414138863838,10.0
C211,extra_trees,weather_only,O1,ET_E02,0.4408450766870416,0.4837384776734261,2.0
C211,extra_trees,weather_only,O2,ET_E02,0.425228959594582,0.4742694700603301,2.0
C211,extra_trees,weather_only,O3,ET_E07,0.395188131420846,0.42690911464057196,7.0
C211,extra_trees,weather_only,O4,ET_E12,0.4269235518414751,0.47539939487896804,12.0
C211,extra_trees,weather_only,O5,ET_E12,0.4255696498718054,0.47539939487896804,12.0
C211,extra_trees,weather_only,O6,ET_E12,0.5094762040467117,0.6319047144822815,12.0
C211,hist_gradient_boosting,full,O1,HGB_E07,0.4238652872446021,0.45683262216259346,7.0
C211,hist_gradient_boosting,full,O2,HGB_E03,0.4249804015902776,0.4668745559470304,3.0
C211,hist_gradient_boosting,full,O3,HGB_E03,0.3978390702324402,0.4307366391440649,3.0
C211,hist_gradient_boosting,full,O4,HGB_E03,0.4339135334434066,0.48555339931263675,3.0
C211,hist_gradient_boosting,full,O5,HGB_E03,0.4344772740448583,0.48555339931263675,3.0
C211,hist_gradient_boosting,full,O6,HGB_E03,0.5109639635680462,0.614910630443082,3.0
C211,hist_gradient_boosting,metadata_only,O1,HGB_E01,0.4493250100637202,0.5092128534844753,1.0
C211,hist_gradient_boosting,metadata_only,O2,HGB_E02,0.4472981764049533,0.5050532405505727,2.0
C211,hist_gradient_boosting,metadata_only,O3,HGB_E07,0.40684999849783793,0.4453938062218959,7.0
C211,hist_gradient_boosting,metadata_only,O4,HGB_E07,0.4407040003721306,0.49300948804434186,7.0
C211,hist_gradient_boosting,metadata_only,O5,HGB_E05,0.4331925906364326,0.493009488043393,5.0
C211,hist_gradient_boosting,metadata_only,O6,HGB_E05,0.526970159733083,0.6650414141546936,5.0
C211,hist_gradient_boosting,weather_only,O1,HGB_E05,0.42524238820807203,0.461821216759217,5.0
C211,hist_gradient_boosting,weather_only,O2,HGB_E03,0.4250206072055483,0.47517436339650543,3.0
C211,hist_gradient_boosting,weather_only,O3,HGB_E03,0.39651032368778,0.4253917085679908,3.0
C211,hist_gradient_boosting,weather_only,O4,HGB_E03,0.43235171074608475,0.482019910827063,3.0
C211,hist_gradient_boosting,weather_only,O5,HGB_E03,0.43509670432355607,0.482019910827063,3.0
C211,hist_gradient_boosting,weather_only,O6,HGB_E03,0.5108079638984516,0.6167772915678871,3.0
C211,lightgbm,full,O1,LGB_E06,0.4251465924318733,0.4560160966324299,6.0
C211,lightgbm,full,O2,LGB_E02,0.42227479957859543,0.4522413561624282,2.0
C211,lightgbm,full,O3,LGB_E02,0.39817181031707355,0.4350174010974715,2.0
C211,lightgbm,full,O4,LGB_E04,0.4351513624892906,0.4902702396458091,4.0
C211,lightgbm,full,O5,LGB_E04,0.43527697902538387,0.4902702396458091,4.0
C211,lightgbm,full,O6,LGB_E10,0.5137871774186539,0.6195794862669908,10.0
C211,lightgbm,metadata_only,O1,LGB_E09,0.4493250098815764,0.5092128528691039,9.0
C211,lightgbm,metadata_only,O2,LGB_E04,0.4472981760113722,0.5050532401969222,4.0
C211,lightgbm,metadata_only,O3,LGB_E04,0.40684999829389906,0.44539380592399214,4.0
C211,lightgbm,metadata_only,O4,LGB_E04,0.4407040002979537,0.4930094879253663,4.0
C211,lightgbm,metadata_only,O5,LGB_E04,0.43319259042695685,0.4930094879253663,4.0
C211,lightgbm,metadata_only,O6,LGB_E04,0.5269701597590445,0.6650414150407657,4.0
C211,lightgbm,weather_only,O1,LGB_E06,0.4243937651170322,0.45382772960435797,6.0
C211,lightgbm,weather_only,O2,LGB_E08,0.4228115972427333,0.44805450785402023,8.0
C211,lightgbm,weather_only,O3,LGB_E02,0.39757224368321786,0.4320807203236745,2.0
C211,lightgbm,weather_only,O4,LGB_E02,0.4342315301690278,0.4918743349908341,2.0
C211,lightgbm,weather_only,O5,LGB_E10,0.4355512744921443,0.4775804981100668,10.0
C211,lightgbm,weather_only,O6,LGB_E03,0.5125058330303177,0.6182978833025016,3.0
C211,linear_shrinkage,full,O1,LIN_E01,0.4375096394974451,0.48875638633546825,1.0
C211,linear_shrinkage,full,O2,LIN_E01,0.4402561384555603,0.49223629590364176,1.0
C211,linear_shrinkage,full,O3,LIN_E01,0.403226340833205,0.45033812420675434,1.0
C211,linear_shrinkage,full,O4,LIN_E11,0.4406047782645639,0.4879803035130743,11.0
C211,linear_shrinkage,full,O5,LIN_E11,0.4305878027653713,0.4879803035130743,11.0
C211,linear_shrinkage,full,O6,LIN_E10,0.5208310579841325,0.6528982445451945,10.0
C211,linear_shrinkage,metadata_only,O1,LIN_E01,0.44932501004953945,0.5092128533759293,1.0
C211,linear_shrinkage,metadata_only,O2,LIN_E06,0.447298176508256,0.5050532409612714,6.0
C211,linear_shrinkage,metadata_only,O3,LIN_E01,0.4068499984404848,0.4453938058601783,1.0
C211,linear_shrinkage,metadata_only,O4,LIN_E01,0.4407040003028911,0.49300948829053354,1.0
C211,linear_shrinkage,metadata_only,O5,LIN_E01,0.4331925906580383,0.49300948829053354,1.0
C211,linear_shrinkage,metadata_only,O6,LIN_E01,0.5269701597008473,0.6650414138863885,1.0
C211,linear_shrinkage,weather_only,O1,LIN_E01,0.4429155329905106,0.4913829798179032,1.0
C211,linear_shrinkage,weather_only,O2,LIN_E07,0.44620140517865775,0.491155950159305,7.0
C211,linear_shrinkage,weather_only,O3,LIN_E12,0.40684999844048586,0.44539380586017896,12.0
C211,linear_shrinkage,weather_only,O4,LIN_E11,0.4406047801510648,0.4879803035130743,11.0
C211,linear_shrinkage,weather_only,O5,LIN_E05,0.43057400113273125,0.4880278794760551,5.0
C211,linear_shrinkage,weather_only,O6,LIN_E10,0.5206763759441214,0.6516604492197642,10.0
C300,catboost,full,O1,CAT_C03,0.422845180440193,0.47008973264521586,3.0
C300,catboost,full,O2,CAT_C04,0.4309348838168423,0.4923669967853606,4.0
C300,catboost,full,O3,CAT_C02,0.38540819719105474,0.41430025772625423,2.0
C300,catboost,full,O4,CAT_C02,0.4133482820104601,0.46803056833770307,2.0
C300,catboost,full,O5,CAT_C04,0.41305075168971456,0.473852409757914,4.0
C300,catboost,full,O6,CAT_C02,0.4961162336872847,0.6056609466841022,2.0
C300,catboost,metadata_only,O1,CAT_C04,0.4493250099438901,0.5092128532422849,4.0
C300,catboost,metadata_only,O2,CAT_C04,0.4472981764354995,0.505053240723947,4.0
C300,catboost,metadata_only,O3,CAT_C01,0.4068499984791834,0.4453938061524009,1.0
C300,catboost,metadata_only,O4,CAT_C01,0.4407040003883879,0.4930094881524258,1.0
C300,catboost,metadata_only,O5,CAT_C01,0.43319259062028165,0.4930094881524258,1.0
C300,catboost,metadata_only,O6,CAT_C03,0.5269701597847392,0.6650414143622516,3.0
C300,catboost,weather_only,O1,CAT_C04,0.42235165828802373,0.46465633538237844,4.0
C300,catboost,weather_only,O2,CAT_C02,0.42905122968504966,0.49260244607304754,2.0
C300,catboost,weather_only,O3,CAT_C02,0.3848142723047728,0.41030222312957687,2.0
C300,catboost,weather_only,O4,CAT_C02,0.41484261783439597,0.474334056441394,2.0
C300,catboost,weather_only,O5,CAT_C04,0.4133981350204135,0.4640544405299748,4.0
C300,catboost,weather_only,O6,CAT_C04,0.4941607586395884,0.6080821995468783,4.0
C300,extra_trees,full,O1,ET_C01,0.42394770494841566,0.46528035063703505,1.0
C300,extra_trees,full,O2,ET_C01,0.4261501520132027,0.48497555713503776,1.0
C300,extra_trees,full,O3,ET_C02,0.3876192115789164,0.4143242386356293,2.0
C300,extra_trees,full,O4,ET_C02,0.4191425056097844,0.47451307310919216,2.0
C300,extra_trees,full,O5,ET_C04,0.4211232702273533,0.47644633588373947,4.0
C300,extra_trees,full,O6,ET_C01,0.49885695544069275,0.5958939256045621,1.0
C300,extra_trees,metadata_only,O1,ET_C01,0.44932501004953695,0.5092128533759249,1.0
C300,extra_trees,metadata_only,O2,ET_C03,0.44729817650825315,0.5050532409612755,3.0
C300,extra_trees,metadata_only,O3,ET_C01,0.4068499984404816,0.4453938058601741,1.0
C300,extra_trees,metadata_only,O4,ET_C01,0.44070400030288887,0.4930094882905317,1.0
C300,extra_trees,metadata_only,O5,ET_C03,0.43319259065803833,0.4930094882905319,3.0
C300,extra_trees,metadata_only,O6,ET_C04,0.5269701597008437,0.665041413886377,4.0
C300,extra_trees,weather_only,O1,ET_C01,0.4227142885111152,0.46113749474501076,1.0
C300,extra_trees,weather_only,O2,ET_C02,0.42752452847575895,0.48483809443054204,2.0
C300,extra_trees,weather_only,O3,ET_C03,0.3875488015165858,0.4201892350621579,3.0
C300,extra_trees,weather_only,O4,ET_C01,0.4194993420861964,0.4741332426046381,1.0
C300,extra_trees,weather_only,O5,ET_C03,0.42183395846792476,0.476012293694968,3.0
C300,extra_trees,weather_only,O6,ET_C01,0.5009857934902575,0.5997237252389115,1.0
C300,hist_gradient_boosting,full,O1,HGB_C04,0.43895978392657153,0.4883346191132126,4.0
C300,hist_gradient_boosting,full,O2,HGB_C01,0.45327615557264994,0.5195382495842116,1.0
C300,hist_gradient_boosting,full,O3,HGB_C01,0.4045105319014732,0.4264597446718003,1.0
C300,hist_gradient_boosting,full,O4,HGB_C01,0.42477529032136707,0.4746247477216197,1.0
C300,hist_gradient_boosting,full,O5,HGB_C02,0.41858233588155436,0.4767994770830377,2.0
C300,hist_gradient_boosting,full,O6,HGB_C04,0.49717468539663967,0.5890403084859357,4.0
C300,hist_gradient_boosting,metadata_only,O1,HGB_C01,0.4493250100882102,0.5092128534769452,1.0
C300,hist_gradient_boosting,metadata_only,O2,HGB_C01,0.44729817641181757,0.5050532405852446,1.0
C300,hist_gradient_boosting,metadata_only,O3,HGB_C04,0.40684999850027775,0.44539380624606356,4.0
C300,hist_gradient_boosting,metadata_only,O4,HGB_C04,0.44070400037751517,0.4930094880271452,4.0
C300,hist_gradient_boosting,metadata_only,O5,HGB_C01,0.433192590656797,0.49300948806780925,1.0
C300,hist_gradient_boosting,metadata_only,O6,HGB_C01,0.5269701597425713,0.6650414141863702,1.0
C300,hist_gradient_boosting,weather_only,O1,HGB_C04,0.4377837134607567,0.4926057813145071,4.0
C300,hist_gradient_boosting,weather_only,O2,HGB_C01,0.4513030240992129,0.5170956897305323,1.0
C300,hist_gradient_boosting,weather_only,O3,HGB_C01,0.4025909526863494,0.42591920380581594,1.0
C300,hist_gradient_boosting,weather_only,O4,HGB_C01,0.42510193897098697,0.4784271376152033,1.0
C300,hist_gradient_boosting,weather_only,O5,HGB_C01,0.42032293473627086,0.4784271376152033,1.0
C300,hist_gradient_boosting,weather_only,O6,HGB_C03,0.49547739542321995,0.5942560953688911,3.0
C300,lightgbm,full,O1,LGB_C01,0.44034296117393823,0.4873103293477592,1.0
C300,lightgbm,full,O2,LGB_C02,0.4475650459377099,0.520584435678535,2.0
C300,lightgbm,full,O3,LGB_C02,0.3984716669453885,0.42347168318014916,2.0
C300,lightgbm,full,O4,LGB_C01,0.42128232723419856,0.46996704066927053,1.0
C300,lightgbm,full,O5,LGB_C03,0.41558098825574336,0.46895550879193315,3.0
C300,lightgbm,full,O6,LGB_C04,0.4924625253299655,0.5984672591520226,4.0
C300,lightgbm,metadata_only,O1,LGB_C02,0.4493250100183281,0.5092128528505081,2.0
C300,lightgbm,metadata_only,O2,LGB_C01,0.44729817598180993,0.5050532401055873,1.0
C300,lightgbm,metadata_only,O3,LGB_C01,0.40684999834474067,0.44539380594019684,1.0
C300,lightgbm,metadata_only,O4,LGB_C01,0.4407040004459751,0.4930094882033489,1.0
C300,lightgbm,metadata_only,O5,LGB_C01,0.433192590602812,0.4930094882033489,1.0
C300,lightgbm,metadata_only,O6,LGB_C01,0.5269701598667555,0.6650414149862102,1.0
C300,lightgbm,weather_only,O1,LGB_C01,0.4411490594231135,0.4879422348076578,1.0
C300,lightgbm,weather_only,O2,LGB_C02,0.4475637639733589,0.5131232060875878,2.0
C300,lightgbm,weather_only,O3,LGB_C02,0.3992096819377606,0.4254650330708501,2.0
C300,lightgbm,weather_only,O4,LGB_C01,0.4196722900537262,0.4632922417025121,1.0
C300,lightgbm,weather_only,O5,LGB_C03,0.4149337741001948,0.46555517983013034,3.0
C300,lightgbm,weather_only,O6,LGB_C04,0.49189715146353746,0.5975340267568592,4.0
C300,linear_shrinkage,full,O1,LIN_C01,0.4380273470297866,0.47689692048035986,1.0
C300,linear_shrinkage,full,O2,LIN_C01,0.4437532125189832,0.48096313500399696,1.0
C300,linear_shrinkage,full,O3,LIN_C04,0.4087622543313656,0.4475363509192037,4.0
C300,linear_shrinkage,full,O4,LIN_C04,0.44160057170623596,0.4854163108012928,4.0
C300,linear_shrinkage,full,O5,LIN_C04,0.4370008744510185,0.4854163108012928,4.0
C300,linear_shrinkage,full,O6,LIN_C04,0.5221392597900052,0.6472642094151718,4.0
C300,linear_shrinkage,metadata_only,O1,LIN_C01,0.44932501004953956,0.5092128533759293,1.0
C300,linear_shrinkage,metadata_only,O2,LIN_C03,0.44729817650825554,0.5050532409612738,3.0
C300,linear_shrinkage,metadata_only,O3,LIN_C01,0.4068499984404846,0.44539380586017824,1.0
C300,linear_shrinkage,metadata_only,O4,LIN_C01,0.4407040003028908,0.4930094882905326,1.0
C300,linear_shrinkage,metadata_only,O5,LIN_C01,0.4331925906580388,0.4930094882905326,1.0
C300,linear_shrinkage,metadata_only,O6,LIN_C01,0.5269701597008454,0.6650414138863812,1.0
C300,linear_shrinkage,weather_only,O1,LIN_C01,0.44612747710983736,0.49285761072550077,1.0
C300,linear_shrinkage,weather_only,O2,LIN_C04,0.4482574390490452,0.5096920992180851,4.0
C300,linear_shrinkage,weather_only,O3,LIN_C04,0.40837197717251233,0.44731063089476647,4.0
C300,linear_shrinkage,weather_only,O4,LIN_C04,0.4409394393269242,0.4854719734975194,4.0
C300,linear_shrinkage,weather_only,O5,LIN_C04,0.4360706434433726,0.4854719734975194,4.0
C300,linear_shrinkage,weather_only,O6,LIN_C04,0.5228123468852137,0.65026082391401,4.0
C301,catboost,full,O1,CAT_E02,0.4213865411546163,0.47042170205526657,2.0
C301,catboost,full,O2,CAT_E12,0.4277408617346031,0.49065219333527216,12.0
C301,catboost,full,O3,CAT_E12,0.38512978874603565,0.4143692791128379,12.0
C301,catboost,full,O4,CAT_E09,0.41273919426233024,0.45991394865130086,9.0
C301,catboost,full,O5,CAT_E09,0.4124594686967111,0.45991394865130086,9.0
C301,catboost,full,O6,CAT_E05,0.49523942325368475,0.6073086340295567,5.0
C301,catboost,metadata_only,O1,CAT_E09,0.4493250099436032,0.5092128532426224,9.0
C301,catboost,metadata_only,O2,CAT_E02,0.44729817642904984,0.5050532407322396,2.0
C301,catboost,metadata_only,O3,CAT_E01,0.40684999846013686,0.44539380609840795,1.0
C301,catboost,metadata_only,O4,CAT_E01,0.44070400036476043,0.4930094881845526,1.0
C301,catboost,metadata_only,O5,CAT_E04,0.43319259060098875,0.4930094881560835,4.0
C301,catboost,metadata_only,O6,CAT_E04,0.5269701597654786,0.6650414143266108,4.0
C301,catboost,weather_only,O1,CAT_E11,0.4217167612816847,0.4686105356299966,11.0
C301,catboost,weather_only,O2,CAT_E03,0.42905122968504966,0.49260244607304754,3.0
C301,catboost,weather_only,O3,CAT_E03,0.3848142723047728,0.41030222312957687,3.0
C301,catboost,weather_only,O4,CAT_E06,0.4137518598883605,0.4649392580634566,6.0
C301,catboost,weather_only,O5,CAT_E06,0.41192784520625497,0.4649392580634566,6.0
C301,catboost,weather_only,O6,CAT_E08,0.4956188118240458,0.6090278069943138,8.0
C301,extra_trees,full,O1,ET_E10,0.42394770494841566,0.46528035063703505,10.0
C301,extra_trees,full,O2,ET_E02,0.4214655545418584,0.4764698147832948,2.0
C301,extra_trees,full,O3,ET_E01,0.3845143772676712,0.4069777702566143,1.0
C301,extra_trees,full,O4,ET_E01,0.4164993401779636,0.47289884433645896,1.0
C301,extra_trees,full,O5,ET_E08,0.42087107030751136,0.47305496301570416,8.0
C301,extra_trees,full,O6,ET_E02,0.4981028388852593,0.5971888681562002,2.0
C301,extra_trees,metadata_only,O1,ET_E01,0.44932501004953695,0.5092128533759249,1.0
C301,extra_trees,metadata_only,O2,ET_E07,0.4472981765082533,0.505053240961276,7.0
C301,extra_trees,metadata_only,O3,ET_E03,0.40684999844048103,0.4453938058601741,3.0
C301,extra_trees,metadata_only,O4,ET_E03,0.44070400030288837,0.4930094882905317,3.0
C301,extra_trees,metadata_only,O5,ET_E03,0.43319259065803806,0.4930094882905317,3.0
C301,extra_trees,metadata_only,O6,ET_E11,0.5269701597008437,0.6650414138863774,11.0
C301,extra_trees,weather_only,O1,ET_E10,0.4227142885111152,0.46113749474501076,10.0
C301,extra_trees,weather_only,O2,ET_E01,0.42401086735116295,0.4784845328881417,1.0
C301,extra_trees,weather_only,O3,ET_E02,0.38706226077505085,0.41501707696932666,2.0
C301,extra_trees,weather_only,O4,ET_E02,0.4185635968889146,0.4719499860071813,2.0
C301,extra_trees,weather_only,O5,ET_E07,0.4213950997512798,0.47443478768471253,7.0
C301,extra_trees,weather_only,O6,ET_E01,0.5008121407333433,0.6020260931824346,1.0
C301,hist_gradient_boosting,full,O1,HGB_E12,0.4323130839374804,0.48578404323960933,12.0
C301,hist_gradient_boosting,full,O2,HGB_E01,0.4476075436426088,0.5223100732938488,1.0
C301,hist_gradient_boosting,full,O3,HGB_E01,0.39428498496855297,0.4264798290971642,1.0
C301,hist_gradient_boosting,full,O4,HGB_E10,0.4186210597993363,0.46956496820827676,10.0
C301,hist_gradient_boosting,full,O5,HGB_E10,0.4148504773191251,0.46956496820827676,10.0
C301,hist_gradient_boosting,full,O6,HGB_E11,0.49391470686669203,0.5916091166459967,11.0
C301,hist_gradient_boosting,metadata_only,O1,HGB_E01,0.44932501006985187,0.5092128535057493,1.0
C301,hist_gradient_boosting,metadata_only,O2,HGB_E02,0.44729817640495334,0.5050532405505699,2.0
C301,hist_gradient_boosting,metadata_only,O3,HGB_E07,0.4068499984959806,0.4453938062218984,7.0
C301,hist_gradient_boosting,metadata_only,O4,HGB_E07,0.4407040003730735,0.4930094880471678,7.0
C301,hist_gradient_boosting,metadata_only,O5,HGB_E05,0.433192590635367,0.4930094880433918,5.0
C301,hist_gradient_boosting,metadata_only,O6,HGB_E05,0.5269701597320854,0.6650414141535939,5.0
C301,hist_gradient_boosting,weather_only,O1,HGB_E10,0.43460403209481396,0.48781727760688653,10.0
C301,hist_gradient_boosting,weather_only,O2,HGB_E10,0.44599395680366927,0.5138416736132091,10.0
C301,hist_gradient_boosting,weather_only,O3,HGB_E01,0.39433511478194233,0.43011651564552206,1.0
C301,hist_gradient_boosting,weather_only,O4,HGB_E01,0.4193825106543505,0.46729011790569025,1.0
C301,hist_gradient_boosting,weather_only,O5,HGB_E01,0.4166468490637169,0.46729011790569025,1.0
C301,hist_gradient_boosting,weather_only,O6,HGB_E05,0.4939630751005268,0.5963775734953158,5.0
C301,lightgbm,full,O1,LGB_E03,0.43566214104561274,0.48321078194664746,3.0
C301,lightgbm,full,O2,LGB_E02,0.4404518281942622,0.5062990152221006,2.0
C301,lightgbm,full,O3,LGB_E02,0.3947097476465413,0.4167310625499886,2.0
C301,lightgbm,full,O4,LGB_E01,0.41740340021772065,0.4689341591758803,1.0
C301,lightgbm,full,O5,LGB_E10,0.4158622866370767,0.46778933516370175,10.0
C301,lightgbm,full,O6,LGB_E10,0.4925800839835917,0.5975500716950258,10.0
C301,lightgbm,metadata_only,O1,LGB_E09,0.44932500988157825,0.5092128528691071,9.0
C301,lightgbm,metadata_only,O2,LGB_E04,0.4472981760113752,0.5050532401969239,4.0
C301,lightgbm,metadata_only,O3,LGB_E04,0.4068499982939015,0.4453938059239943,4.0
C301,lightgbm,metadata_only,O4,LGB_E04,0.44070400029795426,0.4930094879253658,4.0
C301,lightgbm,metadata_only,O5,LGB_E04,0.4331925904269572,0.4930094879253658,4.0
C301,lightgbm,metadata_only,O6,LGB_E04,0.5269701597590472,0.6650414150407724,4.0
C301,lightgbm,weather_only,O1,LGB_E03,0.43613149662201867,0.4803728123233114,3.0
C301,lightgbm,weather_only,O2,LGB_E02,0.43888973160325784,0.5056578570302931,2.0
C301,lightgbm,weather_only,O3,LGB_E10,0.39128893099051704,0.417433165009939,10.0
C301,lightgbm,weather_only,O4,LGB_E10,0.41636606018697186,0.468727766287574,10.0
C301,lightgbm,weather_only,O5,LGB_E01,0.413894180611881,0.46740150296197697,1.0
C301,lightgbm,weather_only,O6,LGB_E03,0.49274578800894847,0.5953125826833546,3.0
C301,linear_shrinkage,full,O1,LIN_E01,0.43682306615862715,0.4757337374921004,1.0
C301,linear_shrinkage,full,O2,LIN_E01,0.44240941999568983,0.4755881837806563,1.0
C301,linear_shrinkage,full,O3,LIN_E11,0.4056721294361078,0.4481528418679331,11.0
C301,linear_shrinkage,full,O4,LIN_E11,0.4402949275081976,0.4875885686196114,11.0
C301,linear_shrinkage,full,O5,LIN_E12,0.4331925906580398,0.49300948829053304,12.0
C301,linear_shrinkage,full,O6,LIN_E11,0.5210313526192526,0.6482187124449148,11.0
C301,linear_shrinkage,metadata_only,O1,LIN_E01,0.44932501004953956,0.5092128533759293,1.0
C301,linear_shrinkage,metadata_only,O2,LIN_E04,0.44729817650825554,0.5050532409612738,4.0
C301,linear_shrinkage,metadata_only,O3,LIN_E01,0.4068499984404846,0.4453938058601782,1.0
C301,linear_shrinkage,metadata_only,O4,LIN_E01,0.4407040003028908,0.4930094882905326,1.0
C301,linear_shrinkage,metadata_only,O5,LIN_E01,0.4331925906580388,0.4930094882905326,1.0
C301,linear_shrinkage,metadata_only,O6,LIN_E01,0.5269701597008454,0.6650414138863812,1.0
C301,linear_shrinkage,weather_only,O1,LIN_E05,0.4441549570200615,0.5017361063921486,5.0
C301,linear_shrinkage,weather_only,O2,LIN_E11,0.4468463198449934,0.5087057430122511,11.0
C301,linear_shrinkage,weather_only,O3,LIN_E11,0.40536789492942793,0.4481129233129832,11.0
C301,linear_shrinkage,weather_only,O4,LIN_E11,0.44012035945859274,0.48797768679724035,11.0
C301,linear_shrinkage,weather_only,O5,LIN_E11,0.4330184002339226,0.48797768679724035,11.0
C301,linear_shrinkage,weather_only,O6,LIN_E11,0.5213583610307942,0.6492903506561697,11.0
C310,catboost,full,O1,CAT_C03,0.42284518044019154,0.470089732645213,3.0
C310,catboost,full,O2,CAT_C04,0.4309348838168394,0.49236699678535945,4.0
C310,catboost,full,O3,CAT_C02,0.38540819719105235,0.4143002577262522,2.0
C310,catboost,full,O4,CAT_C02,0.41334828201045953,0.46803056833770346,2.0
C310,catboost,full,O5,CAT_C04,0.4130507516897141,0.4738524097579143,4.0
C310,catboost,full,O6,CAT_C02,0.4961162336872824,0.6056609466840965,2.0
C310,catboost,metadata_only,O1,CAT_C04,0.4493250099438882,0.5092128532422817,4.0
C310,catboost,metadata_only,O2,CAT_C04,0.44729817643549646,0.5050532407239452,4.0
C310,catboost,metadata_only,O3,CAT_C01,0.4068499984791809,0.4453938061523987,1.0
C310,catboost,metadata_only,O4,CAT_C01,0.4407040003883873,0.49300948815242623,1.0
C310,catboost,metadata_only,O5,CAT_C01,0.4331925906202813,0.49300948815242623,1.0
C310,catboost,metadata_only,O6,CAT_C03,0.5269701597847365,0.665041414362245,3.0
C310,catboost,weather_only,O1,CAT_C04,0.42235165828802224,0.4646563353823755,4.0
C310,catboost,weather_only,O2,CAT_C02,0.4290512296850469,0.492602446073046,2.0
C310,catboost,weather_only,O3,CAT_C02,0.38481427230477067,0.4103022231295747,2.0
C310,catboost,weather_only,O4,CAT_C02,0.41484261783439536,0.4743340564413943,2.0
C310,catboost,weather_only,O5,CAT_C04,0.41339813502041317,0.46405444052997513,4.0
C310,catboost,weather_only,O6,CAT_C04,0.49416075863958603,0.6080821995468725,4.0
C310,extra_trees,full,O1,ET_C01,0.42444159013106403,0.4636735919618896,1.0
C310,extra_trees,full,O2,ET_C01,0.4258498711982757,0.4870192517743422,1.0
C310,extra_trees,full,O3,ET_C01,0.3862715414936624,0.4113879244319971,1.0
C310,extra_trees,full,O4,ET_C01,0.4177639792229133,0.4736197505762406,1.0
C310,extra_trees,full,O5,ET_C03,0.4208923158973015,0.4752892649300508,3.0
C310,extra_trees,full,O6,ET_C02,0.4974147785479028,0.5938388957333246,2.0
C310,extra_trees,metadata_only,O1,ET_C01,0.4493250100495369,0.5092128533759248,1.0
C310,extra_trees,metadata_only,O2,ET_C01,0.4472981765082542,0.5050532409612783,1.0
C310,extra_trees,metadata_only,O3,ET_C01,0.4068499984404818,0.44539380586017413,1.0
C310,extra_trees,metadata_only,O4,ET_C01,0.44070400030288925,0.4930094882905325,1.0
C310,extra_trees,metadata_only,O5,ET_C01,0.4331925906580381,0.4930094882905325,1.0
C310,extra_trees,metadata_only,O6,ET_C01,0.5269701597008457,0.6650414138863838,1.0
C310,extra_trees,weather_only,O1,ET_C01,0.4232853090587039,0.4645885645983177,1.0
C310,extra_trees,weather_only,O2,ET_C01,0.42637434667878726,0.48521913604078876,1.0
C310,extra_trees,weather_only,O3,ET_C01,0.3865746341262068,0.4147479360077558,1.0
C310,extra_trees,weather_only,O4,ET_C01,0.41785303605280744,0.4729911737676191,1.0
C310,extra_trees,weather_only,O5,ET_C04,0.42209398144017274,0.47710433262232466,4.0
C310,extra_trees,weather_only,O6,ET_C01,0.5002326730540022,0.598280812726304,1.0
C310,hist_gradient_boosting,full,O1,HGB_C04,0.4389597839266263,0.4883346191133126,4.0
C310,hist_gradient_boosting,full,O2,HGB_C01,0.4532761555737909,0.5195382495876367,1.0
C310,hist_gradient_boosting,full,O3,HGB_C01,0.4045105319014725,0.4264597446717992,1.0
C310,hist_gradient_boosting,full,O4,HGB_C01,0.42477529032136724,0.47462474772162083,1.0
C310,hist_gradient_boosting,full,O5,HGB_C02,0.41858233588145777,0.47679947708303894,2.0
C310,hist_gradient_boosting,full,O6,HGB_C04,0.4971746853980739,0.5890403084900151,4.0
C310,hist_gradient_boosting,metadata_only,O1,HGB_C01,0.4493250100831305,0.5092128534563201,1.0
C310,hist_gradient_boosting,metadata_only,O2,HGB_C01,0.4472981764151284,0.5050532405896566,1.0
C310,hist_gradient_boosting,metadata_only,O3,HGB_C04,0.4068499984993748,0.445393806241976,4.0
C310,hist_gradient_boosting,metadata_only,O4,HGB_C04,0.4407040003761531,0.49300948802714656,4.0
C310,hist_gradient_boosting,metadata_only,O5,HGB_C01,0.4331925906539786,0.4930094880678105,1.0
C310,hist_gradient_boosting,metadata_only,O6,HGB_C01,0.5269701597410306,0.665041414190203,1.0
C310,hist_gradient_boosting,weather_only,O1,HGB_C04,0.4377837134609113,0.49260578131384025,4.0
C310,hist_gradient_boosting,weather_only,O2,HGB_C01,0.4513030240993689,0.5170956897302399,1.0
C310,hist_gradient_boosting,weather_only,O3,HGB_C01,0.40259095268660294,0.42591920380657744,1.0
C310,hist_gradient_boosting,weather_only,O4,HGB_C01,0.4251019389712413,0.47842713761520433,1.0
C310,hist_gradient_boosting,weather_only,O5,HGB_C01,0.4203229347362702,0.47842713761520433,1.0
C310,hist_gradient_boosting,weather_only,O6,HGB_C03,0.495477395423221,0.5942560953688976,3.0
C310,lightgbm,full,O1,LGB_C01,0.4403429611739367,0.4873103293477565,1.0
C310,lightgbm,full,O2,LGB_C02,0.44756504593770713,0.5205844356785336,2.0
C310,lightgbm,full,O3,LGB_C02,0.39847166694538627,0.4234716831801471,2.0
C310,lightgbm,full,O4,LGB_C01,0.4212823272341981,0.46996704066927086,1.0
C310,lightgbm,full,O5,LGB_C03,0.4155809882557431,0.4689555087919335,3.0
C310,lightgbm,full,O6,LGB_C04,0.4924625253299631,0.5984672591520167,4.0
C310,lightgbm,metadata_only,O1,LGB_C02,0.44932501001832614,0.5092128528505049,2.0
C310,lightgbm,metadata_only,O2,LGB_C01,0.4472981759818068,0.5050532401055855,1.0
C310,lightgbm,metadata_only,O3,LGB_C01,0.4068499983447382,0.44539380594019473,1.0
C310,lightgbm,metadata_only,O4,LGB_C01,0.4407040004459746,0.4930094882033494,1.0
C310,lightgbm,metadata_only,O5,LGB_C01,0.43319259060281157,0.4930094882033494,1.0
C310,lightgbm,metadata_only,O6,LGB_C01,0.526970159866753,0.6650414149862036,1.0
C310,lightgbm,weather_only,O1,LGB_C01,0.44114905942311194,0.48794223480765503,1.0
C310,lightgbm,weather_only,O2,LGB_C02,0.447563763973356,0.5131232060875863,2.0
C310,lightgbm,weather_only,O3,LGB_C02,0.3992096819377582,0.42546503307084804,2.0
C310,lightgbm,weather_only,O4,LGB_C01,0.4196722900537258,0.4632922417025125,1.0
C310,lightgbm,weather_only,O5,LGB_C03,0.41493377410019444,0.46555517983013067,3.0
C310,lightgbm,weather_only,O6,LGB_C04,0.4918971514635351,0.5975340267568533,4.0
C310,linear_shrinkage,full,O1,LIN_C01,0.4380273470297867,0.47689692048036,1.0
C310,linear_shrinkage,full,O2,LIN_C01,0.44375321251898386,0.48096313500399895,1.0
C310,linear_shrinkage,full,O3,LIN_C04,0.408762254331366,0.447536350919204,4.0
C310,linear_shrinkage,full,O4,LIN_C04,0.4416005717062365,0.485416310801294,4.0
C310,linear_shrinkage,full,O5,LIN_C04,0.43700087445101715,0.485416310801294,4.0
C310,linear_shrinkage,full,O6,LIN_C04,0.5221392597900062,0.6472642094151787,4.0
C310,linear_shrinkage,metadata_only,O1,LIN_C01,0.44932501004953945,0.5092128533759293,1.0
C310,linear_shrinkage,metadata_only,O2,LIN_C04,0.447298176508256,0.5050532409612714,4.0
C310,linear_shrinkage,metadata_only,O3,LIN_C01,0.4068499984404849,0.4453938058601783,1.0
C310,linear_shrinkage,metadata_only,O4,LIN_C01,0.4407040003028912,0.49300948829053354,1.0
C310,linear_shrinkage,metadata_only,O5,LIN_C01,0.4331925906580383,0.49300948829053354,1.0
C310,linear_shrinkage,metadata_only,O6,LIN_C01,0.5269701597008473,0.6650414138863885,1.0
C310,linear_shrinkage,weather_only,O1,LIN_C01,0.4461274771098369,0.4928576107255005,1.0
C310,linear_shrinkage,weather_only,O2,LIN_C04,0.4482574390490466,0.5096920992180877,4.0
C310,linear_shrinkage,weather_only,O3,LIN_C04,0.4083719771725131,0.4473106308947667,4.0
C310,linear_shrinkage,weather_only,O4,LIN_C04,0.4409394393269248,0.48547197349752047,4.0
C310,linear_shrinkage,weather_only,O5,LIN_C04,0.43607064344337126,0.48547197349752047,4.0
C310,linear_shrinkage,weather_only,O6,LIN_C04,0.5228123468852145,0.6502608239140169,4.0
C311,catboost,full,O1,CAT_E02,0.42138654115461477,0.47042170205526385,2.0
C311,catboost,full,O2,CAT_E12,0.42774086173460013,0.4906521933352707,12.0
C311,catboost,full,O3,CAT_E12,0.3851297887460332,0.41436927911283566,12.0
C311,catboost,full,O4,CAT_E09,0.4127391942623296,0.45991394865130125,9.0
C311,catboost,full,O5,CAT_E09,0.41245946869671063,0.45991394865130125,9.0
C311,catboost,full,O6,CAT_E05,0.49523942325368236,0.6073086340295509,5.0
C311,catboost,metadata_only,O1,CAT_E09,0.44932500994360125,0.5092128532426191,9.0
C311,catboost,metadata_only,O2,CAT_E02,0.44729817642904673,0.5050532407322378,2.0
C311,catboost,metadata_only,O3,CAT_E01,0.40684999846013437,0.4453938060984057,1.0
C311,catboost,metadata_only,O4,CAT_E01,0.44070400036475976,0.49300948818455304,1.0
C311,catboost,metadata_only,O5,CAT_E04,0.4331925906009883,0.4930094881560839,4.0
C311,catboost,metadata_only,O6,CAT_E04,0.526970159765476,0.6650414143266044,4.0
C311,catboost,weather_only,O1,CAT_E11,0.4217167612816832,0.4686105356299937,11.0
C311,catboost,weather_only,O2,CAT_E03,0.4290512296850469,0.492602446073046,3.0
C311,catboost,weather_only,O3,CAT_E03,0.38481427230477067,0.4103022231295747,3.0
C311,catboost,weather_only,O4,CAT_E06,0.41375185988836,0.464939258063457,6.0
C311,catboost,weather_only,O5,CAT_E06,0.4119278452062547,0.464939258063457,6.0
C311,catboost,weather_only,O6,CAT_E08,0.4956188118240434,0.6090278069943079,8.0
C311,extra_trees,full,O1,ET_E10,0.42444159013106403,0.4636735919618896,10.0
C311,extra_trees,full,O2,ET_E02,0.4218789589447285,0.47519148319815946,2.0
C311,extra_trees,full,O3,ET_E01,0.38605788835556254,0.40604754359090106,1.0
C311,extra_trees,full,O4,ET_E01,0.4173953923518343,0.4724110491372831,1.0
C311,extra_trees,full,O5,ET_E08,0.42044640045709203,0.47252246604210585,8.0
C311,extra_trees,full,O6,ET_E07,0.49754763374399524,0.5990641629080742,7.0
C311,extra_trees,metadata_only,O1,ET_E01,0.4493250100495369,0.5092128533759248,1.0
C311,extra_trees,metadata_only,O2,ET_E12,0.4472981765082542,0.505053240961278,12.0
C311,extra_trees,metadata_only,O3,ET_E03,0.40684999844048125,0.44539380586017413,3.0
C311,extra_trees,metadata_only,O4,ET_E03,0.44070400030288864,0.4930094882905325,3.0
C311,extra_trees,metadata_only,O5,ET_E06,0.43319259065803745,0.4930094882905327,6.0
C311,extra_trees,metadata_only,O6,ET_E10,0.5269701597008457,0.6650414138863838,10.0
C311,extra_trees,weather_only,O1,ET_E01,0.4218889802782158,0.46080258021054554,1.0
C311,extra_trees,weather_only,O2,ET_E02,0.4239201723355291,0.47757561023931994,2.0
C311,extra_trees,weather_only,O3,ET_E10,0.3865746341262068,0.4147479360077558,10.0
C311,extra_trees,weather_only,O4,ET_E10,0.41785303605280744,0.4729911737676191,10.0
C311,extra_trees,weather_only,O5,ET_E07,0.42096926039304344,0.47588507595288865,7.0
C311,extra_trees,weather_only,O6,ET_E10,0.5002326730540022,0.598280812726304,10.0
C311,hist_gradient_boosting,full,O1,HGB_E12,0.4323130839379327,0.4857840432396055,12.0
C311,hist_gradient_boosting,full,O2,HGB_E01,0.4476075436426092,0.5223100732938523,1.0
C311,hist_gradient_boosting,full,O3,HGB_E01,0.3942849849685522,0.42647982909716275,1.0
C311,hist_gradient_boosting,full,O4,HGB_E10,0.4186210597993365,0.469564968208278,10.0
C311,hist_gradient_boosting,full,O5,HGB_E10,0.41485047731914504,0.469564968208278,10.0
C311,hist_gradient_boosting,full,O6,HGB_E11,0.4939147068667025,0.5916091166460313,11.0
C311,hist_gradient_boosting,metadata_only,O1,HGB_E01,0.4493250100637202,0.5092128534844753,1.0
C311,hist_gradient_boosting,metadata_only,O2,HGB_E02,0.4472981764049533,0.5050532405505727,2.0
C311,hist_gradient_boosting,metadata_only,O3,HGB_E07,0.40684999849783793,0.4453938062218959,7.0
C311,hist_gradient_boosting,metadata_only,O4,HGB_E07,0.4407040003721306,0.49300948804434186,7.0
C311,hist_gradient_boosting,metadata_only,O5,HGB_E05,0.4331925906364326,0.493009488043393,5.0
C311,hist_gradient_boosting,metadata_only,O6,HGB_E05,0.526970159733083,0.6650414141546936,5.0
C311,hist_gradient_boosting,weather_only,O1,HGB_E10,0.4346040320948122,0.48781727760688315,10.0
C311,hist_gradient_boosting,weather_only,O2,HGB_E10,0.44599395680373166,0.5138416736132121,10.0
C311,hist_gradient_boosting,weather_only,O3,HGB_E01,0.394335114781921,0.4301165156455203,1.0
C311,hist_gradient_boosting,weather_only,O4,HGB_E01,0.41938251065432924,0.4672901179056914,1.0
C311,hist_gradient_boosting,weather_only,O5,HGB_E01,0.4166468490636763,0.4672901179056914,1.0
C311,hist_gradient_boosting,weather_only,O6,HGB_E05,0.49396307510052645,0.5963775734953228,5.0
C311,lightgbm,full,O1,LGB_E03,0.43566214104561113,0.4832107819466446,3.0
C311,lightgbm,full,O2,LGB_E02,0.4404518281942593,0.5062990152220994,2.0
C311,lightgbm,full,O3,LGB_E02,0.39470974764653904,0.41673106254998676,2.0
C311,lightgbm,full,O4,LGB_E01,0.4174034002177202,0.4689341591758806,1.0
C311,lightgbm,full,O5,LGB_E10,0.4158622866370765,0.467789335163702,10.0
C311,lightgbm,full,O6,LGB_E10,0.49258008398358943,0.5975500716950203,10.0
C311,lightgbm,metadata_only,O1,LGB_E09,0.4493250098815764,0.5092128528691039,9.0
C311,lightgbm,metadata_only,O2,LGB_E04,0.4472981760113722,0.5050532401969222,4.0
C311,lightgbm,metadata_only,O3,LGB_E04,0.40684999829389906,0.44539380592399214,4.0
C311,lightgbm,metadata_only,O4,LGB_E04,0.4407040002979537,0.4930094879253663,4.0
C311,lightgbm,metadata_only,O5,LGB_E04,0.43319259042695685,0.4930094879253663,4.0
C311,lightgbm,metadata_only,O6,LGB_E04,0.5269701597590445,0.6650414150407657,4.0
C311,lightgbm,weather_only,O1,LGB_E03,0.43613149662201706,0.48037281232330875,3.0
C311,lightgbm,weather_only,O2,LGB_E02,0.4388897316032551,0.5056578570302919,2.0
C311,lightgbm,weather_only,O3,LGB_E10,0.3912889309905148,0.4174331650099369,10.0
C311,lightgbm,weather_only,O4,LGB_E10,0.4163660601869714,0.46872776628757434,10.0
C311,lightgbm,weather_only,O5,LGB_E01,0.4138941806118807,0.4674015029619773,1.0
C311,lightgbm,weather_only,O6,LGB_E03,0.4927457880089463,0.5953125826833492,3.0
C311,linear_shrinkage,full,O1,LIN_E01,0.43682306615862726,0.4757337374921008,1.0
C311,linear_shrinkage,full,O2,LIN_E01,0.4424094199956905,0.4755881837806583,1.0
C311,linear_shrinkage,full,O3,LIN_E11,0.4056721294361083,0.44815284186793336,11.0
C311,linear_shrinkage,full,O4,LIN_E11,0.44029492750819815,0.4875885686196125,11.0
C311,linear_shrinkage,full,O5,LIN_E12,0.43319259065803867,0.4930094882905343,12.0
C311,linear_shrinkage,full,O6,LIN_E11,0.5210313526192536,0.6482187124449216,11.0
C311,linear_shrinkage,metadata_only,O1,LIN_E01,0.44932501004953945,0.5092128533759293,1.0
C311,linear_shrinkage,metadata_only,O2,LIN_E06,0.447298176508256,0.5050532409612714,6.0
C311,linear_shrinkage,metadata_only,O3,LIN_E01,0.4068499984404848,0.4453938058601783,1.0
C311,linear_shrinkage,metadata_only,O4,LIN_E01,0.4407040003028911,0.49300948829053354,1.0
C311,linear_shrinkage,metadata_only,O5,LIN_E01,0.4331925906580383,0.49300948829053354,1.0
C311,linear_shrinkage,metadata_only,O6,LIN_E01,0.5269701597008473,0.6650414138863885,1.0
C311,linear_shrinkage,weather_only,O1,LIN_E05,0.44415495702005997,0.5017361063921475,5.0
C311,linear_shrinkage,weather_only,O2,LIN_E11,0.4468463198449946,0.5087057430122535,11.0
C311,linear_shrinkage,weather_only,O3,LIN_E11,0.40536789492942843,0.4481129233129833,11.0
C311,linear_shrinkage,weather_only,O4,LIN_E11,0.44012035945859324,0.48797768679724146,11.0
C311,linear_shrinkage,weather_only,O5,LIN_E11,0.4330184002339215,0.48797768679724146,11.0
C311,linear_shrinkage,weather_only,O6,LIN_E11,0.5213583610307952,0.6492903506561762,11.0
